Equipment,Substation Name,POF,"Reliability Risk Matrix (PoF,CoF)",line,type,Equipment Type,Date,Age,Failure Type,_merge
42757556,PAUL SWEET SUB,0.061257932492851296,23,D,BRKR,,,,,left_only
43163754,SWIFT SUB,0.0541926921650537,23,D,BRKR,,,,,left_only
42757558,PAUL SWEET SUB,0.0636579324928513,23,D,BRKR,,,,,left_only
44641543,EDENVALE SUB,0.029424347433840366,13,D,BRKR,,,,,left_only
42604437,HICKS SUB,0.09120277546261188,23,D,BRKR,,,,,left_only
42757560,PAUL SWEET SUB,0.0618079324928513,23,D,BRKR,,,,,left_only
43134859,PAUL SWEET SUB,0.06219921608303319,23,D,BRKR,,,,,left_only
42708698,HICKS SUB,0.09435277546261187,23,D,BRKR,,,,,left_only
44609455,SWIFT SUB,0.033653679776081066,23,D,BRKR,,,,,left_only
42748473,HALF MOON BAY SUB,0.0633079324928513,23,D,BRKR,,,,,left_only
44166173,OAKLAND J SUB,0.3928638237650755,43,D,BRKR,,,,,left_only
43209709,MCKEE SUB,0.0582717860848559,23,D,BRKR,,,,,left_only
42604435,HICKS SUB,0.08620277546261187,23,D,BRKR,,,,,left_only
44181045,BAY MEADOWS SUB,0.03753223435026058,23,D,BRKR,,,,,left_only
44152687,LOS OSITOS SUB,0.04542081214804273,23,D,BRKR,,,,,left_only
42707963,SAN JOSE A SUB,0.06653528977201102,23,D,BRKR,,,,,left_only
45671451,GATES SUB,0.0185,13,D,BRKR,,,,,left_only
45671449,GATES SUB,0.0179,13,D,BRKR,,,,,left_only
44615597,SAN JOSE A SUB,0.052138730059969,23,D,BRKR,,,,,left_only
42685099,FIGARDEN SUB,0.07390963193088299,23,D,BRKR,,,,,left_only
42627121,BULLARD SUB,0.08406980168621214,23,D,BRKR,,,,,left_only
42705240,SONOMA A SUB,0.06598528977201103,23,D,BRKR,,,,,left_only
42745921,SUISUN SUB,0.07187386581385727,23,D,BRKR,,,,,left_only
42688662,COLUMBUS SUB,0.09338065224515682,23,D,BRKR,,,,,left_only
43182384,DAIRYLAND SUB,0.0625717860848559,23,D,BRKR,,,,,left_only
42707426,CHOWCHILLA SUB,0.10047574212447571,33,D,BRKR,,,,,left_only
42745980,HALF MOON BAY SUB,0.0616079324928513,23,D,BRKR,,,,,left_only
44192852,MANCHESTER SUB,0.047882709342532914,23,D,BRKR,,,,,left_only
42707428,MADERA SUB,0.09327852585146754,23,D,BRKR,,,,,left_only
44192853,MANCHESTER SUB,0.04768270934253291,23,D,BRKR,,,,,left_only
42723291,WAHTOKE SUB,0.099082607973051,23,D,BRKR,,,,,left_only
42700274,SANTA ROSA A SUB,0.06558528977201103,23,D,BRKR,,,,,left_only
44192854,MANCHESTER SUB,0.048982709342532904,22,D,BRKR,,,,,left_only
44192855,MANCHESTER SUB,0.04843270934253291,22,D,BRKR,,,,,left_only
44192856,MANCHESTER SUB,0.047882709342532914,22,D,BRKR,,,,,left_only
44170288,EUREKA E SUB,0.05034408345935974,22,D,BRKR,,,,,left_only
44182449,KINGSBURG SUB,0.04728270934253291,22,D,BRKR,,,,,left_only
42708066,LINCOLN SUB,0.06862277746794156,22,D,BRKR,,,,,left_only
43164197,CRESSEY SUB,0.05613851579662496,22,D,BRKR,,,,,left_only
44438098,COLUMBUS SUB,0.04332731566509583,22,D,BRKR,,,,,left_only
42684105,ORO FINO SUB,0.07340984685285352,22,D,BRKR,,,,,left_only
40991534,PARADISE SUB,0.15925789291928844,32,D,BRKR,,,,,left_only
42704043,LOCKHEED #2 SUB,0.08500369417407733,22,D,BRKR,,,,,left_only
44226109,COTTLE SUB,0.037855576542254035,22,D,BRKR,,,,,left_only
42620231,FRUITVALE SUB,0.08975277546261187,22,D,BRKR,,,,,left_only
44170297,SHAFTER SUB,0.047582709342532906,22,D,BRKR,,,,,left_only
44448375,TRACY SUB,0.04297731566509583,22,D,BRKR,,,,,left_only
42712111,BUTTE SUB,0.06453699368444546,22,D,BRKR,,,,,left_only
44152547,STILLWATER SUB,0.05426602186541159,22,D,BRKR,,,,,left_only
44197854,MALAGA SUB,0.048582709342532907,22,D,BRKR,,,,,left_only
43182383,DAIRYLAND SUB,0.0584217860848559,22,D,BRKR,,,,,left_only
43203391,DAIRYLAND SUB,0.0560717860848559,22,D,BRKR,,,,,left_only
44170093,LAWRENCE SUB,0.04632731566509583,22,D,BRKR,,,,,left_only
43182382,DAIRYLAND SUB,0.055471786084855895,22,D,BRKR,,,,,left_only
42673410,LINDEN SUB,0.074959631930883,22,D,BRKR,,,,,left_only
42744273,MERIDIAN SUB,0.07095970210864688,22,D,BRKR,,,,,left_only
42744274,MERIDIAN SUB,0.06727791519200763,22,D,BRKR,,,,,left_only
42834671,SAN BRUNO SUB,0.056899216083033194,22,D,BRKR,,,,,left_only
44170299,PARLIER SUB,0.04851225130359063,22,D,BRKR,,,,,left_only
42842018,SAN BRUNO SUB,0.05439921608303319,22,D,BRKR,,,,,left_only
42837771,SAN BRUNO SUB,0.054249216083033194,22,D,BRKR,,,,,left_only
42761002,CHICO A SUB,0.06967791519200761,22,D,BRKR,,,,,left_only
42673601,TRACY SUB,0.075709631930883,22,D,BRKR,,,,,left_only
45469844,CONTRA COSTA SUB,0.0128,13,D,BRKR,,,,,left_only
45592413,MONTAGUE SUB,0.015,13,D,BRKR,,,,,left_only
45458190,ROSSMOOR SUB,0.0412,23,D,BRKR,,,,,left_only
45541733,PRUNEDALE SUB,0.0388,23,D,BRKR,,,,,left_only
45268499,COLUSA SUB,0.0492,22,D,BRKR,,,,,left_only
45268497,COLUSA SUB,0.0479,22,D,BRKR,,,,,left_only
40991863,LAS POSITAS SUB,0.7075,53,D,BRKR,,,,,left_only
40991862,LAS POSITAS SUB,0.5875,43,D,BRKR,,,,,left_only
40990059,NEWARK SUB,0.508468085106383,43,D,BRKR,,,,,left_only
40990060,NEWARK SUB,0.508468085106383,43,D,BRKR,,,,,left_only
40990061,NEWARK SUB,0.508468085106383,43,D,BRKR,,,,,left_only
40991300,WEIMAR SUB,0.1874297525915433,32,D,BRKR,,,,,left_only
41340176,FAIRWAY SUB,0.09936922774510103,23,D,BRKR,,,,,left_only
41340169,FAIRWAY SUB,0.09896922774510103,23,D,BRKR,,,,,left_only
41333381,BRITTON SUB,0.10103128415617524,32,D,BRKR,,,,,left_only
43210209,EL PATIO SUB,0.059121786084855896,22,D,BRKR,,,,,left_only
44076578,SALINAS SUB,0.053418554527004405,23,D,BRKR,,,,,left_only
45247494,PLACERVILLE SUB,0.0247,13,D,BRKR,,,,,left_only
44228643,COTTLE SUB,0.03655557654225403,23,D,BRKR,,,,,left_only
44369037,CLAYTON SUB,0.03647731566509583,23,D,BRKR,,,,,left_only
44702235,COTTLE SUB,0.024890709064993816,13,D,BRKR,,,,,left_only
44188133,SANTA ROSA A SUB,0.039055576542254035,23,D,BRKR,,,,,left_only
45666886,FIGARDEN SUB,0.0144,13,D,BRKR,,,,,left_only
43703281,PEABODY SUB,0.043683532752609194,23,D,BRKR,,,,,left_only
44310694,HENRIETTA SUB,0.035827302595257404,23,D,BRKR,,,,,left_only
44614781,BUCKS CREEK PH,0.02993584791481179,13,D,BRKR,,,,,left_only
45179781,MONTAGUE SUB,0.018515109383064794,13,D,BRKR,,,,,left_only
45372177,LLAGAS SUB,0.01638861903044595,13,D,BRKR,,,,,left_only
44152571,SANTA MARIA SUB,0.044320812148042725,23,D,BRKR,,,,,left_only
45330180,MOUNTAIN VIEW SUB,0.0421,23,D,BRKR,,,,,left_only
45400396,PLACER SUB,0.0433,23,D,BRKR,,,,,left_only
44308862,VINEYARD SUB,0.0359773025952574,23,D,BRKR,,,,,left_only
42704660,PEORIA SUB,0.09397678233672449,23,D,BRKR,,,,,left_only
45170524,VALLEY SPRINGS SUB,0.0365,23,D,BRKR,,,,,left_only
43225157,BARTON SUB,0.059421786084855904,23,D,BRKR,,,,,left_only
45204829,SAN FRAN A (POTRERO PP) SUB,0.0234,13,D,BRKR,,,,,left_only
45628493,MCCALL SUB,0.0146,13,D,BRKR,,,,,left_only
44294388,MANCHESTER SUB,0.047332709342532905,23,D,BRKR,,,,,left_only
42714910,EAST GRAND SUB,0.06953188194714219,23,D,BRKR,,,,,left_only
43222589,BRUNSWICK SUB,0.06116438009277347,23,D,BRKR,,,,,left_only
44160981,SANTA MARIA SUB,0.04929408345935974,23,D,BRKR,,,,,left_only
43683774,ALPAUGH SUB,0.046131440155903564,23,D,BRKR,,,,,left_only
45756062,ROSSMOOR SUB,0.0176,13,D,BRKR,,,,,left_only
44156089,JOLON SUB,0.04293498282519051,23,D,BRKR,,,,,left_only
45170528,VALLEY SPRINGS SUB,0.0379,23,D,BRKR,,,,,left_only
45170526,VALLEY SPRINGS SUB,0.0373,23,D,BRKR,,,,,left_only
45612077,ROSSMOOR SUB,0.0212,13,D,BRKR,,,,,left_only
45707352,OAKLAND J SUB,0.0183,13,D,BRKR,,,,,left_only
44294384,MANCHESTER SUB,0.047882709342532914,23,D,BRKR,,,,,left_only
44197873,CORDELIA SUB,0.05008270934253291,23,D,BRKR,,,,,left_only
42706745,TULARE LAKE SUB,0.05398528977201102,23,D,BRKR,,,,,left_only
45297040,MILPITAS SUB,0.0422,22,D,BRKR,,,,,left_only
45618745,CAPAY SUB,0.0226,12,D,BRKR,,,,,left_only
45464214,SYCAMORE CREEK SUB,0.0389,22,D,BRKR,,,,,left_only
45021246,PARADISE SUB,0.022726540573916355,12,D,BRKR,,,,,left_only
45397625,PLACER SUB,0.0492,22,D,BRKR,,,,,left_only
43226525,CORCORAN SUB,0.0579217860848559,22,D,BRKR,,,,,left_only
43226524,CORCORAN SUB,0.0585217860848559,22,D,BRKR,,,,,left_only
45397623,PLACER SUB,0.041,22,D,BRKR,,,,,left_only
43226544,CORCORAN SUB,0.0581717860848559,22,D,BRKR,,,,,left_only
42709198,SCHINDLER SUB,0.054285289772011025,22,D,BRKR,,,,,left_only
43705223,LAWRENCE SUB,0.053633532752609195,22,D,BRKR,,,,,left_only
42709194,SCHINDLER SUB,0.05373528977201102,22,D,BRKR,,,,,left_only
43591391,REDWOOD CITY SUB,0.04527789748661662,22,D,BRKR,,,,,left_only
42709196,SCHINDLER SUB,0.06758528977201103,22,D,BRKR,,,,,left_only
44294389,MANCHESTER SUB,0.04963270934253291,22,D,BRKR,,,,,left_only
45427193,FMC SUB,0.023,12,D,BRKR,,,,,left_only
44223715,DOLAN RD SUB,0.04974408345935974,22,D,BRKR,,,,,left_only
44170296,CORDELIA SUB,0.0577,22,D,BRKR,,,,,left_only
45324531,BRITTON SUB,0.0448,22,D,BRKR,,,,,left_only
45477023,LAURELES SUB,0.0218,12,D,BRKR,,,,,left_only
44156088,JOLON SUB,0.04343498282519051,22,D,BRKR,,,,,left_only
42706748,TULARE LAKE SUB,0.06868528977201102,22,D,BRKR,,,,,left_only
45220145,ALPAUGH SUB,0.0375,22,D,BRKR,,,,,left_only
44680010,INDIAN FLAT SUB,0.03830768222466287,22,D,BRKR,,,,,left_only
45610620,RALSTON SUB,0.0234,12,D,BRKR,,,,,left_only
43183755,GATES SUB,0.04697350212480312,22,D,BRKR,,,,,left_only
44197871,CORDELIA SUB,0.050982709342532906,22,D,BRKR,,,,,left_only
44676304,JANES CREEK SUB,0.03920767785219537,22,D,BRKR,,,,,left_only
45235447,ELK SUB,0.0174,12,D,BRKR,,,,,left_only
42691680,MOUNTAIN VIEW SUB,0.09442656741475397,22,D,BRKR,,,,,left_only
45141854,MADISON SUB,0.0382,22,D,BRKR,,,,,left_only
44170294,EAST MARYSVILLE SUB,0.04243027606191704,22,D,BRKR,,,,,left_only
44162711,WEEDPATCH SUB,0.053788525494477456,22,D,BRKR,,,,,left_only
45547891,FRUITLAND SUB,0.0498,22,D,BRKR,,,,,left_only
43207716,WRIGHT SUB,0.0611717860848559,22,D,BRKR,,,,,left_only
44162064,TAMARACK SUB,0.05776602186541159,22,D,BRKR,,,,,left_only
43683795,ALPAUGH SUB,0.04438144015590356,22,D,BRKR,,,,,left_only
45298579,EAST GRAND SUB,0.0422,22,D,BRKR,,,,,left_only
43232107,HAMMONDS SUB,0.0575217860848559,22,D,BRKR,,,,,left_only
45547889,FRUITLAND SUB,0.0555,22,D,BRKR,,,,,left_only
43683786,ALPAUGH SUB,0.044281440155903566,22,D,BRKR,,,,,left_only
44162066,TAMARACK SUB,0.05796602186541158,22,D,BRKR,,,,,left_only
40991420,DIXON LANDING SUB,0.14556262599371786,33,D,BRKR,,,,,left_only
40991419,DIXON LANDING SUB,0.14521262599371787,33,D,BRKR,,,,,left_only
40991418,DIXON LANDING SUB,0.14631262599371786,33,D,BRKR,,,,,left_only
40991104,OAKLAND C (OAKLAND PP) SUB,0.765227647530151,53,D,BRKR,,,,,left_only
40991105,OAKLAND C (OAKLAND PP) SUB,0.6705309999332125,52,D,BRKR,,,,,left_only
41084490,BIG BASIN SUB,0.15548178319862938,32,D,BRKR,,,,,left_only
41084499,BIG BASIN SUB,0.15393178319862938,32,D,BRKR,,,,,left_only
41333996,COARSEGOLD SUB,0.11190271933845652,33,D,BRKR,,,,,left_only
41361600,COARSEGOLD SUB,0.10600271933845654,33,D,BRKR,,,,,left_only
40991299,HORSESHOE SUB,0.14865789291928844,32,D,BRKR,,,,,left_only
40991645,CURTIS SUB,0.1441318512526218,33,D,BRKR,,,,,left_only
40991634,CURTIS SUB,0.13180789291928843,33,D,BRKR,,,,,left_only
40991644,CURTIS SUB,0.15420789291928844,33,D,BRKR,,,,,left_only
45562755,GREEN VALLEY SUB,0.05421686746987951,23,D,BRKR,,,,,left_only
45469808,VIEJO SUB,0.05421686746987951,23,D,BRKR,,,,,left_only
45487356,SARATOGA SUB,0.05421686746987951,23,D,BRKR,,,,,left_only
45619979,STOCKDALE SUB,0.05421686746987951,23,D,BRKR,,,,,left_only
45064014,COTTONWOOD SUB,0.05421686746987951,23,D,BRKR,,,,,left_only
45689359,KERN PP DIST SUB,0.05421686746987951,23,D,BRKR,,,,,left_only
45155550,BRENTWOOD SUB,0.05421686746987951,23,D,BRKR,,,,,left_only
45064043,SOLEDAD SUB,0.05421686746987951,23,D,BRKR,,,,,left_only
45090443,SANTA TERESA SUB,0.05421686746987951,23,D,BRKR,,,,,left_only
45636656,ALHAMBRA SUB,0.05421686746987951,23,D,BRKR,,,,,left_only
45064012,COTTONWOOD SUB,0.05421686746987951,23,D,BRKR,,,,,left_only
45183691,ROSSMOOR SUB,0.05421686746987951,23,D,BRKR,,,,,left_only
45427208,SARATOGA SUB,0.05421686746987951,23,D,BRKR,,,,,left_only
45168208,WHISMAN SUB,0.05421686746987951,23,D,BRKR,,,,,left_only
45759041,ZAMORA SUB,0.05421686746987951,23,D,BRKR,,,,,left_only
45759039,ZAMORA SUB,0.05421686746987951,23,D,BRKR,,,,,left_only
45090440,SANTA TERESA SUB,0.05421686746987951,23,D,BRKR,,,,,left_only
44974188,RESERVATION ROAD,0.05421686746987951,23,D,BRKR,,,,,left_only
43702081,MADERA SUB,0.05421686746987951,23,D,BRKR,,,,,left_only
45427116,MALAGA SUB,0.05421686746987951,23,D,BRKR,,,,,left_only
45064048,SOLEDAD SUB,0.05421686746987951,23,D,BRKR,,,,,left_only
45308311,TYLER SUB,0.05421686746987951,23,D,BRKR,,,,,left_only
45592501,HOOPA SUB,0.05421686746987951,23,D,BRKR,,,,,left_only
45673866,BIG LAGOON SUB,0.05421686746987951,23,D,BRKR,,,,,left_only
45238843,STELLING SUB,0.05421686746987951,23,D,BRKR,,,,,left_only
42742960,MORRO BAY DIST SUB,0.07331576705755655,23,D,BRKR,,,,,left_only
41340859,CAMP EVERS SUB,0.10677300178659237,33,D,BRKR,,,,,left_only
42626127,MORAGA SUB,0.09392574212447571,23,D,BRKR,,,,,left_only
45267809,TIVY VALLEY SUB,0.05421686746987951,23,D,BRKR,,,,,left_only
41201470,LINCOLN SUB,0.11692175359670873,33,D,BRKR,,,,,left_only
41201464,LINCOLN SUB,0.11692175359670873,33,D,BRKR,,,,,left_only
42739595,ORLAND B SUB,0.07042791519200761,22,D,BRKR,,,,,left_only
41345378,UKIAH SUB,0.0874267758280837,22,D,BRKR,,,,,left_only
41184734,LLAGAS SUB,0.11771898424197882,32,D,BRKR,,,,,left_only
43155165,UPPER LAKE SUB,0.0670383428864007,22,D,BRKR,,,,,left_only
42712105,PARADISE SUB,0.06908699368444546,22,D,BRKR,,,,,left_only
45725572,PARADISE SUB,0.05421686746987951,23,D,BRKR,,,,,left_only
45249498,MORGAN HILL SUB,0.05421686746987951,23,D,BRKR,,,,,left_only
45090445,SANTA TERESA SUB,0.05421686746987951,23,D,BRKR,,,,,left_only
44949682,HALF MOON BAY SUB,0.05421686746987951,23,D,BRKR,,,,,left_only
45309648,JANES CREEK SUB,0.05421686746987951,23,D,BRKR,,,,,left_only
41088866,STOREY SUB,0.1503207339764573,33,D,BRKR,,,,,left_only
42764292,GUERNSEY SUB,0.06143851579662496,23,D,BRKR,,,,,left_only
42764282,GUERNSEY SUB,0.07137386581385727,23,D,BRKR,,,,,left_only
42764281,GUERNSEY SUB,0.07252386581385727,23,D,BRKR,,,,,left_only
41201476,LINCOLN SUB,0.10514220814216328,32,D,BRKR,,,,,left_only
40990815,FELLOWS SUB,0.29766204989872797,42,D,BRKR,,,,,left_only
42764288,GUERNSEY SUB,0.06787386581385726,22,D,BRKR,,,,,left_only
42764289,GUERNSEY SUB,0.06762386581385726,22,D,BRKR,,,,,left_only
42764290,GUERNSEY SUB,0.07012386581385727,22,D,BRKR,,,,,left_only
42764291,GUERNSEY SUB,0.06233851579662496,22,D,BRKR,,,,,left_only
42764287,GUERNSEY SUB,0.07112386581385727,22,D,BRKR,,,,,left_only
40993649,SPRING GAP PH,0.28965454010460945,43,D,BRKR,,,,,left_only
43599280,LAKEWOOD SUB,0.05421686746987951,23,D,BRKR,,,,,left_only
43184501,CALPELLA SUB,0.05421686746987951,23,D,BRKR,,,,,left_only
43157492,MIRABEL SUB,0.05421686746987951,23,D,BRKR,,,,,left_only
43171374,FORT BRAGG A SUB,0.05988659806902076,23,D,BRKR,,,,,left_only
43163588,MIRABEL SUB,0.0547926921650537,22,D,BRKR,,,,,left_only
44890248,EMERALD LAKE SUB,0.05421686746987951,22,D,BRKR,,,,,left_only
42710841,MADISON SUB,0.06593699368444546,22,D,BRKR,,,,,left_only
40994917,WATSONVILLE SUB,0.6239016007922484,42,D,BRKR,,,,,left_only
40996201,INDUSTRIAL ACRES SUB,0.9055882410997128,52,D,BRKR,,,,,left_only
40997206,SAN JOSE A SUB,0.7705656087257362,52,D,BRKR,,,,,left_only
40997205,SAN JOSE A SUB,0.7138156087257361,52,D,BRKR,,,,,left_only
40997210,SAN JOSE A SUB,0.7580656087257361,52,D,BRKR,,,,,left_only
40997202,SAN JOSE A SUB,0.7748156087257362,52,D,BRKR,,,,,left_only
40997209,SAN JOSE A SUB,0.7561125687273085,52,D,BRKR,,,,,left_only
40996200,INDUSTRIAL ACRES SUB,0.6869718939062445,52,D,BRKR,,,,,left_only
40996126,HOPLAND SUB,0.3010453956644681,42,D,BRKR,,,,,left_only
40995863,EAST GRAND SUB,0.6948436337243922,52,D,BRKR,,,,,left_only
40995861,EAST GRAND SUB,0.6463436337243922,42,D,BRKR,,,,,left_only
40995862,EAST GRAND SUB,0.6983436337243921,52,D,BRKR,BRKR,2025-01-27,74,JIT,both
40995507,BORONDA SUB,0.5313625687273084,42,D,BRKR,,,,,left_only
40996369,LOYOLA SUB,0.9435,52,D,BRKR,,,,,left_only
40996370,LOYOLA SUB,0.7838207774251481,52,D,BRKR,,,,,left_only
40996368,LOYOLA SUB,0.9203207774251481,52,D,BRKR,,,,,left_only
44196275,WEST SACRAMENTO SUB,0.05421686746987951,23,D,BRKR,,,,,left_only
40991209,PLYMOUTH SUB,0.5067894984476561,42,D,BRKR,,,,,left_only
40992610,JUDAH SUB,0.7524377816398994,52,D,BRKR,,,,,left_only
40991687,WOOD SUB,0.922,52,D,BRKR,,,,,left_only
40991245,RANDOLPH SUB,0.7150777799015632,52,D,BRKR,,,,,left_only
40990584,BANCROFT SUB,0.9547124215151276,52,D,BRKR,,,,,left_only
40990777,EIGHTH AVE SUB,0.8897695362575271,52,D,BRKR,,,,,left_only
40991244,RANDOLPH SUB,0.6996877816398994,52,D,BRKR,,,,,left_only
40993229,OCEAN AVE SUB,0.7231877816398994,52,D,BRKR,,,,,left_only
40993495,SIXTH AVE SUB,0.5605388899507816,42,D,BRKR,,,,,left_only
40990453,ACTON SUB,0.21252349347858712,42,D,BRKR,,,,,left_only
40992611,JUDAH SUB,0.8271877816398994,52,D,BRKR,,,,,left_only
40992436,FELTON SUB,0.9026056207285738,52,D,BRKR,,,,,left_only
40992012,BEN LOMOND SUB,0.8961872674487843,52,D,BRKR,,,,,left_only
40991786,HOLLYWOOD SUB,0.8994731738826893,52,D,BRKR,,,,,left_only
40989966,WESTLAKE SUB,0.6900528103642869,52,D,BRKR,,,,,left_only
40993496,SIXTH AVE SUB,0.5440388899507815,42,D,BRKR,,,,,left_only
40992956,MIRA VISTA SUB,0.8165936337243922,52,D,BRKR,,,,,left_only
41117742,SAN JOAQUIN SUB,0.1223271278697883,32,D,BRKR,,,,,left_only
40991895,ACTON SUB,0.8994731738826893,52,D,BRKR,,,,,left_only
40993415,RUSSELL SUB,0.8068028103642868,52,D,BRKR,,,,,left_only
40989892,TWENTY-FIRST AVE SUB,0.686,52,D,BRKR,,,,,left_only
40993228,OCEAN AVE SUB,0.7845596935530237,52,D,BRKR,,,,,left_only
40993338,PORTOLA SUB,0.42034020044392767,42,D,BRKR,,,,,left_only
40993406,RANDOLPH SUB,0.8853755632797987,52,D,BRKR,,,,,left_only
40993176,OAK SUB,0.9435596935530237,52,D,BRKR,,,,,left_only
40989942,WALL SUB,0.774,52,D,BRKR,,,,,left_only
40990201,WALDO SUB,0.6635707774251481,52,D,BRKR,,,,,left_only
40992054,BROOKSIDE SUB,0.9377941205498563,52,D,BRKR,,,,,left_only
40990585,BANCROFT SUB,0.710122233000055,52,D,BRKR,,,,,left_only
40989891,TWENTY-FIRST AVE SUB,0.6990388899507816,52,D,BRKR,,,,,left_only
40993752,TARAVAL SUB,0.855,52,D,BRKR,,,,,left_only
40989967,WESTLAKE SUB,0.7995539176554765,52,D,BRKR,,,,,left_only
43598849,TWISSELMAN SUB,0.05421686746987951,23,D,BRKR,,,,,left_only
43598852,TWISSELMAN SUB,0.05421686746987951,23,D,BRKR,,,,,left_only
40992388,ESTUDILLO SUB,0.6902171934046053,52,D,BRKR,,,,,left_only
40993335,PARSONS SUB,0.6320707774251482,42,D,BRKR,,,,,left_only
40990696,CHICO C SUB,0.7305528103642869,52,D,BRKR,,,,,left_only
40996892,RACETRACK SUB,0.33962984865953716,43,D,BRKR,,,,,left_only
40995040,COLONY SUB,0.8891415548502962,52,D,BRKR,BRKR,2025-01-24,72,JIT,both
43198901,POSO MTN SUB,0.05421686746987951,23,D,BRKR,,,,,left_only
43198903,POSO MTN SUB,0.05421686746987951,23,D,BRKR,,,,,left_only
40991922,ARLINGTON SUB,0.6943207774251481,52,D,BRKR,,,,,left_only
40993497,SIXTH AVE SUB,0.8993379822961726,52,D,BRKR,,,,,left_only
40990690,CASTRO SUB,0.9136759645923451,52,D,BRKR,,,,,left_only
40990595,BEACH ST,0.6249377816398993,42,D,BRKR,,,,,left_only
40993753,TARAVAL SUB,0.6310388899507816,42,D,BRKR,,,,,left_only
40990950,MAPLE SUB,0.745,52,D,BRKR,,,,,left_only
40993337,PORTOLA SUB,0.6642888899507816,52,D,BRKR,,,,,left_only
40990691,CASTRO SUB,0.9136759645923451,52,D,BRKR,,,,,left_only
40992958,MIRA VISTA SUB,0.754019536257527,52,D,BRKR,,,,,left_only
40990053,YOSEMITE SUB,0.7905936337243922,52,D,BRKR,,,,,left_only
40992509,GILL SUB,0.7010936337243922,52,D,BRKR,,,,,left_only
40992245,CASSERLY SUB,0.89274446600011,52,D,BRKR,,,,,left_only
40991923,ARANA SUB,0.944,52,D,BRKR,,,,,left_only
40991765,SULLIVAN SUB,0.7115388899507815,52,D,BRKR,,,,,left_only
40991548,SARANAP SUB,0.644122233000055,42,D,BRKR,,,,,left_only
40990808,FLORENCE SUB,0.8827695362575271,52,D,BRKR,,,,,left_only
40991948,BABEL SUB,0.8885,52,D,BRKR,,,,,left_only
40990796,FIGARDEN SUB,0.2057420079959672,43,D,BRKR,,,,,left_only
40991784,FIGARDEN SUB,0.2094920079959672,43,D,BRKR,,,,,left_only
40991702,FIGARDEN SUB,0.2124920079959672,43,D,BRKR,,,,,left_only
40990798,FIGARDEN SUB,0.2139920079959672,43,D,BRKR,,,,,left_only
40990800,FIGARDEN SUB,0.2052420079959672,43,D,BRKR,,,,,left_only
40990799,FIGARDEN SUB,0.7027420079959672,53,D,BRKR,,,,,left_only
40990477,ASHLAN AVE SUB,0.4951132314719597,43,D,BRKR,,,,,left_only
40990478,ASHLAN AVE SUB,0.4951132314719597,43,D,BRKR,,,,,left_only
40990476,ASHLAN AVE SUB,0.4951132314719597,43,D,BRKR,,,,,left_only
41024905,ASHLAN AVE SUB,0.4951132314719597,43,D,BRKR,,,,,left_only
40991926,ASHLAN AVE SUB,0.823,53,D,BRKR,,,,,left_only
40991925,ASHLAN AVE SUB,0.778,53,D,BRKR,,,,,left_only
40991929,ASHLAN AVE SUB,0.7323066157359799,53,D,BRKR,,,,,left_only
40991928,ASHLAN AVE SUB,0.7265566157359798,53,D,BRKR,,,,,left_only
40991924,ASHLAN AVE SUB,0.4951132314719597,43,D,BRKR,,,,,left_only
40991927,ASHLAN AVE SUB,0.4951132314719597,43,D,BRKR,,,,,left_only
41024906,ASHLAN AVE SUB,0.4951132314719597,43,D,BRKR,,,,,left_only
40990475,ASHLAN AVE SUB,0.4951132314719597,43,D,BRKR,,,,,left_only
40995161,BARTON SUB,0.2956613466007921,43,D,BRKR,,,,,left_only
40990245,BARTON SUB,0.26651896911969,43,D,BRKR,,,,,left_only
40992068,BARTON SUB,0.28251896911969,43,D,BRKR,,,,,left_only
40990246,BULLARD SUB,0.4951132314719597,43,D,BRKR,,,,,left_only
40991118,GRANT SUB,0.26994776310785445,43,D,BRKR,,,,,left_only
40990247,BULLARD SUB,0.24855661573597984,43,D,BRKR,,,,,left_only
40995791,DAVIS SUB,0.37517086521530946,43,D,BRKR,,,,,left_only
40995788,DAVIS SUB,0.37167086521530945,43,D,BRKR,,,,,left_only
40995300,STELLING SUB,0.6021071316661833,43,D,BRKR,,,,,left_only
40990217,VACA DIXON SUB,0.11845271933845652,33,D,BRKR,,,,,left_only
40994890,WOLFE SUB,0.4831466878706765,43,D,BRKR,,,,,left_only
40995647,CHARCA SUB,0.5109480407570924,43,D,BRKR,,,,,left_only
40997355,SUISUN SUB,0.3479840787425288,43,D,BRKR,,,,,left_only
40997270,STOCKTON A SUB,0.430707846822238,43,D,BRKR,BRKR,2025-01-24,55,JIT,both
40996553,MALAGA SUB,0.4309480407570925,43,D,BRKR,,,,,left_only
40996387,LAWRENCE SUB,0.5369956127570515,43,D,BRKR,,,,,left_only
40996555,MALAGA SUB,0.6381980407570924,43,D,BRKR,,,,,left_only
40997364,SYCAMORE CREEK SUB,0.4471926655247312,42,D,BRKR,BRKR,2025-08-17,59,JIT,both
40996449,MCMULLIN SUB,0.3216229274582951,42,D,BRKR,,,,,left_only
40996773,OREGON TRAIL SUB,0.40937020234733373,42,D,BRKR,,,,,left_only
40994842,WEST SACRAMENTO SUB,0.405900442337773,42,D,BRKR,,,,,left_only
40996225,KERMAN SUB,0.3797340787425288,42,D,BRKR,,,,,left_only
40992572,HOLLISTER SUB,0.5026361605354354,43,D,BRKR,,,,,left_only
40992868,MANTECA SUB,0.35407754423487137,43,D,BRKR,,,,,left_only
40992519,GRAND ISLAND SUB,0.3452067782599162,43,D,BRKR,,,,,left_only
40992520,GRAND ISLAND SUB,0.6749135565198324,53,D,BRKR,,,,,left_only
40992869,MANTECA SUB,0.35571714219880934,43,D,BRKR,,,,,left_only
40992571,HOLLISTER SUB,0.3763861605354354,43,D,BRKR,,,,,left_only
40993476,SALT SPRINGS PH,0.4287551584029402,43,D,BRKR,,,,,left_only
40992783,LLAGAS SUB,0.8422622484338795,53,D,BRKR,,,,,left_only
40993475,SALT SPRINGS PH,0.22920002914211945,42,D,BRKR,,,,,left_only
40995298,STAGG SUB,0.6291466878706765,43,D,BRKR,,,,,left_only
40996572,MOLINO SUB,0.4518966878706765,43,D,BRKR,,,,,left_only
40996882,PETALUMA C SUB,0.31445981281683466,43,D,BRKR,,,,,left_only
40997265,SAN RAFAEL SUB,0.6041590239393558,43,D,BRKR,,,,,left_only
40992780,LIVINGSTON SUB,0.43021879836648247,43,D,BRKR,,,,,left_only
40996571,MOLINO SUB,0.3913966878706765,43,D,BRKR,,,,,left_only
40996839,POINT PINOLE SUB,0.6082628084857008,43,D,BRKR,,,,,left_only
40995584,CARQUINEZ SUB,0.3933941848926122,43,D,BRKR,,,,,left_only
40992765,LAS GALLINAS A SUB,0.5584199290371743,43,D,BRKR,,,,,left_only
40992763,LAS GALLINAS A SUB,0.4277867593030322,43,D,BRKR,,,,,left_only
40992764,LAS GALLINAS A SUB,0.40116992903717424,43,D,BRKR,,,,,left_only
40992762,LAS GALLINAS A SUB,0.4649198518190467,43,D,BRKR,,,,,left_only
40992587,JANES CREEK SUB,0.4118872427325887,43,D,BRKR,,,,,left_only
40992198,CORNING SUB,0.39326409614250624,43,D,BRKR,,,,,left_only
40992484,GANSO SUB,0.26259735703699105,42,D,BRKR,,,,,left_only
40994853,WELLFIELD SUB,0.8979048532606961,52,D,BRKR,,,,,left_only
40992109,CARNERAS SUB,0.6783545678305849,52,D,BRKR,,,,,left_only
40995932,EL PECO SUB,0.7892327034573818,52,D,BRKR,,,,,left_only
40994852,WELLFIELD SUB,0.6511548532606962,42,D,BRKR,,,,,left_only
40992236,COPUS SUB,0.6780122484338795,52,D,BRKR,,,,,left_only
40992513,GRANT SUB,0.36821894855067855,42,D,BRKR,,,,,left_only
40992196,CORNING SUB,0.41651409614250623,42,D,BRKR,,,,,left_only
40996925,RED BLUFF SUB,0.41762020234733377,42,D,BRKR,,,,,left_only
40990037,WESTPARK SUB,0.5802622484338796,42,D,BRKR,,,,,left_only
40989895,TYLER SUB,0.5481507275289376,42,D,BRKR,,,,,left_only
40992373,ELK HILLS SUB,0.36851061943685876,42,D,BRKR,,,,,left_only
40989896,TYLER SUB,0.5589007275289375,42,D,BRKR,,,,,left_only
40996752,OLD RIVER SUB,0.5073937907086072,42,D,BRKR,,,,,left_only
40993358,RADUM SUB,0.4009595345256811,43,D,BRKR,,,,,left_only
40992460,FREMONT SUB,0.37813616053543536,43,D,BRKR,,,,,left_only
40993681,STOREY SUB,0.3618894177980648,43,D,BRKR,,,,,left_only
40993089,NOVATO SUB,0.7685151469799325,53,D,BRKR,,,,,left_only
40993414,RUSSELL SUB,0.4610995401626705,43,D,BRKR,,,,,left_only
40991690,YOSEMITE SUB,0.530919098284115,43,D,BRKR,,,,,left_only
40992362,EL CAPITAN SUB,0.5117622484338796,43,D,BRKR,,,,,left_only
40992456,FREMONT SUB,0.6511690297449542,43,D,BRKR,,,,,left_only
40994898,WESTPARK SUB,0.8166877816398994,53,D,BRKR,,,,,left_only
40994897,WESTPARK SUB,0.7716877816398994,53,D,BRKR,,,,,left_only
40989974,WEEDPATCH SUB,0.2762006704751917,43,D,BRKR,,,,,left_only
40993091,NOVATO SUB,0.8115,53,D,BRKR,,,,,left_only
40992957,MIRA VISTA SUB,0.6334865869413446,42,D,BRKR,,,,,left_only
40996681,NORCO SUB,0.4022340787425288,42,D,BRKR,,,,,left_only
40992013,DOS PALOS SUB,0.4002171421988094,42,D,BRKR,,,,,left_only
40995168,SAN FRAN E SUB,0.4701184390732562,42,D,BRKR,,,,,left_only
40995368,SAN FRAN E SUB,0.4701184390732562,42,D,BRKR,,,,,left_only
40994773,TRACY SUB,0.3306074820656137,42,D,BRKR,,,,,left_only
40995163,ROCKLIN SUB,0.4561059321540868,42,D,BRKR,,,,,left_only
40994899,WESTPARK SUB,0.7288207774251481,52,D,BRKR,,,,,left_only
40989973,WEEDPATCH SUB,0.28875345284810017,42,D,BRKR,,,,,left_only
40993478,SAUSALITO SUB,0.2768731045768885,42,D,BRKR,,,,,left_only
40996946,RIDGE SUB,0.7107365869413447,52,D,BRKR,,,,,left_only
40993383,RIDGE SUB,0.9311902918043667,52,D,BRKR,,,,,left_only
40995334,EL PATIO SUB,0.8138436337243922,53,D,BRKR,,,,,left_only
40995927,EL PATIO SUB,0.7642262118212474,53,D,BRKR,,,,,left_only
40995488,BELMONT SUB,0.6731441848926122,53,D,BRKR,,,,,left_only
40995303,STELLING SUB,0.42723270345738185,43,D,BRKR,,,,,left_only
40994794,VALLEY VIEW SUB,0.3898638237650755,43,D,BRKR,,,,,left_only
40995490,BELMONT SUB,0.6846690297449542,53,D,BRKR,,,,,left_only
40995304,STELLING SUB,0.42973270345738185,43,D,BRKR,,,,,left_only
40995926,EL PATIO SUB,0.7307262118212474,53,D,BRKR,,,,,left_only
40992535,HARRIS SUB,0.4025,43,D,BRKR,,,,,left_only
40991636,CURTIS SUB,0.1441318512526218,33,D,BRKR,,,,,left_only
40995491,BELMONT SUB,0.6564190297449541,43,D,BRKR,,,,,left_only
40995311,STOCKTON A SUB,0.6271466878706765,43,D,BRKR,BRKR,2025-01-24,56,JIT,both
40996837,PINE GROVE SUB,0.8585,53,D,BRKR,,,,,left_only
40995358,STOCKTON A SUB,0.6693966878706765,53,D,BRKR,BRKR,2025-01-24,56,JIT,both
40995464,BAY MEADOWS SUB,0.9019933749850059,53,D,BRKR,,,,,left_only
40995299,STELLING SUB,0.41823270345738184,43,D,BRKR,,,,,left_only
40995051,EL PATIO SUB,0.906,53,D,BRKR,,,,,left_only
40995388,BAY MEADOWS SUB,0.912,53,D,BRKR,,,,,left_only
40995056,FAMOSO SUB,0.7926719077068651,53,D,BRKR,BRKR,2025-01-24,69,JIT,both
40996391,MABURY SUB,0.8840707774251482,53,D,BRKR,BRKR,2025-01-15,72,JIT,both
40995305,STELLING SUB,0.5436437907086071,43,D,BRKR,,,,,left_only
40995951,FAMOSO SUB,0.8624957430770919,53,D,BRKR,BRKR,2025-01-24,66,JIT,both
40995506,BLUE LAKE SUB,0.33089684525099616,42,D,BRKR,,,,,left_only
40989982,WHISMAN SUB,0.39932894609038494,42,D,BRKR,BRKR,2025-01-15,54,JIT,both
40995928,EL PATIO SUB,0.43072621182124743,42,D,BRKR,,,,,left_only
40995301,STELLING SUB,0.6388596117228607,42,D,BRKR,,,,,left_only
40989983,WHISMAN SUB,0.5895789460903849,42,D,BRKR,BRKR,2025-01-15,54,JIT,both
40995489,BELMONT SUB,0.6259190297449542,42,D,BRKR,,,,,left_only
40996048,GOOSE LAKE SUB,0.4972262118212474,42,D,BRKR,,,,,left_only
40995302,STELLING SUB,0.4177005208137697,42,D,BRKR,,,,,left_only
40993680,STELLING SUB,0.549707846822238,42,D,BRKR,,,,,left_only
40995952,FAMOSO SUB,0.4697868509053075,42,D,BRKR,BRKR,2025-01-24,64,JIT,both
40995950,FAMOSO SUB,0.8087868509053076,52,D,BRKR,BRKR,2025-01-24,64,JIT,both
40993093,NEWHALL SUB,0.5234577525682047,42,D,BRKR,,,,,left_only
40997086,SALINAS SUB,0.713291265726413,53,D,BRKR,,,,,left_only
40995465,BAY MEADOWS SUB,0.8156563733803741,53,D,BRKR,,,,,left_only
40993063,MT EDEN SUB,0.37689110979054774,43,D,BRKR,,,,,left_only
40996914,ROUND MTN SUB,0.39231794653524865,43,D,BRKR,,,,,left_only
40993343,PETALUMA C SUB,0.43918417940707694,43,D,BRKR,,,,,left_only
40993611,SAN RAFAEL SUB,0.3437067782599162,43,D,BRKR,,,,,left_only
40993015,MOLINO SUB,0.3359341794070769,43,D,BRKR,,,,,left_only
40995466,BAY MEADOWS SUB,0.796243374985006,53,D,BRKR,,,,,left_only
40992461,FREMONT SUB,0.6421441848926122,43,D,BRKR,,,,,left_only
40992249,COTATI SUB,0.4053275442348714,43,D,BRKR,,,,,left_only
40996546,MILLBRAE SUB,0.5616349949825338,43,D,BRKR,,,,,left_only
40992947,MAGUNDEN SUB,0.4442187983664825,43,D,BRKR,,,,,left_only
40996544,MILLBRAE SUB,0.7712577114968737,53,D,BRKR,,,,,left_only
40993646,SONOMA A SUB,0.3329840787425288,43,D,BRKR,,,,,left_only
40995165,SALINAS SUB,0.4222821364280663,43,D,BRKR,,,,,left_only
40993612,SAN RAFAEL SUB,0.3489567782599162,43,D,BRKR,,,,,left_only
40996203,JANES CREEK SUB,0.7610595061830546,53,D,BRKR,,,,,left_only
40997226,SAN CARLOS SUB,0.6601298677981994,53,D,BRKR,,,,,left_only
40995335,KERN OIL SUB,0.914,53,D,BRKR,,,,,left_only
40995332,CLAYTON SUB,0.4134505208137697,43,D,BRKR,,,,,left_only
40995036,CLAYTON SUB,0.7154827034573819,53,D,BRKR,,,,,left_only
40993378,REEDLEY SUB,0.4113902255070013,43,D,BRKR,,,,,left_only
40995698,COLUMBUS SUB,0.662824114122851,53,D,BRKR,,,,,left_only
40995071,KERN OIL SUB,0.29602125793949174,43,D,BRKR,,,,,left_only
40996881,PETALUMA C SUB,0.746574114122851,53,D,BRKR,,,,,left_only
40991988,BELLE HAVEN SUB,0.5437676666737685,43,D,BRKR,,,,,left_only
40993227,OCEANO SUB,0.4076411097905477,43,D,BRKR,,,,,left_only
40996144,HATTON SUB,0.6320412657264131,43,D,BRKR,,,,,left_only
40996952,RIO BRAVO SUB,0.7029505208137696,53,D,BRKR,BRKR,2025-01-24,61,JIT,both
40997378,TAFT SUB,0.40712423695230776,42,D,BRKR,,,,,left_only
40996682,NORCO SUB,0.5009827034573818,42,D,BRKR,,,,,left_only
40995699,COLUMBUS SUB,0.745824114122851,52,D,BRKR,,,,,left_only
40995292,SHADY GLEN SUB,0.6495732495178379,42,D,BRKR,,,,,left_only
40992605,JESSUP SUB,0.3948798486595372,42,D,BRKR,,,,,left_only
40995389,ALHAMBRA SUB,0.6976305574050793,52,D,BRKR,,,,,left_only
40995037,CLAYTON SUB,0.6349827034573818,42,D,BRKR,,,,,left_only
40996222,KERN OIL SUB,0.4599048532606962,42,D,BRKR,,,,,left_only
40995697,COLUMBUS SUB,0.4254827034573819,42,D,BRKR,,,,,left_only
40996247,OLD KEARNEY SUB,0.6493241141228511,42,D,BRKR,,,,,left_only
40995844,DESCHUTES SUB,0.497900442337773,42,D,BRKR,,,,,left_only
40995162,ROCKLIN SUB,0.7280702228296186,52,D,BRKR,,,,,left_only
40995565,BULLARD SUB,0.385207846822238,42,D,BRKR,BRKR,2025-01-24,55,JIT,both
40996949,RIO BRAVO SUB,0.4614505208137697,42,D,BRKR,BRKR,2025-01-24,61,JIT,both
40996541,MILLBRAE SUB,0.5423891789364835,42,D,BRKR,,,,,left_only
40997379,TAFT SUB,0.43337423695230776,42,D,BRKR,,,,,left_only
40997380,TAFT SUB,0.6666242369523078,52,D,BRKR,,,,,left_only
40994915,WATSONVILLE SUB,0.6827821364280663,52,D,BRKR,,,,,left_only
40995072,KERN OIL SUB,0.4396548532606962,42,D,BRKR,,,,,left_only
40989889,TUPMAN SUB,0.4254671421988094,42,D,BRKR,,,,,left_only
40992260,CUYAMA SUB,0.4163850783382821,42,D,BRKR,,,,,left_only
40992454,FRUITVALE SUB,0.3368729274582951,42,D,BRKR,,,,,left_only
40990088,ZACA SUB,0.3836044669873975,42,D,BRKR,,,,,left_only
40996950,RIO BRAVO SUB,0.4742327034573819,42,D,BRKR,BRKR,2025-01-24,62,JIT,both
40996824,PETALUMA A SUB,0.47657411412285106,42,D,BRKR,,,,,left_only
40996202,INDUSTRIAL ACRES SUB,0.6971125687273084,52,D,BRKR,,,,,left_only
40996197,INDUSTRIAL ACRES SUB,0.7656125687273084,52,D,BRKR,,,,,left_only
40993016,MOLINO SUB,0.41568417940707697,43,D,BRKR,,,,,left_only
40989901,VALLEY VIEW SUB,0.4178911097905477,43,D,BRKR,,,,,left_only
40992595,JARVIS SUB,0.7778863323034433,53,D,BRKR,,,,,left_only
40992314,DUMBARTON SUB,0.36785446698739743,43,D,BRKR,,,,,left_only
40997356,SUISUN SUB,0.6775775442348714,53,D,BRKR,,,,,left_only
40994995,DIVIDE SUB,0.7128268156406112,53,D,BRKR,,,,,left_only
40996124,HAMMER SUB,0.7406578921807698,53,D,BRKR,,,,,left_only
40995559,BUELLTON SUB,0.35044253890851207,43,D,BRKR,,,,,left_only
40992014,DOS PALOS SUB,0.4259787701057861,43,D,BRKR,,,,,left_only
40995851,DUNBAR SUB,0.46672652400537795,43,D,BRKR,,,,,left_only
40992534,HAMMONDS SUB,0.33812292745829514,43,D,BRKR,,,,,left_only
40990010,WOODLAND SUB,0.32432491691210336,43,D,BRKR,,,,,left_only
40993346,PUEBLO SUB,0.36716158055423775,43,D,BRKR,,,,,left_only
40992593,JARVIS SUB,0.6691363323034434,53,D,BRKR,,,,,left_only
40995687,COALINGA #1 SUB,0.6665848495096844,52,D,BRKR,,,,,left_only
40996998,ROUGH & READY SUB,0.6861980407570925,52,D,BRKR,,,,,left_only
40991246,EDES SUB,0.24249953714526273,42,D,BRKR,,,,,left_only
40996125,HAMMER SUB,0.9315,52,D,BRKR,,,,,left_only
40995688,COALINGA #1 SUB,0.6790848495096845,52,D,BRKR,,,,,left_only
40995043,COUNTRY CLUB SUB,0.4492005208137697,42,D,BRKR,,,,,left_only
40992600,JARVIS SUB,0.6763863323034434,52,D,BRKR,,,,,left_only
40992596,JARVIS SUB,0.7258863323034433,52,D,BRKR,,,,,left_only
40992207,CORCORAN SUB,0.38071714219880937,42,D,BRKR,,,,,left_only
40992235,CHOWCHILLA SUB,0.6330775442348713,42,D,BRKR,,,,,left_only
40992778,LIVINGSTON SUB,0.479957846822238,42,D,BRKR,,,,,left_only
40995686,COALINGA #1 SUB,0.7330848495096844,52,D,BRKR,,,,,left_only
40995558,BUENA VISTA SUB,0.5688268156406112,42,D,BRKR,,,,,left_only
41159283,EDES SUB,0.12905137593759344,32,D,BRKR,,,,,left_only
40995691,COALINGA #2 SUB,0.6362313988804736,42,D,BRKR,,,,,left_only
40995690,COALINGA #2 SUB,0.6117313988804737,42,D,BRKR,,,,,left_only
40996990,ROSEDALE SUB,0.4851980407570925,43,D,BRKR,,,,,left_only
40993751,TARAVAL SUB,0.653222605773472,42,D,BRKR,,,,,left_only
40990596,BECK SUB,0.9066792471055594,52,D,BRKR,,,,,left_only
40996231,KIRKER SUB,0.4229192782599162,43,D,BRKR,,,,,left_only
40996230,KIRKER SUB,0.34602513139605545,43,D,BRKR,BRKR,2025-05-21,50,JIT,both
40996114,HICKS SUB,0.405934179407077,43,D,BRKR,,,,,left_only
40990773,EDENVALE SUB,0.35457754423487137,43,D,BRKR,,,,,left_only
40994833,VIEJO SUB,0.5265019759655947,43,D,BRKR,,,,,left_only
40997358,SWIFT SUB,0.33164409079131957,43,D,BRKR,,,,,left_only
40992923,MEADOW LANE SUB,0.36801061943685875,43,D,BRKR,,,,,left_only
40992917,MEADOW LANE SUB,0.38326061943685874,43,D,BRKR,,,,,left_only
40992651,LAKEWOOD SUB,0.36371714219880935,43,D,BRKR,BRKR,2025-01-15,50,JIT,both
40992304,DEL MONTE SUB,0.6443911097905477,43,D,BRKR,,,,,left_only
40992785,LLAGAS SUB,0.38496714219880934,43,D,BRKR,,,,,left_only
40996308,LAS POSITAS SUB,0.6542622484338796,43,D,BRKR,,,,,left_only
40996307,LAS POSITAS SUB,0.3795122484338796,43,D,BRKR,,,,,left_only
40992665,LAS POSITAS SUB,0.34695981281683463,43,D,BRKR,,,,,left_only
40996987,RIPON SUB,0.37528471579131956,43,D,BRKR,,,,,left_only
40992919,MEADOW LANE SUB,0.38726061943685874,43,D,BRKR,,,,,left_only
40992922,MEADOW LANE SUB,0.42449499443685873,43,D,BRKR,,,,,left_only
40993344,PETALUMA C SUB,0.7168937907086073,53,D,BRKR,,,,,left_only
40993756,TEJON SUB,0.7737371033445205,52,D,BRKR,,,,,left_only
40991912,ANTELOPE SUB,0.7975,52,D,BRKR,,,,,left_only
40993755,TEJON SUB,0.904,52,D,BRKR,,,,,left_only
40996060,GREEN VALLEY SUB,0.6205251313960555,43,D,BRKR,,,,,left_only
40996059,GREEN VALLEY SUB,0.5125251313960555,43,D,BRKR,,,,,left_only
40992191,CAMP EVERS SUB,0.756,53,D,BRKR,,,,,left_only
40993416,RUSSELL SUB,0.808552810364287,52,D,BRKR,,,,,left_only
40992269,DAVIS SUB,0.5688946299679619,43,D,BRKR,,,,,left_only
40992959,MIRA VISTA SUB,0.8176222330000551,52,D,BRKR,,,,,left_only
40990052,YOSEMITE SUB,0.3635388899507816,42,D,BRKR,,,,,left_only
40990051,YOSEMITE SUB,0.4275388899507816,42,D,BRKR,,,,,left_only
40992629,KIRKER SUB,0.7995,53,D,BRKR,,,,,left_only
40990685,KIRKER SUB,0.2344361143806467,43,D,BRKR,,,,,left_only
40992626,KIRKER SUB,0.5253000601523801,43,D,BRKR,,,,,left_only
40993802,TEVIS SUB,0.3468828521524954,43,D,BRKR,,,,,left_only
40993800,TEVIS SUB,0.2961328521524954,43,D,BRKR,,,,,left_only
40990444,TEVIS SUB,0.23615050187702533,42,D,BRKR,,,,,left_only
40992148,CEDAR CREEK SUB,0.2880567825529421,42,D,BRKR,,,,,left_only
40992529,GREEN VALLEY SUB,0.4914702321311899,43,D,BRKR,,,,,left_only
40993672,STAGG SUB,0.34989409079131956,43,D,BRKR,,,,,left_only
40993706,SWIFT SUB,0.3189598128168346,43,D,BRKR,,,,,left_only
40997343,STAGG SUB,0.3786074820656137,43,D,BRKR,,,,,left_only
40990082,NEWARK DIST SUB,0.2537928299935633,43,D,BRKR,,,,,left_only
40990257,FIGARDEN SUB,0.3102187983664825,43,D,BRKR,,,,,left_only
40991766,SWIFT SUB,0.3359267911801747,43,D,BRKR,,,,,left_only
40992554,HICKS SUB,0.366684179407077,43,D,BRKR,,,,,left_only
40993307,PEABODY SUB,0.2791367860181937,43,D,BRKR,,,,,left_only
40992440,FIGARDEN SUB,0.24159735703699106,43,D,BRKR,,,,,left_only
40990742,DEL MONTE SUB,0.48155731893653475,43,D,BRKR,,,,,left_only
40989937,VIEJO SUB,0.3862928299935633,43,D,BRKR,,,,,left_only
40993447,SALINAS SUB,0.3846372427325887,43,D,BRKR,,,,,left_only
40992341,EDENVALE SUB,0.360184179407077,43,D,BRKR,,,,,left_only
40992561,HICKS SUB,0.37543417940707696,43,D,BRKR,,,,,left_only
40993021,MONROE SUB,0.508468085106383,43,D,BRKR,BRKR,2025-02-26,38,Failure,both
40993661,SAN RAMON SUB,0.26796879836648246,43,D,BRKR,,,,,left_only
40992233,CLOVIS SUB,0.43748721710389654,43,D,BRKR,,,,,left_only
40993310,PEABODY SUB,0.4124872171038966,43,D,BRKR,,,,,left_only
40993762,TEMPLETON SUB,0.33310981566065057,43,D,BRKR,,,,,left_only
40993037,MORRO BAY DIST SUB,0.44921725118090244,43,D,BRKR,,,,,left_only
40992442,FIGARDEN SUB,0.38514409079131956,43,D,BRKR,,,,,left_only
40990083,NEWARK DIST SUB,0.39048337025429947,43,D,BRKR,,,,,left_only
40993452,SALINAS SUB,0.5404852902437637,43,D,BRKR,,,,,left_only
42740504,STAGG SUB,0.06655911223671501,23,D,BRKR,,,,,left_only
40991041,MONTAGUE SUB,0.37221879836648253,43,D,BRKR,,,,,left_only
40993658,SAN RAMON SUB,0.3647098128168346,43,D,BRKR,,,,,left_only
40995077,LAS POSITAS SUB,0.3172372171038966,43,D,BRKR,,,,,left_only
40993014,MORGAN HILL SUB,0.5155122484338797,43,D,BRKR,,,,,left_only
40995110,MORGAN HILL SUB,0.571756150872904,43,D,BRKR,,,,,left_only
40993493,SILVERADO SUB,0.2598894177980648,43,D,BRKR,,,,,left_only
40992564,HICKS SUB,0.33668417940707696,43,D,BRKR,,,,,left_only
40990080,NEWARK DIST SUB,0.4049672511809025,43,D,BRKR,,,,,left_only
40993403,RIPON SUB,0.5608226932015842,43,D,BRKR,,,,,left_only
40990616,BELLEVUE SUB,0.21988356966500536,43,D,BRKR,,,,,left_only
40992224,COTTLE SUB,0.4276841794070769,43,D,BRKR,,,,,left_only
40993659,SAN RAMON SUB,0.38463678601819373,43,D,BRKR,,,,,left_only
40993654,SAN RAMON SUB,0.2491767911801747,43,D,BRKR,,,,,left_only
40989876,TRIMBLE SUB,0.38897828853246796,43,D,BRKR,BRKR,2025-07-23,40,JIT,both
40993309,PEABODY SUB,0.32524454532070546,43,D,BRKR,,,,,left_only
40993596,SAN JOSE B SUB,0.34746714219880936,43,D,BRKR,,,,,left_only
40992459,FREMONT SUB,0.42971588658363313,43,D,BRKR,,,,,left_only
40992258,CURTIS SUB,0.35133412518356666,43,D,BRKR,,,,,left_only
40992308,DUMBARTON SUB,0.6747352902437637,53,D,BRKR,,,,,left_only
40991851,NEWARK DIST SUB,0.41221725118090247,43,D,BRKR,,,,,left_only
40992597,JARVIS SUB,0.6346363323034434,43,D,BRKR,,,,,left_only
40993731,SANTA ROSA A SUB,0.43401061943685876,43,D,BRKR,,,,,left_only
40992447,FAIRWAY SUB,0.2535428299935633,43,D,BRKR,,,,,left_only
40993712,SANTA MARIA SUB,0.35660446698739745,43,D,BRKR,,,,,left_only
40993738,SANTA ROSA A SUB,0.44276061943685874,43,D,BRKR,,,,,left_only
40991042,MONTAGUE SUB,0.3474687983664825,43,D,BRKR,,,,,left_only
40993593,SAN JOSE A SUB,0.5577622484338796,43,D,BRKR,,,,,left_only
40989875,TRIMBLE SUB,0.40098721710389656,43,D,BRKR,BRKR,2025-07-23,40,JIT,both
40989877,TRIMBLE SUB,0.37323721710389657,43,D,BRKR,BRKR,2025-07-23,40,JIT,both
40990828,GRANT SUB,0.5827352902437637,43,D,BRKR,,,,,left_only
40992998,MILPITAS SUB,0.42449499443685873,43,D,BRKR,,,,,left_only
40991719,MONTAGUE SUB,0.508468085106383,43,D,BRKR,,,,,left_only
40992599,JARVIS SUB,0.6991804499505021,53,D,BRKR,,,,,left_only
40992457,FREMONT SUB,0.6639999330302649,53,D,BRKR,,,,,left_only
40992904,MCCALL SUB,0.36637292745829514,43,D,BRKR,,,,,left_only
40990623,MORGAN HILL SUB,0.15963356966500536,33,D,BRKR,,,,,left_only
40993032,MONTAGUE SUB,0.31555024755665523,43,D,BRKR,,,,,left_only
40992899,MCKEE SUB,0.3730789460903849,43,D,BRKR,,,,,left_only
40990763,DUMBARTON SUB,0.32007189976100514,43,D,BRKR,,,,,left_only
40992275,DAVIS SUB,0.4120640828586083,43,D,BRKR,,,,,left_only
40991869,NARROWS SUB,0.3652640961425062,43,D,BRKR,,,,,left_only
42647897,BRITTON SUB,0.08963065224515682,23,D,BRKR,,,,,left_only
40992897,MCKEE SUB,0.47246714219880936,43,D,BRKR,,,,,left_only
40992553,HICKS SUB,0.36793417940707696,43,D,BRKR,,,,,left_only
40993390,RIVERBANK SUB,0.40126061943685876,43,D,BRKR,,,,,left_only
40991768,TRACY SUB,0.28919279678086957,43,D,BRKR,,,,,left_only
40993732,SANTA ROSA A SUB,0.44251061943685877,43,D,BRKR,,,,,left_only
40993734,SANTA ROSA A SUB,0.40151061943685873,43,D,BRKR,,,,,left_only
40992276,DAVIS SUB,0.6871708652153095,53,D,BRKR,,,,,left_only
40991201,PLACERVILLE SUB,0.3878722000653936,43,D,BRKR,,,,,left_only
40992565,HICKS SUB,0.42114667940707695,43,D,BRKR,,,,,left_only
40992309,DUMBARTON SUB,0.6196146378730695,43,D,BRKR,,,,,left_only
40993739,SANTA ROSA A SUB,0.35457754423487137,43,D,BRKR,,,,,left_only
40991601,STAGG SUB,0.7230122484338797,53,D,BRKR,,,,,left_only
40992294,DIAMOND SPRINGS SUB,0.3902736386957125,43,D,BRKR,,,,,left_only
40992075,BRUNSWICK SUB,0.32736720479720016,43,D,BRKR,,,,,left_only
40992076,BRUNSWICK SUB,0.2538384939001408,43,D,BRKR,,,,,left_only
40992567,HAMILTON BRANCH SUB,0.42583412518356667,43,D,BRKR,,,,,left_only
40993718,SANTA MARIA SUB,0.10851793178532143,33,D,BRKR,,,,,left_only
40990006,WOODLAND SUB,0.35981408285860833,43,D,BRKR,,,,,left_only
40991202,PLACERVILLE SUB,0.34077363869571253,43,D,BRKR,,,,,left_only
40992347,EDENVALE SUB,0.3611613466007921,43,D,BRKR,,,,,left_only
40992041,BRITTON SUB,0.47946714219880937,43,D,BRKR,BRKR,2025-03-04,50,Failure,both
40990337,TRIMBLE SUB,0.18022451725427538,33,D,BRKR,,,,,left_only
40993677,STAGG SUB,0.6310122484338796,43,D,BRKR,,,,,left_only
40990707,SWIFT SUB,0.22688356966500534,43,D,BRKR,,,,,left_only
40992351,EDES SUB,0.6232352902437637,43,D,BRKR,,,,,left_only
40993701,SUISUN SUB,0.6067606194368588,43,D,BRKR,,,,,left_only
40993017,MONROE SUB,0.4398729274582951,43,D,BRKR,,,,,left_only
40992618,KETTLEMAN HILLS SUB,0.4620772057448946,43,D,BRKR,,,,,left_only
40993042,MERCED FALLS SUB,0.3735884939001408,43,D,BRKR,,,,,left_only
40993696,SUISUN SUB,0.4440106194368587,43,D,BRKR,,,,,left_only
40993299,PASO ROBLES SUB,0.24944412115745557,43,D,BRKR,,,,,left_only
40992481,GABILAN SUB,0.3448380366024407,43,D,BRKR,,,,,left_only
40992293,DIAMOND SPRINGS SUB,0.3250236386957125,43,D,BRKR,,,,,left_only
40993334,PERRY SUB,0.3862928299935633,43,D,BRKR,,,,,left_only
40993628,STOCKTON A SUB,0.37174454532070544,43,D,BRKR,,,,,left_only
40993702,SUISUN SUB,0.37726061943685874,43,D,BRKR,,,,,left_only
40991203,PLACERVILLE SUB,0.34577363869571254,43,D,BRKR,,,,,left_only
40992071,BARTON SUB,0.7439480407570924,53,D,BRKR,,,,,left_only
40992987,MALAGA SUB,0.35082754423487134,43,D,BRKR,,,,,left_only
40993083,NORD SUB,0.3766172047972002,43,D,BRKR,,,,,left_only
40992560,HICKS SUB,0.42114667940707695,43,D,BRKR,,,,,left_only
40991986,BAY MEADOWS SUB,0.34424347557550944,43,D,BRKR,,,,,left_only
40993733,SANTA ROSA A SUB,0.41426061943685877,43,D,BRKR,,,,,left_only
40993726,SYCAMORE CREEK SUB,0.4381507275289375,43,D,BRKR,,,,,left_only
40992993,MILPITAS SUB,0.16988356966500534,33,D,BRKR,,,,,left_only
40992204,CORCORAN SUB,0.34596714219880936,43,D,BRKR,,,,,left_only
40992037,BOGUE SUB,0.3493672047972001,43,D,BRKR,,,,,left_only
40990338,TRIMBLE SUB,0.20847139225427538,43,D,BRKR,,,,,left_only
40990009,WOODLAND SUB,0.3787292202886799,43,D,BRKR,,,,,left_only
40992227,CLOVIS SUB,0.5234577525682047,43,D,BRKR,,,,,left_only
40992480,GABILAN SUB,0.5428117745072025,43,D,BRKR,,,,,left_only
40992053,BRITTON SUB,0.42809517040718237,43,D,BRKR,BRKR,2025-07-23,45,JIT,both
40992617,KETTLEMAN HILLS SUB,0.4373272057448946,43,D,BRKR,,,,,left_only
40993703,SUISUN SUB,0.729,53,D,BRKR,,,,,left_only
40992642,KONOCTI SUB,0.27213941779806483,43,D,BRKR,,,,,left_only
40992550,HICKS SUB,0.37368417940707693,43,D,BRKR,,,,,left_only
40993598,SAN JOSE B SUB,0.47157754423487136,43,D,BRKR,,,,,left_only
40992455,FREMONT SUB,0.31406588658363316,43,D,BRKR,,,,,left_only
40992009,BELMONT SUB,0.3746472284628985,43,D,BRKR,,,,,left_only
40991672,WEBER SUB,0.4119687983664825,43,D,BRKR,,,,,left_only
40992558,HICKS SUB,0.34718417940707696,43,D,BRKR,,,,,left_only
40993723,SYCAMORE CREEK SUB,0.2743384939001408,43,D,BRKR,,,,,left_only
40990004,WOODLAND SUB,0.6964426655247312,53,D,BRKR,,,,,left_only
40991677,WHISMAN SUB,0.37601061943685876,43,D,BRKR,,,,,left_only
40992353,EDES SUB,0.39342099787314405,43,D,BRKR,,,,,left_only
40990025,WOLFE SUB,0.5234577525682047,43,D,BRKR,,,,,left_only
40992230,CLOVIS SUB,0.3529451704071824,43,D,BRKR,,,,,left_only
40993724,SYCAMORE CREEK SUB,0.2990884939001408,43,D,BRKR,,,,,left_only
40989984,WHISMAN SUB,0.29923721710389656,43,D,BRKR,,,,,left_only
40990007,WOODLAND SUB,0.6744473077889938,53,D,BRKR,,,,,left_only
40992289,DEL MAR SUB,0.37387220006539357,43,D,BRKR,,,,,left_only
40992067,BARTON SUB,0.41168417940707697,43,D,BRKR,,,,,left_only
40990027,WOLFE SUB,0.3968275442348714,43,D,BRKR,,,,,left_only
41186167,SALINAS SUB,0.14375089542210212,33,D,BRKR,,,,,left_only
40992274,DAVIS SUB,0.17795002914211946,33,D,BRKR,,,,,left_only
40989861,TRACY SUB,0.6590122484338796,43,D,BRKR,,,,,left_only
42635145,SANTA MARIA SUB,0.08637815060120187,23,D,BRKR,,,,,left_only
40992038,BOGUE SUB,0.43927528112781816,43,D,BRKR,,,,,left_only
44913328,KINGSBURG SUB,0.0442,23,D,BRKR,,,,,left_only
40992497,GREENBRAE SUB,0.38964722846289845,43,D,BRKR,,,,,left_only
40992215,COPPERMINE SUB,0.2869155880970987,43,D,BRKR,,,,,left_only
40992205,CORCORAN SUB,0.35371714219880934,43,D,BRKR,,,,,left_only
40993597,SAN JOSE B SUB,0.7001550884697427,53,D,BRKR,,,,,left_only
40990028,WOLFE SUB,0.5234577525682047,43,D,BRKR,,,,,left_only
40992229,CLOVIS SUB,0.8029505208137697,53,D,BRKR,,,,,left_only
40993352,PURISIMA SUB,0.6058951078405359,43,D,BRKR,,,,,left_only
40993595,SAN JOSE A SUB,0.6060122484338796,43,D,BRKR,,,,,left_only
40992045,BRITTON SUB,0.31498721710389654,43,D,BRKR,BRKR,2025-07-23,40,JIT,both
40989870,TRIMBLE SUB,0.2934113466007921,43,D,BRKR,,,,,left_only
40991955,BAIR SUB,0.2769934755755094,43,D,BRKR,,,,,left_only
40992352,EDES SUB,0.3251709978731441,43,D,BRKR,,,,,left_only
40989878,TRIMBLE SUB,0.3103940907913196,43,D,BRKR,,,,,left_only
40989869,TRIMBLE SUB,0.3474366798993616,43,D,BRKR,,,,,left_only
40989880,TRIMBLE SUB,0.4575363466007921,43,D,BRKR,BRKR,2025-03-10,42,JIT,both
40992515,GRANT SUB,0.7325,53,D,BRKR,,,,,left_only
40991954,BAIR SUB,0.31691577563535717,43,D,BRKR,,,,,left_only
40990029,WOLFE SUB,0.33839409079131955,43,D,BRKR,,,,,left_only
40992538,HALSEY PH,0.3513140828586083,43,D,BRKR,,,,,left_only
40990026,WOLFE SUB,0.2628867860181937,43,D,BRKR,,,,,left_only
40992322,EAST MARYSVILLE SUB,0.38875515840294017,43,D,BRKR,,,,,left_only
40993298,PASO ROBLES SUB,0.24641558809709868,43,D,BRKR,,,,,left_only
40992531,GUSTINE SUB,0.28745981281683464,43,D,BRKR,,,,,left_only
40993266,OLEMA SUB,0.2608968452509962,43,D,BRKR,,,,,left_only
40992050,BRITTON SUB,0.28896300807532016,43,D,BRKR,BRKR,2025-07-23,43,JIT,both
40992099,BULLARD SUB,0.4315122484338796,43,D,BRKR,,,,,left_only
40993362,RAINBOW SUB,0.3659472972200047,43,D,BRKR,,,,,left_only
40989933,VACAVILLE SUB,0.6159595345256811,43,D,BRKR,,,,,left_only
40992028,BELL SUB,0.2808384939001408,43,D,BRKR,,,,,left_only
40992552,HICKS SUB,0.33893417940707693,43,D,BRKR,,,,,left_only
40992539,HALSEY PH,0.3550640828586083,43,D,BRKR,,,,,left_only
40992046,BRITTON SUB,0.4575363466007921,43,D,BRKR,BRKR,2025-07-23,42,JIT,both
40991998,BELLEVUE SUB,0.3269113466007921,43,D,BRKR,,,,,left_only
40989858,TRACY SUB,0.32846879836648246,43,D,BRKR,,,,,left_only
40990011,WOODLAND SUB,0.41727528112781814,42,D,BRKR,,,,,left_only
40991173,PANORAMA SUB,0.6124007275289376,42,D,BRKR,,,,,left_only
40992164,CHICO B SUB,0.3820051584029402,42,D,BRKR,,,,,left_only
40989945,WAHTOKE SUB,0.399235236650696,42,D,BRKR,,,,,left_only
40989944,WAHTOKE SUB,0.41966158055423775,42,D,BRKR,,,,,left_only
40992818,LOS GATOS SUB,0.2538473570369911,42,D,BRKR,,,,,left_only
40993376,RED BLUFF SUB,0.23655678255294207,42,D,BRKR,,,,,left_only
40992226,CLOVIS SUB,0.42449499443685873,42,D,BRKR,,,,,left_only
40993676,STAGG SUB,0.5015122484338796,42,D,BRKR,,,,,left_only
40990033,WRIGHT SUB,0.4492340787425288,42,D,BRKR,,,,,left_only
40992120,CARQUINEZ SUB,0.30900231409689566,42,D,BRKR,,,,,left_only
40990618,BLACKWELL SUB,0.277448347182436,42,D,BRKR,,,,,left_only
40989979,WHEATLAND SUB,0.32382491691210336,42,D,BRKR,,,,,left_only
40992181,CLARK RD SUB,0.4363140828586083,42,D,BRKR,,,,,left_only
40991704,FRENCH GULCH SUB,0.34222922028867986,42,D,BRKR,,,,,left_only
40992160,CHANNEL SUB,0.43921714219880936,42,D,BRKR,,,,,left_only
40990848,HIGGINS SUB,0.33751409614250627,42,D,BRKR,,,,,left_only
40990737,CROWS LANDING SUB,0.25120981281683463,42,D,BRKR,,,,,left_only
40992210,CORDELIA SUB,0.2402187983664825,42,D,BRKR,,,,,left_only
40992541,HARTER SUB,0.6055,42,D,BRKR,,,,,left_only
40992209,CORDELIA SUB,0.2667187983664825,42,D,BRKR,,,,,left_only
40991185,PENRYN SUB,0.2891222000653936,42,D,BRKR,,,,,left_only
40992213,COPPERMINE SUB,0.2989155880970987,42,D,BRKR,,,,,left_only
40993694,SUISUN SUB,0.44726061943685874,42,D,BRKR,,,,,left_only
40992532,GUSTINE SUB,0.2679598128168346,42,D,BRKR,,,,,left_only
40992231,CLOVIS SUB,0.9082005208137698,52,D,BRKR,,,,,left_only
40992101,BULLARD SUB,0.5816466878706765,42,D,BRKR,,,,,left_only
40990199,SAN JOSE A SUB,0.22465050187702532,42,D,BRKR,,,,,left_only
40992355,EDES SUB,0.6019852902437637,42,D,BRKR,,,,,left_only
41131004,SILVERADO SUB,0.14712860612152487,32,D,BRKR,,,,,left_only
40993602,SAND CREEK SUB,0.38652528112781814,42,D,BRKR,,,,,left_only
41164506,HAMMONDS SUB,0.12693462479663295,32,D,BRKR,,,,,left_only
40992615,KERMAN SUB,0.40918417940707696,42,D,BRKR,,,,,left_only
40992100,BULLARD SUB,0.5465122484338796,42,D,BRKR,BRKR,2025-01-24,53,JIT,both
40991943,AUBERRY SUB,0.638573249517838,42,D,BRKR,,,,,left_only
40991706,HAMMER SUB,0.36101061943685875,42,D,BRKR,,,,,left_only
40991760,SHINGLE SPRINGS SUB,0.28049343122278003,42,D,BRKR,,,,,left_only
40992044,BRITTON SUB,0.2887130080753202,42,D,BRKR,BRKR,2025-07-23,43,JIT,both
40991802,PENRYN SUB,0.35312984865953717,42,D,BRKR,,,,,left_only
44974191,RESERVATION ROAD,0.0382,22,D,BRKR,,,,,left_only
40990012,WOODLAND SUB,0.26008849390014077,42,D,BRKR,,,,,left_only
40993700,SUISUN SUB,0.37201061943685876,42,D,BRKR,,,,,left_only
40993741,SANTA YNEZ SUB,0.7346037175766099,52,D,BRKR,,,,,left_only
40990834,HAMMER SUB,0.36301061943685875,42,D,BRKR,,,,,left_only
40992503,GLENWOOD SUB,0.38320981281683464,42,D,BRKR,,,,,left_only
40991642,PUEBLO SUB,0.13651267097515665,32,D,BRKR,,,,,left_only
40992098,BULLARD SUB,0.5782622484338796,42,D,BRKR,BRKR,2025-01-24,53,JIT,both
40990569,APPLE HILL SUB,0.43386720479720015,42,D,BRKR,,,,,left_only
40990854,HORSESHOE SUB,0.5445140961425062,42,D,BRKR,,,,,left_only
40992151,CHEROKEE SUB,0.4192622484338796,42,D,BRKR,BRKR,2025-12-17,53,JIT,both
40990852,HORSESHOE SUB,0.3517551584029402,42,D,BRKR,,,,,left_only
40993054,MARTELL SUB,0.3561222000653936,42,D,BRKR,,,,,left_only
40993055,MARTELL SUB,0.39025515840294017,42,D,BRKR,,,,,left_only
40992094,BULLARD SUB,0.6698937907086072,52,D,BRKR,BRKR,2025-01-24,57,JIT,both
40992586,IONE SUB,0.3608384939001408,42,D,BRKR,,,,,left_only
40991822,SAN JOSE B SUB,0.3654671421988094,42,D,BRKR,,,,,left_only
40991192,PHILO SUB,0.2584052351779134,42,D,BRKR,,,,,left_only
40992354,EDES SUB,0.3821372427325887,42,D,BRKR,,,,,left_only
40993624,STOCKTON A SUB,0.5622622484338796,42,D,BRKR,,,,,left_only
40989881,TRIMBLE SUB,0.2854113466007921,42,D,BRKR,BRKR,2025-07-23,42,JIT,both
40992150,CHEROKEE SUB,0.6335122484338795,42,D,BRKR,,,,,left_only
40992214,COPPERMINE SUB,0.32466558809709867,42,D,BRKR,,,,,left_only
40990984,METTLER SUB,0.4133275442348714,42,D,BRKR,,,,,left_only
40990896,LAWRENCE SUB,0.2447187983664825,42,D,BRKR,,,,,left_only
40993699,SUISUN SUB,0.43801061943685876,42,D,BRKR,,,,,left_only
40993333,PARLIER SUB,0.3396972972200047,42,D,BRKR,,,,,left_only
40993592,SAN JOSE A SUB,0.42449499443685873,42,D,BRKR,,,,,left_only
40989954,WATERLOO SUB,0.35832754423487134,42,D,BRKR,,,,,left_only
40992091,BUENA VISTA SUB,0.6566044669873974,42,D,BRKR,,,,,left_only
40992206,CORCORAN SUB,0.34871714219880934,42,D,BRKR,,,,,left_only
40992161,CHANNEL SUB,0.41796714219880937,42,D,BRKR,,,,,left_only
40991252,ROCKLIN SUB,0.6224007275289376,42,D,BRKR,,,,,left_only
40989927,VACAVILLE SUB,0.5788729274582951,42,D,BRKR,,,,,left_only
40989955,WATERLOO SUB,0.35007754423487136,42,D,BRKR,,,,,left_only
40990983,METTLER SUB,0.4270775442348714,42,D,BRKR,,,,,left_only
40990005,WOODLAND SUB,0.6563702023473337,42,D,BRKR,,,,,left_only
40992077,BROWNS VALLEY SUB,0.3360567825529421,42,D,BRKR,,,,,left_only
40992606,JOLON SUB,0.46648523665069597,42,D,BRKR,,,,,left_only
42570402,CUYAMA SUB,0.09657943852975155,22,D,BRKR,,,,,left_only
40992119,CALPELLA SUB,0.38441158055423774,42,D,BRKR,,,,,left_only
40992019,BIOLA SUB,0.468434179407077,42,D,BRKR,,,,,left_only
40991623,STOCKTON A SUB,0.41451061943685874,42,D,BRKR,,,,,left_only
40991680,WHITMORE SUB,0.2638067825529421,42,D,BRKR,,,,,left_only
42637867,CARUTHERS SUB,0.07188528977201103,22,D,BRKR,,,,,left_only
40992021,BIOLA SUB,0.3646229274582951,42,D,BRKR,,,,,left_only
40989865,TRIMBLE SUB,0.33768417940707696,42,D,BRKR,BRKR,2025-07-23,49,JIT,both
40992399,FAMOSO SUB,0.6873685516722603,52,D,BRKR,BRKR,2025-01-24,57,JIT,both
40995070,HARTER SUB,0.22601029261975253,42,D,BRKR,BRKR,2025-01-24,26,JIT,both
40992449,FOOTHILL SUB,0.6929199290371743,52,D,BRKR,,,,,left_only
40989868,TRIMBLE SUB,0.42809517040718237,42,D,BRKR,,,,,left_only
40992052,BRITTON SUB,0.4083582215759422,42,D,BRKR,,,,,left_only
40992823,LAWRENCE SUB,0.2604687983664825,42,D,BRKR,,,,,left_only
40992616,KERMAN SUB,0.40018417940707696,42,D,BRKR,,,,,left_only
40989985,WHISMAN SUB,0.571756150872904,42,D,BRKR,,,,,left_only
40992623,KING CITY SUB,0.6289852902437636,42,D,BRKR,,,,,left_only
40992499,GIFFEN SUB,0.30719517040718236,42,D,BRKR,,,,,left_only
40990813,FRENCH GULCH SUB,0.2552292202886799,42,D,BRKR,,,,,left_only
40992212,COPPERMINE SUB,0.3009155880970987,42,D,BRKR,,,,,left_only
40991781,CROWS LANDING SUB,0.2754598128168346,42,D,BRKR,,,,,left_only
40991676,WHISMAN SUB,0.35507754423487137,42,D,BRKR,,,,,left_only
40992022,BIOLA SUB,0.3571229274582951,42,D,BRKR,,,,,left_only
40992511,GOOSE LAKE SUB,0.46346714219880936,42,D,BRKR,,,,,left_only
40992500,GIFFEN SUB,0.31569517040718237,42,D,BRKR,BRKR,2025-10-13,45,JIT,both
40993632,STONE CORRAL SUB,0.7183545678305849,52,D,BRKR,,,,,left_only
40989893,TWISSELMAN SUB,0.6354480407570925,42,D,BRKR,,,,,left_only
40991652,CLARK RD SUB,0.15065789291928844,32,D,BRKR,,,,,left_only
40991625,STOCKTON ACRES SUB,0.844819920274678,52,D,BRKR,,,,,left_only
40991763,STOCKTON ACRES SUB,0.7492365869413447,52,D,BRKR,,,,,left_only
40991970,BAKERSFIELD SUB,0.35964409079131954,43,D,BRKR,,,,,left_only
40991975,BAKERSFIELD SUB,0.06423851579662496,23,D,BRKR,,,,,left_only
40991968,BAKERSFIELD SUB,0.07113851579662496,23,D,BRKR,,,,,left_only
40990642,BRENTWOOD SUB,0.38897828853246796,43,D,BRKR,,,,,left_only
40992146,CONTRA COSTA SUB,0.3681552351779134,43,D,BRKR,BRKR,2025-06-24,36,JIT,both
40990873,KERN PP DIST SUB,0.3117187983664825,43,D,BRKR,,,,,left_only
40990872,KERN PP DIST SUB,0.2994687983664825,43,D,BRKR,,,,,left_only
40990886,KIRKER SUB,0.31972025984217367,43,D,BRKR,,,,,left_only
40992010,BELMONT SUB,0.5909198518190467,43,D,BRKR,,,,,left_only
40992578,HARTLEY SUB,0.7556640430989707,53,D,BRKR,,,,,left_only
40990738,CUYAMA SUB,0.5148272057448946,42,D,BRKR,,,,,left_only
40991973,BAKERSFIELD SUB,0.31098721710389654,43,D,BRKR,,,,,left_only
40991733,ROSEDALE SUB,0.23894279678086955,43,D,BRKR,,,,,left_only
40995617,CONTRA COSTA SUB,0.6697751313960555,53,D,BRKR,,,,,left_only
40995293,SHINGLE SPRINGS SUB,0.3729142636957125,43,D,BRKR,,,,,left_only
40996814,PEABODY SUB,0.3551074820656137,43,D,BRKR,,,,,left_only
40996452,MEADOW LANE SUB,0.4083582215759422,43,D,BRKR,,,,,left_only
40996378,LOS OSITOS SUB,0.3255880366024407,43,D,BRKR,,,,,left_only
40995740,CLOVIS SUB,0.3662340787425288,43,D,BRKR,,,,,left_only
40995294,SHINGLE SPRINGS SUB,0.4256640961425062,43,D,BRKR,,,,,left_only
40995560,BULLARD SUB,0.35196714219880937,43,D,BRKR,,,,,left_only
40996292,LAKEVILLE SUB,0.3702622484338796,43,D,BRKR,,,,,left_only
40996285,LAKEVILLE SUB,0.41751224843387963,43,D,BRKR,,,,,left_only
40995883,EDES SUB,0.8225707774251481,53,D,BRKR,,,,,left_only
40995327,APPLE HILL SUB,0.4675140961425063,43,D,BRKR,,,,,left_only
40995295,SHINGLE SPRINGS SUB,0.3729142636957125,43,D,BRKR,,,,,left_only
40996717,OAKLAND C (OAKLAND PP) SUB,0.39914510784053586,43,D,BRKR,,,,,left_only
40996716,OAKLAND C (OAKLAND PP) SUB,0.38564510784053585,43,D,BRKR,,,,,left_only
40991659,TIDEWATER SUB,0.47975231409689567,43,D,BRKR,,,,,left_only
40991660,TIDEWATER SUB,0.31691577563535717,43,D,BRKR,,,,,left_only
40993460,SAN MATEO SUB,0.43598337025429945,43,D,BRKR,,,,,left_only
40991661,TIDEWATER SUB,0.508468085106383,43,D,BRKR,BRKR,2025-01-15,38,JIT,both
40993637,STOCKDALE SUB,0.3317340787425288,43,D,BRKR,,,,,left_only
40993636,STOCKDALE SUB,0.3817340787425288,43,D,BRKR,,,,,left_only
40993461,SAN MATEO SUB,0.3040428299935633,43,D,BRKR,,,,,left_only
40992648,LAKEWOOD SUB,0.34871714219880934,43,D,BRKR,BRKR,2025-01-15,50,JIT,both
40992437,FELLOWS SUB,0.40957720574489453,43,D,BRKR,,,,,left_only
40990081,NEWARK DIST SUB,0.3894672511809024,43,D,BRKR,,,,,left_only
40992655,LAKEWOOD SUB,0.3549451704071824,43,D,BRKR,,,,,left_only
40992400,FAIRVIEW SUB,0.27275231409689565,43,D,BRKR,,,,,left_only
40992650,LAKEWOOD SUB,0.591872233000055,43,D,BRKR,BRKR,2025-01-15,73,JIT,both
40992921,MEADOW LANE SUB,0.38348721710389655,43,D,BRKR,,,,,left_only
40992438,FELLOWS SUB,0.4320772057448946,43,D,BRKR,,,,,left_only
40992653,LAKEWOOD SUB,0.42809517040718237,43,D,BRKR,,,,,left_only
40993655,SAN RAMON SUB,0.357184179407077,43,D,BRKR,,,,,left_only
40991600,STAGG SUB,0.31369517040718237,43,D,BRKR,,,,,left_only
40992368,EL CAPITAN SUB,0.5234577525682047,43,D,BRKR,BRKR,2025-03-13,51,Failure,both
40993357,RACETRACK SUB,0.21270440650631187,43,D,BRKR,,,,,left_only
40992363,EL CAPITAN SUB,0.4153275442348714,43,D,BRKR,,,,,left_only
40992855,MARIPOSA SUB,0.10929220814216328,33,D,BRKR,,,,,left_only
40990186,NEWHALL SUB,0.2768835696650054,42,D,BRKR,,,,,left_only
40996450,MEADOW LANE SUB,0.571756150872904,43,D,BRKR,,,,,left_only
40991598,STAGG SUB,0.4214451704071824,43,D,BRKR,BRKR,2025-03-24,45,JIT,both
40997250,SAN LEANDRO U SUB,0.7222218939062445,53,D,BRKR,,,,,left_only
40993375,RED BLUFF SUB,0.22779245083062313,43,D,BRKR,,,,,left_only
43680524,MCCALL SUB,0.041781440155903564,23,D,BRKR,,,,,left_only
44175581,LAKEVIEW SUB,0.0464335327526092,22,D,BRKR,,,,,left_only
44175580,LAKEVIEW SUB,0.0464835327526092,22,D,BRKR,,,,,left_only
40993568,SAN FRAN Z (EMBARCADERO) SUB,0.319646831792761,43,D,BRKR,,,,,left_only
40993566,SAN FRAN Z (EMBARCADERO) SUB,0.319646831792761,43,D,BRKR,,,,,left_only
40993567,SAN FRAN Z (EMBARCADERO) SUB,0.25898337025429946,43,D,BRKR,,,,,left_only
40993573,SAN FRAN Z (EMBARCADERO) SUB,0.319646831792761,43,D,BRKR,,,,,left_only
40989976,WHEELER RIDGE SUB,0.4835,43,D,BRKR,,,,,left_only
41180579,WELLFIELD SUB,0.13120237851385327,32,D,BRKR,,,,,left_only
40992344,EDENVALE SUB,0.2720869403703244,43,D,BRKR,,,,,left_only
40991823,SAN RAMON SUB,0.41220981281683466,43,D,BRKR,,,,,left_only
40992340,EDENVALE SUB,0.2962130080753202,43,D,BRKR,,,,,left_only
40992343,EDENVALE SUB,0.3074945453207054,43,D,BRKR,,,,,left_only
40992291,DEL MAR SUB,0.27529245083062315,43,D,BRKR,,,,,left_only
40989874,TRIMBLE SUB,0.30923721710389657,43,D,BRKR,,,,,left_only
40991688,WOODWARD SUB,0.2384505365978311,43,D,BRKR,,,,,left_only
40993056,MOSHER SUB,0.4575363466007921,43,D,BRKR,,,,,left_only
40991094,TIDEWATER SUB,0.2816285389860639,43,D,BRKR,,,,,left_only
40993763,TEMPLETON SUB,0.384674253760834,43,D,BRKR,,,,,left_only
41088876,MOSHER SUB,0.3091613466007921,43,D,BRKR,,,,,left_only
40990726,COTTLE SUB,0.3073952858994557,43,D,BRKR,,,,,left_only
40993764,TEMPLETON SUB,0.3525637893942482,43,D,BRKR,,,,,left_only
40993494,SILVERADO SUB,0.2702954444628173,43,D,BRKR,,,,,left_only
40993031,MONTAGUE SUB,0.4467187983664825,43,D,BRKR,,,,,left_only
40992786,LLAGAS SUB,0.2790271804143065,43,D,BRKR,,,,,left_only
40993663,SAN RAMON SUB,0.41216134660079207,43,D,BRKR,,,,,left_only
40991656,TASSAJARA SUB,0.22734735703699108,43,D,BRKR,,,,,left_only
40993664,SAN RAMON SUB,0.38291134660079207,43,D,BRKR,,,,,left_only
40991655,TASSAJARA SUB,0.2720869403703244,43,D,BRKR,,,,,left_only
40992168,CLARKSVILLE SUB,0.29182470362715246,43,D,BRKR,,,,,left_only
40991181,PAUL SWEET SUB,0.2704195773299849,43,D,BRKR,,,,,left_only
40990020,WOODWARD SUB,0.4615,43,D,BRKR,,,,,left_only
40990774,EIGHT MILE SUB,0.3151328521524954,43,D,BRKR,,,,,left_only
40990775,EIGHT MILE SUB,0.28563285215249545,43,D,BRKR,,,,,left_only
40991093,TIDEWATER SUB,0.2816285389860639,43,D,BRKR,,,,,left_only
40990021,WOODWARD SUB,0.242698347182436,43,D,BRKR,,,,,left_only
40992169,CLARKSVILLE SUB,0.36407470362715244,43,D,BRKR,,,,,left_only
40991048,MORGAN HILL SUB,0.2419267911801747,43,D,BRKR,,,,,left_only
40992167,CLARKSVILLE SUB,0.3645747036271525,43,D,BRKR,,,,,left_only
40991036,MONTAGUE SUB,0.20313285215249544,43,D,BRKR,,,,,left_only
40993657,SAN RAMON SUB,0.5164630080753202,43,D,BRKR,,,,,left_only
40990814,FROGTOWN SUB,0.23050174061797812,43,D,BRKR,,,,,left_only
40991159,PAUL SWEET SUB,0.18091143395145345,33,D,BRKR,,,,,left_only
40992872,MANTECA SUB,0.2769427967808695,43,D,BRKR,,,,,left_only
40992166,CLARKSVILLE SUB,0.23757470362715247,43,D,BRKR,,,,,left_only
40992246,COTATI SUB,0.23324454532070543,43,D,BRKR,,,,,left_only
40993223,OCEANO SUB,0.38973337025429944,43,D,BRKR,,,,,left_only
40991689,WOODWARD SUB,0.2822005365978311,43,D,BRKR,,,,,left_only
40993224,OCEANO SUB,0.36898337025429945,43,D,BRKR,,,,,left_only
40992795,LOGAN CREEK SUB,0.2894544065063119,43,D,BRKR,,,,,left_only
40991035,MONTAGUE SUB,0.2720869403703244,43,D,BRKR,,,,,left_only
40990022,WOODWARD SUB,0.32348729213541005,43,D,BRKR,,,,,left_only
40993402,RIPON SUB,0.5608226932015842,43,D,BRKR,,,,,left_only
40992787,LLAGAS SUB,0.22549454532070545,43,D,BRKR,,,,,left_only
40992290,DEL MAR SUB,0.21229245083062315,43,D,BRKR,,,,,left_only
41349585,BRENTWOOD SUB,0.09644784342945253,23,D,BRKR,,,,,left_only
40992342,EDENVALE SUB,0.31064409079131955,43,D,BRKR,,,,,left_only
40990948,MANTECA SUB,0.4470106194368587,43,D,BRKR,,,,,left_only
40992871,MANTECA SUB,0.23319279678086957,43,D,BRKR,,,,,left_only
40993662,SAN RAMON SUB,0.43721300807532015,43,D,BRKR,,,,,left_only
40991424,LLAGAS SUB,0.14519618542022633,33,D,BRKR,,,,,left_only
40992870,MANTECA SUB,0.22794279678086954,43,D,BRKR,,,,,left_only
40992234,CLOVIS SUB,0.5345,43,D,BRKR,,,,,left_only
40992468,FROGTOWN SUB,0.2547517406179781,43,D,BRKR,,,,,left_only
40992339,EDENVALE SUB,0.22199454532070545,43,D,BRKR,,,,,left_only
40990427,PEABODY SUB,0.2727245172542754,43,D,BRKR,,,,,left_only
40990937,VINEYARD SUB,0.2593940063969862,43,D,BRKR,,,,,left_only
40993020,MONROE SUB,0.4702098128168346,43,D,BRKR,,,,,left_only
40990939,VINEYARD SUB,0.1496440063969862,33,D,BRKR,,,,,left_only
40990210,DEL MONTE SUB,0.7237479928437051,53,D,BRKR,BRKR,2025-04-08,29,JIT,both
40992149,CRESCENT MILLS SUB,0.2895017406179781,43,D,BRKR,,,,,left_only
40990938,VINEYARD SUB,0.1466440063969862,33,D,BRKR,,,,,left_only
40991720,MONTAGUE SUB,0.27777718041430655,43,D,BRKR,,,,,left_only
40990890,LAS POSITAS SUB,0.14439400639698619,33,D,BRKR,,,,,left_only
40991425,LLAGAS SUB,0.14519618542022633,33,D,BRKR,,,,,left_only
40990361,CLARKSVILLE SUB,0.20719690414211947,43,D,BRKR,,,,,left_only
40990619,WOODWARD SUB,0.18383102494936399,33,D,BRKR,,,,,left_only
40990561,HOLLISTER SUB,0.1506861143806467,33,D,BRKR,,,,,left_only
40990863,TASSAJARA SUB,0.1506440063969862,33,D,BRKR,,,,,left_only
40989946,WAHTOKE SUB,0.28179544446281724,43,D,BRKR,,,,,left_only
40993491,SILVERADO SUB,0.34654539566446807,43,D,BRKR,,,,,left_only
40991200,PLACERVILLE SUB,0.3197736386957125,43,D,BRKR,,,,,left_only
40990989,BRENTWOOD SUB,0.28087272980124145,43,D,BRKR,,,,,left_only
40992467,FROGTOWN SUB,0.26650174061797816,43,D,BRKR,,,,,left_only
40992110,CALAVERAS CEMENT SUB,0.2952517406179781,43,D,BRKR,,,,,left_only
40993740,SANTA ROSA A SUB,0.914,53,D,BRKR,,,,,left_only
41361641,COARSEGOLD SUB,0.08096620761394631,23,D,BRKR,,,,,left_only
40990582,EVERGREEN SUB,0.18763356966500536,33,D,BRKR,,,,,left_only
40991037,HOLLISTER SUB,0.21364981558180857,43,D,BRKR,,,,,left_only
41220663,BRENTWOOD SUB,0.10517613888173913,33,D,BRKR,,,,,left_only
40991017,CONTRA COSTA SUB,0.28379963116361717,43,D,BRKR,,,,,left_only
40990615,TASSAJARA SUB,0.15913356966500536,33,D,BRKR,,,,,left_only
40992248,COTATI SUB,0.29124454532070543,43,D,BRKR,,,,,left_only
41220662,BRENTWOOD SUB,0.10517613888173913,33,D,BRKR,,,,,left_only
40993220,OCEANO SUB,0.26948337025429947,43,D,BRKR,BRKR,2025-01-15,39,JIT,both
40990481,FIGARDEN SUB,0.24338356966500535,43,D,BRKR,,,,,left_only
40991061,PUEBLO SUB,0.21888819721216374,43,D,BRKR,,,,,left_only
40992247,COTATI SUB,0.31574454532070545,43,D,BRKR,,,,,left_only
40991976,BANGOR SUB,0.26579245083062314,43,D,BRKR,,,,,left_only
40993332,PARLIER SUB,0.2975454444628173,43,D,BRKR,,,,,left_only
41088881,LOCKEFORD SUB,0.15113462479663292,33,D,BRKR,,,,,left_only
40990295,TASSAJARA SUB,0.20847139225427538,43,D,BRKR,,,,,left_only
40991197,EL DORADO PH,0.22351029261975253,43,D,BRKR,,,,,left_only
40990910,NEWARK DIST SUB,0.21241143395145345,43,D,BRKR,,,,,left_only
40993012,MONTICELLO SUB,0.20271734799596175,43,D,BRKR,,,,,left_only
40990560,HOLLISTER SUB,0.23268611438064668,43,D,BRKR,,,,,left_only
40990718,COLONY SUB,0.28013285215249545,43,D,BRKR,,,,,left_only
41139762,RIVERBANK SUB,0.12579752573130162,33,D,BRKR,,,,,left_only
40991782,EAST STOCKTON SUB,0.4459267911801747,43,D,BRKR,,,,,left_only
40992175,CALIFORNIA AVE SUB,0.2792771804143065,43,D,BRKR,,,,,left_only
40990621,WOODWARD SUB,0.197831024949364,33,D,BRKR,,,,,left_only
40991081,NEWMAN SUB,0.2752445453207054,43,D,BRKR,,,,,left_only
40992176,CALIFORNIA AVE SUB,0.20377718041430654,43,D,BRKR,,,,,left_only
40990248,CURTIS SUB,0.30970002914211947,43,D,BRKR,,,,,left_only
40991082,NEWMAN SUB,0.2821955257128623,43,D,BRKR,,,,,left_only
41238376,MONROE SUB,0.11790021295581321,33,D,BRKR,,,,,left_only
40990620,WOODWARD SUB,0.16883102494936397,33,D,BRKR,,,,,left_only
40990153,TRIMBLE SUB,0.24844514473416818,43,D,BRKR,,,,,left_only
42618569,CALIFORNIA AVE SUB,0.11328943878743337,33,D,BRKR,,,,,left_only
40990861,JACINTO SUB,0.30304245083062314,43,D,BRKR,,,,,left_only
40990516,AVENAL SUB,0.25458102494936397,42,D,BRKR,,,,,left_only
40990654,EAST STOCKTON SUB,0.21863356966500536,42,D,BRKR,,,,,left_only
41134761,CALIFORNIA AVE SUB,0.1325475257313016,32,D,BRKR,,,,,left_only
41148221,LIVINGSTON SUB,0.12137712786978831,32,D,BRKR,,,,,left_only
40991663,TRACY SUB,0.2651302967808695,42,D,BRKR,,,,,left_only
41088928,OLD KEARNEY SUB,0.12668462479663295,32,D,BRKR,,,,,left_only
40990197,OTTER SUB,0.18859164896380068,32,D,BRKR,,,,,left_only
41088943,CALIFORNIA AVE SUB,0.12523462479663294,32,D,BRKR,,,,,left_only
41366006,EL PECO SUB,0.08672488880733803,22,D,BRKR,,,,,left_only
41366008,EL PECO SUB,0.09772488880733804,22,D,BRKR,,,,,left_only
40992882,MAXWELL SUB,0.26080492833363766,42,D,BRKR,,,,,left_only
40991972,BAKERSFIELD SUB,0.3892491798993616,43,D,BRKR,,,,,left_only
40990891,LAMONT SUB,0.34854539566446807,43,D,BRKR,,,,,left_only
40993363,RAWSON SUB,0.23729245083062314,43,D,BRKR,,,,,left_only
40990663,BURNEY SUB,0.29804245083062314,43,D,BRKR,,,,,left_only
40992910,MCARTHUR SUB,0.28049343122278003,43,D,BRKR,,,,,left_only
40992502,GIRVAN SUB,0.22954245083062313,43,D,BRKR,,,,,left_only
40992501,GIRVAN SUB,0.22129245083062316,43,D,BRKR,,,,,left_only
40991249,RISING RIVER SUB,0.31050174061797814,43,D,BRKR,,,,,left_only
40991778,BURNEY SUB,0.26254245083062316,43,D,BRKR,,,,,left_only
40992909,MCARTHUR SUB,0.26979245083062314,43,D,BRKR,,,,,left_only
40991767,TIDEWATER SUB,0.3083170686932031,43,D,BRKR,,,,,left_only
40992523,GREEN VALLEY SUB,0.299185056963908,43,D,BRKR,,,,,left_only
40992170,CLAYTON SUB,0.2806452858994557,43,D,BRKR,,,,,left_only
40992528,GREEN VALLEY SUB,0.3213170686932031,43,D,BRKR,,,,,left_only
40991710,KERN PP DIST SUB,0.2743473570369911,43,D,BRKR,,,,,left_only
40991715,MAGUNDEN SUB,0.2629687983664825,43,D,BRKR,BRKR,2025-01-24,37,JIT,both
40993384,RIO BRAVO SUB,0.4988574820656137,43,D,BRKR,,,,,left_only
40989989,WILLOW CREEK SUB,0.2352005365978311,43,D,BRKR,,,,,left_only
40989988,WILLOW CREEK SUB,0.21445053659783112,43,D,BRKR,,,,,left_only
40992588,JANES CREEK SUB,0.24739684525099617,43,D,BRKR,,,,,left_only
40991773,WILLOW CREEK SUB,0.2319505365978311,43,D,BRKR,,,,,left_only
40991604,STOCKDALE SUB,0.3286613466007921,43,D,BRKR,,,,,left_only
40991974,BAKERSFIELD SUB,0.2499267911801747,43,D,BRKR,,,,,left_only
43117475,SALINAS SUB,0.06428903452729773,23,D,BRKR,,,,,left_only
42841399,SALINAS SUB,0.06783903452729773,23,D,BRKR,,,,,left_only
44202772,SHAFTER SUB,0.05058270934253291,23,D,BRKR,,,,,left_only
43117473,SALINAS SUB,0.06258903452729772,22,D,BRKR,,,,,left_only
44171578,SHAFTER SUB,0.04933270934253291,22,D,BRKR,,,,,left_only
42832322,LAWRENCE SUB,0.06358851579662496,22,D,BRKR,,,,,left_only
45505677,HUMBOLDT BAY PP,0.0378,22,D,BRKR,,,,,left_only
43694028,CATLETT SUB,0.05256602186541159,22,D,BRKR,,,,,left_only
40996745,OAKLAND J SUB,0.43021950781764806,43,D,BRKR,,,,,left_only
40995016,OAKLAND J SUB,0.6402403411509814,43,D,BRKR,,,,,left_only
40997133,SARATOGA SUB,0.4294480407570925,43,D,BRKR,,,,,left_only
40996740,OAKLAND J SUB,0.8195,53,D,BRKR,,,,,left_only
40997137,SARATOGA SUB,0.6634480407570924,53,D,BRKR,,,,,left_only
40997131,SARATOGA SUB,0.7216980407570925,53,D,BRKR,,,,,left_only
40995426,ASHLAN AVE SUB,0.3860789460903849,43,D,BRKR,,,,,left_only
40996954,RIVERBANK SUB,0.653957846822238,43,D,BRKR,,,,,left_only
40997132,SARATOGA SUB,0.7935,53,D,BRKR,,,,,left_only
40995422,ASHLAN AVE SUB,0.4360789460903849,43,D,BRKR,,,,,left_only
40995436,ASHLAN AVE SUB,0.39832894609038494,43,D,BRKR,,,,,left_only
40994886,WOODLAND SUB,0.3550640828586083,43,D,BRKR,,,,,left_only
40994885,WOODLAND SUB,0.36481408285860834,43,D,BRKR,,,,,left_only
40997135,SARATOGA SUB,0.4081980407570925,43,D,BRKR,,,,,left_only
40997129,SARATOGA SUB,0.3760122484338796,43,D,BRKR,,,,,left_only
40994772,TRACY SUB,0.4153275442348714,43,D,BRKR,,,,,left_only
40994774,TRACY SUB,0.43182754423487135,43,D,BRKR,,,,,left_only
40997139,SARATOGA SUB,0.571756150872904,43,D,BRKR,,,,,left_only
40995430,ASHLAN AVE SUB,0.4145789460903849,43,D,BRKR,BRKR,2025-11-20,54,JIT,both
41162799,SAN FRAN P(HUNTERS POINT) SUB,0.1231285187947363,33,D,BRKR,,,,,left_only
40995423,ASHLAN AVE SUB,0.6023289460903849,43,D,BRKR,,,,,left_only
40995427,ASHLAN AVE SUB,0.3935789460903849,43,D,BRKR,,,,,left_only
40997242,SAN LEANDRO U SUB,0.7033353833734719,53,D,BRKR,BRKR,2025-04-22,,JIT,both
40995802,DALY CITY SUB,0.6082628084857008,43,D,BRKR,,,,,left_only
40993466,SAN PABLO SUB,0.3415019759655947,43,D,BRKR,,,,,left_only
40995855,EAST GRAND SUB,0.5068638237650755,43,D,BRKR,,,,,left_only
40995807,DALY CITY SUB,0.46646950781764807,43,D,BRKR,,,,,left_only
40992445,FAIRWAY SUB,0.34663499498253375,43,D,BRKR,,,,,left_only
40995138,OAKLAND J SUB,0.5428117745072025,43,D,BRKR,,,,,left_only
40993467,SAN PABLO SUB,0.42646447596559467,43,D,BRKR,,,,,left_only
40995858,EAST GRAND SUB,0.5668638237650755,43,D,BRKR,,,,,left_only
40990871,KERN OIL SUB,0.39913941779806483,43,D,BRKR,,,,,left_only
40993377,RED BLUFF SUB,0.2703142869604858,43,D,BRKR,,,,,left_only
40990485,RED BLUFF SUB,0.23888808592487662,43,D,BRKR,,,,,left_only
40992374,ELK HILLS SUB,0.45576061943685875,42,D,BRKR,,,,,left_only
40992953,MIDDLETOWN SUB,0.25945067047519166,43,D,BRKR,,,,,left_only
40990335,MIDDLETOWN SUB,0.1791248585128381,32,D,BRKR,,,,,left_only
40995141,OAKLAND J SUB,0.48871950781764806,43,D,BRKR,,,,,left_only
40993683,STOREY SUB,0.36699792535386766,43,D,BRKR,,,,,left_only
40995340,OAKLAND J SUB,0.5428117745072025,43,D,BRKR,,,,,left_only
40991940,ATWATER SUB,0.40712292745829515,43,D,BRKR,,,,,left_only
40990967,MENLO SUB,0.7392078468222381,53,D,BRKR,,,,,left_only
40993009,MENLO SUB,0.6220789460903848,43,D,BRKR,,,,,left_only
40992775,LIVINGSTON SUB,0.3723574820656137,43,D,BRKR,,,,,left_only
40992268,DAIRYLAND SUB,0.37232754423487135,43,D,BRKR,,,,,left_only
40992585,INDIAN FLAT SUB,0.28543031204654956,43,D,BRKR,,,,,left_only
40990267,WILLIAMS SUB,0.21170002914211947,42,D,BRKR,,,,,left_only
40991906,ANDERSON SUB,0.21096734799596173,43,D,BRKR,,,,,left_only
40991907,ANDERSON SUB,0.22150174061797812,43,D,BRKR,,,,,left_only
40991905,ANDERSON SUB,0.22246734799596174,43,D,BRKR,,,,,left_only
40990079,NEWARK DIST SUB,0.24014266385666821,43,D,BRKR,,,,,left_only
40991657,TASSAJARA SUB,0.22624454532070543,43,D,BRKR,,,,,left_only
40991987,BAY MEADOWS SUB,0.348435056963908,43,D,BRKR,,,,,left_only
40990762,DUMBARTON SUB,0.24439266385666822,43,D,BRKR,,,,,left_only
41146590,BAY MEADOWS SUB,0.13510187722572334,33,D,BRKR,,,,,left_only
40992165,CLARKSVILLE SUB,0.4045567825529421,43,D,BRKR,,,,,left_only
41370658,VINEYARD SUB,0.10204490225298195,33,D,BRKR,,,,,left_only
40991983,BAY MEADOWS SUB,0.6749135565198324,53,D,BRKR,,,,,left_only
40991205,PLEASANT GROVE SUB,0.35030678255294206,43,D,BRKR,,,,,left_only
40991827,TRIMBLE SUB,0.32263285215249543,43,D,BRKR,,,,,left_only
40991208,PAUL SWEET SUB,0.13515089542210212,33,D,BRKR,,,,,left_only
40990686,TEMPLETON SUB,0.158831024949364,33,D,BRKR,,,,,left_only
40993614,SAN RAFAEL SUB,0.427,43,D,BRKR,,,,,left_only
40991481,LAKEWOOD SUB,0.13472222708689302,33,D,BRKR,,,,,left_only
40993609,SAN RAFAEL SUB,0.31568505696390803,43,D,BRKR,,,,,left_only
40991265,JARVIS SUB,0.13458178319862937,33,D,BRKR,,,,,left_only
41353484,SAN RAMON SUB,0.10347852585146752,33,D,BRKR,,,,,left_only
40993468,SARATOGA SUB,0.4854671421988094,43,D,BRKR,,,,,left_only
40993471,SARATOGA SUB,0.35871714219880935,43,D,BRKR,,,,,left_only
40993610,SAN RAFAEL SUB,0.2680899013237197,43,D,BRKR,,,,,left_only
40993472,SARATOGA SUB,0.35071714219880934,43,D,BRKR,,,,,left_only
40991482,LAKEWOOD SUB,0.13567222708689303,33,D,BRKR,,,,,left_only
40990783,EL PATIO SUB,0.30752718041430654,43,D,BRKR,,,,,left_only
40990307,PEABODY SUB,0.17497451725427537,33,D,BRKR,,,,,left_only
40995286,SAN JOSE B SUB,0.4122262118212474,43,D,BRKR,,,,,left_only
41178987,LAKEWOOD SUB,0.11771898424197882,33,D,BRKR,,,,,left_only
41202592,STOCKDALE SUB,0.13864752573130162,33,D,BRKR,,,,,left_only
41156560,LAKEWOOD SUB,0.1296271278697883,33,D,BRKR,,,,,left_only
40991076,JARVIS SUB,0.1358817831986294,33,D,BRKR,,,,,left_only
40990957,PEABODY SUB,0.1501440063969862,33,D,BRKR,,,,,left_only
40993608,SAN RAFAEL SUB,0.206185056963908,43,D,BRKR,,,,,left_only
40989936,VIEJO SUB,0.43129282999356333,43,D,BRKR,,,,,left_only
41157073,SAN RAMON SUB,0.13227712786978832,33,D,BRKR,,,,,left_only
40990784,EL PATIO SUB,0.29477718041430656,43,D,BRKR,,,,,left_only
40990502,ROB ROY SUB,0.17668611438064669,33,D,BRKR,,,,,left_only
40993736,SANTA ROSA A SUB,0.23613285215249544,43,D,BRKR,,,,,left_only
41364043,SAN RAMON SUB,0.10432852585146753,33,D,BRKR,,,,,left_only
40993167,OAKLAND K (CLAREMONT) SUB,0.8566125687273084,53,D,BRKR,,,,,left_only
40990223,TRIMBLE SUB,0.30131195256612237,43,D,BRKR,,,,,left_only
40991999,BELLEVUE SUB,0.2574945453207054,43,D,BRKR,,,,,left_only
40993171,OAKLAND K (CLAREMONT) SUB,0.7468625687273084,53,D,BRKR,,,,,left_only
40992049,BRITTON SUB,0.5626229274582951,43,D,BRKR,,,,,left_only
40989866,TRIMBLE SUB,0.3253574820656137,43,D,BRKR,,,,,left_only
40990313,EVERGREEN SUB,0.1714745172542754,33,D,BRKR,,,,,left_only
41117744,MILPITAS SUB,0.11779752573130162,33,D,BRKR,,,,,left_only
40990655,SALINAS SUB,0.2350412038119294,43,D,BRKR,,,,,left_only
42561866,SARATOGA SUB,0.09644784342945253,23,D,BRKR,,,,,left_only
40990699,MT EDEN SUB,0.2027912038119294,43,D,BRKR,,,,,left_only
40990971,BELMONT SUB,0.2081498155818086,43,D,BRKR,,,,,left_only
42561884,MCKEE SUB,0.09724490225298195,23,D,BRKR,,,,,left_only
40989960,WEST SACRAMENTO SUB,0.21146734799596173,43,D,BRKR,,,,,left_only
41352727,SAN RAMON SUB,0.6162347378898361,43,D,BRKR,,,,,left_only
41367517,MOSHER SUB,0.09919490225298194,23,D,BRKR,,,,,left_only
41089368,SWIFT SUB,0.12758462479663293,33,D,BRKR,,,,,left_only
40990448,TASSAJARA SUB,0.1994745172542754,33,D,BRKR,,,,,left_only
40990318,MILPITAS SUB,0.20847139225427538,43,D,BRKR,,,,,left_only
40991016,EDENVALE SUB,0.28087272980124145,43,D,BRKR,,,,,left_only
41360160,BAKERSFIELD SUB,0.11557488880733803,33,D,BRKR,,,,,left_only
40990327,CONTRA COSTA SUB,0.2093210509957126,43,D,BRKR,,,,,left_only
40990296,TASSAJARA SUB,0.24844514473416818,43,D,BRKR,,,,,left_only
40990951,STOCKDALE SUB,0.2894745172542754,43,D,BRKR,,,,,left_only
41360157,BAKERSFIELD SUB,0.10827488880733803,33,D,BRKR,,,,,left_only
40990909,NEWARK DIST SUB,0.322,43,D,BRKR,,,,,left_only
41193836,SAN RAMON SUB,0.10818943878743338,33,D,BRKR,,,,,left_only
40991615,NEWARK DIST SUB,0.12822629725715998,33,D,BRKR,,,,,left_only
40990702,BAY MEADOWS SUB,0.24089444771398003,43,D,BRKR,,,,,left_only
43192816,CLAYTON SUB,0.11097488880733804,33,D,BRKR,,,,,left_only
42617524,SAN RAMON SUB,0.08516980168621213,23,D,BRKR,,,,,left_only
40990326,PAUL SWEET SUB,0.28452349347858713,43,D,BRKR,,,,,left_only
40990460,FIGARDEN SUB,0.1984745172542754,33,D,BRKR,,,,,left_only
40991859,COTTONWOOD SUB,0.8775,53,D,BRKR,,,,,left_only
42645851,MOUNTAIN VIEW SUB,0.09787574212447572,23,D,BRKR,,,,,left_only
41363223,MORGAN HILL SUB,0.10217852585146753,33,D,BRKR,,,,,left_only
40992062,BARTON SUB,0.24999454532070545,43,D,BRKR,,,,,left_only
40990433,CLAYTON SUB,0.20847139225427538,43,D,BRKR,,,,,left_only
40990866,MT EDEN SUB,0.15741143395145346,33,D,BRKR,,,,,left_only
41215748,MCKEE SUB,0.1211771278697883,33,D,BRKR,,,,,left_only
40991762,STELLING SUB,0.21638285215249545,43,D,BRKR,,,,,left_only
41137122,MEADOW LANE SUB,0.11644752573130161,33,D,BRKR,,,,,left_only
40990435,CLAYTON SUB,0.1644745172542754,33,D,BRKR,,,,,left_only
40991307,CONTRA COSTA SUB,0.14590574153196273,33,D,BRKR,,,,,left_only
40991182,PAUL SWEET SUB,0.24366143395145345,43,D,BRKR,,,,,left_only
40991044,VACA DIXON SUB,0.27973901602400786,43,D,BRKR,,,,,left_only
40990947,VACA DIXON SUB,0.27973901602400786,43,D,BRKR,BRKR,2025-01-30,26,JIT,both
40990687,TEMPLETON SUB,0.17083102494936397,33,D,BRKR,,,,,left_only
40991536,STAGG SUB,0.15612222708689302,33,D,BRKR,,,,,left_only
41326345,MANTECA SUB,0.08872488880733803,23,D,BRKR,,,,,left_only
41326404,BRENTWOOD SUB,0.08742488880733804,23,D,BRKR,,,,,left_only
40991308,CONTRA COSTA SUB,0.13683178319862938,33,D,BRKR,,,,,left_only
40990946,VACA DIXON SUB,0.22301029261975253,43,D,BRKR,,,,,left_only
40990270,STOCKDALE SUB,0.2539745172542754,43,D,BRKR,,,,,left_only
41370666,STOCKDALE SUB,0.09414490225298194,23,D,BRKR,,,,,left_only
40990583,BAHIA SUB,0.31922025984217367,43,D,BRKR,,,,,left_only
40995515,BOGUE SUB,0.35337984865953714,43,D,BRKR,,,,,left_only
40989959,WEST SACRAMENTO SUB,0.20721734799596175,43,D,BRKR,,,,,left_only
41331594,CLARKSVILLE SUB,0.09690271933845654,23,D,BRKR,,,,,left_only
40990446,MERCED SUB,0.1709745172542754,33,D,BRKR,,,,,left_only
40991530,SAN JOSE B SUB,0.3171767911801747,43,D,BRKR,,,,,left_only
40990467,CALIFORNIA AVE SUB,0.20919279678086955,43,D,BRKR,,,,,left_only
40990466,CALIFORNIA AVE SUB,0.21769279678086956,43,D,BRKR,,,,,left_only
40991649,KIRKER SUB,0.14590574153196273,33,D,BRKR,,,,,left_only
40990152,TRIMBLE SUB,0.24844514473416818,43,D,BRKR,,,,,left_only
40990695,MORGAN HILL SUB,0.24009190299833869,43,D,BRKR,,,,,left_only
40990404,PLEASANT GROVE SUB,0.18295002914211947,33,D,BRKR,,,,,left_only
41178468,EL CAPITAN SUB,0.11488943878743338,33,D,BRKR,,,,,left_only
40990787,VIEJO SUB,0.1597912038119294,33,D,BRKR,,,,,left_only
41332732,HOLLISTER SUB,0.1335209258842801,33,D,BRKR,,,,,left_only
41348670,CAMP EVERS SUB,0.11727300178659236,33,D,BRKR,,,,,left_only
41123463,EVERGREEN SUB,0.12194752573130162,33,D,BRKR,,,,,left_only
40990372,FIGARDEN SUB,0.2552245172542754,43,D,BRKR,,,,,left_only
40991692,ATWATER SUB,0.21219279678086955,43,D,BRKR,,,,,left_only
40990963,CLARKSVILLE SUB,0.24151029261975254,43,D,BRKR,,,,,left_only
41156976,DUMBARTON SUB,0.12435137593759343,33,D,BRKR,,,,,left_only
40989996,WILSON SUB,0.27148729213541,43,D,BRKR,,,,,left_only
40990225,SANTA ROSA A SUB,0.22640050187702532,43,D,BRKR,,,,,left_only
41301632,STANISLAUS PH,0.11565271933845653,33,D,BRKR,,,,,left_only
41089366,SWIFT SUB,0.14503462479663293,33,D,BRKR,,,,,left_only
41134067,SAN RAMON SUB,0.11979752573130162,33,D,BRKR,,,,,left_only
41143703,VINEYARD SUB,0.11352712786978832,33,D,BRKR,,,,,left_only
41179444,SERRAMONTE SUB,0.12650137593759342,33,D,BRKR,,,,,left_only
41348777,HOLLISTER SUB,0.11692300178659237,33,D,BRKR,,,,,left_only
41088891,PLEASANT GROVE SUB,0.13418584738989886,33,D,BRKR,,,,,left_only
40990668,CANAL SUB,0.4016767911801747,43,D,BRKR,,,,,left_only
40995514,BOGUE SUB,0.35212984865953717,43,D,BRKR,,,,,left_only
40991089,FRANKLIN SUB,0.15316143395145346,33,D,BRKR,,,,,left_only
40995516,BOGUE SUB,0.33582491691210337,43,D,BRKR,,,,,left_only
40991700,EL PATIO SUB,0.2780271804143065,43,D,BRKR,,,,,left_only
41200157,GRANT SUB,0.09776793178532142,23,D,BRKR,,,,,left_only
40992039,BRITTON SUB,0.39146714219880935,43,D,BRKR,,,,,left_only
40993201,OAKHURST SUB,0.7025,53,D,BRKR,,,,,left_only
40993074,NAPA SUB,0.30170053659783114,43,D,BRKR,,,,,left_only
41363228,VACA DIXON SUB,0.13345789291928845,33,D,BRKR,,,,,left_only
40991627,STOREY SUB,0.26873729213541003,43,D,BRKR,,,,,left_only
40992073,BRUNSWICK SUB,0.27529245083062315,43,D,BRKR,,,,,left_only
40992184,CLOVERDALE SUB,0.3158598156606506,43,D,BRKR,,,,,left_only
40990431,CONTRA COSTA SUB,0.2093210509957126,43,D,BRKR,,,,,left_only
40990669,CANAL SUB,0.2319267911801747,43,D,BRKR,,,,,left_only
41162218,MONROE SUB,0.11847712786978831,33,D,BRKR,,,,,left_only
40991483,LAKEWOOD SUB,0.14519618542022633,33,D,BRKR,,,,,left_only
41343284,CLAYTON SUB,0.11102488880733803,33,D,BRKR,,,,,left_only
40991956,BAKERSFIELD SUB,0.671,53,D,BRKR,,,,,left_only
41332621,VALLEY VIEW SUB,0.10908974637331809,33,D,BRKR,,,,,left_only
40990571,ASHLAN AVE SUB,0.3159598128168346,43,D,BRKR,,,,,left_only
40992313,DUMBARTON SUB,0.3866044669873975,43,D,BRKR,,,,,left_only
40997212,SAN JOSE B SUB,0.5432171421988093,43,D,BRKR,,,,,left_only
40993445,SANGER SUB,0.31374454532070545,43,D,BRKR,,,,,left_only
40991757,SANGER SUB,0.23538285215249544,43,D,BRKR,,,,,left_only
40990575,ASHLAN AVE SUB,0.3077098128168346,43,D,BRKR,,,,,left_only
40990574,ASHLAN AVE SUB,0.30345981281683465,43,D,BRKR,,,,,left_only
40990572,ASHLAN AVE SUB,0.3042098128168346,43,D,BRKR,,,,,left_only
40995323,WEBER SUB,0.6914480407570924,53,D,BRKR,,,,,left_only
41130172,MORGAN HILL SUB,0.12565919239796827,33,D,BRKR,,,,,left_only
40992292,DIAMOND SPRINGS SUB,0.28049343122278003,43,D,BRKR,,,,,left_only
40992063,BARTON SUB,0.30002718041430654,43,D,BRKR,,,,,left_only
40991951,BAHIA SUB,0.38951766691122275,43,D,BRKR,,,,,left_only
40992111,CANAL SUB,0.2821955257128623,43,D,BRKR,,,,,left_only
40993469,SARATOGA SUB,0.3619671421988094,43,D,BRKR,,,,,left_only
41335727,MILLBRAE SUB,0.10156922774510102,33,D,BRKR,,,,,left_only
40995322,WEBER SUB,0.7411980407570924,53,D,BRKR,,,,,left_only
41130598,WOLFE SUB,0.13518168362016236,33,D,BRKR,,,,,left_only
40992452,FRANKLIN SUB,0.1984195773299849,33,D,BRKR,,,,,left_only
40992066,BARTON SUB,0.3067771804143065,43,D,BRKR,,,,,left_only
40990578,EDENVALE SUB,0.16463356966500536,33,D,BRKR,,,,,left_only
40992866,MADERA SUB,0.4041767911801747,43,D,BRKR,,,,,left_only
40990534,ATWATER SUB,0.2522771804143065,43,D,BRKR,,,,,left_only
41117741,MILPITAS SUB,0.11684752573130161,33,D,BRKR,,,,,left_only
40991242,TASSAJARA SUB,0.13497222708689302,33,D,BRKR,,,,,left_only
40991650,CONTRA COSTA SUB,0.14590574153196273,33,D,BRKR,,,,,left_only
40990576,EDENVALE SUB,0.24009190299833869,43,D,BRKR,,,,,left_only
40990286,VINEYARD SUB,0.2977245172542754,43,D,BRKR,,,,,left_only
41181051,LOCKEFORD SUB,0.11373943878743338,33,D,BRKR,,,,,left_only
41224357,KERN PP DIST SUB,0.12540021295581322,33,D,BRKR,,,,,left_only
41339132,STOCKDALE SUB,0.1102502129558132,33,D,BRKR,,,,,left_only
40991256,PAUL SWEET SUB,0.15825089542210213,33,D,BRKR,,,,,left_only
40989995,WILSON SUB,0.24823729213541001,43,D,BRKR,,,,,left_only
40991587,SONOMA A SUB,0.22144279678086956,43,D,BRKR,,,,,left_only
41182003,MOSHER SUB,0.15188943878743338,33,D,BRKR,,,,,left_only
40990377,FREMONT SUB,0.2570741759957126,43,D,BRKR,,,,,left_only
40993735,SANTA ROSA A SUB,0.3011328521524954,43,D,BRKR,,,,,left_only
40989958,WEST SACRAMENTO SUB,0.2669673479959617,43,D,BRKR,,,,,left_only
40992466,FRENCH CAMP SUB,0.2670271804143065,43,D,BRKR,,,,,left_only
40993648,SONOMA A SUB,0.24963285215249542,43,D,BRKR,,,,,left_only
40991613,TASSAJARA SUB,0.12933462479663294,33,D,BRKR,,,,,left_only
40993606,SAN MIGUEL SUB,0.30494412115745556,43,D,BRKR,,,,,left_only
40990403,PLEASANT GROVE SUB,0.18395002914211947,33,D,BRKR,,,,,left_only
40991638,SAN RAMON SUB,0.155022227086893,33,D,BRKR,,,,,left_only
40991241,PUEBLO SUB,0.2682005365978311,43,D,BRKR,,,,,left_only
40993442,SANGER SUB,0.3631927967808696,43,D,BRKR,,,,,left_only
41123470,EVERGREEN SUB,0.12565919239796827,33,D,BRKR,,,,,left_only
41140116,GATES SUB,0.11707860612152486,33,D,BRKR,,,,,left_only
41355819,VACA DIXON SUB,0.08685271933845654,23,D,BRKR,,,,,left_only
41128892,WOLFE SUB,0.13518168362016236,33,D,BRKR,,,,,left_only
40991679,WHISMAN SUB,0.39698407874252883,43,D,BRKR,BRKR,2025-06-24,48,JIT,both
40992867,MADERA SUB,0.2381767911801747,43,D,BRKR,,,,,left_only
40991045,VACA DIXON SUB,0.20026029261975253,43,D,BRKR,,,,,left_only
40993737,SANTA ROSA A SUB,0.2870614235810669,43,D,BRKR,,,,,left_only
40992113,CANAL SUB,0.3407445453207054,43,D,BRKR,,,,,left_only
41114351,MORAGA SUB,0.11917271773919072,33,D,BRKR,,,,,left_only
40990024,WOLFE SUB,0.21913285215249545,43,D,BRKR,,,,,left_only
41110536,BELMONT SUB,0.1363485156168086,33,D,BRKR,,,,,left_only
40993725,SYCAMORE CREEK SUB,0.39352528112781815,43,D,BRKR,,,,,left_only
40993693,SUISUN SUB,0.35621714219880934,43,D,BRKR,,,,,left_only
40992824,LAWRENCE SUB,0.45918417940707695,43,D,BRKR,,,,,left_only
40991046,WOODWARD SUB,0.24538819721216376,43,D,BRKR,,,,,left_only
40995287,SAN JOSE B SUB,0.4367262118212474,43,D,BRKR,,,,,left_only
40989931,VACAVILLE SUB,0.393934179407077,43,D,BRKR,,,,,left_only
40990315,DEL MAR SUB,0.20719690414211947,43,D,BRKR,,,,,left_only
40992072,BARTON SUB,0.474434179407077,43,D,BRKR,,,,,left_only
40991088,FRANKLIN SUB,0.28314015735570874,43,D,BRKR,,,,,left_only
40990030,WOLFE SUB,0.3304840787425288,43,D,BRKR,,,,,left_only
40991894,SCHINDLER SUB,0.2081452858994557,43,D,BRKR,,,,,left_only
40991769,TRIMBLE SUB,0.28413285215249545,43,D,BRKR,,,,,left_only
40990660,BULLARD SUB,0.30145981281683465,43,D,BRKR,,,,,left_only
40992986,MALAGA SUB,0.47668417940707697,43,D,BRKR,,,,,left_only
40991664,TRIMBLE SUB,0.2843828521524954,43,D,BRKR,,,,,left_only
40993270,ORO LOMA SUB,0.2720869403703244,43,D,BRKR,,,,,left_only
40991158,ORO LOMA SUB,0.23134735703699108,43,D,BRKR,,,,,left_only
40992482,GALLO SUB,0.3357445453207054,43,D,BRKR,,,,,left_only
40993269,ORO LOMA SUB,0.23463285215249544,43,D,BRKR,,,,,left_only
40990592,BARTON SUB,0.30221879836648247,43,D,BRKR,,,,,left_only
40992023,BIG RIVER SUB,0.2901695773299849,43,D,BRKR,BRKR,2025-01-24,31,JIT,both
40991335,LAS POSITAS SUB,0.13497222708689302,33,D,BRKR,,,,,left_only
41236704,IGNACIO SUB,0.10723945256564928,33,D,BRKR,,,,,left_only
40993232,OIL FIELDS SUB,0.40966985181904675,43,D,BRKR,,,,,left_only
41180096,EIGHT MILE SUB,0.11771898424197882,33,D,BRKR,,,,,left_only
41114346,FAIRVIEW SUB,0.12627811200774502,33,D,BRKR,,,,,left_only
40992061,BARTON SUB,0.20413285215249544,43,D,BRKR,,,,,left_only
40990278,BRENTWOOD SUB,0.20847139225427538,43,D,BRKR,,,,,left_only
41086270,HARRIS SUB,0.14247629725715996,33,D,BRKR,,,,,left_only
41177612,KIRKER SUB,0.12197902008286621,33,D,BRKR,,,,,left_only
40992065,BARTON SUB,0.2550271804143065,43,D,BRKR,,,,,left_only
41364041,SAN RAMON SUB,0.10012852585146753,33,D,BRKR,,,,,left_only
40992112,CANAL SUB,0.21824454532070545,43,D,BRKR,BRKR,2025-10-23,34,JIT,both
41088880,PLEASANT GROVE SUB,0.13418584738989886,33,D,BRKR,,,,,left_only
41143112,MILPITAS SUB,0.12565919239796827,33,D,BRKR,,,,,left_only
41134058,MORAGA SUB,0.13518168362016236,33,D,BRKR,,,,,left_only
40990656,SALINAS SUB,0.2952912038119294,43,D,BRKR,,,,,left_only
40993086,NORD SUB,0.2867173479959617,43,D,BRKR,,,,,left_only
40991363,MCKEE SUB,0.13352222708689301,33,D,BRKR,,,,,left_only
40990700,MT EDEN SUB,0.1760412038119294,33,D,BRKR,,,,,left_only
40993444,SANGER SUB,0.31738285215249545,43,D,BRKR,,,,,left_only
41191679,OCEANO SUB,0.11568390007797358,33,D,BRKR,,,,,left_only
40989857,TRACY SUB,0.27899454532070544,43,D,BRKR,,,,,left_only
40990254,CLARKSVILLE SUB,0.17470002914211946,33,D,BRKR,,,,,left_only
40991364,MCKEE SUB,0.14519618542022633,33,D,BRKR,,,,,left_only
40992817,LOS GATOS SUB,0.20402718041430654,43,D,BRKR,,,,,left_only
40992026,BELL SUB,0.3143358523203839,43,D,BRKR,,,,,left_only
41165472,MILPITAS SUB,0.1085771278697883,33,D,BRKR,,,,,left_only
41112969,MT EDEN SUB,0.13102629725715997,33,D,BRKR,,,,,left_only
40992985,MALAGA SUB,0.2987771804143065,43,D,BRKR,,,,,left_only
40991977,BASALT SUB,0.18469279678086956,33,D,BRKR,,,,,left_only
41355817,VACA DIXON SUB,0.09715271933845654,23,D,BRKR,,,,,left_only
41148251,MARIPOSA SUB,0.1573191463166365,33,D,BRKR,,,,,left_only
40991520,RINCON SUB,0.14737222708689302,33,D,BRKR,,,,,left_only
40990895,LAWRENCE SUB,0.2651302967808695,43,D,BRKR,,,,,left_only
40991591,SAN RAFAEL SUB,0.24033178319862938,43,D,BRKR,,,,,left_only
40989987,WILLITS A SUB,0.2213598156606506,43,D,BRKR,,,,,left_only
40992102,CALISTOGA SUB,0.26798729213541,43,D,BRKR,,,,,left_only
42562563,BRUNSWICK SUB,0.10137646083308552,33,D,BRKR,,,,,left_only
41111101,MOUNTAIN VIEW SUB,0.13518168362016236,33,D,BRKR,,,,,left_only
41105322,MORAGA SUB,0.13518168362016236,33,D,BRKR,,,,,left_only
40993443,SANGER SUB,0.33088285215249547,43,D,BRKR,,,,,left_only
40992093,BUELLTON SUB,0.2621121231733907,43,D,BRKR,BRKR,2025-02-27,36,JIT,both
40992060,BARTON SUB,0.24888285215249545,43,D,BRKR,,,,,left_only
41350648,NAPA SUB,0.09662677582808371,23,D,BRKR,,,,,left_only
40990713,SAN LUIS OBISPO SUB,0.1659361143806467,33,D,BRKR,,,,,left_only
40992188,CLAY SUB,0.2864544065063119,43,D,BRKR,,,,,left_only
40991857,DEVILS DEN SUB,0.18695067047519168,33,D,BRKR,,,,,left_only
40992069,BARTON SUB,0.25827718041430653,43,D,BRKR,,,,,left_only
40992544,HARTER SUB,0.3730017406179781,43,D,BRKR,,,,,left_only
40990580,MORGAN HILL SUB,0.24009190299833869,43,D,BRKR,,,,,left_only
40993318,PIKE CITY SUB,0.19421734799596174,33,D,BRKR,,,,,left_only
40992788,LOCKHEED #2 SUB,0.28297025984217367,43,D,BRKR,,,,,left_only
40993231,OIL FIELDS SUB,0.772,53,D,BRKR,,,,,left_only
40993297,PASO ROBLES SUB,0.2816098156606506,43,D,BRKR,,,,,left_only
40991850,CLEAR LAKE SUB,0.31895067047519166,43,D,BRKR,,,,,left_only
40992465,FRENCH CAMP SUB,0.2705271804143065,43,D,BRKR,,,,,left_only
40990050,YOSEMITE PARK SUB,0.24672836276305965,43,D,BRKR,,,,,left_only
41234274,HIGHWAY SUB,0.1094002129558132,33,D,BRKR,,,,,left_only
40991978,BASALT SUB,0.28869279678086956,43,D,BRKR,,,,,left_only
40992540,HARTER SUB,0.2875017406179781,43,D,BRKR,,,,,left_only
40992543,HARTER SUB,0.27371734799596176,43,D,BRKR,,,,,left_only
41088888,PLEASANT GROVE SUB,0.13418584738989886,33,D,BRKR,,,,,left_only
40990712,SAN LUIS OBISPO SUB,0.17493611438064668,33,D,BRKR,,,,,left_only
40989963,WEST SACRAMENTO SUB,0.2325747036271525,43,D,BRKR,,,,,left_only
40990493,MONROE SUB,0.18547451725427538,33,D,BRKR,,,,,left_only
40993076,NAPA SUB,0.30870053659783114,43,D,BRKR,,,,,left_only
42641865,MAGUNDEN SUB,0.08671980168621214,23,D,BRKR,,,,,left_only
41152398,DAVIS SUB,0.12473081298330316,33,D,BRKR,,,,,left_only
40990960,MARYSVILLE SUB,0.19670440650631188,33,D,BRKR,,,,,left_only
41204228,WYANDOTTE SUB,0.11016635354105911,33,D,BRKR,,,,,left_only
40992187,CLAY SUB,0.30470440650631186,43,D,BRKR,,,,,left_only
41100973,SONOMA A SUB,0.13833462479663294,33,D,BRKR,,,,,left_only
40992103,CALISTOGA SUB,0.25473729213541,43,D,BRKR,,,,,left_only
40989925,VASCO SUB,0.19419279678086956,33,D,BRKR,,,,,left_only
41339689,DALY CITY SUB,0.10666793178532143,33,D,BRKR,,,,,left_only
40991770,VASCO SUB,0.2651302967808695,43,D,BRKR,,,,,left_only
40990604,SAN RAMON SUB,0.15838356966500536,33,D,BRKR,,,,,left_only
40991866,OLIVEHURST SUB,0.28197836276305965,43,D,BRKR,,,,,left_only
40990320,MILPITAS SUB,0.20847139225427538,43,D,BRKR,,,,,left_only
40989962,WEST SACRAMENTO SUB,0.21646734799596173,43,D,BRKR,,,,,left_only
40991110,BELL SUB,0.27973901602400786,43,D,BRKR,,,,,left_only
40993084,NORD SUB,0.2627517406179781,43,D,BRKR,,,,,left_only
44434382,DAVIS SUB,0.04383027606191704,23,D,BRKR,,,,,left_only
40991532,SAN JOSE B SUB,0.3171767911801747,43,D,BRKR,,,,,left_only
40992059,BARTON SUB,0.24899454532070545,43,D,BRKR,,,,,left_only
41368019,STOREY SUB,0.091732607973051,23,D,BRKR,,,,,left_only
41336781,CAYUCOS SUB,0.10591922774510103,33,D,BRKR,,,,,left_only
40991459,WESTPARK SUB,0.15037222708689302,33,D,BRKR,,,,,left_only
40993262,ORLAND B SUB,0.21375174061797814,43,D,BRKR,,,,,left_only
40990180,ATWATER SUB,0.29202718041430653,43,D,BRKR,,,,,left_only
40990258,WEST FRESNO SUB,0.23065050187702532,43,D,BRKR,,,,,left_only
42559828,COARSEGOLD SUB,0.0925293894412071,23,D,BRKR,,,,,left_only
40991614,LAS POSITAS SUB,0.14413462479663294,33,D,BRKR,,,,,left_only
40990955,STOCKDALE SUB,0.23539400639698618,43,D,BRKR,,,,,left_only
40990425,ATWATER SUB,0.24097451725427538,43,D,BRKR,,,,,left_only
40989997,WILSON SUB,0.22773729213541002,43,D,BRKR,,,,,left_only
40990498,JARVIS SUB,0.24089444771398003,43,D,BRKR,,,,,left_only
41233508,STOREY SUB,0.09686097334597715,23,D,BRKR,,,,,left_only
40990701,BAY MEADOWS SUB,0.2424361143806467,43,D,BRKR,,,,,left_only
40989859,TRACY SUB,0.21413285215249545,43,D,BRKR,,,,,left_only
41155156,DIAMOND SPRINGS SUB,0.12631500383588573,33,D,BRKR,,,,,left_only
40992365,EL CAPITAN SUB,0.2649267911801747,43,D,BRKR,,,,,left_only
40992609,JAMESON SUB,0.5145,43,D,BRKR,,,,,left_only
40993281,OROVILLE SUB,0.23146734799596175,43,D,BRKR,,,,,left_only
41362055,MT EDEN SUB,0.09815316232650997,23,D,BRKR,,,,,left_only
41187694,PLEASANT GROVE SUB,0.12836500383588575,33,D,BRKR,,,,,left_only
40990851,HORSESHOE SUB,0.36200174061797813,43,D,BRKR,,,,,left_only
40991590,SAN RAFAEL SUB,0.14169851561680863,33,D,BRKR,,,,,left_only
40990539,MOUNTAIN VIEW SUB,0.17063356966500534,33,D,BRKR,,,,,left_only
40990221,SAN JOSE B SUB,0.24844514473416818,43,D,BRKR,,,,,left_only
41088875,MOSHER SUB,0.14688462479663295,33,D,BRKR,,,,,left_only
40992381,EL PATIO SUB,0.20847139225427538,43,D,BRKR,,,,,left_only
40993274,OREGON TRAIL SUB,0.24305678255294208,43,D,BRKR,,,,,left_only
40990357,SAN JOSE B SUB,0.1977245172542754,33,D,BRKR,,,,,left_only
40990492,DAVIS SUB,0.1506797525915433,33,D,BRKR,,,,,left_only
40990780,EDENVALE SUB,0.16163356966500536,33,D,BRKR,,,,,left_only
41367534,BOGUE SUB,0.09537646083308553,23,D,BRKR,,,,,left_only
40990388,EL PATIO SUB,0.1684745172542754,33,D,BRKR,,,,,left_only
40990386,EDENVALE SUB,0.17547451725427538,33,D,BRKR,,,,,left_only
40989932,VACAVILLE SUB,0.3134945453207054,43,D,BRKR,,,,,left_only
40990877,DUMBARTON SUB,0.28016143395145343,43,D,BRKR,,,,,left_only
40990222,SAN JOSE B SUB,0.2944005018770253,43,D,BRKR,,,,,left_only
40990781,EL PATIO SUB,0.1677245172542754,33,D,BRKR,,,,,left_only
40990208,SAN MIGUEL SUB,0.24754809570524305,43,D,BRKR,,,,,left_only
40990356,FREMONT SUB,0.2603241759957126,43,D,BRKR,,,,,left_only
41223591,CLAYTON SUB,0.11771898424197882,33,D,BRKR,,,,,left_only
41367482,STOCKTON A SUB,0.09764490225298195,23,D,BRKR,,,,,left_only
40991365,MCKEE SUB,0.134072227086893,33,D,BRKR,,,,,left_only
40989986,WILLITS A SUB,0.2473598156606506,43,D,BRKR,,,,,left_only
40990782,EL PATIO SUB,0.2880271804143065,43,D,BRKR,,,,,left_only
40991529,SAN JOSE B SUB,0.2870614235810669,43,D,BRKR,,,,,left_only
41219065,BRUNSWICK SUB,0.10444227946698503,33,D,BRKR,,,,,left_only
41372406,FOOTHILL SUB,0.10242300178659236,33,D,BRKR,,,,,left_only
40991867,OLIVEHURST SUB,0.19797836276305966,33,D,BRKR,,,,,left_only
40990962,REEDLEY SUB,0.27663819721216376,43,D,BRKR,,,,,left_only
41211687,KERN OIL SUB,0.10736097334597715,33,D,BRKR,,,,,left_only
41366434,HIGGINS SUB,0.08057646083308552,23,D,BRKR,,,,,left_only
40992182,COLUMBIA HILL SUB,0.25107470362715245,43,D,BRKR,,,,,left_only
40990959,MARYSVILLE SUB,0.19670440650631188,33,D,BRKR,,,,,left_only
40992058,BARTON SUB,0.21438285215249545,43,D,BRKR,,,,,left_only
40993267,OLETA SUB,0.26295440650631186,43,D,BRKR,,,,,left_only
41236702,IGNACIO SUB,0.10988945256564928,33,D,BRKR,,,,,left_only
41363279,HIGHLANDS SUB,0.09152031369312005,23,D,BRKR,,,,,left_only
41136890,LEMOORE SUB,0.11694752573130161,33,D,BRKR,,,,,left_only
40990973,SAN LUIS OBISPO SUB,0.16843611438064668,33,D,BRKR,,,,,left_only
41340872,SAN FRAN A (POTRERO PP) SUB,0.10291922774510102,33,D,BRKR,,,,,left_only
40992380,EL NIDO SUB,0.22584735703699108,43,D,BRKR,,,,,left_only
41204227,WYANDOTTE SUB,0.10526635354105911,33,D,BRKR,,,,,left_only
40992542,HARTER SUB,0.3890017406179781,43,D,BRKR,,,,,left_only
40992766,LAYTONVILLE SUB,0.27445053659783114,43,D,BRKR,,,,,left_only
41364057,MANCHESTER SUB,0.10044490225298194,33,D,BRKR,,,,,left_only
42707430,MERCED SUB,0.43870669797073025,43,D,BRKR,,,,,left_only
40992767,LAYTONVILLE SUB,0.2832005365978311,43,D,BRKR,,,,,left_only
40990319,MILPITAS SUB,0.20847139225427538,43,D,BRKR,,,,,left_only
40993607,SAN MIGUEL SUB,0.2559441211574556,43,D,BRKR,,,,,left_only
40993271,ORO LOMA SUB,0.29134735703699105,43,D,BRKR,,,,,left_only
40991322,SAN JOSE B SUB,0.13492222708689303,33,D,BRKR,,,,,left_only
41364781,ATASCADERO SUB,0.097132607973051,23,D,BRKR,,,,,left_only
40992495,GREENBRAE SUB,0.33147025984217365,43,D,BRKR,,,,,left_only
41342567,SAN LEANDRO U SUB,0.09786922774510103,23,D,BRKR,,,,,left_only
40991160,OROVILLE SUB,0.21646734799596173,43,D,BRKR,,,,,left_only
40990638,BORONDA SUB,0.3516695773299849,43,D,BRKR,,,,,left_only
41366432,HIGGINS SUB,0.09582940200955611,23,D,BRKR,,,,,left_only
40996712,OAKLAND K (CLAREMONT) SUB,0.8047726646068867,53,D,BRKR,,,,,left_only
41333234,LEMOORE SUB,0.10097488880733803,33,D,BRKR,,,,,left_only
40991294,SANGER SUB,0.2223940063969862,43,D,BRKR,,,,,left_only
40992360,ELK CREEK SUB,0.23657470362715247,43,D,BRKR,,,,,left_only
41103892,BASALT SUB,0.12538462479663293,33,D,BRKR,,,,,left_only
40990658,CLOVIS SUB,0.28138356966500533,43,D,BRKR,,,,,left_only
40991059,WAHTOKE SUB,0.26963819721216375,43,D,BRKR,,,,,left_only
41202539,DUMBARTON SUB,0.09716793178532142,23,D,BRKR,,,,,left_only
40991861,GERBER SUB,0.2812283627630597,43,D,BRKR,,,,,left_only
40990339,PEASE SUB,0.19295002914211948,33,D,BRKR,,,,,left_only
40993268,ORO LOMA SUB,0.20194279678086957,43,D,BRKR,,,,,left_only
40991546,SANGER SUB,0.10517613888173913,33,D,BRKR,,,,,left_only
40989975,WEIMAR SUB,0.21770440650631187,43,D,BRKR,,,,,left_only
41088872,MANTECA SUB,0.12818462479663292,33,D,BRKR,,,,,left_only
40990008,WOODLAND SUB,0.28049343122278003,43,D,BRKR,,,,,left_only
40990371,WOODWARD SUB,0.1853748585128381,33,D,BRKR,,,,,left_only
40991161,OROVILLE SUB,0.21620440650631187,43,D,BRKR,,,,,left_only
40990661,CLOVIS SUB,0.17913356966500535,33,D,BRKR,,,,,left_only
42562004,CLEAR LAKE SUB,0.07585610159689124,23,D,BRKR,,,,,left_only
41333485,CANAL SUB,0.09647488880733804,23,D,BRKR,,,,,left_only
41204229,WYANDOTTE SUB,0.1100663535410591,33,D,BRKR,,,,,left_only
40990309,VACAVILLE SUB,0.1622245172542754,33,D,BRKR,,,,,left_only
40990565,MERCED SUB,0.17913356966500535,33,D,BRKR,,,,,left_only
41353855,WOODLAND SUB,0.10035911468729375,33,D,BRKR,,,,,left_only
40991091,FRANKLIN SUB,0.15316143395145346,33,D,BRKR,,,,,left_only
40990733,SAN LUIS OBISPO SUB,0.20593611438064668,43,D,BRKR,,,,,left_only
40991469,CANAL SUB,0.13417222708689303,33,D,BRKR,,,,,left_only
40990379,MALAGA SUB,0.2732245172542754,43,D,BRKR,,,,,left_only
40990933,BELL SUB,0.27973901602400786,43,D,BRKR,,,,,left_only
41171415,GRANT SUB,0.11225137593759343,33,D,BRKR,,,,,left_only
40991033,REDWOOD CITY SUB,0.16014981558180857,33,D,BRKR,,,,,left_only
40990610,EAST GRAND SUB,0.1525412038119294,33,D,BRKR,,,,,left_only
41340874,MILLBRAE SUB,0.09966922774510102,23,D,BRKR,,,,,left_only
40990405,VACAVILLE SUB,0.20847139225427538,43,D,BRKR,,,,,left_only
41114897,EDES SUB,0.13717335608068937,33,D,BRKR,BRKR,2025-04-16,24,JIT,both
41217320,HAMMER SUB,0.0950502129558132,23,D,BRKR,,,,,left_only
41235153,STELLING SUB,0.09825021295581321,23,D,BRKR,,,,,left_only
40991190,KERN OIL SUB,0.27288819721216373,43,D,BRKR,,,,,left_only
41268886,PUEBLO SUB,0.09431097334597714,23,D,BRKR,,,,,left_only
40990491,BRUNSWICK SUB,0.17995002914211947,33,D,BRKR,,,,,left_only
41350654,NAPA SUB,0.0988267758280837,23,D,BRKR,,,,,left_only
41202252,CORCORAN SUB,0.1003002129558132,33,D,BRKR,,,,,left_only
40990609,EAST GRAND SUB,0.1560412038119294,33,D,BRKR,,,,,left_only
41219066,BRUNSWICK SUB,0.09391635354105911,23,D,BRKR,,,,,left_only
40990899,BELL SUB,0.24351029261975254,43,D,BRKR,,,,,left_only
41333903,BOGUE SUB,0.10130271933845653,33,D,BRKR,,,,,left_only
40990256,ATWATER SUB,0.2239745172542754,43,D,BRKR,,,,,left_only
41324981,REDWOOD CITY SUB,0.10662300178659237,33,D,BRKR,,,,,left_only
40990390,WEST SACRAMENTO SUB,0.18045002914211947,33,D,BRKR,,,,,left_only
40990424,BRUNSWICK SUB,0.19445002914211948,33,D,BRKR,,,,,left_only
41306459,TAFT SUB,0.09721097334597714,23,D,BRKR,,,,,left_only
40990598,REEDLEY SUB,0.277581024949364,43,D,BRKR,,,,,left_only
40990261,CALIFORNIA AVE SUB,0.2694745172542754,43,D,BRKR,,,,,left_only
41204612,CALIFORNIA AVE SUB,0.12460021295581321,33,D,BRKR,,,,,left_only
40992156,CHALLENGE SUB,0.5445,43,D,BRKR,,,,,left_only
40990349,PASO ROBLES SUB,0.1883748585128381,33,D,BRKR,,,,,left_only
40990342,AUBERRY SUB,0.2687000291421195,43,D,BRKR,,,,,left_only
41268888,IGNACIO SUB,0.10978945256564927,33,D,BRKR,,,,,left_only
41352933,DEEPWATER SUB,0.0945663535410591,23,D,BRKR,,,,,left_only
41220670,REEDLEY SUB,0.11346097334597714,33,D,BRKR,,,,,left_only
40992107,CAPAY SUB,0.24346734799596173,43,D,BRKR,,,,,left_only
40992591,JACOBS CORNER SUB,0.26849454532070544,43,D,BRKR,,,,,left_only
40989968,WESTLEY SUB,0.21388285215249545,43,D,BRKR,,,,,left_only
41353008,MADISON SUB,0.11692175359670873,33,D,BRKR,,,,,left_only
41190239,EL PATIO SUB,0.12428943878743337,33,D,BRKR,,,,,left_only
41215339,KIRKER SUB,0.1056653784915752,33,D,BRKR,,,,,left_only
40991693,BAHIA SUB,0.291935056963908,43,D,BRKR,BRKR,2025-12-19,31,JIT,both
41328013,WILLITS A SUB,0.0964767758280837,23,D,BRKR,,,,,left_only
41218146,HARTLEY SUB,0.11291097334597715,33,D,BRKR,,,,,left_only
40990426,ATWATER SUB,0.1979745172542754,33,D,BRKR,,,,,left_only
41112976,MT EDEN SUB,0.12902629725715997,33,D,BRKR,,,,,left_only
41331642,DIAMOND SPRINGS SUB,0.09770271933845653,23,D,BRKR,,,,,left_only
40990351,SOBRANTE SUB,0.2093210509957126,43,D,BRKR,,,,,left_only
41340834,OLIVEHURST SUB,0.10175271933845653,33,D,BRKR,,,,,left_only
41185158,CLOVIS SUB,0.14058462479663295,33,D,BRKR,,,,,left_only
40994889,WOLFE SUB,0.6170775442348714,43,D,BRKR,,,,,left_only
40993697,SUISUN SUB,0.36671714219880935,43,D,BRKR,,,,,left_only
40991549,MT EDEN SUB,0.13705089542210214,33,D,BRKR,,,,,left_only
40992106,CAPAY SUB,0.21296734799596173,43,D,BRKR,,,,,left_only
40992826,LAWRENCE SUB,0.26670981281683465,43,D,BRKR,,,,,left_only
40990577,EDENVALE SUB,0.24009190299833869,43,D,BRKR,,,,,left_only
41113632,CORNING SUB,0.13623878856636942,33,D,BRKR,,,,,left_only
41211265,LAS POSITAS SUB,0.1064002129558132,33,D,BRKR,,,,,left_only
41335674,MIDWAY SUB,0.10762488880733803,33,D,BRKR,,,,,left_only
41363262,VACAVILLE SUB,0.07959490225298195,23,D,BRKR,,,,,left_only
40990442,LOYOLA SUB,0.2569745172542754,43,D,BRKR,,,,,left_only
42561632,CARQUINEZ SUB,0.1011071965329129,33,D,BRKR,,,,,left_only
40993317,PIKE CITY SUB,0.29796734799596175,43,D,BRKR,,,,,left_only
40990002,WINTERS SUB,0.20721734799596175,43,D,BRKR,,,,,left_only
40993729,SANTA RITA SUB,0.3975106194368587,43,D,BRKR,,,,,left_only
40991709,JACINTO SUB,0.21495440650631187,43,D,BRKR,,,,,left_only
40990970,BELMONT SUB,0.5505,43,D,BRKR,,,,,left_only
41136869,LEMOORE SUB,0.1322475257313016,33,D,BRKR,,,,,left_only
40990370,WOODWARD SUB,0.2446248585128381,43,D,BRKR,,,,,left_only
41363281,HIGHLANDS SUB,0.09157031369312005,23,D,BRKR,,,,,left_only
40991633,SYCAMORE CREEK SUB,0.24955492833363768,43,D,BRKR,,,,,left_only
40991115,LEMOORE SUB,0.14164400639698618,33,D,BRKR,,,,,left_only
41216310,FAIRWAY SUB,0.11110137593759344,33,D,BRKR,,,,,left_only
41173759,PITTSBURG SUB,0.11945187722572334,33,D,BRKR,,,,,left_only
40990352,SOBRANTE SUB,0.2093210509957126,43,D,BRKR,,,,,left_only
42561874,MCKEE SUB,0.09749490225298195,23,D,BRKR,,,,,left_only
40992211,CORDELIA SUB,0.25713285215249543,43,D,BRKR,,,,,left_only
40992387,ESQUON SUB,0.29497836276305966,43,D,BRKR,,,,,left_only
40992638,OLD KEARNEY SUB,0.19802718041430653,33,D,BRKR,,,,,left_only
40992104,CAMPHORA SUB,0.2792291321722477,43,D,BRKR,,,,,left_only
41152402,DAVIS SUB,0.1441318512526218,33,D,BRKR,,,,,left_only
40990332,BORDEN SUB,0.16437485851283812,33,D,BRKR,,,,,left_only
40991297,BRUNSWICK SUB,0.13190789291928845,33,D,BRKR,,,,,left_only
40991032,REDWOOD CITY SUB,0.2816285389860639,43,D,BRKR,,,,,left_only
41218543,ASHLAN AVE SUB,0.1063502129558132,33,D,BRKR,,,,,left_only
40991406,BELMONT SUB,0.14613178319862938,33,D,BRKR,,,,,left_only
41117028,SAN FRAN Z (EMBARCADERO) SUB,0.11830428456063183,33,D,BRKR,,,,,left_only
40990952,STOCKDALE SUB,0.2217245172542754,43,D,BRKR,BRKR,2025-10-21,28,JIT,both
41117757,MILPITAS SUB,0.11709752573130161,33,D,BRKR,,,,,left_only
41117030,SAN FRAN Z (EMBARCADERO) SUB,0.11830428456063183,33,D,BRKR,,,,,left_only
45094344,DOLAN RD SUB,0.0349,23,D,BRKR,,,,,left_only
40990906,EL PATIO SUB,0.1471440063969862,33,D,BRKR,,,,,left_only
41118173,SAN RAMON SUB,0.11879752573130162,33,D,BRKR,,,,,left_only
41165890,SAN FRAN Z (EMBARCADERO) SUB,0.11025137593759343,33,D,BRKR,,,,,left_only
40990537,MT EDEN SUB,0.1607912038119294,33,D,BRKR,,,,,left_only
40990662,HORSESHOE SUB,0.23888808592487662,43,D,BRKR,,,,,left_only
40990869,DUMBARTON SUB,0.378,43,D,BRKR,,,,,left_only
40990664,DUMBARTON SUB,0.1677912038119294,33,D,BRKR,,,,,left_only
40991324,SAN JOSE B SUB,0.14519618542022633,33,D,BRKR,,,,,left_only
41362835,KERMAN SUB,0.10067852585146753,33,D,BRKR,,,,,left_only
40990410,SAN MATEO SUB,0.24677349347858712,43,D,BRKR,,,,,left_only
42630911,HARTLEY SUB,0.07954815279314181,23,D,BRKR,,,,,left_only
41349753,HARRIS SUB,0.12056922774510104,33,D,BRKR,,,,,left_only
41363283,HIGHLANDS SUB,0.09252031369312005,23,D,BRKR,,,,,left_only
40993230,OIL FIELDS SUB,0.3829567782599162,43,D,BRKR,,,,,left_only
41118144,MORAGA SUB,0.11884752573130161,33,D,BRKR,,,,,left_only
40991950,BAHIA SUB,0.17107417599571262,33,D,BRKR,,,,,left_only
41364812,PENRYN SUB,0.08661620761394631,23,D,BRKR,,,,,left_only
41358479,RED BLUFF SUB,0.10840271933845654,33,D,BRKR,,,,,left_only
42563983,FRUITVALE SUB,0.09725277546261188,23,D,BRKR,,,,,left_only
41352934,DEEPWATER SUB,0.10444227946698503,33,D,BRKR,,,,,left_only
41088897,PASO ROBLES SUB,0.1401707339764573,32,D,BRKR,,,,,left_only
41364682,WYANDOTTE SUB,0.09126620761394631,22,D,BRKR,,,,,left_only
41209673,VOLTA #1 PH,0.0928163535410591,22,D,BRKR,,,,,left_only
42559659,KINGSBURG SUB,0.08960277546261187,22,D,BRKR,,,,,left_only
41353852,WOODLAND SUB,0.08650271933845653,22,D,BRKR,,,,,left_only
40990932,LOS COCHES SUB,0.24791957732998487,42,D,BRKR,,,,,left_only
40990497,JARVIS SUB,0.17318611438064668,32,D,BRKR,,,,,left_only
40990630,STOREY SUB,0.154081024949364,32,D,BRKR,,,,,left_only
41176937,SEMITROPIC SUB,0.13818462479663293,32,D,BRKR,,,,,left_only
40990857,BEAR VALLEY SUB,0.18042975259154329,32,D,BRKR,,,,,left_only
42688051,KINGSBURG SUB,0.09997488880733804,22,D,BRKR,,,,,left_only
40993320,PLAINFIELD SUB,0.27645440650631187,42,D,BRKR,,,,,left_only
40991519,RINCON SUB,0.152522227086893,32,D,BRKR,,,,,left_only
41138775,CALIFORNIA AVE SUB,0.1310475257313016,32,D,BRKR,,,,,left_only
41137709,CALIFORNIA AVE SUB,0.1287475257313016,32,D,BRKR,,,,,left_only
41352931,DEEPWATER SUB,0.0935663535410591,22,D,BRKR,,,,,left_only
41216893,KINGSBURG SUB,0.10445021295581321,32,D,BRKR,,,,,left_only
40990509,MT EDEN SUB,0.24249953714526273,42,D,BRKR,,,,,left_only
41088053,MANTECA SUB,0.12024752573130161,32,D,BRKR,,,,,left_only
42597383,LIVE OAK SUB,0.0890427700633214,22,D,BRKR,,,,,left_only
40990566,LAS POSITAS SUB,0.24009190299833869,42,D,BRKR,,,,,left_only
42561822,PETALUMA C SUB,0.09714490225298195,22,D,BRKR,,,,,left_only
41145515,KINGSBURG SUB,0.12565919239796827,32,D,BRKR,,,,,left_only
41199076,EAST GRAND SUB,0.11608390007797358,32,D,BRKR,,,,,left_only
40992483,GALLO SUB,0.06672541220560985,22,D,BRKR,,,,,left_only
42598252,BALCH #1 PH,0.20920002914211946,42,D,BRKR,,,,,left_only
41350279,NAPA SUB,0.1138767758280837,32,D,BRKR,,,,,left_only
40990228,MADERA SUB,0.1841505018770253,32,D,BRKR,,,,,left_only
42566518,WILLIAMS SUB,0.087571281333099,22,D,BRKR,,,,,left_only
41359828,SCHINDLER SUB,0.09202852585146754,22,D,BRKR,,,,,left_only
41234273,HIGHWAY SUB,0.11375021295581321,32,D,BRKR,,,,,left_only
41358318,PLACER SUB,0.09715271933845654,22,D,BRKR,,,,,left_only
41100968,REDWOOD CITY SUB,0.13969851561680863,32,D,BRKR,,,,,left_only
40993075,NAPA SUB,0.09702677582808371,22,D,BRKR,,,,,left_only
40990953,STOCKDALE SUB,0.21547451725427538,42,D,BRKR,,,,,left_only
41130597,WOLFE SUB,0.13518168362016236,32,D,BRKR,,,,,left_only
40990312,CALIFORNIA AVE SUB,0.21447451725427538,42,D,BRKR,,,,,left_only
41331651,DIAMOND SPRINGS SUB,0.10395271933845654,32,D,BRKR,,,,,left_only
40990535,VALLEY VIEW SUB,0.2605412038119294,42,D,BRKR,,,,,left_only
40990402,HIGGINS SUB,0.20719690414211947,42,D,BRKR,,,,,left_only
41204230,WYANDOTTE SUB,0.1107163535410591,32,D,BRKR,,,,,left_only
42563985,FRUITVALE SUB,0.08950277546261187,22,D,BRKR,,,,,left_only
40990304,JAMESON SUB,0.21172451725427538,42,D,BRKR,,,,,left_only
42738969,STANISLAUS PH,0.21055492833363765,42,D,BRKR,,,,,left_only
40990387,LOS GATOS SUB,0.18722451725427539,32,D,BRKR,,,,,left_only
40990380,MALAGA SUB,0.2382245172542754,42,D,BRKR,,,,,left_only
41100924,JAMESON SUB,0.12948462479663295,32,D,BRKR,,,,,left_only
42596275,FRUITVALE SUB,0.08795277546261188,22,D,BRKR,,,,,left_only
40990954,STOCKDALE SUB,0.2244745172542754,42,D,BRKR,,,,,left_only
41352461,UKIAH SUB,0.0967267758280837,22,D,BRKR,,,,,left_only
40990858,BEAR VALLEY SUB,0.1836797525915433,32,D,BRKR,,,,,left_only
41119541,SAN JOSE B SUB,0.13518168362016236,32,D,BRKR,,,,,left_only
40990331,BORDEN SUB,0.16662485851283812,32,D,BRKR,,,,,left_only
41364806,PENRYN SUB,0.0864162076139463,22,D,BRKR,,,,,left_only
40990411,SAN MATEO SUB,0.22927349347858714,42,D,BRKR,,,,,left_only
40991635,LAMONT SUB,0.14866267097515665,32,D,BRKR,,,,,left_only
41141164,MT EDEN SUB,0.14087629725715997,32,D,BRKR,,,,,left_only
41088871,HIGGINS SUB,0.13418584738989886,32,D,BRKR,,,,,left_only
41204226,WYANDOTTE SUB,0.11091635354105911,32,D,BRKR,,,,,left_only
41103871,SONOMA A SUB,0.13773462479663293,32,D,BRKR,,,,,left_only
40990792,CABRILLO SUB,0.1935412038119294,32,D,BRKR,,,,,left_only
40990306,OAKHURST SUB,0.24555492833363768,42,D,BRKR,,,,,left_only
40990244,ASHLAN AVE SUB,0.2749005018770253,42,D,BRKR,,,,,left_only
41365540,CORRAL SUB,0.09872646083308553,22,D,BRKR,,,,,left_only
40990317,BUTTE SUB,0.23195002914211948,42,D,BRKR,,,,,left_only
40991593,REDWOOD CITY SUB,0.1359317831986294,32,D,BRKR,,,,,left_only
40990659,CLOVIS SUB,0.5515,42,D,BRKR,,,,,left_only
42594845,CHICO A SUB,0.09124277006332139,22,D,BRKR,,,,,left_only
40991058,WAHTOKE SUB,0.2663881972121638,42,D,BRKR,,,,,left_only
41365506,CORRAL SUB,0.10267646083308553,32,D,BRKR,,,,,left_only
41371697,FIREBAUGH SUB,0.09627488880733803,22,D,BRKR,,,,,left_only
41359337,LOS OSITOS SUB,0.10315316232650996,32,D,BRKR,,,,,left_only
40990711,SAN LUIS OBISPO SUB,0.1786861143806467,32,D,BRKR,,,,,left_only
41140758,HAMMER SUB,0.11669752573130161,32,D,BRKR,,,,,left_only
41113631,CORNING SUB,0.13518878856636943,32,D,BRKR,,,,,left_only
41364800,PENRYN SUB,0.0815162076139463,22,D,BRKR,,,,,left_only
40990969,LAWRENCE SUB,0.28087272980124145,42,D,BRKR,,,,,left_only
41110622,BAY MEADOWS SUB,0.135845574440338,32,D,BRKR,,,,,left_only
40990376,FREMONT SUB,0.2125741759957126,42,D,BRKR,,,,,left_only
41351358,BUENA VISTA SUB,0.09730316232650997,22,D,BRKR,,,,,left_only
42567982,EAST GRAND SUB,0.10053178509277481,32,D,BRKR,,,,,left_only
40990269,DEVILS DEN SUB,0.16412485851283812,32,D,BRKR,,,,,left_only
41204598,SALMON CREEK SUB,0.12488390007797356,32,D,BRKR,BRKR,2025-12-27,,In-Service Failure,both
42644053,ROUGH & READY SUB,0.09558065224515683,22,D,BRKR,,,,,left_only
41130930,LOCKHEED #2 SUB,0.08754538265206019,22,D,BRKR,,,,,left_only
41168036,WEEDPATCH SUB,0.11667860612152486,32,D,BRKR,,,,,left_only
41165489,CHOWCHILLA SUB,0.11042712786978831,32,D,BRKR,,,,,left_only
41215827,LINDEN SUB,0.11817712786978832,32,D,BRKR,,,,,left_only
40991569,BASALT SUB,0.16137222708689303,32,D,BRKR,,,,,left_only
42566551,KNIGHTS LANDING SUB,0.09582940200955611,22,D,BRKR,,,,,left_only
41130929,LOCKHEED #2 SUB,0.09345349076016829,22,D,BRKR,,,,,left_only
41209262,ATASCADERO SUB,0.11095237851385327,32,D,BRKR,,,,,left_only
40993759,TEMBLOR SUB,0.3095034528481002,42,D,BRKR,,,,,left_only
42594843,CHICO A SUB,0.0881427700633214,22,D,BRKR,,,,,left_only
40990287,HURON SUB,0.1694745172542754,32,D,BRKR,,,,,left_only
41212525,MIDDLE RIVER SUB,0.1119002129558132,32,D,BRKR,,,,,left_only
41136853,CALFLAX SUB,0.12289752573130161,32,D,BRKR,,,,,left_only
41360614,COPUS SUB,0.09512852585146753,22,D,BRKR,,,,,left_only
41151758,CANTUA SUB,0.11307712786978831,32,D,BRKR,,,,,left_only
41371721,BUENA VISTA SUB,0.09588178509277481,22,D,BRKR,,,,,left_only
42566509,WILLIAMS SUB,0.083971281333099,22,D,BRKR,,,,,left_only
43159709,WHISMAN SUB,0.0565717860848559,22,D,BRKR,,,,,left_only
41167581,CALFLAX SUB,0.0950002129558132,22,D,BRKR,,,,,left_only
40990369,ARBUCKLE SUB,0.16820002914211948,32,D,BRKR,,,,,left_only
40990288,HURON SUB,0.1704745172542754,32,D,BRKR,,,,,left_only
41167583,CALFLAX SUB,0.11062712786978832,32,D,BRKR,,,,,left_only
41360241,SAN BERNARD SUB,0.10722677582808371,32,D,BRKR,,,,,left_only
41360242,SAN BERNARD SUB,0.1027767758280837,32,D,BRKR,,,,,left_only
41113633,CORNING SUB,0.14633878856636945,32,D,BRKR,,,,,left_only
41212521,MIDDLE RIVER SUB,0.10885021295581321,32,D,BRKR,,,,,left_only
41184065,MANCHESTER SUB,0.12208943878743338,32,D,BRKR,,,,,left_only
41334300,SANTA NELLA SUB,0.10232488880733803,32,D,BRKR,,,,,left_only
40991336,CMC SUB,0.136872227086893,32,D,BRKR,,,,,left_only
41349507,OLIVEHURST SUB,0.10430271933845653,32,D,BRKR,,,,,left_only
41333277,OLETA SUB,0.12711500383588575,32,D,BRKR,,,,,left_only
42624364,MERCED FALLS SUB,0.0944927700633214,22,D,BRKR,,,,,left_only
40990447,BUTTE SUB,0.18445002914211947,32,D,BRKR,,,,,left_only
40990321,MILPITAS SUB,0.20847139225427538,42,D,BRKR,,,,,left_only
40990353,SOBRANTE SUB,0.1763241759957126,32,D,BRKR,,,,,left_only
40991449,BUTTE SUB,0.15160789291928845,32,D,BRKR,,,,,left_only
40993704,SUISUN SUB,0.32649454532070543,42,D,BRKR,,,,,left_only
42686980,LEMOORE SUB,0.09492852585146754,22,D,BRKR,,,,,left_only
41365501,PARLIER SUB,0.1005767758280837,32,D,BRKR,,,,,left_only
41234275,HIGHWAY SUB,0.1092502129558132,32,D,BRKR,,,,,left_only
40990409,SAN MATEO SUB,0.23527349347858711,42,D,BRKR,,,,,left_only
41370336,BIOLA SUB,0.09654490225298194,22,D,BRKR,,,,,left_only
40991293,SANGER SUB,0.21314400639698616,42,D,BRKR,,,,,left_only
40991323,SAN JOSE B SUB,0.149722227086893,32,D,BRKR,,,,,left_only
40993319,PLAINFIELD SUB,0.2824544065063119,42,D,BRKR,,,,,left_only
41140122,GATES SUB,0.03568852549447746,22,D,BRKR,,,,,left_only
40990234,SAN MIGUEL SUB,0.2420034528481002,42,D,BRKR,,,,,left_only
41367524,HORSESHOE SUB,0.10240271933845653,32,D,BRKR,,,,,left_only
40990515,COALINGA #1 SUB,0.25558102494936397,42,D,BRKR,,,,,left_only
40990394,LOS GATOS SUB,0.18347451725427538,32,D,BRKR,,,,,left_only
40991031,MILPITAS SUB,0.14264400639698618,32,D,BRKR,,,,,left_only
41130539,CAMDEN SUB,0.14264752573130163,32,D,BRKR,,,,,left_only
40990903,COLUMBUS SUB,0.28087272980124145,42,D,BRKR,,,,,left_only
40990209,LAURELES SUB,0.2588416489638007,42,D,BRKR,,,,,left_only
41345361,UKIAH SUB,0.09852677582808371,22,D,BRKR,,,,,left_only
41218516,FREMONT SUB,0.10588945256564927,32,D,BRKR,,,,,left_only
41351745,UKIAH SUB,0.09092031369312005,22,D,BRKR,,,,,left_only
40996383,LAWRENCE SUB,0.8449765240053779,52,D,BRKR,,,,,left_only
40993353,PUTAH CREEK SUB,0.21979245083062315,42,D,BRKR,,,,,left_only
41361687,CAMDEN SUB,0.09207852585146753,22,D,BRKR,,,,,left_only
41186174,RADUM SUB,0.11358943878743338,32,D,BRKR,,,,,left_only
40990408,SAN MATEO SUB,0.23727349347858712,42,D,BRKR,,,,,left_only
41364747,COUNTRY CLUB SUB,0.09737488880733804,22,D,BRKR,,,,,left_only
41153657,CRESSEY SUB,0.13518168362016236,32,D,BRKR,,,,,left_only
41364185,HONCUT SUB,0.09875298422848844,22,D,BRKR,,,,,left_only
40990090,SCHINDLER SUB,0.19765050187702532,32,D,BRKR,,,,,left_only
40990289,HURON SUB,0.1607245172542754,32,D,BRKR,,,,,left_only
40990536,WEST SACRAMENTO SUB,0.2169297525915433,42,D,BRKR,,,,,left_only
41349505,OLIVEHURST SUB,0.09945271933845654,22,D,BRKR,,,,,left_only
40991339,VALLEY HOME SUB,0.155222227086893,32,D,BRKR,,,,,left_only
40990305,JAMESON SUB,0.1672245172542754,32,D,BRKR,,,,,left_only
40992159,CHICO A SUB,0.26505492833363764,42,D,BRKR,,,,,left_only
42716167,LIVINGSTON SUB,0.09370277546261188,22,D,BRKR,,,,,left_only
41209671,VOLTA #1 PH,0.09336635354105911,22,D,BRKR,,,,,left_only
41336702,LOS MOLINOS SUB,0.10295271933845654,32,D,BRKR,,,,,left_only
41342565,SAN LEANDRO U SUB,0.09026922774510103,22,D,BRKR,,,,,left_only
40990455,SAN JOSE B SUB,0.18247451725427538,32,D,BRKR,,,,,left_only
40990089,SCHINDLER SUB,0.24844514473416818,42,D,BRKR,,,,,left_only
40993485,SISQUOC SUB,0.2590428299935633,42,D,BRKR,,,,,left_only
41130173,SAN JOSE B SUB,0.1264975257313016,32,D,BRKR,,,,,left_only
40993484,SISQUOC SUB,0.2682928299935633,42,D,BRKR,,,,,left_only
41122168,GEYSERVILLE SUB,0.13322860612152487,32,D,BRKR,,,,,left_only
40990224,DAVIS SUB,0.3735,42,D,BRKR,,,,,left_only
40990398,LOS GATOS SUB,0.18272451725427538,32,D,BRKR,,,,,left_only
41338352,CHICO A SUB,0.10110271933845653,32,D,BRKR,,,,,left_only
41365447,BORDEN SUB,0.093532607973051,22,D,BRKR,,,,,left_only
41366029,TRES VIAS SUB,0.09507646083308552,22,D,BRKR,,,,,left_only
41184621,RAINBOW SUB,0.12185795169058664,32,D,BRKR,,,,,left_only
41223998,DEL MAR SUB,0.11771500383588575,32,D,BRKR,,,,,left_only
41359335,LOS OSITOS SUB,0.10700316232650997,32,D,BRKR,,,,,left_only
41163290,LIVERMORE SUB,0.12072712786978831,32,D,BRKR,,,,,left_only
42596376,WHEATLAND SUB,0.0898927700633214,22,D,BRKR,,,,,left_only
41371696,FIREBAUGH SUB,0.10202488880733804,32,D,BRKR,,,,,left_only
40990867,MT EDEN SUB,0.22216143395145344,42,D,BRKR,,,,,left_only
40991682,WILLOWS A SUB,0.26380492833363767,42,D,BRKR,,,,,left_only
40993002,MENDOTA SUB,0.3487445453207054,42,D,BRKR,,,,,left_only
41186175,RADUM SUB,0.11218943878743337,32,D,BRKR,,,,,left_only
40990308,OAKHURST SUB,0.23605492833363767,42,D,BRKR,,,,,left_only
41360217,POSO MTN SUB,0.06835018209013427,22,D,BRKR,,,,,left_only
40995081,LAWRENCE SUB,0.7368241141228511,52,D,BRKR,,,,,left_only
41111104,CHOWCHILLA SUB,0.12603462479663294,32,D,BRKR,,,,,left_only
43152713,KINGSBURG SUB,0.09894490225298194,22,D,BRKR,,,,,left_only
40991290,WESTLEY SUB,0.14632222708689302,32,D,BRKR,,,,,left_only
41336700,LOS MOLINOS SUB,0.10335271933845654,32,D,BRKR,,,,,left_only
41357711,BOWLES SUB,0.10042488880733803,32,D,BRKR,,,,,left_only
41363235,HIGHWAY SUB,0.09559490225298195,22,D,BRKR,,,,,left_only
41113634,PEACHTON SUB,0.13418584738989886,32,D,BRKR,,,,,left_only
40993411,WILKINS SLOUGH SUB,0.18920440650631187,32,D,BRKR,,,,,left_only
42642544,MOUNTAIN VIEW SUB,0.10367488880733804,32,D,BRKR,,,,,left_only
41334303,SANTA NELLA SUB,0.10662488880733803,32,D,BRKR,,,,,left_only
42630309,KING CITY SUB,0.08427727502581761,22,D,BRKR,,,,,left_only
41197461,WESTPARK SUB,0.11778943878743338,32,D,BRKR,,,,,left_only
42641866,MAGUNDEN SUB,0.08311980168621214,22,D,BRKR,,,,,left_only
41163291,LIVERMORE SUB,0.12227712786978831,32,D,BRKR,,,,,left_only
41173760,PITTSBURG SUB,0.12330187722572335,32,D,BRKR,,,,,left_only
41150875,MILLBRAE SUB,0.13285137593759344,32,D,BRKR,,,,,left_only
41345853,ANTLER SUB,0.09795271933845653,22,D,BRKR,,,,,left_only
40990935,DUNLAP SUB,0.1619297525915433,32,D,BRKR,,,,,left_only
42620806,LINDEN SUB,0.09505277546261187,22,D,BRKR,,,,,left_only
41330122,STOCKTON A SUB,0.09882488880733803,22,D,BRKR,,,,,left_only
40990505,BURLINGAME SUB,0.2350412038119294,42,D,BRKR,,,,,left_only
44168606,LIVINGSTON SUB,0.09420021295581321,22,D,BRKR,,,,,left_only
41143024,LIVERMORE SUB,0.1304475257313016,32,D,BRKR,,,,,left_only
41325572,MILLBRAE SUB,0.09501793178532142,22,D,BRKR,,,,,left_only
40991133,OAKLAND I SUB,0.831622233000055,52,D,BRKR,,,,,left_only
42691702,MCMULLIN SUB,0.10277488880733804,32,D,BRKR,,,,,left_only
40991077,MT EDEN SUB,0.15045089542210213,32,D,BRKR,,,,,left_only
41168050,WHEELER RIDGE SUB,0.1396771278697883,32,D,BRKR,,,,,left_only
40990302,WHISMAN SUB,0.20847139225427538,42,D,BRKR,,,,,left_only
41268560,NORD SUB,0.10090271933845653,32,D,BRKR,,,,,left_only
40991021,MONARCH SUB,0.597036760202249,42,D,BRKR,,,,,left_only
41370694,GRANT SUB,0.10138178509277482,32,D,BRKR,,,,,left_only
40993591,SAN JOAQUIN SUB,0.1338771278697883,32,D,BRKR,,,,,left_only
41357709,BOWLES SUB,0.08727488880733804,22,D,BRKR,,,,,left_only
45111929,DOLAN RD SUB,0.0391,22,D,BRKR,,,,,left_only
41150985,MILLBRAE SUB,0.11085137593759344,32,D,BRKR,,,,,left_only
40990094,BURLINGAME SUB,0.3170916489638007,42,D,BRKR,,,,,left_only
42677606,LAMONT SUB,0.07560977521219668,22,D,BRKR,,,,,left_only
40990487,DAIRYVILLE SUB,0.2154297525915433,42,D,BRKR,,,,,left_only
45100025,DOLAN RD SUB,0.0388,22,D,BRKR,,,,,left_only
41325575,MILLBRAE SUB,0.10237562309393825,32,D,BRKR,,,,,left_only
41131765,MALAGA SUB,0.14103462479663292,32,D,BRKR,,,,,left_only
41360585,TEJON SUB,0.11241097334597715,32,D,BRKR,,,,,left_only
40989990,WILLOWS A SUB,0.357,42,D,BRKR,,,,,left_only
40990462,MCMULLIN SUB,0.2327245172542754,42,D,BRKR,,,,,left_only
40990506,BURLINGAME SUB,0.2087912038119294,42,D,BRKR,,,,,left_only
40990934,DUNLAP SUB,0.1566797525915433,32,D,BRKR,,,,,left_only
40990195,PEACHTON SUB,0.22655492833363766,42,D,BRKR,,,,,left_only
40990359,ARBUCKLE SUB,0.1739500291421195,32,D,BRKR,,,,,left_only
41217702,WESTPARK SUB,0.10845021295581321,32,D,BRKR,,,,,left_only
42626967,CORCORAN SUB,0.08792488880733804,22,D,BRKR,,,,,left_only
42596378,WHEATLAND SUB,0.0929008781714295,22,D,BRKR,,,,,left_only
40990358,ARBUCKLE SUB,0.20719690414211947,42,D,BRKR,,,,,left_only
40990272,REDWOOD CITY SUB,0.17904755090595045,32,D,BRKR,,,,,left_only
40992448,FORT ROSS SUB,0.22409164896380068,42,D,BRKR,,,,,left_only
42563314,GRANT SUB,0.08942278626119282,22,D,BRKR,,,,,left_only
41342004,WEST FRESNO SUB,0.10082488880733803,32,D,BRKR,,,,,left_only
41161702,BELLE HAVEN SUB,0.12197902008286621,32,D,BRKR,,,,,left_only
40990507,BURLINGAME SUB,0.2267912038119294,42,D,BRKR,,,,,left_only
40990430,HAMILTON A SUB,0.22620002914211948,42,D,BRKR,,,,,left_only
40990429,HAMILTON A SUB,0.2854500291421195,42,D,BRKR,,,,,left_only
41357712,BOWLES SUB,0.09792488880733803,22,D,BRKR,,,,,left_only
40991075,ALPAUGH SUB,0.15989400639698617,32,D,BRKR,,,,,left_only
41371698,FIREBAUGH SUB,0.09942488880733803,22,D,BRKR,,,,,left_only
40990527,WHISMAN SUB,0.15988356966500536,32,D,BRKR,,,,,left_only
40991186,MARICOPA SUB,0.2426440063969862,42,D,BRKR,,,,,left_only
41357710,BOWLES SUB,0.10103128415617524,32,D,BRKR,,,,,left_only
41178980,SAN JOAQUIN SUB,0.12272712786978832,32,D,BRKR,,,,,left_only
41088900,SISQUOC SUB,0.12927629725715997,32,D,BRKR,,,,,left_only
40991136,WHEELER RIDGE SUB,0.2451440063969862,42,D,BRKR,,,,,left_only
40990281,TRACY SUB,0.18022451725427538,32,D,BRKR,,,,,left_only
41338404,SAN CARLOS SUB,0.10147939713542958,32,D,BRKR,,,,,left_only
41136313,CALIFORNIA AVE SUB,0.13239752573130162,32,D,BRKR,,,,,left_only
40990259,CALIFORNIA AVE SUB,0.19365050187702532,32,D,BRKR,,,,,left_only
40990290,HURON SUB,0.1724745172542754,32,D,BRKR,,,,,left_only
41205105,ARVIN SUB,0.10836097334597715,32,D,BRKR,,,,,left_only
41328354,TUPMAN SUB,0.08632488880733803,22,D,BRKR,,,,,left_only
40990504,BURLINGAME SUB,0.22304120381192938,42,D,BRKR,,,,,left_only
41324983,REDWOOD CITY SUB,0.08802300178659236,22,D,BRKR,,,,,left_only
40991060,MALAGA SUB,0.2588940063969862,42,D,BRKR,,,,,left_only
40991570,BASALT SUB,0.133572227086893,32,D,BRKR,,,,,left_only
40991703,FRENCH CAMP SUB,0.2872771804143065,42,D,BRKR,,,,,left_only
41354330,WINTERS SUB,0.09316635354105911,22,D,BRKR,,,,,left_only
41195518,SUMMIT SUB,0.11609220814216328,32,D,BRKR,,,,,left_only
41156041,ANNAPOLIS SUB,0.12495187722572335,32,D,BRKR,,,,,left_only
41347426,ESQUON SUB,0.10060271933845653,32,D,BRKR,,,,,left_only
42573690,CANTUA SUB,0.10047574212447571,32,D,BRKR,,,,,left_only
40990833,HILLSDALE SUB,0.22218611438064667,42,D,BRKR,,,,,left_only
41353903,WILKINS SLOUGH SUB,0.12546635354105912,32,D,BRKR,,,,,left_only
41347431,ESQUON SUB,0.10300271933845653,32,D,BRKR,,,,,left_only
42549379,SAN ARDO SUB,0.09531793178532143,22,D,BRKR,,,,,left_only
41353905,WILKINS SLOUGH SUB,0.10444227946698503,32,D,BRKR,,,,,left_only
40990283,STROUD SUB,0.1644745172542754,32,D,BRKR,,,,,left_only
41205341,ANTELOPE SUB,0.12380795169058664,32,D,BRKR,,,,,left_only
41351353,BUENA VISTA SUB,0.09190316232650997,22,D,BRKR,,,,,left_only
40990393,LOS COCHES SUB,0.25927349347858714,42,D,BRKR,,,,,left_only
41360225,SAN BERNARD SUB,0.15292061243269947,32,D,BRKR,,,,,left_only
41205109,ARVIN SUB,0.09406097334597714,22,D,BRKR,,,,,left_only
41212523,MIDDLE RIVER SUB,0.1125502129558132,32,D,BRKR,,,,,left_only
41205107,ARVIN SUB,0.11556097334597715,32,D,BRKR,,,,,left_only
40990878,HILLSDALE SUB,0.1813998155818086,32,D,BRKR,,,,,left_only
40991020,MONARCH SUB,0.5914595345256811,42,D,BRKR,,,,,left_only
40990831,HILLSDALE SUB,0.2006861143806467,42,D,BRKR,,,,,left_only
40991019,MONARCH SUB,0.6099595345256811,42,D,BRKR,,,,,left_only
40990812,HILLSDALE SUB,0.2116861143806467,42,D,BRKR,,,,,left_only
40992158,CHICO A SUB,0.22580492833363766,42,D,BRKR,,,,,left_only
41233510,SAN JOSE A SUB,0.10470021295581321,32,D,BRKR,,,,,left_only
40991966,BAKERSFIELD SUB,0.2842771804143065,43,D,BRKR,,,,,left_only
40991962,BAKERSFIELD SUB,0.28963285215249546,43,D,BRKR,,,,,left_only
40991960,BAKERSFIELD SUB,0.2855271804143065,43,D,BRKR,,,,,left_only
40991958,BAKERSFIELD SUB,0.22499454532070545,43,D,BRKR,,,,,left_only
40991967,BAKERSFIELD SUB,0.3307445453207054,43,D,BRKR,,,,,left_only
40991959,BAKERSFIELD SUB,0.29863285215249546,43,D,BRKR,,,,,left_only
40991957,BAKERSFIELD SUB,0.21399454532070544,43,D,BRKR,,,,,left_only
40991965,BAKERSFIELD SUB,0.35824454532070543,43,D,BRKR,,,,,left_only
40991964,BAKERSFIELD SUB,0.612,43,D,BRKR,,,,,left_only
40990870,KERN OIL SUB,0.25379544446281727,43,D,BRKR,BRKR,2025-09-03,33,JIT,both
40991961,BAKERSFIELD SUB,0.2554945453207054,43,D,BRKR,,,,,left_only
40991963,BAKERSFIELD SUB,0.22274454532070545,42,D,BRKR,,,,,left_only
40992949,MAGUNDEN SUB,0.31624786813392436,43,D,BRKR,BRKR,2025-06-23,37,Failure ,both
40992948,MAGUNDEN SUB,0.35471879836648246,43,D,BRKR,,,,,left_only
40995957,FORT ORD SUB,0.5151451078405358,43,D,BRKR,,,,,left_only
40995096,MILLBRAE SUB,0.7133951078405358,53,D,BRKR,,,,,left_only
40989897,UKIAH SUB,0.4402479253538677,43,D,BRKR,,,,,left_only
40993645,SONOMA A SUB,0.5072340787425288,43,D,BRKR,,,,,left_only
40996221,KERN OIL SUB,0.5866185516722603,43,D,BRKR,,,,,left_only
40993647,SONOMA A SUB,0.47123407874252876,43,D,BRKR,,,,,left_only
40995809,DALY CITY SUB,0.6708625687273084,53,D,BRKR,,,,,left_only
40995073,KERN OIL SUB,0.6625848495096845,53,D,BRKR,,,,,left_only
41368012,TAFT SUB,0.10542031369312005,33,D,BRKR,,,,,left_only
40995112,MT EDEN SUB,0.4466125687273084,43,D,BRKR,,,,,left_only
40995115,MT EDEN SUB,0.4401125687273084,43,D,BRKR,,,,,left_only
40989951,WASCO SUB,0.20144279678086957,43,D,BRKR,,,,,left_only
40989950,WASCO SUB,0.19969279678086954,33,D,BRKR,,,,,left_only
40991828,WASCO SUB,0.3314427967808695,43,D,BRKR,,,,,left_only
40991662,TIDEWATER SUB,0.28333025537291723,43,D,BRKR,,,,,left_only
40992272,DAVIS SUB,0.37127528112781816,43,D,BRKR,,,,,left_only
40997349,STOREY SUB,0.31694729722000464,43,D,BRKR,,,,,left_only
40989961,WEST SACRAMENTO SUB,0.44312984865953714,43,D,BRKR,,,,,left_only
40992514,GRANT SUB,0.3552189485506786,43,D,BRKR,,,,,left_only
40990968,MENLO SUB,0.6705588655919585,53,D,BRKR,,,,,left_only
40993008,MENLO SUB,0.7825588655919585,53,D,BRKR,,,,,left_only
40993245,OAKLAND J SUB,0.3246709978731441,43,D,BRKR,,,,,left_only
40991594,STAGG SUB,0.26999454532070544,43,D,BRKR,,,,,left_only
40991596,STAGG SUB,0.2579945453207054,43,D,BRKR,,,,,left_only
40991825,STAGG SUB,0.25999454532070543,43,D,BRKR,,,,,left_only
40990803,FIGARDEN SUB,0.28513285215249545,43,D,BRKR,,,,,left_only
40990804,FIGARDEN SUB,0.3646367860181937,43,D,BRKR,,,,,left_only
40990797,FIGARDEN SUB,0.3326367860181937,43,D,BRKR,,,,,left_only
40996747,OAKLAND J SUB,0.661219507817648,53,D,BRKR,,,,,left_only
44826268,SAN FRAN P(HUNTERS POINT) SUB,0.03900057831325301,23,D,BRKR,,,,,left_only
43702757,DIVIDE SUB,0.052418554527004405,23,D,BRKR,,,,,left_only
44216811,LAKEWOOD SUB,0.04193270934253291,23,D,BRKR,,,,,left_only
40991226,SAN FRAN A (POTRERO PP) SUB,0.22589266385666823,43,D,BRKR,,,,,left_only
40991807,SAN FRAN A (POTRERO PP) SUB,0.3711426638566682,43,D,BRKR,,,,,left_only
42735884,TEMPLETON SUB,0.13076795447935396,33,D,BRKR,,,,,left_only
45003759,CONTRA COSTA SUB,0.024542397885530916,13,D,BRKR,,,,,left_only
43177407,CONTRA COSTA SUB,0.059738688706849216,23,D,BRKR,,,,,left_only
40991228,SAN FRAN A (POTRERO PP) SUB,0.4222928299935633,43,D,BRKR,,,,,left_only
43601529,EVERGREEN SUB,0.043531440155903565,23,D,BRKR,,,,,left_only
42761228,MOSHER SUB,0.06467386581385726,23,D,BRKR,,,,,left_only
44778006,LAKEWOOD SUB,0.025140709064993817,13,D,BRKR,,,,,left_only
45133995,LLAGAS SUB,0.0273,13,D,BRKR,,,,,left_only
42731812,TASSAJARA SUB,0.06778528977201102,23,D,BRKR,,,,,left_only
45412790,STOCKDALE SUB,0.0138,13,D,BRKR,,,,,left_only
40992556,HICKS SUB,0.42114667940707695,43,D,BRKR,,,,,left_only
40992557,HICKS SUB,0.35943417940707695,43,D,BRKR,,,,,left_only
45472136,STAGG SUB,0.0438,23,D,BRKR,,,,,left_only
45071953,PAUL SWEET SUB,0.023226755611567312,13,D,BRKR,,,,,left_only
42696060,TIDEWATER SUB,0.07290948864956931,23,D,BRKR,,,,,left_only
40991227,SAN FRAN A (POTRERO PP) SUB,0.32007189976100514,43,D,BRKR,BRKR,2025-02-01,37,JIT,both
44741416,DEL MONTE SUB,0.026209049297889597,13,D,BRKR,,,,,left_only
43144900,MEADOW LANE SUB,0.06753851579662495,23,D,BRKR,,,,,left_only
45597688,MONTAGUE SUB,0.0154,13,D,BRKR,,,,,left_only
41371708,EVERGREEN SUB,0.09804490225298194,23,D,BRKR,,,,,left_only
44170912,ROB ROY SUB,0.03762723916158573,23,D,BRKR,,,,,left_only
42690518,SAN LEANDRO U SUB,0.07510920208694194,23,D,BRKR,,,,,left_only
42759001,CONTRA COSTA SUB,0.061421148855662244,23,D,BRKR,,,,,left_only
44856145,BELLEVUE SUB,0.027190709064993816,13,D,BRKR,,,,,left_only
44842247,EL PATIO SUB,0.0404,23,D,BRKR,,,,,left_only
42623676,PANAMA SUB,0.09280277546261187,23,D,BRKR,,,,,left_only
45193672,CAMP EVERS SUB,0.017714495893876574,13,D,BRKR,,,,,left_only
43215591,HOLLISTER SUB,0.04807014219414078,23,D,BRKR,,,,,left_only
42710006,FREMONT SUB,0.07903003173785174,23,D,BRKR,,,,,left_only
40992097,BULLARD SUB,0.3987171421988094,43,D,BRKR,,,,,left_only
42714917,MOUNTAIN VIEW SUB,0.07541713002988767,23,D,BRKR,,,,,left_only
44216807,LAKEWOOD SUB,0.038632709342532906,23,D,BRKR,,,,,left_only
45360004,CONTRA COSTA SUB,0.021942397885530915,13,D,BRKR,,,,,left_only
44736561,HICKS SUB,0.02692974591471417,13,D,BRKR,,,,,left_only
42706068,WILLOW PASS SUB,0.07220082049705474,23,D,BRKR,,,,,left_only
42718059,MOUNTAIN VIEW SUB,0.07491713002988767,23,D,BRKR,,,,,left_only
44375937,IGNACIO SUB,0.03507630926139779,23,D,BRKR,,,,,left_only
43249020,OCEANO SUB,0.044570812148042725,23,D,BRKR,,,,,left_only
45239326,ASHLAN AVE SUB,0.0174,13,D,BRKR,,,,,left_only
42685147,FIGARDEN SUB,0.07765963193088299,23,D,BRKR,,,,,left_only
42708561,NEWARK DIST SUB,0.07228188194714219,23,D,BRKR,,,,,left_only
42731816,TASSAJARA SUB,0.06803528977201102,23,D,BRKR,,,,,left_only
45330244,PAUL SWEET SUB,0.0205,13,D,BRKR,,,,,left_only
42757657,CONTRA COSTA SUB,0.06644205232209377,23,D,BRKR,,,,,left_only
42828542,BAKERSFIELD SUB,0.060092692165053696,23,D,BRKR,,,,,left_only
42731576,CLAYTON SUB,0.06918528977201102,23,D,BRKR,,,,,left_only
42626744,EIGHT MILE SUB,0.09829092844677552,23,D,BRKR,,,,,left_only
42635939,EIGHT MILE SUB,0.08746980168621213,23,D,BRKR,,,,,left_only
42640847,FIGARDEN SUB,0.10353196404617745,33,D,BRKR,,,,,left_only
45022330,FIGARDEN SUB,0.02414834617207636,13,D,BRKR,,,,,left_only
45260800,ASHLAN AVE SUB,0.0196,13,D,BRKR,,,,,left_only
45530611,BRENTWOOD SUB,0.0133,13,D,BRKR,,,,,left_only
45636652,CLAYTON SUB,0.0133,13,D,BRKR,,,,,left_only
44574403,BRENTWOOD SUB,0.03060367977608107,13,D,BRKR,,,,,left_only
43186397,MERCED SUB,0.04704682215947195,23,D,BRKR,,,,,left_only
42828544,BAKERSFIELD SUB,0.0568426921650537,23,D,BRKR,,,,,left_only
42764611,MOSHER SUB,0.05783851579662496,23,D,BRKR,,,,,left_only
45640079,TEMPLETON SUB,0.0116,13,D,BRKR,,,,,left_only
45570066,STAGG SUB,0.0163,13,D,BRKR,,,,,left_only
42705798,LINCOLN SUB,0.06503699368444545,23,D,BRKR,,,,,left_only
43702759,DIVIDE SUB,0.0520685545270044,23,D,BRKR,,,,,left_only
42703419,VACA DIXON SUB,0.07408699368444545,23,D,BRKR,,,,,left_only
45064018,SOLEDAD SUB,0.0259,13,D,BRKR,,,,,left_only
40991229,SAN FRAN A (POTRERO PP) SUB,0.2465428299935633,43,D,BRKR,,,,,left_only
42757118,TEMPLETON SUB,0.06032617215133626,23,D,BRKR,,,,,left_only
41326366,PLEASANT GROVE SUB,0.10035911468729375,33,D,BRKR,,,,,left_only
44875183,MONROE SUB,0.0398,23,D,BRKR,,,,,left_only
42828492,LAKEVILLE SUB,0.0550426921650537,23,D,BRKR,,,,,left_only
45024001,GRANT SUB,0.0358,23,D,BRKR,,,,,left_only
44278224,LAWRENCE SUB,0.04160557654225403,23,D,BRKR,,,,,left_only
42574003,PANAMA SUB,0.09040277546261187,23,D,BRKR,,,,,left_only
42761226,MOSHER SUB,0.06122386581385726,23,D,BRKR,,,,,left_only
45427174,SAN JOSE B SUB,0.046,23,D,BRKR,,,,,left_only
45358549,MOUNTAIN VIEW SUB,0.0385,23,D,BRKR,,,,,left_only
42786082,PUEBLO SUB,0.0562905175257272,23,D,BRKR,,,,,left_only
44984905,CONTRA COSTA SUB,0.02159239788553092,13,D,BRKR,,,,,left_only
42685121,MONROE SUB,0.08876980168621214,23,D,BRKR,,,,,left_only
45035105,BELLEVUE SUB,0.021998346172076362,13,D,BRKR,,,,,left_only
45238198,PUEBLO SUB,0.01893412817905971,13,D,BRKR,,,,,left_only
41365589,WILLOW PASS SUB,0.0992071965329129,23,D,BRKR,,,,,left_only
42705802,LINCOLN SUB,0.06963699368444545,23,D,BRKR,,,,,left_only
41326370,PLEASANT GROVE SUB,0.08825271933845653,23,D,BRKR,,,,,left_only
42733566,MERCED SUB,0.06913528977201103,23,D,BRKR,,,,,left_only
42688570,TEVIS SUB,0.08681980168621214,23,D,BRKR,,,,,left_only
44171573,MONTAGUE SUB,0.03132434743384037,13,D,BRKR,,,,,left_only
42596273,DEL MAR SUB,0.0916927700633214,23,D,BRKR,,,,,left_only
42553267,SHINGLE SPRINGS SUB,0.10017646083308553,33,D,BRKR,,,,,left_only
44564033,WOODWARD SUB,0.030075125201901552,13,D,BRKR,,,,,left_only
44723587,PUEBLO SUB,0.030830343592658092,13,D,BRKR,,,,,left_only
45266935,EVERGREEN SUB,0.021,13,D,BRKR,,,,,left_only
45571577,MONROE SUB,0.0248,13,D,BRKR,,,,,left_only
45204827,SAN FRAN A (POTRERO PP) SUB,0.026,13,D,BRKR,,,,,left_only
45101983,SAN FRAN A (POTRERO PP) SUB,0.0234,13,D,BRKR,,,,,left_only
42755632,FAIRVIEW SUB,0.06569205232209377,23,D,BRKR,,,,,left_only
42694162,DEL MONTE SUB,0.08812727502581762,23,D,BRKR,,,,,left_only
40996556,MILPITAS SUB,0.8509530480107559,53,D,BRKR,,,,,left_only
42637865,TEVIS SUB,0.09944490225298194,23,D,BRKR,,,,,left_only
40991806,SAN FRAN A (POTRERO PP) SUB,0.4115428299935633,43,D,BRKR,,,,,left_only
44310748,VINEYARD SUB,0.032277315665095827,13,D,BRKR,,,,,left_only
42570197,BAY MEADOWS SUB,0.0938261123954722,23,D,BRKR,,,,,left_only
45249540,MCKEE SUB,0.0419,23,D,BRKR,,,,,left_only
42758995,CONTRA COSTA SUB,0.04269486680438019,23,D,BRKR,,,,,left_only
45261443,ASHLAN AVE SUB,0.0173,13,D,BRKR,,,,,left_only
45035103,BELLEVUE SUB,0.02329834617207636,13,D,BRKR,,,,,left_only
42596269,DEL MAR SUB,0.08859277006332139,23,D,BRKR,,,,,left_only
42711862,FRANKLIN SUB,0.07056925036819481,23,D,BRKR,,,,,left_only
42758999,CONTRA COSTA SUB,0.042594866804380196,23,D,BRKR,,,,,left_only
44216809,LAKEWOOD SUB,0.043182709342532904,23,D,BRKR,,,,,left_only
45488333,ALTO SUB,0.0175,13,D,BRKR,,,,,left_only
42573570,LLAGAS SUB,0.08810277546261187,23,D,BRKR,,,,,left_only
42751892,HALF MOON BAY SUB,0.07686576705755654,23,D,BRKR,,,,,left_only
45189514,APPLE HILL SUB,0.0222,13,D,BRKR,,,,,left_only
42596271,DEL MAR SUB,0.0886927700633214,23,D,BRKR,,,,,left_only
44310665,VINEYARD SUB,0.036527302595257403,23,D,BRKR,,,,,left_only
42737540,PEABODY SUB,0.06605911223671501,23,D,BRKR,,,,,left_only
42672302,BRENTWOOD SUB,0.08020963193088299,23,D,BRKR,,,,,left_only
45003761,CONTRA COSTA SUB,0.024542397885530916,13,D,BRKR,,,,,left_only
44666383,RINCON SUB,0.03355367977608107,23,D,BRKR,,,,,left_only
44656041,LOGAN CREEK SUB,0.03168584791481179,13,D,BRKR,,,,,left_only
42744386,PEABODY SUB,0.06620911223671502,23,D,BRKR,,,,,left_only
45569657,STOCKDALE SUB,0.0161,13,D,BRKR,,,,,left_only
42828546,BAKERSFIELD SUB,0.0562926921650537,23,D,BRKR,,,,,left_only
43227484,CLAYTON SUB,0.051546822159471956,23,D,BRKR,,,,,left_only
44326794,BAY MEADOWS SUB,0.041677239161585736,23,D,BRKR,,,,,left_only
45374767,PEABODY SUB,0.0285,13,D,BRKR,,,,,left_only
45619459,HICKS SUB,0.0313,13,D,BRKR,,,,,left_only
45661633,STOCKDALE SUB,0.0195,13,D,BRKR,,,,,left_only
45693720,BRENTWOOD SUB,0.0128,13,D,BRKR,,,,,left_only
42759968,SANTA MARIA SUB,0.0615579324928513,23,D,BRKR,,,,,left_only
44635533,COTTLE SUB,0.03012434743384037,13,D,BRKR,,,,,left_only
42617472,LAS POSITAS SUB,0.09754490225298194,23,D,BRKR,,,,,left_only
43240431,POSO MTN SUB,0.05070018209013427,23,D,BRKR,,,,,left_only
43592422,EL CAPITAN SUB,0.04408144015590357,23,D,BRKR,,,,,left_only
42680767,ALTO SUB,0.07700920208694194,23,D,BRKR,,,,,left_only
44728490,CAMP EVERS SUB,0.028689513709105982,13,D,BRKR,,,,,left_only
42628006,FIGARDEN SUB,0.08791980168621213,23,D,BRKR,,,,,left_only
42628004,GATES SUB,0.09159815279314182,23,D,BRKR,,,,,left_only
45300763,BELLE HAVEN SUB,0.0201,13,D,BRKR,,,,,left_only
42830021,GATES SUB,0.06784323206595749,23,D,BRKR,,,,,left_only
42553248,SHINGLE SPRINGS SUB,0.09837646083308553,23,D,BRKR,,,,,left_only
42728681,VACA DIXON SUB,0.06593699368444546,23,D,BRKR,,,,,left_only
42628002,GATES SUB,0.09104815279314181,23,D,BRKR,,,,,left_only
42628000,GATES SUB,0.10349815279314181,33,D,BRKR,,,,,left_only
42830019,GATES SUB,0.0681432320659575,23,D,BRKR,,,,,left_only
42750606,DIVIDE SUB,0.06956576705755654,23,D,BRKR,,,,,left_only
42830023,GATES SUB,0.0668432320659575,23,D,BRKR,,,,,left_only
42713511,POINT PINOLE SUB,0.07188188194714218,23,D,BRKR,,,,,left_only
42645713,GRAND ISLAND SUB,0.08760562613274729,23,D,BRKR,,,,,left_only
42626738,EIGHT MILE SUB,0.07996980168621214,23,D,BRKR,,,,,left_only
41365587,WILLOW PASS SUB,0.09980719653291291,23,D,BRKR,,,,,left_only
42685086,FIGARDEN SUB,0.07210963193088299,23,D,BRKR,,,,,left_only
42685107,FIGARDEN SUB,0.07145963193088299,23,D,BRKR,,,,,left_only
45324493,LAS GALLINAS A SUB,0.0192,13,D,BRKR,,,,,left_only
42760115,SAN FRAN P(HUNTERS POINT) SUB,0.06575793249285129,23,D,BRKR,,,,,left_only
44848668,FORT ORD SUB,0.0406,23,D,BRKR,,,,,left_only
41112611,OAKLAND J SUB,0.13717335608068937,33,D,BRKR,,,,,left_only
44918408,BELLEVUE SUB,0.023943278919800005,13,D,BRKR,,,,,left_only
41112609,OAKLAND J SUB,0.12712629725715996,33,D,BRKR,,,,,left_only
42727356,MI-WUK SUB,0.06873699368444545,23,D,BRKR,,,,,left_only
44226654,DEL MONTE SUB,0.03867056440024913,23,D,BRKR,,,,,left_only
45260802,ASHLAN AVE SUB,0.019,13,D,BRKR,,,,,left_only
45561001,MOUNTAIN VIEW SUB,0.0181,13,D,BRKR,,,,,left_only
45577522,MOUNTAIN VIEW SUB,0.0204,13,D,BRKR,,,,,left_only
42573945,KERN PP DIST SUB,0.10234490225298194,33,D,BRKR,,,,,left_only
44668458,HICKS SUB,0.0404,23,D,BRKR,,,,,left_only
42626743,EIGHT MILE SUB,0.06656980168621214,23,D,BRKR,,,,,left_only
42613704,HIGHWAY SUB,0.10172574212447572,33,D,BRKR,,,,,left_only
44936089,SAN LEANDRO U SUB,0.025426755611567313,13,D,BRKR,,,,,left_only
42727354,MI-WUK SUB,0.06608699368444546,23,D,BRKR,,,,,left_only
44255635,SAN RAFAEL SUB,0.04625316738147518,23,D,BRKR,,,,,left_only
42687492,ARCATA SUB,0.0559558351537799,23,D,BRKR,,,,,left_only
42761224,MOSHER SUB,0.06737386581385726,23,D,BRKR,,,,,left_only
42705801,LINCOLN SUB,0.06518699368444546,23,D,BRKR,,,,,left_only
42833667,LAKEVILLE SUB,0.06455911223671501,23,D,BRKR,,,,,left_only
42663479,DELEVAN SUB,0.061411474573368624,23,D,BRKR,,,,,left_only
42828494,LAKEVILLE SUB,0.06150911223671501,23,D,BRKR,,,,,left_only
42663491,DELEVAN SUB,0.06126147457336863,23,D,BRKR,,,,,left_only
45503067,ALTO SUB,0.0416,23,D,BRKR,,,,,left_only
43590801,PANOCHE SUB,0.05625018209013427,23,D,BRKR,,,,,left_only
42736636,COTTONWOOD SUB,0.07907791519200762,23,D,BRKR,,,,,left_only
42625978,SARATOGA SUB,0.08693065224515682,23,D,BRKR,,,,,left_only
44450022,BRITTON SUB,0.04222731566509583,23,D,BRKR,,,,,left_only
45186725,MCCALL SUB,0.023,13,D,BRKR,,,,,left_only
45238200,PUEBLO SUB,0.0238,13,D,BRKR,,,,,left_only
45319178,CAMP EVERS SUB,0.0167,13,D,BRKR,,,,,left_only
45484717,MORGAN HILL SUB,0.0224,13,D,BRKR,,,,,left_only
45613380,HOLLISTER SUB,0.0212,13,D,BRKR,,,,,left_only
45708666,BELLEVUE SUB,0.016,13,D,BRKR,,,,,left_only
42714808,MOUNTAIN VIEW SUB,0.07351713002988768,23,D,BRKR,,,,,left_only
42746978,EDES SUB,0.07286576705755654,23,D,BRKR,,,,,left_only
45261379,MONTE RIO SUB,0.0187,13,D,BRKR,,,,,left_only
45150563,ALTO SUB,0.0229,13,D,BRKR,,,,,left_only
45508983,HICKS SUB,0.04,23,D,BRKR,,,,,left_only
44626826,HICKS SUB,0.03350367977608107,23,D,BRKR,,,,,left_only
42731776,TASSAJARA SUB,0.06868528977201102,23,D,BRKR,,,,,left_only
42735260,HIGHWAY SUB,0.06767386581385726,23,D,BRKR,,,,,left_only
45471186,ALTO SUB,0.0167,13,D,BRKR,,,,,left_only
45536025,HICKS SUB,0.0435,23,D,BRKR,,,,,left_only
44213381,RIPON SUB,0.04358270934253291,23,D,BRKR,,,,,left_only
44932809,SILVERADO SUB,0.023854294458621805,13,D,BRKR,,,,,left_only
44965188,BRITTON SUB,0.0391,23,D,BRKR,,,,,left_only
42734666,LOCKEFORD SUB,0.060859112236715016,23,D,BRKR,,,,,left_only
42562129,ASHLAN AVE SUB,0.09175277546261187,23,D,BRKR,,,,,left_only
42553245,SHINGLE SPRINGS SUB,0.09502646083308552,23,D,BRKR,,,,,left_only
44204002,EUREKA E SUB,0.05004408345935974,23,D,BRKR,,,,,left_only
42605856,PLAINFIELD SUB,0.095571281333099,23,D,BRKR,,,,,left_only
42672422,STELLING SUB,0.08495680633379385,23,D,BRKR,,,,,left_only
42685793,SAN LEANDRO U SUB,0.08549746985464428,23,D,BRKR,,,,,left_only
45260790,ASHLAN AVE SUB,0.0213,13,D,BRKR,,,,,left_only
42642514,STOREY SUB,0.07034815279314181,23,D,BRKR,,,,,left_only
44688006,RINCON SUB,0.03195367977608107,13,D,BRKR,,,,,left_only
43594291,NARROWS SUB,0.046411754159833986,23,D,BRKR,,,,,left_only
44183518,SAN LUIS OBISPO SUB,0.03937723916158573,23,D,BRKR,,,,,left_only
44616995,SAN LUIS OBISPO SUB,0.030082234350260587,13,D,BRKR,,,,,left_only
45249583,DUMBARTON SUB,0.0387,23,D,BRKR,,,,,left_only
42575433,PASO ROBLES SUB,0.10270610159689124,33,D,BRKR,,,,,left_only
42672323,LAKEWOOD SUB,0.073809631930883,23,D,BRKR,,,,,left_only
43191168,OCEANO SUB,0.05963659806902076,23,D,BRKR,,,,,left_only
43680550,POSO MTN SUB,0.04663852549447746,23,D,BRKR,,,,,left_only
45705554,CHOLAME SUB,0.0159,13,D,BRKR,,,,,left_only
44264528,AVENAL SUB,0.03816225130359063,23,D,BRKR,,,,,left_only
45071477,FMC SUB,0.04,23,D,BRKR,,,,,left_only
44170298,AVENAL SUB,0.035862251303590637,23,D,BRKR,,,,,left_only
42645715,GRAND ISLAND SUB,0.0685556261327473,23,D,BRKR,,,,,left_only
42681762,STOCKDALE SUB,0.07690963193088299,23,D,BRKR,,,,,left_only
45272776,ROSSMOOR SUB,0.0217,13,D,BRKR,,,,,left_only
42754866,REDBUD SUB,0.061926172151336265,23,D,BRKR,,,,,left_only
45260794,ASHLAN AVE SUB,0.0171,13,D,BRKR,,,,,left_only
42613245,MCCALL SUB,0.07188065224515683,23,D,BRKR,,,,,left_only
42747906,MCCALL SUB,0.0533426921650537,23,D,BRKR,,,,,left_only
43145749,EL PATIO SUB,0.06298851579662496,23,D,BRKR,,,,,left_only
45218359,FIGARDEN SUB,0.013738619030445954,13,D,BRKR,,,,,left_only
45127483,DOLAN RD SUB,0.0388,23,D,BRKR,,,,,left_only
45420994,STAFFORD SUB,0.0407,23,D,BRKR,,,,,left_only
43687281,VALLEY HOME SUB,0.045183532752609196,23,D,BRKR,,,,,left_only
42749036,ASHLAN AVE SUB,0.06992386581385726,23,D,BRKR,,,,,left_only
42574305,TEVIS SUB,0.09035277546261188,23,D,BRKR,,,,,left_only
44213385,RIPON SUB,0.04208270934253291,23,D,BRKR,,,,,left_only
45554540,CORNING SUB,0.0577,23,D,BRKR,,,,,left_only
45245996,TYLER SUB,0.0379,23,D,BRKR,,,,,left_only
42703618,CASSIDY SUB,0.06606975904696731,23,D,BRKR,,,,,left_only
42681142,SANTA MARIA SUB,0.07139746985464428,23,D,BRKR,,,,,left_only
43229333,RIVERBANK SUB,0.0543217860848559,23,D,BRKR,,,,,left_only
42675909,PEORIA SUB,0.11781969370570705,33,D,BRKR,,,,,left_only
44932759,ASHLAN AVE SUB,0.027940709064993817,13,D,BRKR,,,,,left_only
44196203,MT EDEN SUB,0.05119408345935974,23,D,BRKR,,,,,left_only
45261403,PUEBLO SUB,0.0194,13,D,BRKR,,,,,left_only
44739529,LERDO SUB,0.02633034359265809,13,D,BRKR,,,,,left_only
44277641,ASHLAN AVE SUB,0.05258270934253291,23,D,BRKR,,,,,left_only
42632172,MILPITAS SUB,0.10793065224515683,33,D,BRKR,,,,,left_only
44825279,LERDO SUB,0.026730343592658093,13,D,BRKR,,,,,left_only
42743386,VACA DIXON SUB,0.05945970210864688,23,D,BRKR,,,,,left_only
44169698,MCKEE SUB,0.06108353275260919,23,D,BRKR,,,,,left_only
43133719,ROSSMOOR SUB,0.0703926921650537,23,D,BRKR,,,,,left_only
42737516,WEBER SUB,0.06890911223671502,23,D,BRKR,,,,,left_only
42705720,HENRIETTA SUB,0.060159631930882994,23,D,BRKR,,,,,left_only
42568087,BAY MEADOWS SUB,0.0975261123954722,23,D,BRKR,,,,,left_only
44657746,BULLARD SUB,0.02845367977608107,13,D,BRKR,,,,,left_only
42718175,GLENN SUB,0.07613699368444546,23,D,BRKR,,,,,left_only
43175726,STOCKDALE SUB,0.0614717860848559,23,D,BRKR,,,,,left_only
43145756,EL PATIO SUB,0.07258851579662495,23,D,BRKR,,,,,left_only
45184954,DALY CITY SUB,0.0357,23,D,BRKR,,,,,left_only
45005129,BELMONT SUB,0.0454,23,D,BRKR,,,,,left_only
45421074,ASHLAN AVE SUB,0.0414,23,D,BRKR,,,,,left_only
45596247,MT EDEN SUB,0.0399,23,D,BRKR,,,,,left_only
45111373,JARVIS SUB,0.0255,13,D,BRKR,,,,,left_only
45705585,JARVIS SUB,0.0236,13,D,BRKR,,,,,left_only
45700978,SAN RAFAEL SUB,0.0224,13,D,BRKR,,,,,left_only
45569659,STOCKDALE SUB,0.0202,13,D,BRKR,,,,,left_only
45729222,MCKEE SUB,0.0197,13,D,BRKR,,,,,left_only
45707239,FREMONT SUB,0.0156,13,D,BRKR,,,,,left_only
42688019,ARCATA SUB,0.06139746985464428,23,D,BRKR,,,,,left_only
42627555,CLOVIS SUB,0.09829092844677552,23,D,BRKR,,,,,left_only
43144529,IGNACIO SUB,0.06328868870684921,23,D,BRKR,,,,,left_only
42691210,PRUNEDALE SUB,0.08984746985464429,23,D,BRKR,,,,,left_only
44213387,RIPON SUB,0.03903270934253291,23,D,BRKR,,,,,left_only
42627168,SYCAMORE CREEK SUB,0.09098190306713431,23,D,BRKR,,,,,left_only
44977350,CASTROVILLE SUB,0.028071805482000993,13,D,BRKR,,,,,left_only
44890133,PASO ROBLES SUB,0.0382,23,D,BRKR,,,,,left_only
42715959,GRANT SUB,0.07003188194714219,23,D,BRKR,,,,,left_only
44657743,BULLARD SUB,0.03015367977608107,13,D,BRKR,,,,,left_only
43590793,PANOCHE SUB,0.05970018209013428,23,D,BRKR,,,,,left_only
40991559,SAN FRAN A (POTRERO PP) SUB,0.13920089542210212,33,D,BRKR,,,,,left_only
43590786,PANOCHE SUB,0.058050182090134274,23,D,BRKR,,,,,left_only
42625115,DAVIS SUB,0.0974530298276977,23,D,BRKR,,,,,left_only
42757437,OROSI SUB,0.0657932320659575,23,D,BRKR,,,,,left_only
40991557,SAN FRAN A (POTRERO PP) SUB,0.13915089542210213,33,D,BRKR,,,,,left_only
40991560,SAN FRAN A (POTRERO PP) SUB,0.1390508954221021,33,D,BRKR,,,,,left_only
45670259,MCCALL SUB,0.0379,23,D,BRKR,,,,,left_only
44700711,CLOVIS SUB,0.02427974591471417,13,D,BRKR,,,,,left_only
44861998,HILLSDALE SUB,0.040392867469879516,23,D,BRKR,,,,,left_only
44170292,GREENBRAE SUB,0.04740316738147519,23,D,BRKR,,,,,left_only
44076944,WEST FRESNO SUB,0.050983532752609195,23,D,BRKR,,,,,left_only
42750786,SAN LUIS OBISPO SUB,0.07080449956175702,23,D,BRKR,,,,,left_only
44436079,NEWBURG SUB,0.0450213948714534,23,D,BRKR,,,,,left_only
44433171,MILLBRAE SUB,0.042671394871453404,23,D,BRKR,,,,,left_only
45011694,BAHIA SUB,0.02453777115038911,13,D,BRKR,,,,,left_only
42683206,HATTON SUB,0.08170920208694193,23,D,BRKR,,,,,left_only
42731578,CLAYTON SUB,0.06648528977201103,23,D,BRKR,,,,,left_only
44712908,MEADOW LANE SUB,0.027890709064993816,13,D,BRKR,,,,,left_only
44282378,BAY MEADOWS SUB,0.05125316738147519,23,D,BRKR,,,,,left_only
44276697,PUEBLO SUB,0.040383913922922336,23,D,BRKR,,,,,left_only
45414851,MORAGA SUB,0.0212,13,D,BRKR,,,,,left_only
42709955,STOCKDALE SUB,0.07118528977201102,23,D,BRKR,,,,,left_only
45260792,ASHLAN AVE SUB,0.0197,13,D,BRKR,,,,,left_only
44148071,DAVIS SUB,0.05311602186541159,23,D,BRKR,,,,,left_only
43145747,EL PATIO SUB,0.06553851579662495,23,D,BRKR,,,,,left_only
44770332,BULLARD SUB,0.027690709064993817,13,D,BRKR,,,,,left_only
45413962,WESTPARK SUB,0.0391,23,D,BRKR,,,,,left_only
45410765,ROSSMOOR SUB,0.0476,23,D,BRKR,,,,,left_only
45484707,EDENVALE SUB,0.0484,23,D,BRKR,,,,,left_only
42630938,WEST FRESNO SUB,0.09173065224515682,23,D,BRKR,,,,,left_only
42576357,SYCAMORE CREEK SUB,0.0904427700633214,23,D,BRKR,,,,,left_only
45420530,REDWOOD CITY SUB,0.0412,23,D,BRKR,,,,,left_only
42687993,ARCATA SUB,0.06204746985464428,23,D,BRKR,,,,,left_only
42632192,SERRAMONTE SUB,0.09322815060120186,23,D,BRKR,,,,,left_only
44814828,STANISLAUS PH,0.02755016085649023,13,D,BRKR,,,,,left_only
45399436,SAN LEANDRO U SUB,0.0396,23,D,BRKR,,,,,left_only
42731599,WYANDOTTE SUB,0.07312277746794156,23,D,BRKR,,,,,left_only
45593425,EL CAPITAN SUB,0.0454,23,D,BRKR,,,,,left_only
45569048,KINGSBURG SUB,0.0374,23,D,BRKR,,,,,left_only
42597526,EAST GRAND SUB,0.10443466370722913,33,D,BRKR,,,,,left_only
44254512,BUTTE SUB,0.1035,33,D,BRKR,,,,,left_only
44205898,LAS GALLINAS A SUB,0.05400316738147519,23,D,BRKR,,,,,left_only
42563564,EDES SUB,0.11313466370722913,33,D,BRKR,,,,,left_only
44170054,SANTA MARIA SUB,0.05219408345935974,23,D,BRKR,,,,,left_only
43193350,OCEANO SUB,0.06518659806902076,23,D,BRKR,,,,,left_only
43228330,ALTO SUB,0.06833659806902076,23,D,BRKR,,,,,left_only
43683844,LOGAN CREEK SUB,0.045461754159833986,23,D,BRKR,,,,,left_only
45130815,DUNBAR SUB,0.0387,23,D,BRKR,,,,,left_only
42728121,LAMONT SUB,0.07311975904696731,23,D,BRKR,,,,,left_only
42622498,PASO ROBLES SUB,0.10390610159689123,33,D,BRKR,,,,,left_only
43192807,BOGUE SUB,0.060664380092773466,23,D,BRKR,,,,,left_only
41366430,HIGGINS SUB,0.07962646083308553,23,D,BRKR,,,,,left_only
43600627,SCHINDLER SUB,0.0530835327526092,23,D,BRKR,,,,,left_only
42731566,KERN OIL SUB,0.0818432320659575,23,D,BRKR,,,,,left_only
42735263,HIGHWAY SUB,0.07132386581385726,23,D,BRKR,,,,,left_only
42755437,MCCALL SUB,0.060109112236715015,23,D,BRKR,,,,,left_only
42676398,PASO ROBLES SUB,0.08605991849351037,23,D,BRKR,,,,,left_only
42705172,MADERA SUB,0.06977265819306365,23,D,BRKR,,,,,left_only
43593168,WEST FRESNO SUB,0.0575835327526092,23,D,BRKR,,,,,left_only
43194026,ORO LOMA SUB,0.049796822159471954,23,D,BRKR,,,,,left_only
42687563,ARCATA SUB,0.08615583515377989,23,D,BRKR,,,,,left_only
42750734,NAPA SUB,0.07349323206595751,23,D,BRKR,,,,,left_only
44329973,LE GRAND SUB,0.04222731566509583,23,D,BRKR,,,,,left_only
41372731,PETALUMA C SUB,0.10994490225298195,33,D,BRKR,,,,,left_only
42732388,WYANDOTTE SUB,0.08112277746794155,23,D,BRKR,,,,,left_only
42708048,HAMMER SUB,0.06011713002988767,23,D,BRKR,,,,,left_only
45399438,STELLING SUB,0.0226,13,D,BRKR,,,,,left_only
44932076,EL NIDO SUB,0.0457,23,D,BRKR,,,,,left_only
43191523,PEASE SUB,0.060364380092773465,23,D,BRKR,,,,,left_only
43604815,MANCHESTER SUB,0.0550835327526092,23,D,BRKR,,,,,left_only
42741582,LEMOORE SUB,0.07337386581385727,23,D,BRKR,,,,,left_only
44600638,PASO ROBLES SUB,0.03177512520190155,13,D,BRKR,,,,,left_only
45511269,HUMBOLDT BAY PP,0.038,23,D,BRKR,,,,,left_only
44192862,MANCHESTER SUB,0.04598270934253291,23,D,BRKR,,,,,left_only
44707477,OCEANO SUB,0.027621805482000994,13,D,BRKR,,,,,left_only
42751251,ATASCADERO SUB,0.06127617215133626,23,D,BRKR,,,,,left_only
44930987,EL NIDO SUB,0.0472,23,D,BRKR,,,,,left_only
45704901,MOLINO SUB,0.0446,23,D,BRKR,,,,,left_only
45071474,FMC SUB,0.0391,23,D,BRKR,,,,,left_only
45071473,FMC SUB,0.0388,23,D,BRKR,,,,,left_only
45592390,LAWRENCE SUB,0.0286,13,D,BRKR,,,,,left_only
45293310,RINCON SUB,0.0276,13,D,BRKR,,,,,left_only
45350814,WESTPARK SUB,0.0251,13,D,BRKR,,,,,left_only
45466330,STOCKTON A SUB,0.0218,13,D,BRKR,,,,,left_only
45671403,BULLARD SUB,0.0173,13,D,BRKR,,,,,left_only
43145748,EL PATIO SUB,0.06203851579662496,23,D,BRKR,,,,,left_only
42580174,LUCERNE SUB,0.09850610159689124,23,D,BRKR,,,,,left_only
42831537,CHOWCHILLA SUB,0.0563426921650537,23,D,BRKR,,,,,left_only
45543032,ASHLAN AVE SUB,0.0181,13,D,BRKR,,,,,left_only
42830065,RIVERBANK SUB,0.056442692165053696,23,D,BRKR,,,,,left_only
42744379,HALF MOON BAY SUB,0.07301576705755655,23,D,BRKR,,,,,left_only
42711860,GRAND ISLAND SUB,0.05905082049705474,23,D,BRKR,,,,,left_only
45419537,VACAVILLE SUB,0.0407,23,D,BRKR,,,,,left_only
45260798,ASHLAN AVE SUB,0.0256,13,D,BRKR,,,,,left_only
42840616,CLOVERDALE SUB,0.0540905175257272,23,D,BRKR,,,,,left_only
42625379,DIXON SUB,0.08713190306713431,23,D,BRKR,,,,,left_only
42666856,STOCKDALE SUB,0.09123065224515682,23,D,BRKR,,,,,left_only
42641868,MAGUNDEN SUB,0.07540963193088299,23,D,BRKR,,,,,left_only
42682697,VACAVILLE SUB,0.08095680633379385,23,D,BRKR,,,,,left_only
42646592,REEDLEY SUB,0.08949815279314181,23,D,BRKR,,,,,left_only
42675917,PEORIA SUB,0.11781969370570705,33,D,BRKR,,,,,left_only
42648337,MCCALL SUB,0.07801980168621214,23,D,BRKR,,,,,left_only
44630543,POTTER VALLEY PH,0.05421686746987951,23,D,BRKR,,,,,left_only
42666855,STOCKDALE SUB,0.09323065224515682,23,D,BRKR,,,,,left_only
44635525,COTTLE SUB,0.028574347433840366,13,D,BRKR,,,,,left_only
44326792,BAY MEADOWS SUB,0.04027723916158573,23,D,BRKR,,,,,left_only
43603391,MANCHESTER SUB,0.0527335327526092,23,D,BRKR,,,,,left_only
42740985,WEST POINT PH,0.06425970210864689,23,D,BRKR,,,,,left_only
42786086,WOODACRE SUB,0.0542,23,D,BRKR,,,,,left_only
43162905,DINUBA SUB,0.06733834288640071,23,D,BRKR,,,,,left_only
44873334,BELLE HAVEN SUB,0.03883315662650602,23,D,BRKR,,,,,left_only
43191521,PEASE SUB,0.059214380092773466,23,D,BRKR,,,,,left_only
44914331,VACAVILLE SUB,0.0478,23,D,BRKR,,,,,left_only
45260796,ASHLAN AVE SUB,0.0198,13,D,BRKR,,,,,left_only
42705174,MADERA SUB,0.06493528977201102,23,D,BRKR,,,,,left_only
45437829,STAFFORD SUB,0.0394,23,D,BRKR,,,,,left_only
44696225,SHAFTER SUB,0.036,23,D,BRKR,,,,,left_only
44170281,DEEPWATER SUB,0.04638027606191704,23,D,BRKR,,,,,left_only
44656603,SNEATH LANE SUB,0.03478782834710448,23,D,BRKR,,,,,left_only
44339397,WOODLAND SUB,0.04433027606191704,23,D,BRKR,,,,,left_only
42727894,PENRYN SUB,0.07457277746794155,23,D,BRKR,,,,,left_only
42677449,MERCED SUB,0.07315963193088298,23,D,BRKR,,,,,left_only
42735098,HORSESHOE SUB,0.06627791519200762,23,D,BRKR,,,,,left_only
45507523,ALTO SUB,0.0428,23,D,BRKR,,,,,left_only
44170293,STOCKTON A SUB,0.04728270934253291,23,D,BRKR,,,,,left_only
45507519,WOLFE SUB,0.044,23,D,BRKR,,,,,left_only
43157576,MENDOTA SUB,0.0526926921650537,23,D,BRKR,,,,,left_only
42711768,KERMAN SUB,0.06628528977201102,23,D,BRKR,,,,,left_only
42742947,BELMONT SUB,0.08213003173785174,23,D,BRKR,,,,,left_only
42734551,BELMONT SUB,0.05533003173785175,23,D,BRKR,,,,,left_only
42753875,MALAGA SUB,0.06817386581385726,23,D,BRKR,,,,,left_only
44974563,HENRIETTA SUB,0.0391,23,D,BRKR,,,,,left_only
42641867,MAGUNDEN SUB,0.07535963193088299,23,D,BRKR,,,,,left_only
42718338,GLENN SUB,0.06993699368444545,23,D,BRKR,,,,,left_only
42679687,ASHLAN AVE SUB,0.09163065224515682,23,D,BRKR,,,,,left_only
42595728,SHINGLE SPRINGS SUB,0.0862427700633214,23,D,BRKR,,,,,left_only
44147746,HENRIETTA SUB,0.0518335327526092,23,D,BRKR,,,,,left_only
45536042,JARVIS SUB,0.0175,13,D,BRKR,,,,,left_only
45588513,FRENCH CAMP SUB,0.0381,23,D,BRKR,,,,,left_only
44147745,HENRIETTA SUB,0.0532835327526092,23,D,BRKR,,,,,left_only
45109793,JARVIS SUB,0.020396090587069877,13,D,BRKR,,,,,left_only
42742943,BELMONT SUB,0.07683003173785174,23,D,BRKR,,,,,left_only
42595656,PLACER SUB,0.073021281333099,23,D,BRKR,,,,,left_only
42607276,CLAY SUB,0.07172128133309899,23,D,BRKR,,,,,left_only
42677859,BUENA VISTA SUB,0.07505920208694195,23,D,BRKR,,,,,left_only
42622281,WESTLEY SUB,0.09083065224515682,23,D,BRKR,,,,,left_only
45640064,SARATOGA SUB,0.0473,23,D,BRKR,,,,,left_only
45632888,ROSSMOOR SUB,0.0194,13,D,BRKR,,,,,left_only
45663786,SAN JOSE B SUB,0.018,13,D,BRKR,,,,,left_only
45700976,SAN RAFAEL SUB,0.0161,13,D,BRKR,,,,,left_only
42675566,COPUS SUB,0.09538065224515682,23,D,BRKR,,,,,left_only
43233794,CARNERAS SUB,0.07310036418026855,23,D,BRKR,,,,,left_only
44252935,KERN OIL SUB,0.04851225130359063,23,D,BRKR,,,,,left_only
42735158,JAMESON SUB,0.06265911223671501,23,D,BRKR,,,,,left_only
42625381,DIXON SUB,0.06538190306713432,23,D,BRKR,,,,,left_only
42603261,DESCHUTES SUB,0.09527128133309899,23,D,BRKR,,,,,left_only
43689055,GRASS VALLEY SUB,0.05766602186541159,23,D,BRKR,,,,,left_only
42605854,PLAINFIELD SUB,0.099021281333099,23,D,BRKR,,,,,left_only
43146761,FORT BRAGG A SUB,0.06683903452729772,23,D,BRKR,,,,,left_only
44231051,MAXWELL SUB,0.049152022284119495,23,D,BRKR,,,,,left_only
42631605,TUPMAN SUB,0.09553065224515682,23,D,BRKR,,,,,left_only
44183862,EEL RIVER SUB,0.03877056440024913,23,D,BRKR,,,,,left_only
42580185,LUCERNE SUB,0.10405610159689124,33,D,BRKR,,,,,left_only
42594847,CHICO A SUB,0.0930427700633214,23,D,BRKR,,,,,left_only
42687944,ZAMORA SUB,0.059261474573368625,23,D,BRKR,,,,,left_only
42831496,MCFARLAND SUB,0.06758851579662496,23,D,BRKR,,,,,left_only
43694031,CATLETT SUB,0.05296602186541159,23,D,BRKR,,,,,left_only
42707432,NEWMAN SUB,0.10362574212447571,33,D,BRKR,,,,,left_only
42758153,MCFARLAND SUB,0.06882386581385727,23,D,BRKR,,,,,left_only
42618625,CAMDEN SUB,0.10497574212447572,33,D,BRKR,,,,,left_only
44326481,FORT BRAGG A SUB,0.043971394871453406,23,D,BRKR,,,,,left_only
45366110,DUNNIGAN SUB,0.0406,23,D,BRKR,,,,,left_only
43684114,OLD RIVER SUB,0.0542335327526092,23,D,BRKR,,,,,left_only
44877772,GUALALA SUB,0.0372,23,D,BRKR,,,,,left_only
43175654,ANITA SUB,0.06188825643128858,23,D,BRKR,,,,,left_only
42757433,OROSI SUB,0.0694432320659575,23,D,BRKR,,,,,left_only
42726759,PUTAH CREEK SUB,0.07687277746794155,23,D,BRKR,,,,,left_only
42831522,DIXON SUB,0.06578825643128858,23,D,BRKR,,,,,left_only
44171571,EUREKA E SUB,0.04959408345935974,23,D,BRKR,,,,,left_only
42596380,WHEATLAND SUB,0.1017927700633214,33,D,BRKR,,,,,left_only
44701458,SPENCE SUB,0.0457,23,D,BRKR,,,,,left_only
42743398,DEEPWATER SUB,0.08047791519200762,23,D,BRKR,,,,,left_only
42735154,JAMESON SUB,0.06000911223671501,23,D,BRKR,,,,,left_only
42680632,OLD KEARNEY SUB,0.08210680633379384,23,D,BRKR,,,,,left_only
45511221,HURON SUB,0.0152,12,D,BRKR,,,,,left_only
43683535,LAKEVIEW SUB,0.04553144015590356,22,D,BRKR,,,,,left_only
45142539,COLUSA SUB,0.0397,22,D,BRKR,,,,,left_only
45595153,SPENCE SUB,0.0196,12,D,BRKR,,,,,left_only
45276942,COLUSA SUB,0.0452,22,D,BRKR,,,,,left_only
45468527,KNIGHTS LANDING SUB,0.0441,22,D,BRKR,,,,,left_only
45707299,SAN BERNARD SUB,0.0438,22,D,BRKR,,,,,left_only
45237487,SANTA NELLA SUB,0.0419,22,D,BRKR,,,,,left_only
45607857,SANTA RITA SUB,0.041,22,D,BRKR,,,,,left_only
45651820,RIO DELL SUB,0.0379,22,D,BRKR,,,,,left_only
45099131,TULARE LAKE SUB,0.020765109383064792,12,D,BRKR,,,,,left_only
45304773,CALFLAX SUB,0.0192,12,D,BRKR,,,,,left_only
45329426,PERRY SUB,0.0222,12,D,BRKR,,,,,left_only
45764983,WOODACRE SUB,0.0181,12,D,BRKR,,,,,left_only
45712105,CARBONA SUB,0.0154,12,D,BRKR,,,,,left_only
45712108,CARBONA SUB,0.0151,12,D,BRKR,,,,,left_only
45712101,CARBONA SUB,0.0139,12,D,BRKR,,,,,left_only
45712099,CARBONA SUB,0.0133,12,D,BRKR,,,,,left_only
45712095,CARBONA SUB,0.0119,12,D,BRKR,,,,,left_only
45712103,CARBONA SUB,0.0104,12,D,BRKR,,,,,left_only
42626024,BULLARD SUB,0.4752,42,D,BRKR,,,,,left_only
44828324,RAINBOW SUB,0.0379,22,D,BRKR,,,,,left_only
42748028,SAN LEANDRO U SUB,0.07356576705755655,22,D,BRKR,,,,,left_only
42736213,SANGER SUB,0.05785911223671501,22,D,BRKR,,,,,left_only
44244903,TRACY SUB,0.04613270934253291,22,D,BRKR,,,,,left_only
42735156,JAMESON SUB,0.06145911223671502,22,D,BRKR,,,,,left_only
43164946,ASHLAN AVE SUB,0.0540926921650537,22,D,BRKR,,,,,left_only
42753066,REDBUD SUB,0.06032617215133626,22,D,BRKR,,,,,left_only
42838743,VACAVILLE SUB,0.06668851579662496,22,D,BRKR,,,,,left_only
44171577,EUREKA E SUB,0.05024408345935974,22,D,BRKR,,,,,left_only
43139183,GOLDTREE SUB,0.0551948668043802,22,D,BRKR,,,,,left_only
45274084,SAUSALITO SUB,0.0181,12,D,BRKR,,,,,left_only
44560359,CHICO B SUB,0.0432,22,D,BRKR,,,,,left_only
44941904,WOODLAND SUB,0.024432268601894527,12,D,BRKR,,,,,left_only
43229330,RIVERBANK SUB,0.0486717860848559,22,D,BRKR,,,,,left_only
42733564,MERCED SUB,0.06618528977201102,22,D,BRKR,,,,,left_only
42630940,WEST FRESNO SUB,0.08868065224515682,22,D,BRKR,,,,,left_only
42615353,ATWATER SUB,0.09562574212447572,22,D,BRKR,,,,,left_only
43248376,VACAVILLE SUB,0.0553335327526092,22,D,BRKR,,,,,left_only
43602582,MANCHESTER SUB,0.0534835327526092,22,D,BRKR,,,,,left_only
44986964,PANORAMA SUB,0.0395,22,D,BRKR,,,,,left_only
43591764,FORT BRAGG A SUB,0.054368554527004405,22,D,BRKR,,,,,left_only
44966753,KINGSBURG SUB,0.023643278919800007,12,D,BRKR,,,,,left_only
44214946,DUNBAR SUB,0.04935557654225403,22,D,BRKR,,,,,left_only
42831499,MCFARLAND SUB,0.06473851579662496,22,D,BRKR,,,,,left_only
45260787,ASHLAN AVE SUB,0.017,12,D,BRKR,,,,,left_only
44151928,ATASCADERO SUB,0.053088525494477457,22,D,BRKR,,,,,left_only
42675893,PEORIA SUB,0.07750984685285353,22,D,BRKR,,,,,left_only
42708026,HAMMER SUB,0.06573528977201103,22,D,BRKR,,,,,left_only
43692882,CHICO B SUB,0.05196602186541159,22,D,BRKR,,,,,left_only
42703620,CASSIDY SUB,0.0673697590469673,22,D,BRKR,,,,,left_only
44326793,BAY MEADOWS SUB,0.03927723916158573,22,D,BRKR,,,,,left_only
44657739,BULLARD SUB,0.02965367977608107,12,D,BRKR,,,,,left_only
45306348,MOUNTAIN VIEW SUB,0.0367,22,D,BRKR,,,,,left_only
44170285,MOUNTAIN VIEW SUB,0.0438,22,D,BRKR,,,,,left_only
44217015,MONTAGUE SUB,0.03960557654225404,22,D,BRKR,,,,,left_only
42742954,KERMAN SUB,0.06912386581385727,22,D,BRKR,,,,,left_only
42731682,EL CAPITAN SUB,0.06553528977201102,22,D,BRKR,,,,,left_only
42715969,JESSUP SUB,0.06768699368444545,22,D,BRKR,,,,,left_only
42603210,GRAND ISLAND SUB,0.07477611239547219,22,D,BRKR,,,,,left_only
43182808,SANTA YNEZ SUB,0.05086678226347846,22,D,BRKR,,,,,left_only
45090540,MILPITAS SUB,0.0383,22,D,BRKR,,,,,left_only
44289255,MILLBRAE SUB,0.04724408345935974,22,D,BRKR,,,,,left_only
40995784,COUNTRY CLUB SUB,0.787074114122851,52,D,BRKR,,,,,left_only
45071483,FMC SUB,0.0415,22,D,BRKR,,,,,left_only
44229637,MENDOCINO SUB,0.05076225130359063,22,D,BRKR,,,,,left_only
44273795,ORO LOMA SUB,0.04693270934253291,22,D,BRKR,,,,,left_only
42708028,HAMMER SUB,0.05363528977201103,22,D,BRKR,,,,,left_only
42750570,STOCKTON A SUB,0.09750021295581321,22,D,BRKR,,,,,left_only
42692018,BAIR SUB,0.07745948864956931,22,D,BRKR,,,,,left_only
44273798,ORO LOMA SUB,0.04748270934253291,22,D,BRKR,,,,,left_only
44724639,HIGHWAY SUB,0.0396,22,D,BRKR,,,,,left_only
42743481,MENDOTA SUB,0.05945911223671502,22,D,BRKR,,,,,left_only
44825310,LERDO SUB,0.02578034359265809,12,D,BRKR,,,,,left_only
45464321,BAIR SUB,0.0142,12,D,BRKR,,,,,left_only
42635436,CHARCA SUB,0.09513065224515682,22,D,BRKR,,,,,left_only
44727804,TRIMBLE SUB,0.0388,22,D,BRKR,,,,,left_only
42630941,WEST FRESNO SUB,0.09353065224515683,22,D,BRKR,,,,,left_only
42688654,ARCATA SUB,0.08354746985464429,22,D,BRKR,,,,,left_only
42692015,BAIR SUB,0.09472642413344029,22,D,BRKR,,,,,left_only
42692011,BAIR SUB,0.07250948864956931,22,D,BRKR,,,,,left_only
44139171,TAFT SUB,0.04403498282519051,22,D,BRKR,,,,,left_only
42734615,SEMITROPIC SUB,0.06927386581385726,22,D,BRKR,,,,,left_only
44992005,BELLE HAVEN SUB,0.0364,22,D,BRKR,,,,,left_only
45593482,VACAVILLE SUB,0.0243,12,D,BRKR,,,,,left_only
45420954,EDES SUB,0.0207,12,D,BRKR,,,,,left_only
44144219,SEMITROPIC SUB,0.04288144015590356,22,D,BRKR,,,,,left_only
44144220,SEMITROPIC SUB,0.043281440155903565,22,D,BRKR,,,,,left_only
44825304,LERDO SUB,0.02693034359265809,12,D,BRKR,,,,,left_only
45205495,BOGUE SUB,0.0269,12,D,BRKR,,,,,left_only
45686172,SAN LUIS OBISPO SUB,0.0415,22,D,BRKR,,,,,left_only
45511271,HUMBOLDT BAY PP,0.0411,22,D,BRKR,,,,,left_only
44852214,STOCKTON A SUB,0.025129745914714174,12,D,BRKR,,,,,left_only
45562748,DAIRYLAND SUB,0.0173,12,D,BRKR,,,,,left_only
45711751,SAN CARLOS SUB,0.0199,12,D,BRKR,,,,,left_only
45670263,PETALUMA C SUB,0.0181,12,D,BRKR,,,,,left_only
45753211,STOCKTON A SUB,0.0167,12,D,BRKR,,,,,left_only
44635531,COTTLE SUB,0.029174347433840366,12,D,BRKR,,,,,left_only
42703421,VACA DIXON SUB,0.05643699368444545,22,D,BRKR,,,,,left_only
43143483,LUCERNE SUB,0.05474051752572721,22,D,BRKR,,,,,left_only
42749555,GERBER SUB,0.09021173140470767,22,D,BRKR,,,,,left_only
42603258,DESCHUTES SUB,0.09947128133309899,22,D,BRKR,,,,,left_only
44356530,WESTPARK SUB,0.044627315665095826,22,D,BRKR,,,,,left_only
43175642,ANITA SUB,0.06533825643128857,22,D,BRKR,,,,,left_only
42641869,MAGUNDEN SUB,0.08271980168621214,22,D,BRKR,,,,,left_only
43131219,EUREKA A SUB,0.05919921608303319,22,D,BRKR,,,,,left_only
42831541,DIXON SUB,0.06473825643128858,22,D,BRKR,,,,,left_only
43145746,EL PATIO SUB,0.06383851579662496,22,D,BRKR,,,,,left_only
42745952,ALHAMBRA SUB,0.06044205232209378,22,D,BRKR,,,,,left_only
44930343,WESTPARK SUB,0.02284327891980001,12,D,BRKR,,,,,left_only
42749505,PUTAH CREEK SUB,0.04770970210864688,22,D,BRKR,,,,,left_only
42737536,PEABODY SUB,0.06350911223671502,22,D,BRKR,,,,,left_only
45438371,LAWRENCE SUB,0.0427,22,D,BRKR,,,,,left_only
42831524,DIXON SUB,0.04238825643128857,22,D,BRKR,,,,,left_only
45411626,GREENBRAE SUB,0.0409,22,D,BRKR,,,,,left_only
44229620,MENDOCINO SUB,0.05051225130359063,22,D,BRKR,,,,,left_only
42698796,WOODSIDE SUB,0.07961713002988767,22,D,BRKR,,,,,left_only
43182810,SANTA YNEZ SUB,0.04956678226347846,22,D,BRKR,,,,,left_only
42595787,FLINT SUB,0.0899427700633214,22,D,BRKR,,,,,left_only
42731814,TASSAJARA SUB,0.06558528977201103,22,D,BRKR,,,,,left_only
43187544,ORTIGA SUB,0.0577217860848559,22,D,BRKR,,,,,left_only
42645714,GRAND ISLAND SUB,0.0674056261327473,22,D,BRKR,,,,,left_only
42676449,STOCKDALE SUB,0.10138065224515683,32,D,BRKR,,,,,left_only
42705176,MADERA SUB,0.06658528977201103,22,D,BRKR,,,,,left_only
42731083,KONOCTI SUB,0.07725422832192361,22,D,BRKR,,,,,left_only
42553049,JESSUP SUB,0.09957646083308552,22,D,BRKR,,,,,left_only
45306584,BELLE HAVEN SUB,0.0389,22,D,BRKR,,,,,left_only
43602588,MANCHESTER SUB,0.0522835327526092,22,D,BRKR,,,,,left_only
42605857,PLAINFIELD SUB,0.09342128133309899,22,D,BRKR,,,,,left_only
42667898,PEASE SUB,0.08981147457336863,22,D,BRKR,,,,,left_only
44433601,SPRING GAP PH,0.038128792596046825,22,D,BRKR,,,,,left_only
42687870,ARCATA SUB,0.054855835153779904,22,D,BRKR,,,,,left_only
43139158,MIDWAY SUB,0.07766713002988768,22,D,BRKR,,,,,left_only
44739533,LERDO SUB,0.02538034359265809,12,D,BRKR,,,,,left_only
44913860,BULLARD SUB,0.021943278919800007,12,D,BRKR,,,,,left_only
43191519,PEASE SUB,0.05956438009277347,22,D,BRKR,,,,,left_only
42708022,HAMMER SUB,0.06683528977201103,22,D,BRKR,,,,,left_only
44662238,TAFT SUB,0.037096570627722036,22,D,BRKR,,,,,left_only
42841912,MIDWAY SUB,0.06668851579662496,22,D,BRKR,,,,,left_only
43590678,GOOSE LAKE SUB,0.0526835327526092,22,D,BRKR,,,,,left_only
44992027,ORO FINO SUB,0.0431,22,D,BRKR,,,,,left_only
45410706,LOYOLA SUB,0.0442,22,D,BRKR,,,,,left_only
42549987,KNIGHTS LANDING SUB,0.0954191487904169,22,D,BRKR,,,,,left_only
42710419,ORICK SUB,0.0821058351537799,22,D,BRKR,,,,,left_only
44448903,CABRILLO SUB,0.0445213948714534,22,D,BRKR,,,,,left_only
45142523,COLUSA SUB,0.0442,22,D,BRKR,,,,,left_only
43184114,ORO LOMA SUB,0.047846822159471954,22,D,BRKR,,,,,left_only
45448121,COALINGA #2 SUB,0.04,22,D,BRKR,,,,,left_only
42670260,SANTA MARIA SUB,0.09264746985464428,22,D,BRKR,,,,,left_only
44377458,MILLBRAE SUB,0.05094408345935974,22,D,BRKR,,,,,left_only
43173130,DINUBA SUB,0.058800182090134274,22,D,BRKR,,,,,left_only
42690921,HIGHLANDS SUB,0.07395977521219668,22,D,BRKR,,,,,left_only
42739301,GIFFEN SUB,0.06305911223671501,22,D,BRKR,,,,,left_only
42780684,OROSI SUB,0.0639883428864007,22,D,BRKR,,,,,left_only
42683464,VASCO SUB,0.08530680633379384,22,D,BRKR,,,,,left_only
44165916,WISE 1 & 2 PH,0.041511754159833984,22,D,BRKR,,,,,left_only
42631602,TUPMAN SUB,0.09078065224515683,22,D,BRKR,,,,,left_only
44837015,CHICO B SUB,0.024900160856490227,12,D,BRKR,,,,,left_only
42734657,CANTUA SUB,0.059159112236715015,22,D,BRKR,,,,,left_only
44921933,DINUBA SUB,0.0376,22,D,BRKR,,,,,left_only
42734659,CANTUA SUB,0.059609112236715014,22,D,BRKR,,,,,left_only
44278014,BROWNS VALLEY ENERGY,0.0359020222841195,22,D,BRKR,,,,,left_only
43684112,OLD RIVER SUB,0.05503353275260919,22,D,BRKR,,,,,left_only
42676476,CARUTHERS SUB,0.077459631930883,22,D,BRKR,,,,,left_only
42838918,TEJON SUB,0.06988834288640071,22,D,BRKR,,,,,left_only
45166113,CHOLAME SUB,0.041,22,D,BRKR,,,,,left_only
42663907,WHISMAN SUB,0.07260963193088299,22,D,BRKR,,,,,left_only
42838676,SMYRNA SUB,0.06368851579662496,22,D,BRKR,,,,,left_only
42703358,STROUD SUB,0.07601713002988766,22,D,BRKR,,,,,left_only
42749576,FRUITVALE SUB,0.08840277546261187,22,D,BRKR,,,,,left_only
42698792,WOODSIDE SUB,0.055517130029887674,22,D,BRKR,,,,,left_only
42838680,SMYRNA SUB,0.07038851579662496,22,D,BRKR,,,,,left_only
42640843,DINUBA SUB,0.10802936993713058,32,D,BRKR,,,,,left_only
42838911,TEJON SUB,0.06773834288640071,22,D,BRKR,,,,,left_only
43187569,ORTIGA SUB,0.058871786084855895,22,D,BRKR,,,,,left_only
42749578,FRUITVALE SUB,0.08775277546261187,22,D,BRKR,,,,,left_only
42735611,HURON SUB,0.06907386581385727,22,D,BRKR,,,,,left_only
42739303,GIFFEN SUB,0.06365911223671501,22,D,BRKR,,,,,left_only
42595789,FLINT SUB,0.0871427700633214,22,D,BRKR,,,,,left_only
45142528,COLUSA SUB,0.0401,22,D,BRKR,,,,,left_only
42732330,PIT #3 PH,0.06908699368444546,22,D,BRKR,,,,,left_only
45237483,SANTA NELLA SUB,0.0399,22,D,BRKR,,,,,left_only
45329428,PERRY SUB,0.0195,12,D,BRKR,,,,,left_only
42735613,HURON SUB,0.06877386581385726,22,D,BRKR,,,,,left_only
44698617,RIO BRAVO SUB,0.0422,22,D,BRKR,,,,,left_only
43182814,SANTA YNEZ SUB,0.05156678226347845,22,D,BRKR,,,,,left_only
44764237,CMC SUB,0.0382,22,D,BRKR,,,,,left_only
42703360,STROUD SUB,0.07613528977201102,22,D,BRKR,,,,,left_only
42703353,STROUD SUB,0.07316713002988767,22,D,BRKR,,,,,left_only
43601758,GUERNSEY SUB,0.04368144015590356,22,D,BRKR,,,,,left_only
45169717,CUYAMA SUB,0.0413,22,D,BRKR,,,,,left_only
44178103,LAKEVIEW SUB,0.039055576542254035,22,D,BRKR,,,,,left_only
44696224,SHAFTER SUB,0.0456,22,D,BRKR,,,,,left_only
44178104,LAKEVIEW SUB,0.03840557654225403,22,D,BRKR,,,,,left_only
44339801,MAXWELL SUB,0.04538027606191704,22,D,BRKR,,,,,left_only
45609892,HIGHLANDS SUB,0.0192,12,D,BRKR,,,,,left_only
43683530,LAKEVIEW SUB,0.043231440155903564,22,D,BRKR,,,,,left_only
45562882,TERMINOUS SUB,0.0564,22,D,BRKR,,,,,left_only
45366113,DUNNIGAN SUB,0.0494,22,D,BRKR,,,,,left_only
45366145,DUNNIGAN SUB,0.0491,22,D,BRKR,,,,,left_only
45487845,CATLETT SUB,0.049,22,D,BRKR,,,,,left_only
45554962,COUNTRY CLUB SUB,0.0465,22,D,BRKR,,,,,left_only
45651837,RIO DELL SUB,0.0459,22,D,BRKR,,,,,left_only
45366143,DUNNIGAN SUB,0.0442,22,D,BRKR,,,,,left_only
45404527,LUCERNE SUB,0.0428,22,D,BRKR,,,,,left_only
45208106,BLUE LAKE SUB,0.0427,22,D,BRKR,,,,,left_only
45651839,RIO DELL SUB,0.0426,22,D,BRKR,,,,,left_only
45753849,OROVILLE SUB,0.0414,22,D,BRKR,,,,,left_only
45668895,OTTER SUB,0.0413,22,D,BRKR,,,,,left_only
45221027,TEJON SUB,0.0406,22,D,BRKR,,,,,left_only
45707303,SAN BERNARD SUB,0.0401,22,D,BRKR,,,,,left_only
45389951,WHEATLAND SUB,0.04,22,D,BRKR,,,,,left_only
45579017,KANAKA SUB,0.0394,22,D,BRKR,,,,,left_only
45707301,SAN BERNARD SUB,0.0393,22,D,BRKR,,,,,left_only
45588506,MARTELL SUB,0.039,22,D,BRKR,,,,,left_only
45452231,POINT PINOLE SUB,0.0389,22,D,BRKR,,,,,left_only
45587983,ROCKLIN SUB,0.0381,22,D,BRKR,,,,,left_only
44924489,TEMBLOR SUB,0.023748786689210908,12,D,BRKR,,,,,left_only
45304769,CALFLAX SUB,0.0189,12,D,BRKR,,,,,left_only
45304771,CALFLAX SUB,0.0179,12,D,BRKR,,,,,left_only
45595148,SPENCE SUB,0.0229,12,D,BRKR,,,,,left_only
45419149,DEEPWATER SUB,0.0217,12,D,BRKR,,,,,left_only
45471516,SPENCE SUB,0.0176,12,D,BRKR,,,,,left_only
45712077,CARBONA SUB,0.0203,12,D,BRKR,,,,,left_only
45666772,PARADISE SUB,0.02,12,D,BRKR,,,,,left_only
45744126,PARADISE SUB,0.0185,12,D,BRKR,,,,,left_only
45595151,SPENCE SUB,0.0184,12,D,BRKR,,,,,left_only
45623485,POINT ARENA SUB,0.0172,12,D,BRKR,,,,,left_only
45712080,CARBONA SUB,0.0171,12,D,BRKR,,,,,left_only
45595155,SPENCE SUB,0.023901111111111113,12,D,BRKR,,,,,left_only
45712073,CARBONA SUB,0.0144,12,D,BRKR,,,,,left_only
45712086,CARBONA SUB,0.0137,12,D,BRKR,,,,,left_only
45712075,CARBONA SUB,0.0132,12,D,BRKR,,,,,left_only
45712089,CARBONA SUB,0.0132,12,D,BRKR,,,,,left_only
45712091,CARBONA SUB,0.0117,12,D,BRKR,,,,,left_only
45712093,CARBONA SUB,0.0116,12,D,BRKR,,,,,left_only
45712082,CARBONA SUB,0.0144,12,D,BRKR,,,,,left_only
45712069,CARBONA SUB,0.0135,12,D,BRKR,,,,,left_only
45712071,CARBONA SUB,0.0119,12,D,BRKR,,,,,left_only
45712084,CARBONA SUB,0.0112,12,D,BRKR,,,,,left_only
45732306,PARADISE SUB,0.0158,12,D,BRKR,,,,,left_only
43189685,EIGHT MILE SUB,0.050671786084855897,22,D,BRKR,,,,,left_only
42740983,WEST POINT PH,0.06340970210864688,22,D,BRKR,,,,,left_only
45128415,NEWARK DIST SUB,0.01782584481269852,12,D,BRKR,,,,,left_only
42708024,HAMMER SUB,0.06938528977201103,22,D,BRKR,,,,,left_only
42698794,WOODSIDE SUB,0.08471713002988768,22,D,BRKR,,,,,left_only
42841914,MIDWAY SUB,0.06713851579662496,22,D,BRKR,,,,,left_only
42709499,WISE 1 & 2 PH,0.06613699368444545,22,D,BRKR,,,,,left_only
42835539,OREGON TRAIL SUB,0.06508825643128857,22,D,BRKR,,,,,left_only
44600632,GATES SUB,0.03794657062772203,22,D,BRKR,,,,,left_only
42745260,SANTA MARIA SUB,0.061007932492851295,22,D,BRKR,,,,,left_only
43684131,EAST MARYSVILLE SUB,0.04116175415983399,22,D,BRKR,,,,,left_only
42634464,GANSNER SUB,0.09048190306713431,22,D,BRKR,,,,,left_only
45221096,TIVY VALLEY SUB,0.0300536231884058,12,D,BRKR,,,,,left_only
42705817,LINCOLN SUB,0.07487277746794155,22,D,BRKR,,,,,left_only
43702758,DIVIDE SUB,0.051668554527004404,22,D,BRKR,,,,,left_only
44895569,BUTTE SUB,0.0373,22,D,BRKR,,,,,left_only
45005132,ROSSMOOR SUB,0.0414,22,D,BRKR,,,,,left_only
42677344,WHISMAN SUB,0.08200680633379384,22,D,BRKR,,,,,left_only
43162908,DINUBA SUB,0.06118834288640071,22,D,BRKR,,,,,left_only
44385738,BOLINAS SUB,0.0457713948714534,22,D,BRKR,,,,,left_only
42707436,NEWMAN SUB,0.08127852585146753,22,D,BRKR,,,,,left_only
42576487,SYCAMORE CREEK SUB,0.0876427700633214,22,D,BRKR,,,,,left_only
42607281,CLAY SUB,0.094871281333099,22,D,BRKR,,,,,left_only
44930988,EL NIDO SUB,0.0388,22,D,BRKR,,,,,left_only
43182033,EEL RIVER SUB,0.055716782263478454,22,D,BRKR,,,,,left_only
42707396,BURNS SUB,0.0788594886495693,22,D,BRKR,,,,,left_only
45308819,LIVERMORE SUB,0.0188,12,D,BRKR,,,,,left_only
43157574,MENDOTA SUB,0.0534926921650537,22,D,BRKR,,,,,left_only
42676425,VICTOR SUB,0.09078065224515683,22,D,BRKR,,,,,left_only
42835435,EL CAPITAN SUB,0.0556926921650537,22,D,BRKR,,,,,left_only
44930990,EL NIDO SUB,0.0552,22,D,BRKR,,,,,left_only
45320876,MOUNTAIN VIEW SUB,0.0383,22,D,BRKR,,,,,left_only
43485020,STILLWATER SUB,0.056866021865411585,22,D,BRKR,,,,,left_only
43595804,WEST FRESNO SUB,0.0512835327526092,22,D,BRKR,,,,,left_only
42708020,ORTIGA SUB,0.07876713002988767,22,D,BRKR,,,,,left_only
42674483,CHOWCHILLA SUB,0.07310963193088299,22,D,BRKR,,,,,left_only
42707434,NEWMAN SUB,0.08137852585146753,22,D,BRKR,,,,,left_only
42711826,WESTPARK SUB,0.06693528977201102,22,D,BRKR,,,,,left_only
44848673,CASTROVILLE SUB,0.028171805482000996,12,D,BRKR,,,,,left_only
44187793,WOODLAND SUB,0.041323082613256484,22,D,BRKR,,,,,left_only
42706757,LAS POSITAS SUB,0.06768528977201102,22,D,BRKR,,,,,left_only
40991151,OAKLAND X SUB,0.6863207774251481,52,D,BRKR,,,,,left_only
44783176,GEYSERVILLE SUB,0.0401,22,D,BRKR,,,,,left_only
42742949,KERMAN SUB,0.06967386581385726,22,D,BRKR,,,,,left_only
44930989,EL NIDO SUB,0.0441,22,D,BRKR,,,,,left_only
43693199,GRASS VALLEY SUB,0.043911754159833984,22,D,BRKR,,,,,left_only
42728093,LAMONT SUB,0.06666975904696731,22,D,BRKR,,,,,left_only
44183895,EEL RIVER SUB,0.04257056440024913,22,D,BRKR,,,,,left_only
44283257,HONCUT SUB,0.046452022284119494,22,D,BRKR,,,,,left_only
43693197,GRASS VALLEY SUB,0.04356175415983399,22,D,BRKR,,,,,left_only
42597373,LIVE OAK SUB,0.096071281333099,22,D,BRKR,,,,,left_only
45188281,ZACA SUB,0.0418,22,D,BRKR,,,,,left_only
45453219,PLACER SUB,0.0405,22,D,BRKR,,,,,left_only
44739532,LERDO SUB,0.02563034359265809,12,D,BRKR,,,,,left_only
42730958,SAN RAFAEL SUB,0.06635082049705475,22,D,BRKR,,,,,left_only
44878693,AVENA SUB,0.023643278919800007,12,D,BRKR,,,,,left_only
44638191,HIGGINS SUB,0.03780768222466287,22,D,BRKR,,,,,left_only
43136552,RIO DELL SUB,0.06668868870684921,22,D,BRKR,,,,,left_only
44905837,WILLOWS A SUB,0.0374,22,D,BRKR,,,,,left_only
44329886,LE GRAND SUB,0.04342731566509583,22,D,BRKR,,,,,left_only
42735257,HIGHWAY SUB,0.06827386581385726,22,D,BRKR,,,,,left_only
45181976,TRIMBLE SUB,0.037,22,D,BRKR,,,,,left_only
44836065,LODI SUB,0.0403,22,D,BRKR,,,,,left_only
40995333,COUNTRY CLUB SUB,0.45669804075709247,42,D,BRKR,,,,,left_only
42758155,MCFARLAND SUB,0.07037386581385727,22,D,BRKR,,,,,left_only
43182428,MALAGA SUB,0.0584217860848559,22,D,BRKR,,,,,left_only
45060616,AVENA SUB,0.0189838214344656,12,D,BRKR,,,,,left_only
44877775,GUALALA SUB,0.0411,22,D,BRKR,,,,,left_only
42595898,FAIRWAY SUB,0.09237278626119283,22,D,BRKR,,,,,left_only
44170295,TRACY SUB,0.04873270934253291,22,D,BRKR,,,,,left_only
42735812,BELLE HAVEN SUB,0.06605082049705474,22,D,BRKR,,,,,left_only
42831526,DIXON SUB,0.06348825643128858,22,D,BRKR,,,,,left_only
42676423,VICTOR SUB,0.08898065224515682,22,D,BRKR,,,,,left_only
43590798,PANOCHE SUB,0.05815018209013428,22,D,BRKR,,,,,left_only
44739531,LERDO SUB,0.02568034359265809,12,D,BRKR,,,,,left_only
43170025,EAST NICOLAUS SUB,0.059364380092773464,22,D,BRKR,,,,,left_only
42670345,BELL SUB,0.08788190306713431,22,D,BRKR,,,,,left_only
42623767,ARBUCKLE SUB,0.09623190306713432,22,D,BRKR,,,,,left_only
44076942,WEST FRESNO SUB,0.0520835327526092,22,D,BRKR,,,,,left_only
42757435,OROSI SUB,0.06759323206595749,22,D,BRKR,,,,,left_only
43173326,DALY CITY SUB,0.04798659806902075,22,D,BRKR,,,,,left_only
43595800,WEST FRESNO SUB,0.0513335327526092,22,D,BRKR,,,,,left_only
43251990,WESTPARK SUB,0.04679682215947195,22,D,BRKR,,,,,left_only
45419151,DEEPWATER SUB,0.0235,12,D,BRKR,,,,,left_only
42746396,BRITTON SUB,0.05975911223671501,22,D,BRKR,,,,,left_only
43134733,MARYSVILLE SUB,0.06318825643128857,22,D,BRKR,,,,,left_only
42671512,ORLAND B SUB,0.08341147457336863,22,D,BRKR,,,,,left_only
42600986,OLIVEHURST SUB,0.09717128133309899,22,D,BRKR,,,,,left_only
43687277,VALLEY HOME SUB,0.0470335327526092,22,D,BRKR,,,,,left_only
44696221,SHAFTER SUB,0.0398,22,D,BRKR,,,,,left_only
45303043,PHILO SUB,0.0178,12,D,BRKR,,,,,left_only
42786088,WOODACRE SUB,0.0548,22,D,BRKR,,,,,left_only
42726752,PUTAH CREEK SUB,0.07602277746794156,22,D,BRKR,,,,,left_only
43595807,WEST FRESNO SUB,0.0508335327526092,22,D,BRKR,,,,,left_only
43175647,ANITA SUB,0.06333825643128857,22,D,BRKR,,,,,left_only
42646062,STOCKTON A SUB,0.10023065224515681,32,D,BRKR,,,,,left_only
42690245,SUMMIT SUB,0.08466147457336863,22,D,BRKR,,,,,left_only
43170024,EAST NICOLAUS SUB,0.05761438009277346,22,D,BRKR,,,,,left_only
43137177,RIO DELL SUB,0.06868868870684922,22,D,BRKR,,,,,left_only
43603698,MANCHESTER SUB,0.0541835327526092,22,D,BRKR,,,,,left_only
44076943,WEST FRESNO SUB,0.05113353275260919,22,D,BRKR,,,,,left_only
45404468,COUNTRY CLUB SUB,0.0419,22,D,BRKR,,,,,left_only
43689058,GRASS VALLEY SUB,0.050511754159833985,22,D,BRKR,,,,,left_only
44894530,JACOBS CORNER SUB,0.021693278919800007,12,D,BRKR,,,,,left_only
42705716,HENRIETTA SUB,0.073559631930883,22,D,BRKR,,,,,left_only
42708701,GARBERVILLE SUB,0.07903003173785174,22,D,BRKR,,,,,left_only
45453572,BULLARD SUB,0.0172,12,D,BRKR,,,,,left_only
42697720,WISE 1 & 2 PH,0.07445984685285352,22,D,BRKR,,,,,left_only
42735814,BELLE HAVEN SUB,0.06630082049705474,22,D,BRKR,,,,,left_only
44836063,LODI SUB,0.0399,22,D,BRKR,,,,,left_only
43687279,VALLEY HOME SUB,0.0453335327526092,22,D,BRKR,,,,,left_only
44170280,DEEPWATER SUB,0.04268027606191704,22,D,BRKR,,,,,left_only
42677224,PALMER SUB,0.09827815060120186,22,D,BRKR,,,,,left_only
45071479,FMC SUB,0.0363,22,D,BRKR,,,,,left_only
42737614,HERDLYN SUB,0.07662386581385727,22,D,BRKR,,,,,left_only
42757515,WAHTOKE SUB,0.0712432320659575,22,D,BRKR,,,,,left_only
44320613,EUREKA A SUB,0.03732432259367856,22,D,BRKR,,,,,left_only
43168594,EAST NICOLAUS SUB,0.05781438009277347,22,D,BRKR,,,,,left_only
42675455,CHOWCHILLA SUB,0.08400680633379384,22,D,BRKR,,,,,left_only
44447065,BAIR SUB,0.03472630926139779,22,D,BRKR,,,,,left_only
42714819,SHADY GLEN SUB,0.06628699368444545,22,D,BRKR,,,,,left_only
42671414,HARDWICK SUB,0.07460963193088299,22,D,BRKR,,,,,left_only
42676474,CARUTHERS SUB,0.08405963193088299,22,D,BRKR,,,,,left_only
42597381,LIVE OAK SUB,0.09642128133309899,22,D,BRKR,,,,,left_only
44381657,MADERA SUB,0.04467731566509583,22,D,BRKR,,,,,left_only
45261752,PLACERVILLE SUB,0.0212,12,D,BRKR,,,,,left_only
42735034,KINGSBURG SUB,0.059859112236715015,22,D,BRKR,,,,,left_only
42627203,CHALLENGE SUB,0.07163190306713432,22,D,BRKR,,,,,left_only
45088229,STONE CORRAL SUB,0.01993412817905971,12,D,BRKR,,,,,left_only
43162916,WEEDPATCH SUB,0.0629883428864007,22,D,BRKR,,,,,left_only
44324402,SAN JOAQUIN #2 PH,0.0472,22,D,BRKR,,,,,left_only
42597775,PEACHTON SUB,0.098521281333099,22,D,BRKR,,,,,left_only
44076941,WEST FRESNO SUB,0.0523335327526092,22,D,BRKR,,,,,left_only
40994788,TWISSELMAN SUB,0.844,52,D,BRKR,,,,,left_only
44852146,STOCKTON A SUB,0.02717974591471417,12,D,BRKR,,,,,left_only
45071481,FMC SUB,0.0465,22,D,BRKR,,,,,left_only
45470377,KNIGHTS LANDING SUB,0.0444,22,D,BRKR,,,,,left_only
44231046,MAXWELL SUB,0.04855202228411949,22,D,BRKR,,,,,left_only
42748007,CAYUCOS SUB,0.06285793249285129,22,D,BRKR,,,,,left_only
44894893,STOCKTON A SUB,0.026629745914714172,12,D,BRKR,,,,,left_only
44858526,CORTINA SUB,0.0396,22,D,BRKR,,,,,left_only
42579671,CHICO B SUB,0.09009277006332139,22,D,BRKR,,,,,left_only
42681868,WYANDOTTE SUB,0.07355984685285352,22,D,BRKR,,,,,left_only
45267279,SAN CARLOS SUB,0.0218,12,D,BRKR,,,,,left_only
44854039,SISQUOC SUB,0.0385,22,D,BRKR,,,,,left_only
44171508,CAMDEN SUB,0.047332709342532905,22,D,BRKR,,,,,left_only
42687946,ZAMORA SUB,0.08246147457336862,22,D,BRKR,,,,,left_only
44912364,STONE CORRAL SUB,0.0357,22,D,BRKR,,,,,left_only
40993687,STUART SUB,0.6549377816398994,42,D,BRKR,,,,,left_only
42730986,SUNOL SUB,0.07347386581385726,22,D,BRKR,,,,,left_only
42626298,OLD RIVER SUB,0.09098065224515682,22,D,BRKR,,,,,left_only
44905256,FORT BRAGG A SUB,0.02267675561156731,12,D,BRKR,,,,,left_only
44329964,LE GRAND SUB,0.04217731566509583,22,D,BRKR,,,,,left_only
40993692,STUART SUB,0.6234377816398994,42,D,BRKR,,,,,left_only
43134736,MARYSVILLE SUB,0.06368825643128857,22,D,BRKR,,,,,left_only
45104658,SMARTVILLE SUB,0.0388,22,D,BRKR,,,,,left_only
42620830,LINDEN SUB,0.08960277546261187,22,D,BRKR,,,,,left_only
45187233,GANSO SUB,0.037,22,D,BRKR,,,,,left_only
43593570,WEST FRESNO SUB,0.0534835327526092,22,D,BRKR,,,,,left_only
45658655,BELLE HAVEN SUB,0.0581,22,D,BRKR,,,,,left_only
43190367,FAIRHAVEN SUB,0.06218659806902076,22,D,BRKR,,,,,left_only
42691607,SAN ARDO SUB,0.07535920208694194,22,D,BRKR,,,,,left_only
40997225,SAN CARLOS SUB,0.1806012685682929,32,D,BRKR,,,,,left_only
44894892,STOCKTON A SUB,0.025329745914714173,12,D,BRKR,,,,,left_only
44735103,RIO BRAVO SUB,0.0374,22,D,BRKR,,,,,left_only
45037183,NEW HOPE SUB,0.02069609058706988,12,D,BRKR,,,,,left_only
44329884,LE GRAND SUB,0.04267731566509583,22,D,BRKR,,,,,left_only
40993689,STUART SUB,0.6129377816398993,42,D,BRKR,,,,,left_only
43673721,SUISUN SUB,0.04998144015590356,22,D,BRKR,,,,,left_only
42734508,LAMONT SUB,0.0782042283219236,22,D,BRKR,,,,,left_only
43601522,LAMONT SUB,0.053088525494477457,22,D,BRKR,,,,,left_only
42831539,DIXON SUB,0.06348825643128858,22,D,BRKR,,,,,left_only
43686983,COALINGA #2 SUB,0.05333852549447746,22,D,BRKR,,,,,left_only
45048502,BELMONT SUB,0.0361,22,D,BRKR,,,,,left_only
42705718,HENRIETTA SUB,0.06783528977201103,22,D,BRKR,,,,,left_only
44171509,CAMDEN SUB,0.04803270934253291,22,D,BRKR,,,,,left_only
43240832,KESWICK SUB,0.0488868421074687,22,D,BRKR,,,,,left_only
42736215,SANGER SUB,0.05830911223671502,22,D,BRKR,,,,,left_only
43161525,BUENA VISTA SUB,0.05679921608303319,22,D,BRKR,,,,,left_only
42748013,SAN LEANDRO U SUB,0.06916576705755655,22,D,BRKR,,,,,left_only
42635441,CHARCA SUB,0.09183065224515682,22,D,BRKR,,,,,left_only
45105608,TULARE LAKE SUB,0.02071510938306479,12,D,BRKR,,,,,left_only
44196707,DAIRYLAND SUB,0.047382709342532914,22,D,BRKR,,,,,left_only
45534806,SAN CARLOS SUB,0.0167,12,D,BRKR,,,,,left_only
43684110,OLD RIVER SUB,0.05578144015590356,22,D,BRKR,,,,,left_only
40993688,STUART SUB,0.6181877816398993,42,D,BRKR,,,,,left_only
42745116,PEASE SUB,0.07427791519200762,22,D,BRKR,,,,,left_only
40993684,STUART SUB,0.6039377816398994,42,D,BRKR,,,,,left_only
43600620,SCHINDLER SUB,0.053383532752609195,22,D,BRKR,,,,,left_only
44631726,TRIMBLE SUB,0.037924347433840364,22,D,BRKR,,,,,left_only
45141252,DAIRYLAND SUB,0.02054639733166399,12,D,BRKR,,,,,left_only
40993686,STUART SUB,0.5789377816398994,42,D,BRKR,,,,,left_only
40993685,STUART SUB,0.6281877816398993,42,D,BRKR,,,,,left_only
42688025,ARCATA SUB,0.058955835153779904,22,D,BRKR,,,,,left_only
42830130,MADERA SUB,0.053542692165053696,22,D,BRKR,,,,,left_only
43692407,ORO LOMA SUB,0.043781440155903566,22,D,BRKR,,,,,left_only
45071917,VINA SUB,0.0378,22,D,BRKR,,,,,left_only
42737615,HERDLYN SUB,0.07452386581385727,22,D,BRKR,,,,,left_only
44825301,LERDO SUB,0.02813034359265809,12,D,BRKR,,,,,left_only
42610394,EAST GRAND SUB,0.08887815060120186,22,D,BRKR,,,,,left_only
42626965,CORCORAN SUB,0.09108065224515682,22,D,BRKR,,,,,left_only
44329456,LE GRAND SUB,0.044527315665095824,22,D,BRKR,,,,,left_only
42739933,BARRY SUB,0.06907791519200762,22,D,BRKR,,,,,left_only
43137552,PETALUMA C SUB,0.09474490225298195,22,D,BRKR,,,,,left_only
45594393,BELLE HAVEN SUB,0.0484,22,D,BRKR,,,,,left_only
45249906,EDES SUB,0.0205,12,D,BRKR,,,,,left_only
45604907,BELLE HAVEN SUB,0.0509,22,D,BRKR,,,,,left_only
45739484,SAN CARLOS SUB,0.0231,12,D,BRKR,,,,,left_only
45753972,SAN CARLOS SUB,0.0164,12,D,BRKR,,,,,left_only
45674872,SAN CARLOS SUB,0.0243,12,D,BRKR,,,,,left_only
45605530,SAN CARLOS SUB,0.0219,12,D,BRKR,,,,,left_only
45727088,BELLE HAVEN SUB,0.0193,12,D,BRKR,,,,,left_only
45696672,BELLE HAVEN SUB,0.0242,12,D,BRKR,,,,,left_only
43184142,ORO LOMA SUB,0.049146822159471956,22,D,BRKR,,,,,left_only
44879890,ANITA SUB,0.0405,22,D,BRKR,,,,,left_only
44825315,LERDO SUB,0.02658034359265809,12,D,BRKR,,,,,left_only
42635444,CHARCA SUB,0.09033065224515682,22,D,BRKR,,,,,left_only
43600624,SCHINDLER SUB,0.0524835327526092,22,D,BRKR,,,,,left_only
45037185,NEW HOPE SUB,0.0228,12,D,BRKR,,,,,left_only
42620860,TERMINOUS SUB,0.09877574212447572,22,D,BRKR,,,,,left_only
43600622,SCHINDLER SUB,0.0525335327526092,22,D,BRKR,,,,,left_only
42739932,BARRY SUB,0.07027791519200761,22,D,BRKR,,,,,left_only
44144218,SEMITROPIC SUB,0.04653144015590356,22,D,BRKR,,,,,left_only
45470375,KNIGHTS LANDING SUB,0.0464,22,D,BRKR,,,,,left_only
43184133,ORO LOMA SUB,0.04704682215947195,22,D,BRKR,,,,,left_only
43600386,OLD KEARNEY SUB,0.08401980168621213,22,D,BRKR,,,,,left_only
43203921,EUREKA A SUB,0.05061678226347846,22,D,BRKR,,,,,left_only
42739931,BARRY SUB,0.07197791519200762,22,D,BRKR,,,,,left_only
44997901,ORICK SUB,0.0338,22,D,BRKR,,,,,left_only
42780695,OROSI SUB,0.06233834288640071,22,D,BRKR,,,,,left_only
42627143,DEEPWATER SUB,0.06873190306713432,22,D,BRKR,,,,,left_only
42618639,FORT SEWARD SUB,0.09759815279314182,22,D,BRKR,,,,,left_only
44701460,SPENCE SUB,0.0406,22,D,BRKR,,,,,left_only
44696223,SHAFTER SUB,0.0427,22,D,BRKR,,,,,left_only
44606099,EL PECO SUB,0.02950367977608107,12,D,BRKR,,,,,left_only
42622782,CARUTHERS SUB,0.09672574212447571,22,D,BRKR,,,,,left_only
42676475,CARUTHERS SUB,0.071909631930883,22,D,BRKR,,,,,left_only
44696222,SHAFTER SUB,0.0421,22,D,BRKR,,,,,left_only
44865813,SMYRNA SUB,0.042,22,D,BRKR,,,,,left_only
45237364,SANTA NELLA SUB,0.0407,22,D,BRKR,,,,,left_only
42732345,GOOSE LAKE SUB,0.08141713002988768,22,D,BRKR,,,,,left_only
40993691,STUART SUB,0.6209377816398993,42,D,BRKR,,,,,left_only
44879893,ANITA SUB,0.0393,22,D,BRKR,,,,,left_only
44865810,SMYRNA SUB,0.0413,22,D,BRKR,,,,,left_only
42640845,DINUBA SUB,0.09412936993713057,22,D,BRKR,,,,,left_only
43190372,FAIRHAVEN SUB,0.060436598069020755,22,D,BRKR,,,,,left_only
42838916,TEJON SUB,0.0672883428864007,22,D,BRKR,,,,,left_only
42708927,MCKITTRICK SUB,0.08786713002988766,22,D,BRKR,,,,,left_only
42691915,MIDDLETOWN SUB,0.08450991849351036,22,D,BRKR,,,,,left_only
45101449,WATSONVILLE SUB,0.038,22,D,BRKR,,,,,left_only
42631604,TUPMAN SUB,0.09238065224515682,22,D,BRKR,,,,,left_only
43684108,OLD RIVER SUB,0.054883532752609196,22,D,BRKR,,,,,left_only
42687465,CANTUA SUB,0.07515963193088299,22,D,BRKR,,,,,left_only
42831507,MCFARLAND SUB,0.06493851579662496,22,D,BRKR,,,,,left_only
44701462,SPENCE SUB,0.0399,22,D,BRKR,,,,,left_only
45105610,TULARE LAKE SUB,0.020365109383064794,12,D,BRKR,,,,,left_only
44612865,MAPLE CREEK SUB,0.0429,22,D,BRKR,,,,,left_only
42838678,SMYRNA SUB,0.06458851579662496,22,D,BRKR,,,,,left_only
42703355,STROUD SUB,0.07713528977201102,22,D,BRKR,,,,,left_only
42615228,CANTUA SUB,0.10342574212447572,32,D,BRKR,,,,,left_only
43593118,BLACKWELL SUB,0.04693498282519051,22,D,BRKR,,,,,left_only
45237464,SANTA NELLA SUB,0.0413,22,D,BRKR,,,,,left_only
44231049,MAXWELL SUB,0.04845202228411949,22,D,BRKR,,,,,left_only
44642674,MCFARLAND SUB,0.0407,22,D,BRKR,,,,,left_only
42646221,MARICOPA SUB,0.08071980168621214,22,D,BRKR,,,,,left_only
42618640,FORT SEWARD SUB,0.09314815279314181,22,D,BRKR,,,,,left_only
42670442,COPUS SUB,0.08963065224515682,22,D,BRKR,,,,,left_only
43683510,LAKEVIEW SUB,0.04438144015590356,22,D,BRKR,,,,,left_only
44712683,ARANA SUB,0.0393,22,D,BRKR,,,,,left_only
44865808,SMYRNA SUB,0.0422,22,D,BRKR,,,,,left_only
40990889,LAWNDALE SUB,0.2701614339514534,42,D,BRKR,,,,,left_only
40990888,LAWNDALE SUB,0.325,42,D,BRKR,,,,,left_only
42710523,SAUSALITO SUB,0.0843558351537799,22,D,BRKR,,,,,left_only
40993690,STUART SUB,0.6241877816398993,42,D,BRKR,,,,,left_only
42751496,PETALUMA A SUB,0.06962386581385727,22,D,BRKR,,,,,left_only
42675494,TRACY SUB,0.07790963193088299,22,D,BRKR,,,,,left_only
42710524,SAUSALITO SUB,0.0773058351537799,22,D,BRKR,,,,,left_only
43692694,OROVILLE SUB,0.04161175415983399,22,D,BRKR,,,,,left_only
42632062,OROVILLE SUB,0.09048190306713431,22,D,BRKR,,,,,left_only
45645143,RALSTON SUB,0.0222,12,D,BRKR,,,,,left_only
42622545,RIVERBANK SUB,0.09440277546261187,23,D,BRKR,,,,,left_only
43705104,EL DORADO PH,0.044461754159833985,23,D,BRKR,,,,,left_only
42645614,SOLEDAD SUB,0.08362727502581761,23,D,BRKR,,,,,left_only
42645621,SOLEDAD SUB,0.0800272750258176,22,D,BRKR,,,,,left_only
40993527,SAN FRAN Z (EMBARCADERO) SUB,0.25898337025429946,43,D,BRKR,,,,,left_only
40993522,SAN FRAN Z (EMBARCADERO) SUB,0.25898337025429946,43,D,BRKR,,,,,left_only
40993552,SAN FRAN Z (EMBARCADERO) SUB,0.25898337025429946,43,D,BRKR,,,,,left_only
40993553,SAN FRAN Z (EMBARCADERO) SUB,0.25898337025429946,43,D,BRKR,,,,,left_only
42707099,EAST STOCKTON SUB,0.445,42,D,BRKR,,,,,left_only
40992521,GRAND ISLAND SUB,0.611,43,D,BRKR,,,,,left_only
40991421,SAN FRAN P(HUNTERS POINT) SUB,0.1797291321722477,33,D,BRKR,,,,,left_only
45136822,SWIFT SUB,0.036,23,D,BRKR,,,,,left_only
44406244,CASTRO VALLEY SUB,0.0374773025952574,23,D,BRKR,,,,,left_only
41106477,IGNACIO SUB,0.1264985156168086,33,D,BRKR,,,,,left_only
40991475,ROSSMOOR SUB,0.14519618542022633,33,D,BRKR,,,,,left_only
41192844,SAUSALITO SUB,0.12053390007797357,33,D,BRKR,,,,,left_only
41339129,REEDLEY SUB,0.1014767758280837,32,D,BRKR,,,,,left_only
41356895,BARTON SUB,0.09922488880733804,22,D,BRKR,,,,,left_only
41199084,TWENTY-FIRST AVE SUB,0.11478390007797357,32,D,BRKR,,,,,left_only
40990622,MORGAN HILL SUB,0.16388356966500536,33,D,BRKR,,,,,left_only
40995284,SAN FRAN P(HUNTERS POINT) SUB,0.8450528103642869,53,D,BRKR,,,,,left_only
40995289,SAN LEANDRO U SUB,0.9111193871060473,53,D,BRKR,,,,,left_only
40997257,SAN LEANDRO U SUB,0.8723096935530237,53,D,BRKR,,,,,left_only
40995274,SAN FRAN P(HUNTERS POINT) SUB,0.8915528103642869,53,D,BRKR,,,,,left_only
40995383,SAN LEANDRO U SUB,0.8833096935530237,53,D,BRKR,,,,,left_only
40997255,SAN LEANDRO U SUB,0.5080596935530237,43,D,BRKR,,,,,left_only
40997243,SAN LEANDRO U SUB,0.9111193871060473,53,D,BRKR,,,,,left_only
40995282,SAN FRAN P(HUNTERS POINT) SUB,0.7595528103642869,53,D,BRKR,,,,,left_only
40995281,SAN FRAN P(HUNTERS POINT) SUB,0.8265528103642868,53,D,BRKR,,,,,left_only
40997256,SAN LEANDRO U SUB,0.9165,53,D,BRKR,,,,,left_only
40995280,SAN FRAN P(HUNTERS POINT) SUB,0.636238354877223,43,D,BRKR,,,,,left_only
40993168,OAKLAND K (CLAREMONT) SUB,0.7011363323034434,53,D,BRKR,,,,,left_only
40993166,OAKLAND K (CLAREMONT) SUB,0.606249933030265,43,D,BRKR,,,,,left_only
40993173,OAKLAND K (CLAREMONT) SUB,0.8918863323034434,53,D,BRKR,,,,,left_only
41357499,SAN FRAN P(HUNTERS POINT) SUB,0.09725610350298056,23,D,BRKR,,,,,left_only
40993169,OAKLAND K (CLAREMONT) SUB,0.7267499330302649,53,D,BRKR,,,,,left_only
40993170,OAKLAND K (CLAREMONT) SUB,0.7463625687273083,53,D,BRKR,,,,,left_only
41357497,SAN FRAN P(HUNTERS POINT) SUB,0.09725610350298056,23,D,BRKR,,,,,left_only
45185302,SALT SPRINGS PH,0.01788780974534914,13,D,BRKR,,,,,left_only
41191665,SAN FRAN P(HUNTERS POINT) SUB,0.10283390007797358,33,D,BRKR,,,,,left_only
41235174,NORIEGA SUB,0.10376793178532143,32,D,BRKR,,,,,left_only
45159113,PALO SECO SUB,0.011814495893876573,12,D,BRKR,,,,,left_only
40997254,SAN LEANDRO U SUB,0.8855,53,D,BRKR,,,,,left_only
40995055,FAIRVIEW SUB,0.5411133898615711,43,D,BRKR,,,,,left_only
40997252,SAN LEANDRO U SUB,0.7286125687273084,53,D,BRKR,,,,,left_only
40995446,BAHIA SUB,0.6352873808046806,43,D,BRKR,,,,,left_only
41335751,NORIEGA SUB,0.09581922774510103,22,D,BRKR,,,,,left_only
40995357,SAN FRAN P(HUNTERS POINT) SUB,0.5427346644189813,43,D,BRKR,,,,,left_only
40997253,SAN LEANDRO U SUB,0.7678460088058124,53,D,BRKR,,,,,left_only
40990868,"NEWARK SUB, CIRCUIT BREAKERS",0.2013971816309527,44,T,BRKR,,,,,left_only
40996215,"KASSON SUB, CIRCUIT BREAKERS",0.7237479928437051,53,T,BRKR,,,,,left_only
43684250,"BELLOTA SUB, CIRCUIT BREAKERS",0.039123842169238074,24,T,BRKR,,,,,left_only
40990614,,0.6615058944464846,53,T,BRKR,,,,,left_only
44267638,"MIDWAY SUB, CIRCUIT BREAKERS",0.03953768956486267,24,T,BRKR,,,,,left_only
40996721,"OAKLAND C (OAKLAND PP) SUB, CIRCUIT BRKR",0.6117626088790253,44,T,BRKR,,,,,left_only
40997276,"STOCKTON A SUB, CIRCUIT BREAKERS",0.6082174115738608,43,T,BRKR,,,,,left_only
40996036,"GOLD HILL SUB, CIRCUIT BREAKERS",0.6038002294133442,44,T,BRKR,,,,,left_only
42604960,"HICKS SUB, CIRCUIT BREAKERS",0.0890716184855597,23,T,BRKR,,,,,left_only
41176929,"TESLA SUB, CIRCUIT BREAKERS",0.1488884135243763,33,T,BRKR,,,,,left_only
40996652,"MOUNTAIN VIEW SUB, CIRCUIT BREAKERS",0.5903235059545986,44,T,BRKR,,,,,left_only
41209257,"BRIGHTON SUB, CIRCUIT BREAKERS",0.1263837773886685,33,T,BRKR,,,,,left_only
42610333,"LONE TREE SUB, CIRCUIT BREAKERS",0.10959786359348707,33,T,BRKR,,,,,left_only
42561464,"TULUCAY SUB, CIRCUIT BREAKERS",0.10205612077325296,33,T,BRKR,,,,,left_only
40995839,"DEL MONTE SUB, CIRCUIT BREAKERS",0.5765422893583064,43,T,BRKR,,,,,left_only
40995817,"DIVIDE SUB, CIRCUIT BREAKERS",0.5745952696564174,44,T,BRKR,,,,,left_only
44945759,"DELEVAN SUB, CIRCUIT BREAKERS",0.0786,23,T,BRKR,,,,,left_only
42742158,"COTTLE SUB, CIRCUIT BREAKERS",0.06721963163649736,23,T,BRKR,,,,,left_only
44267640,"MIDWAY SUB, CIRCUIT BREAKERS",0.03833768956486267,24,T,BRKR,,,,,left_only
44858497,"ASHLAN AVE SUB, CIRCUIT BREAKERS",0.02762441394393041,13,T,BRKR,,,,,left_only
41163214,"SAN RAMON SUB, CIRCUIT BREAKERS",0.11858143987691272,33,T,BRKR,,,,,left_only
40995835,"DEL MONTE SUB, CIRCUIT BREAKERS",0.562513501164572,43,T,BRKR,,,,,left_only
40996092,"HELM SUB, CIRCUIT BREAKERS",0.5620882182129076,44,T,BRKR,,,,,left_only
41178996,"MONTA VISTA SUB, CIRCUIT BREAKERS",0.179379953081667,34,T,BRKR,,,,,left_only
40994912,"WITCO SW STA, CIRCUIT BREAKERS",0.5609028542664389,43,T,BRKR,,,,,left_only
41200554,"MORAGA SUB, CIRCUIT BREAKERS",0.12550529927904253,34,T,BRKR,,,,,left_only
40994973,"SAN LUIS OBISPO SUB, CIRCUIT BREAKERS",0.5564028542664389,43,T,BRKR,,,,,left_only
40996093,"HELM SUB, CIRCUIT BREAKERS",0.5494761293779464,44,T,BRKR,,,,,left_only
40996469,"MESA SUB, CIRCUIT BREAKERS",0.5484613143781666,44,T,BRKR,,,,,left_only
40994913,"WITCO SW STA, CIRCUIT BREAKERS",0.5438028542664388,43,T,BRKR,,,,,left_only
40994845,"WEBER SUB, CIRCUIT BREAKERS",0.5996952696564174,43,T,BRKR,,,,,left_only
40994820,"VACA DIXON SUB, CIRCUIT BREAKERS",0.29199062958912786,44,T,BRKR,,,,,left_only
40995712,"COBURN SUB, CIRCUIT BREAKERS",0.541513501164572,43,T,BRKR,,,,,left_only
40997172,"SMARTVILLE SUB, CIRCUIT BREAKERS",0.5402135011645719,43,T,BRKR,,,,,left_only
40996091,"HELM SUB, CIRCUIT BREAKERS",0.5380882182129075,44,T,BRKR,,,,,left_only
40995526,"BRIGHTON SUB, CIRCUIT BREAKERS",0.5372467515548691,43,T,BRKR,,,,,left_only
40995836,"DEL MONTE SUB, CIRCUIT BREAKERS",0.5351422893583064,43,T,BRKR,,,,,left_only
40995627,"CONTRA COSTA SUB, CIRCUIT BREAKERS",0.25462524784567736,44,T,BRKR,,,,,left_only
40995512,"BORDEN SUB, CIRCUIT BREAKERS",0.52914670488334,44,T,BRKR,,,,,left_only
40996832,"PLACER SUB, CIRCUIT BREAKERS",0.5221174115738608,43,T,BRKR,BRKR,2025-01-22,0,JIT,both
40995521,"BRIGHTON SUB, CIRCUIT BREAKERS",0.5214667894266602,43,T,BRKR,,,,,left_only
40996784,"PALERMO SUB, CIRCUIT BREAKERS",0.5209422893583064,43,T,BRKR,,,,,left_only
40996350,"LOCKEFORD SUB, CIRCUIT BREAKERS",0.5207307224803989,43,T,BRKR,,,,,left_only
40997093,"SALINAS SUB, CIRCUIT BREAKERS",0.5172187574185071,44,T,BRKR,,,,,left_only
40997337,"STAGG SUB, CIRCUIT BREAKERS",0.517013501164572,44,T,BRKR,,,,,left_only
40991780,"COBURN SUB, CIRCUIT BREAKERS",0.27059127693270524,43,T,BRKR,,,,,left_only
40997173,"SMARTVILLE SUB, CIRCUIT BREAKERS",0.5157135011645719,43,T,BRKR,,,,,left_only
40996793,"PALERMO SUB, CIRCUIT BREAKERS",0.5150002294133442,44,T,BRKR,BRKR,2025-01-24,0,JIT,both
40997268,"STOCKTON A SUB, CIRCUIT BREAKERS",0.5148002294133441,43,T,BRKR,,,,,left_only
40995511,"BORDEN SUB, CIRCUIT BREAKERS",0.51464670488334,44,T,BRKR,,,,,left_only
40996898,"RAVENSWOOD SUB, CIRCUIT BREAKERS",0.5146381026517659,44,T,BRKR,,,,,left_only
40997174,"SMARTVILLE SUB, CIRCUIT BREAKERS",0.514213501164572,43,T,BRKR,,,,,left_only
40996785,"PALERMO SUB, CIRCUIT BREAKERS",0.5098761293779464,43,T,BRKR,,,,,left_only
40990443,"TESLA SUB, CIRCUIT BREAKERS",0.18744212743358168,33,T,BRKR,,,,,left_only
40996621,"MORAGA SUB, CIRCUIT BREAKERS",0.50020670488334,44,T,BRKR,BRKR,2025-01-15,0,JIT,both
40995513,"BORDEN SUB, CIRCUIT BREAKERS",0.50020670488334,44,T,BRKR,BRKR,2025-08-05,,Failure ,both
40995818,"DIVIDE SUB, CIRCUIT BREAKERS",0.506013501164572,44,T,BRKR,,,,,left_only
40996392,"MABURY SUB, CIRCUIT BREAKERS",0.5044150344487293,43,T,BRKR,,,,,left_only
40997411,"TABLE MTN SUB, CIRCUIT BREAKERS",0.5028613143781666,44,T,BRKR,,,,,left_only
40996385,"LAWRENCE SUB, CIRCUIT BREAKERS",0.5122202696564174,43,T,BRKR,BRKR,2025-01-15,0,JIT,both
40995454,"BAIR SUB, CIRCUIT BREAKERS",0.5122202696564174,43,T,BRKR,,,,,left_only
40996101,"HENRIETTA SUB, CIRCUIT BREAKERS",0.4996002294133442,44,T,BRKR,,,,,left_only
40997369,"SANTA ROSA A SUB, CIRCUIT BREAKERS",0.49926131437816657,44,T,BRKR,BRKR,2025-06-12,0,JIT,both
40996252,"KERN PP, CIRCUIT BREAKERS",0.4954381026517659,44,T,BRKR,,,,,left_only
40996836,"PLACER SUB, CIRCUIT BREAKERS",0.49511741157386085,43,T,BRKR,,,,,left_only
40995786,"COUNTRY CLUB SUB, CIRCUIT BREAKERS",0.49331350116457195,43,T,BRKR,,,,,left_only
40995787,"COUNTRY CLUB SUB, CIRCUIT BREAKERS",0.493113501164572,43,T,BRKR,,,,,left_only
40995363,"KERCKHOFF #2 PH, CIRCUIT BREAKERS",0.49152980508856536,43,T,BRKR,,,,,left_only
40996274,"KERN PP, CIRCUIT BREAKERS",0.49024670488334,44,T,BRKR,,,,,left_only
41103551,"RAVENSWOOD SUB, CIRCUIT BREAKERS",0.15083578235929807,33,T,BRKR,,,,,left_only
40997171,"SMARTVILLE SUB, CIRCUIT BREAKERS",0.48981350116457195,43,T,BRKR,,,,,left_only
40996032,"GOLD HILL SUB, CIRCUIT BREAKERS",0.4884174115738608,44,T,BRKR,,,,,left_only
41198680,"GATES SUB, CIRCUIT BREAKERS",0.12914990029204662,34,T,BRKR,,,,,left_only
40996414,"MANTECA SUB, CIRCUIT BREAKERS",0.48640022941334415,43,T,BRKR,BRKR,2025-01-24,0,JIT,both
40995451,"BAIR SUB, CIRCUIT BREAKERS",0.4859002294133442,43,T,BRKR,,,,,left_only
40996905,"RAVENSWOOD SUB, CIRCUIT BREAKERS",0.48437691321999643,44,T,BRKR,,,,,left_only
40996255,"KERN PP, CIRCUIT BREAKERS",0.48304670488334,44,T,BRKR,,,,,left_only
40996906,"RAVENSWOOD SUB, CIRCUIT BREAKERS",0.4819769132199965,44,T,BRKR,,,,,left_only
40994777,"TRACY SUB, CIRCUIT BREAKERS",0.48132867230705056,43,T,BRKR,,,,,left_only
40996039,"GOLD HILL SUB, CIRCUIT BREAKERS",0.48121741157386083,44,T,BRKR,,,,,left_only
40995525,"BRIGHTON SUB, CIRCUIT BREAKERS",0.4799467515548692,43,T,BRKR,,,,,left_only
40996024,"GOLD HILL SUB, CIRCUIT BREAKERS",0.4799389741583322,44,T,BRKR,,,,,left_only
40996707,"OAKLAND K (CLAREMONT) SUB, CIRCUIT BRKR",0.47924228935830643,44,T,BRKR,,,,,left_only
41170287,"LAKEVILLE SUB, CIRCUIT BREAKERS",0.1219884135243763,34,T,BRKR,,,,,left_only
40996696,"OAKLAND L SUB, CIRCUIT BREAKERS",0.47820451755753746,44,T,BRKR,,,,,left_only
40997370,"STANISLAUS PH, CIRCUIT BREAKERS",0.4777424115738608,43,T,BRKR,,,,,left_only
40997367,"SANTA ROSA A SUB, CIRCUIT BREAKERS",0.4775613143781665,44,T,BRKR,BRKR,2025-06-12,0,JIT,both
40996907,"RAWSON SUB, CIRCUIT BREAKERS",0.4760570421758491,43,T,BRKR,,,,,left_only
40996791,"PALERMO SUB, CIRCUIT BREAKERS",0.47470022941334417,44,T,BRKR,BRKR,2025-01-24,0,JIT,both
40995453,"BAIR SUB, CIRCUIT BREAKERS",0.47470022941334417,43,T,BRKR,,,,,left_only
40994771,"TRACY SUB, CIRCUIT BREAKERS",0.4746286723070506,43,T,BRKR,,,,,left_only
40996373,"LOS BANOS SUB, CIRCUIT BREAKERS",0.47013319844921553,44,T,BRKR,,,,,left_only
40996371,"LOS BANOS SUB, CIRCUIT BREAKERS",0.47013319844921553,44,T,BRKR,,,,,left_only
40995962,"FIRESTONE SW STA, CIRCUIT BREAKERS",0.46941741157386085,43,T,BRKR,,,,,left_only
40996895,"RAVENSWOOD SUB, CIRCUIT BREAKERS",0.4684613143781665,44,T,BRKR,,,,,left_only
40996309,"SAN FRAN Y (LARKIN) SUB, CIR BREAKERS",0.46594670488334,44,T,BRKR,,,,,left_only
40997170,"SMARTVILLE SUB, CIRCUIT BREAKERS",0.46241350116457197,43,T,BRKR,,,,,left_only
40996833,"PLACER SUB, CIRCUIT BREAKERS",0.46081741157386086,43,T,BRKR,BRKR,2025-01-22,0,JIT,both
40995571,"SAN FRAN W (BAYSHORE) SUB, CIRCUIT BREAK",0.46066131437816654,44,T,BRKR,,,,,left_only
40995570,"SAN FRAN W (BAYSHORE) SUB, CIRCUIT BREAK",0.46026131437816653,44,T,BRKR,,,,,left_only
40996706,"OAKLAND K (CLAREMONT) SUB, CIRCUIT BRKR",0.45906131437816655,44,T,BRKR,,,,,left_only
40996787,"PALERMO SUB, CIRCUIT BREAKERS",0.45810022941334416,44,T,BRKR,BRKR,2025-01-24,0,JIT,both
40994892,"WOLFE SUB, CIRCUIT BREAKERS",0.4578286723070506,43,T,BRKR,,,,,left_only
40995741,"CHOWCHILLA SUB, CIRCUIT BREAKERS",0.45771747180081435,43,T,BRKR,,,,,left_only
40996094,"HELM SUB, CIRCUIT BREAKERS",0.45518821821290756,44,T,BRKR,,,,,left_only
41324418,"TABLE MTN SUB, CIRCUIT BREAKERS",0.12117108065981064,34,T,BRKR,,,,,left_only
40997277,"STOCKTON A SUB, CIRCUIT BREAKERS",0.4542002294133442,43,T,BRKR,,,,,left_only
40995963,"FIRESTONE SW STA, CIRCUIT BREAKERS",0.45371741157386086,43,T,BRKR,,,,,left_only
41326341,"RIO OSO SUB, CIRCUIT BREAKERS",0.11677108065981064,33,T,BRKR,,,,,left_only
40995452,"BAIR SUB, CIRCUIT BREAKERS",0.45100022941334417,43,T,BRKR,,,,,left_only
41237960,"HERNDON SUB, CIRCUIT BREAKERS",0.1151778960983868,33,T,BRKR,,,,,left_only
42669128,"PANOCHE SUB, CIRCUIT BREAKERS",0.08439155094366949,24,T,BRKR,,,,,left_only
40996705,"OAKLAND K (CLAREMONT) SUB, CIRCUIT BRKR",0.44986131437816657,44,T,BRKR,,,,,left_only
40997359,"SWIFT SUB, CIRCUIT BREAKERS",0.4482613143781665,44,T,BRKR,,,,,left_only
40996429,"MCKEE SUB, CIRCUIT BREAKERS",0.4476422893583064,44,T,BRKR,BRKR,2025-01-15,0,JIT,both
42737049,"IGNACIO SUB, CIRCUIT BREAKERS",0.06376963163649736,24,T,BRKR,,,,,left_only
42754181,"SAN MATEO SUB, CIRCUIT BREAKERS",0.06111963163649736,24,T,BRKR,,,,,left_only
44462123,"SOBRANTE SUB, CIRCUIT BREAKERS",0.03603269673053147,23,T,BRKR,,,,,left_only
44652434,"MCCALL SUB, CIRCUIT BREAKERS",0.03258269673053148,14,T,BRKR,,,,,left_only
40996733,"OAKLAND D SUB, CIRCUIT BREAKERS",0.44191741157386083,44,T,BRKR,,,,,left_only
40996097,"HENRIETTA SUB, CIRCUIT BREAKERS",0.44100022941334416,44,T,BRKR,,,,,left_only
40995510,"BORDEN SUB, CIRCUIT BREAKERS",0.43984670488334,44,T,BRKR,,,,,left_only
40996835,"PLACER SUB, CIRCUIT BREAKERS",0.4379174115738608,43,T,BRKR,,,,,left_only
40995742,"CHOWCHILLA SUB, CIRCUIT BREAKERS",0.4356174718008144,43,T,BRKR,,,,,left_only
40996384,"LAWRENCE SUB, CIRCUIT BREAKERS",0.43549526965641744,43,T,BRKR,BRKR,2025-01-15,0,JIT,both
44643740,"TIDEWATER SUB, CIRCUIT BREAKERS",0.030982696730531473,14,T,BRKR,,,,,left_only
40996472,"MESA SUB, CIRCUIT BREAKERS",0.43434228935830643,44,T,BRKR,BRKR,2025-01-15,0,JIT,both
40996335,"LINDEN SUB, CIRCUIT BREAKERS",0.432613501164572,43,T,BRKR,,,,,left_only
45060614,"GOLD HILL SUB, CIRCUIT BREAKERS",0.021325934463029238,14,T,BRKR,,,,,left_only
40995524,"BRIGHTON SUB, CIRCUIT BREAKERS",0.2988772522097712,43,T,BRKR,,,,,left_only
40996834,"PLACER SUB, CIRCUIT BREAKERS",0.43101741157386086,43,T,BRKR,,,,,left_only
40996096,"HENRIETTA SUB, CIRCUIT BREAKERS",0.43040022941334416,44,T,BRKR,,,,,left_only
40997346,"STELLING SUB, CIRCUIT BREAKERS",0.43021741157386084,43,T,BRKR,BRKR,2025-01-15,0,JIT,both
45028562,"HICKS SUB, CIRCUIT BREAKERS",0.02142593446302924,13,T,BRKR,,,,,left_only
40995581,"CANAL SUB, CIRCUIT BREAKERS",0.42574228935830644,44,T,BRKR,,,,,left_only
40995583,"CANAL SUB, CIRCUIT BREAKERS",0.42304228935830646,44,T,BRKR,,,,,left_only
40996428,"MCKEE SUB, CIRCUIT BREAKERS",0.4223422893583064,44,T,BRKR,BRKR,2025-01-15,0,JIT,both
41176930,"TESLA SUB, CIRCUIT BREAKERS",0.1456884135243763,33,T,BRKR,,,,,left_only
42610334,"LONE TREE SUB, CIRCUIT BREAKERS",0.10719786359348707,33,T,BRKR,,,,,left_only
40995027,"CALAVERAS CEMENT SUB, CIRCUIT BREAKERS",0.41477629406421407,43,T,BRKR,,,,,left_only
40996899,"RAVENSWOOD SUB, CIRCUIT BREAKERS",0.4142769132199965,44,T,BRKR,,,,,left_only
40996809,"PALO ALTO SW STA, CIRCUIT BREAKERS",0.4098926588855502,43,T,BRKR,,,,,left_only
42561495,"TULUCAY SUB, CIRCUIT BREAKERS",0.09945612077325297,23,T,BRKR,,,,,left_only
42676851,"MESA SUB, CIRCUIT BREAKERS",0.407,44,T,BRKR,,,,,left_only
40997396,"TESLA SUB, CIRCUIT BREAKERS",0.40610451755753746,44,T,BRKR,,,,,left_only
40997094,"SALINAS SUB, CIRCUIT BREAKERS",0.40576131437816654,44,T,BRKR,,,,,left_only
40996901,"RAVENSWOOD SUB, CIRCUIT BREAKERS",0.40534272936001026,44,T,BRKR,,,,,left_only
40995708,"COBURN SUB, CIRCUIT BREAKERS",0.40451350116457196,43,T,BRKR,,,,,left_only
40996900,"RAVENSWOOD SUB, CIRCUIT BREAKERS",0.40194272936001024,44,T,BRKR,,,,,left_only
40997397,"TESLA SUB, CIRCUIT BREAKERS",0.3989378508908708,44,T,BRKR,,,,,left_only
40992259,"CURTIS SUB, CIRCUIT BREAKERS",0.39668175969928055,44,T,BRKR,,,,,left_only
40997183,"SAN FRAN P(HUNTERS POINT) SUB, BRKR",0.39497980508856534,44,T,BRKR,,,,,left_only
40996808,"PALO ALTO SW STA, CIRCUIT BREAKERS",0.3906426588855502,43,T,BRKR,BRKR,2025-01-15,0,JIT,both
40996810,"PALO ALTO SW STA, CIRCUIT BREAKERS",0.3868926588855502,43,T,BRKR,BRKR,2025-01-15,0,JIT,both
40997368,"SANTA ROSA A SUB, CIRCUIT BREAKERS",0.3868045175575375,44,T,BRKR,BRKR,2025-06-12,0,JIT,both
40996811,"PALO ALTO SW STA, CIRCUIT BREAKERS",0.3831926588855502,43,T,BRKR,BRKR,2025-01-15,0,JIT,both
44945760,"DELEVAN SUB, CIRCUIT BREAKERS",0.0717,23,T,BRKR,,,,,left_only
41353844,"MIDWAY SUB, CIRCUIT BREAKERS",0.11488004340337654,34,T,BRKR,,,,,left_only
40994914,"WATSONVILLE SUB, CIRCUIT BREAKERS",0.3826932498899373,43,T,BRKR,,,,,left_only
40996807,"PALO ALTO SW STA, CIRCUIT BREAKERS",0.3825926588855502,43,T,BRKR,BRKR,2025-01-15,0,JIT,both
40997314,"SONOMA A SUB, CIRCUIT BREAKERS",0.38230451755753747,43,T,BRKR,,,,,left_only
40997184,"SAN FRAN P(HUNTERS POINT) SUB, BRKR",0.38222980508856536,44,T,BRKR,,,,,left_only
40994891,"WOLFE SUB, CIRCUIT BREAKERS",0.38202867230705057,43,T,BRKR,,,,,left_only
40995069,"KERCKHOFF #2 PH, CIRCUIT BREAKERS",0.3810298050885654,43,T,BRKR,,,,,left_only
42742160,"COTTLE SUB, CIRCUIT BREAKERS",0.06681963163649736,23,T,BRKR,,,,,left_only
42676849,"MESA SUB, CIRCUIT BREAKERS",0.3794,44,T,BRKR,,,,,left_only
44267641,"MIDWAY SUB, CIRCUIT BREAKERS",0.04258768956486267,24,T,BRKR,,,,,left_only
40997316,"SONOMA A SUB, CIRCUIT BREAKERS",0.3747045175575375,43,T,BRKR,,,,,left_only
40990202,"CARIBOU PH #1, CIRCUIT BREAKERS",0.373074027233705,43,T,BRKR,,,,,left_only
41353845,"MIDWAY SUB, CIRCUIT BREAKERS",0.11423004340337653,34,T,BRKR,,,,,left_only
41353846,"MIDWAY SUB, CIRCUIT BREAKERS",0.11558004340337653,34,T,BRKR,,,,,left_only
40993367,"ROUND MTN SUB, CIRCUIT BREAKERS",0.21319799431359782,44,T,BRKR,,,,,left_only
40996693,"OAKLAND L SUB, CIRCUIT BREAKERS",0.3655045175575375,44,T,BRKR,,,,,left_only
40996134,"HERNDON SUB, CIRCUIT BREAKERS",0.36550358978574515,44,T,BRKR,,,,,left_only
44858488,"ASHLAN AVE SUB, CIRCUIT BREAKERS",0.02722441394393041,13,T,BRKR,,,,,left_only
40993381,"REDWOOD CITY SUB, CIRCUIT BREAKERS",0.3635634591285445,43,T,BRKR,,,,,left_only
41193379,"GATES SUB, CIRCUIT BREAKERS",0.13204990029204663,34,T,BRKR,,,,,left_only
45028578,"HICKS SUB, CIRCUIT BREAKERS",0.021275934463029236,13,T,BRKR,,,,,left_only
40990102,"ROUND MTN SUB, CIRCUIT BREAKERS",0.21319799431359782,44,T,BRKR,,,,,left_only
40991071,"TEMPLETON SUB, CIRCUIT BREAKERS",0.16194371148855705,34,T,BRKR,,,,,left_only
40995879,"EAGLE ROCK SUB, CIRCUIT BREAKERS",0.3603298236436938,43,T,BRKR,,,,,left_only
40995877,"EAGLE ROCK SUB, CIRCUIT BREAKERS",0.3601626088790253,43,T,BRKR,,,,,left_only
40995878,"EAGLE ROCK SUB, CIRCUIT BREAKERS",0.35972982364369377,43,T,BRKR,,,,,left_only
42610335,"LONE TREE SUB, CIRCUIT BREAKERS",0.10709786359348708,33,T,BRKR,,,,,left_only
40990046,"WESTWOOD SW STA, CIRCUIT BREAKERS",0.3506174718008144,43,T,BRKR,,,,,left_only
42561522,"TULUCAY SUB, CIRCUIT BREAKERS",0.10030612077325297,33,T,BRKR,,,,,left_only
42595878,"PALERMO SUB, CIRCUIT BREAKERS",0.0919716184855597,23,T,BRKR,,,,,left_only
40992991,"MELONES SW STA, CIRCUIT BREAKERS",0.34282524784567736,44,T,BRKR,,,,,left_only
40990674,"CARIBOU PH #1, CIRCUIT BREAKERS",0.342574027233705,43,T,BRKR,,,,,left_only
40992879,"MANTECA SUB, CIRCUIT BREAKERS",0.342474027233705,44,T,BRKR,,,,,left_only
40992876,"MANTECA SUB, CIRCUIT BREAKERS",0.3407020699846339,44,T,BRKR,,,,,left_only
41217703,"MENDOCINO SUB, CIRCUIT BREAKERS",0.3394,44,T,BRKR,,,,,left_only
40990364,"NEWMAN SUB, CIRCUIT BREAKERS",0.33691568815312695,44,T,BRKR,,,,,left_only
44945762,"DELEVAN SUB, CIRCUIT BREAKERS",0.0755,23,T,BRKR,,,,,left_only
42744864,"COTTLE SUB, CIRCUIT BREAKERS",0.06991963163649736,23,T,BRKR,,,,,left_only
40992878,"MANTECA SUB, CIRCUIT BREAKERS",0.33277402723370497,44,T,BRKR,,,,,left_only
41193380,"GATES SUB, CIRCUIT BREAKERS",0.13244990029204662,34,T,BRKR,,,,,left_only
40990103,"ROUND MTN SUB, CIRCUIT BREAKERS",0.21309799431359783,44,T,BRKR,,,,,left_only
41193381,"GATES SUB, CIRCUIT BREAKERS",0.13194990029204662,34,T,BRKR,,,,,left_only
40996132,"HERNDON SUB, CIRCUIT BREAKERS",0.3303035897857452,44,T,BRKR,,,,,left_only
40990178,"MERCED SUB, CIRCUIT BREAKERS",0.32985595942618795,44,T,BRKR,,,,,left_only
40991056,"KILARC PH, CIRCUIT BREAKERS",0.3267634591285445,43,T,BRKR,,,,,left_only
40993360,"RADUM SUB, CIRCUIT BREAKERS",0.3258634591285445,43,T,BRKR,,,,,left_only
40997182,"SAN FRAN P(HUNTERS POINT) SUB, BRKR",0.32512980508856537,44,T,BRKR,,,,,left_only
40995575,"CADET SUB, CIRCUIT BREAKERS",0.32375319604232666,43,T,BRKR,,,,,left_only
40997409,"TABLE MTN SUB, CIRCUIT BREAKERS",0.3210174718008144,44,T,BRKR,,,,,left_only
40995728,"COPPERMINE SUB, CIRCUIT BREAKERS",0.3202174718008144,43,T,BRKR,,,,,left_only
40990518,"SANTA MARIA SUB, CIRCUIT BREAKERS",0.3192236754562117,44,T,BRKR,,,,,left_only
40990045,"WESTWOOD SW STA, CIRCUIT BREAKERS",0.318074027233705,43,T,BRKR,,,,,left_only
40992646,"KERN PP, CIRCUIT BREAKERS",0.31792524784567733,44,T,BRKR,,,,,left_only
41195084,"TESLA SUB, CIRCUIT BREAKERS",0.15776602319542476,34,T,BRKR,,,,,left_only
44167409,"TESLA SUB, CIRCUIT BREAKERS",0.15776602319542476,34,T,BRKR,,,,,left_only
44167410,"TESLA SUB, CIRCUIT BREAKERS",0.15776602319542476,34,T,BRKR,,,,,left_only
40992877,"MANTECA SUB, CIRCUIT BREAKERS",0.31677402723370496,44,T,BRKR,,,,,left_only
42700486,"MIDWAY SUB, CIRCUIT BREAKERS",0.10615620394188337,34,T,BRKR,,,,,left_only
44267643,"MIDWAY SUB, CIRCUIT BREAKERS",0.03898768956486267,24,T,BRKR,,,,,left_only
44144692,"MIDWAY SUB, CIRCUIT BREAKERS",0.11427732181332817,34,T,BRKR,,,,,left_only
44144693,"MIDWAY SUB, CIRCUIT BREAKERS",0.11297732181332816,34,T,BRKR,,,,,left_only
44959643,"MOSS LANDING PP, CIRCUIT BREAKERS",0.0706,24,T,BRKR,,,,,left_only
40990086,"SAN LUIS OBISPO SUB, CIRCUIT BREAKERS",0.3103397058105687,44,T,BRKR,,,,,left_only
40992348,"EL DORADO PH, CIRCUIT BREAKERS",0.3094115351161633,44,T,BRKR,,,,,left_only
44970267,"MOSS LANDING PP, CIRCUIT BREAKERS",0.0706,24,T,BRKR,,,,,left_only
40992201,"COBURN SUB, CIRCUIT BREAKERS",0.30840206998463393,44,T,BRKR,,,,,left_only
40992055,"BRIGHTON SUB, CIRCUIT BREAKERS",0.30839127693270524,44,T,BRKR,,,,,left_only
40992915,"MIDSUN SW STA, CIRCUIT BREAKERS",0.30789429483845376,44,T,BRKR,,,,,left_only
40992873,"MANTECA SUB, CIRCUIT BREAKERS",0.3075020699846339,44,T,BRKR,,,,,left_only
40996570,"MORGAN HILL SUB, CIRCUIT BREAKERS",0.31102699322549154,44,T,BRKR,,,,,left_only
40992394,"EVERGREEN SUB, CIRCUIT BREAKERS",0.31102699322549154,44,T,BRKR,BRKR,2025-04-10,0,JIT,both
40992395,"EVERGREEN SUB, CIRCUIT BREAKERS",0.31102699322549154,44,T,BRKR,,,,,left_only
41368601,"HICKS SUB, CIRCUIT BREAKERS",0.11046336630578266,33,T,BRKR,,,,,left_only
40991070,"TEMPLETON SUB, CIRCUIT BREAKERS",0.21384371148855705,44,T,BRKR,,,,,left_only
40993382,"REDWOOD CITY SUB, CIRCUIT BREAKERS",0.30746345912854445,43,T,BRKR,,,,,left_only
40993400,"RIO OSO SUB, CIRCUIT BREAKERS",0.30710206998463396,44,T,BRKR,,,,,left_only
40992576,"HERNDON SUB, CIRCUIT BREAKERS",0.30669429483845373,44,T,BRKR,,,,,left_only
40990203,"CARIBOU PH #1, CIRCUIT BREAKERS",0.30657402723370497,43,T,BRKR,,,,,left_only
40993791,"TESLA SUB, CIRCUIT BREAKERS",0.30512524784567735,44,T,BRKR,,,,,left_only
40990678,"CARIBOU PH #1, CIRCUIT BREAKERS",0.30459429483845374,44,T,BRKR,,,,,left_only
42610336,"LONE TREE SUB, CIRCUIT BREAKERS",0.10649786359348708,33,T,BRKR,,,,,left_only
40996464,"MENDOCINO SUB, CIRCUIT BREAKERS",0.30262524784567735,44,T,BRKR,,,,,left_only
40992914,"MIDSUN SW STA, CIRCUIT BREAKERS",0.30239429483845376,44,T,BRKR,,,,,left_only
40992643,"KERN PP, CIRCUIT BREAKERS",0.30199429483845375,44,T,BRKR,,,,,left_only
42561527,"TULUCAY SUB, CIRCUIT BREAKERS",0.10280612077325296,33,T,BRKR,,,,,left_only
44970289,"MOSS LANDING PP, CIRCUIT BREAKERS",0.0706,24,T,BRKR,,,,,left_only
45554343,"GATES SUB, CIRCUIT BREAKERS",0.0688,24,T,BRKR,,,,,left_only
42744865,"COTTLE SUB, CIRCUIT BREAKERS",0.07516963163649737,23,T,BRKR,,,,,left_only
40992298,"DIVIDE SUB, CIRCUIT BREAKERS",0.29852524784567736,44,T,BRKR,,,,,left_only
45554346,"GATES SUB, CIRCUIT BREAKERS",0.0678,24,T,BRKR,,,,,left_only
40993396,"RIO OSO SUB, CIRCUIT BREAKERS",0.29810206998463396,44,T,BRKR,,,,,left_only
40989872,"TRIMBLE SUB, CIRCUIT BREAKERS",0.2980772522097712,44,T,BRKR,,,,,left_only
45554348,"GATES SUB, CIRCUIT BREAKERS",0.0688,24,T,BRKR,,,,,left_only
41195087,"TESLA SUB, CIRCUIT BREAKERS",0.16816602319542476,34,T,BRKR,,,,,left_only
40993803,"TRINITY SUB, CIRCUIT BREAKERS",0.2976318918977582,43,T,BRKR,,,,,left_only
44167411,"TESLA SUB, CIRCUIT BREAKERS",0.16726602319542477,34,T,BRKR,,,,,left_only
44267645,"MIDWAY SUB, CIRCUIT BREAKERS",0.04053768956486267,24,T,BRKR,,,,,left_only
44167412,"TESLA SUB, CIRCUIT BREAKERS",0.16816602319542476,34,T,BRKR,,,,,left_only
44858490,"ASHLAN AVE SUB, CIRCUIT BREAKERS",0.02752441394393041,13,T,BRKR,,,,,left_only
45171167,"HICKS SUB, CIRCUIT BREAKERS",0.019875934463029238,13,T,BRKR,,,,,left_only
40991069,"TEMPLETON SUB, CIRCUIT BREAKERS",0.22694371148855702,44,T,BRKR,,,,,left_only
41209255,"BRIGHTON SUB, CIRCUIT BREAKERS",0.1260837773886685,33,T,BRKR,,,,,left_only
40992173,"CALIFORNIA AVE SUB, CIRCUIT BREAKERS",0.29511153511616334,44,T,BRKR,,,,,left_only
40995773,"COTTONWOOD SUB, CIRCUIT BREAKERS",0.29492524784567736,44,T,BRKR,,,,,left_only
40992613,"KERN OIL SUB, CIRCUIT BREAKERS",0.29439429483845375,44,T,BRKR,,,,,left_only
42610329,"LONE TREE SUB, CIRCUIT BREAKERS",0.10539786359348707,33,T,BRKR,,,,,left_only
42595880,"PALERMO SUB, CIRCUIT BREAKERS",0.09422161848555968,23,T,BRKR,,,,,left_only
40990054,"NEWARK SUB, CIRCUIT BREAKERS",0.29397402723370497,44,T,BRKR,,,,,left_only
40990391,"WEST SACRAMENTO SUB, CIRCUIT BREAKERS",0.2933421274335817,44,T,BRKR,,,,,left_only
40992952,"MAGUNDEN SUB, CIRCUIT BREAKERS",0.29297402723370497,44,T,BRKR,,,,,left_only
44267647,"MIDWAY SUB, CIRCUIT BREAKERS",0.03918768956486267,24,T,BRKR,,,,,left_only
40992262,"CYMRIC SUB, CIRCUIT BREAKERS",0.29279429483845376,44,T,BRKR,,,,,left_only
40993488,"SISQUOC SUB, CIRCUIT BREAKERS",0.29239429483845375,44,T,BRKR,,,,,left_only
44552960,"COTTLE SUB, CIRCUIT BREAKERS",0.032732696730531474,13,T,BRKR,,,,,left_only
40993265,"OLD RIVER SUB, CIRCUIT BREAKERS",0.2913678000497113,43,T,BRKR,,,,,left_only
40992297,"DIVIDE SUB, CIRCUIT BREAKERS",0.29112524784567734,44,T,BRKR,,,,,left_only
40991952,"BAIR SUB, CIRCUIT BREAKERS",0.29058236117504527,44,T,BRKR,,,,,left_only
44858495,"ASHLAN AVE SUB, CIRCUIT BREAKERS",0.03012441394393041,13,T,BRKR,,,,,left_only
40995523,"BRIGHTON SUB, CIRCUIT BREAKERS",0.2817725339438457,43,T,BRKR,,,,,left_only
45085943,"HICKS SUB, CIRCUIT BREAKERS",0.020725934463029238,13,T,BRKR,,,,,left_only
42595882,"PALERMO SUB, CIRCUIT BREAKERS",0.09252161848555969,23,T,BRKR,,,,,left_only
40989871,"TRIMBLE SUB, CIRCUIT BREAKERS",0.2896772522097712,44,T,BRKR,,,,,left_only
40992031,"BOLINAS SUB, CIRCUIT BREAKERS",0.2893932498899373,43,T,BRKR,,,,,left_only
40995843,"DERRICK SUB, CIRCUIT BREAKERS",0.2890042148194195,43,T,BRKR,,,,,left_only
44959644,"MOSS LANDING PP, CIRCUIT BREAKERS",0.0534,24,T,BRKR,,,,,left_only
40991953,"BAIR SUB, CIRCUIT BREAKERS",0.28814486117504523,44,T,BRKR,,,,,left_only
44858492,"ASHLAN AVE SUB, CIRCUIT BREAKERS",0.03197441394393041,13,T,BRKR,,,,,left_only
40990056,"NEWARK SUB, CIRCUIT BREAKERS",0.2314383155360442,44,T,BRKR,,,,,left_only
40991629,"PITTSBURG PP, CIRCUIT BREAKERS",0.28739778993475973,44,T,BRKR,,,,,left_only
42624339,"PIT #1 PH, CIRCUIT BREAKERS",0.08549155094366949,23,T,BRKR,,,,,left_only
40992794,"LOWER LAKE SUB, CIRCUIT BREAKERS",0.2867115351161633,44,T,BRKR,,,,,left_only
44738461,"BELLOTA SUB, CIRCUIT BREAKERS",0.029024413943930412,14,T,BRKR,,,,,left_only
41217705,"MENDOCINO SUB, CIRCUIT BREAKERS",0.2858,44,T,BRKR,,,,,left_only
44656589,"GATES SUB, CIRCUIT BREAKERS",0.040996028023379975,24,T,BRKR,,,,,left_only
40989899,"UKIAH SUB, CIRCUIT BREAKERS",0.285248335749434,44,T,BRKR,,,,,left_only
45725470,"MIDWAY SUB, CIRCUIT BREAKERS",0.0284,14,T,BRKR,,,,,left_only
45687332,"RIO OSO SUB, CIRCUIT BREAKERS",0.012678022050308362,14,T,BRKR,,,,,left_only
40992507,"GLASS SUB, CIRCUIT BREAKERS",0.28470206998463393,43,T,BRKR,,,,,left_only
40992880,"MANTECA SUB, CIRCUIT BREAKERS",0.284674027233705,44,T,BRKR,,,,,left_only
40994994,"HYAMPOM JCT, CIRCUIT BREAKERS",0.28366345912854446,43,T,BRKR,,,,,left_only
40991843,"LIVE OAK SW STA, CIRCUIT BREAKERS",0.2829912769327052,44,T,BRKR,,,,,left_only
40989898,"UKIAH SUB, CIRCUIT BREAKERS",0.28294833574943395,44,T,BRKR,,,,,left_only
40992950,"MAGUNDEN SUB, CIRCUIT BREAKERS",0.2819383155360442,44,T,BRKR,,,,,left_only
40991921,"ARCO SUB, CIRCUIT BREAKERS",0.24539799431359782,43,T,BRKR,,,,,left_only
41237661,"JEFFERSON SUB, CIRCUIT BREAKERS",0.11447108065981064,33,T,BRKR,,,,,left_only
41235924,"SAN FRAN H (MARTIN) SUB, CIRCUIT BRKR",0.10848004340337654,33,T,BRKR,,,,,left_only
42688574,"MESA SUB, CIRCUIT BREAKERS",0.09465385734873286,23,T,BRKR,,,,,left_only
40990204,"CARIBOU PH #1, CIRCUIT BREAKERS",0.280574027233705,43,T,BRKR,,,,,left_only
42677865,"CARBERRY SW STA, CIRCUIT BREAKERS",0.07473039288413756,23,T,BRKR,,,,,left_only
42701336,"ATLANTIC SUB, CIRCUIT BREAKERS",0.06910201676843425,23,T,BRKR,,,,,left_only
40992018,"BIG MEADOWS SUB, CIRCUIT BREAKERS",0.279774027233705,43,T,BRKR,,,,,left_only
40995774,"COTTONWOOD SUB, CIRCUIT BREAKERS",0.2796772522097712,44,T,BRKR,,,,,left_only
40997387,"TEMBLOR SUB, CIRCUIT BREAKERS",0.27719429483845376,44,T,BRKR,,,,,left_only
40993715,"SANTA MARIA SUB, CIRCUIT BREAKERS",0.2769906295891279,44,T,BRKR,,,,,left_only
44234795,"CALIFORNIA FLATS SW STA, CIRCUIT BREAKER",0.06239065144664145,24,T,BRKR,,,,,left_only
42756218,"SOLAR SW STA, CIRCUIT BREAKERS",0.060919631636497364,23,T,BRKR,,,,,left_only
42773551,"CALIENTE SW STA, CIRCUIT BREAKERS",0.057916086787429676,23,T,BRKR,,,,,left_only
40995775,"COTTONWOOD SUB, CIRCUIT BREAKERS",0.27272524784567737,44,T,BRKR,,,,,left_only
42830624,"VALLEY SPRINGS SUB, CIRCUIT BREAKERS",0.05689572367595874,23,T,BRKR,,,,,left_only
44148874,"TRANQUILLITY SW STA, CIRCUIT BREAKERS",0.039423842169238076,23,T,BRKR,,,,,left_only
44693301,"KERN PP, CIRCUIT BREAKERS",0.029632696730531472,13,T,BRKR,,,,,left_only
44846526,"PADRE FLATS SW STA, CIRCUIT BREAKERS",0.029124413943930408,13,T,BRKR,,,,,left_only
40992634,"KINGSBURG SUB, CIRCUIT BREAKERS",0.27024833574943397,44,T,BRKR,,,,,left_only
40992874,"MANTECA SUB, CIRCUIT BREAKERS",0.269674027233705,44,T,BRKR,,,,,left_only
40992853,"MARTINEZ PP, CIRCUIT BREAKERS",0.26966477960110974,44,T,BRKR,,,,,left_only
44652378,"MUSTANG SW STA, CIRCUIT BREAKERS",0.028064362376955723,13,T,BRKR,,,,,left_only
40992008,"BELMONT SUB, CIRCUIT BREAKERS",0.2693979943135978,44,T,BRKR,,,,,left_only
40992508,"GLASS SUB, CIRCUIT BREAKERS",0.269202069984634,43,T,BRKR,,,,,left_only
41217704,"MENDOCINO SUB, CIRCUIT BREAKERS",0.2688,44,T,BRKR,,,,,left_only
40992761,"SAN FRAN Y (LARKIN) SUB, CIR BREAKERS",0.2687484257067208,44,T,BRKR,,,,,left_only
40992607,"JAMESON SUB, CIRCUIT BREAKERS",0.26849799431359783,44,T,BRKR,,,,,left_only
40994902,"WESTPARK SUB, CIRCUIT BREAKERS",0.26819429483845375,44,T,BRKR,,,,,left_only
40993359,"RADUM SUB, CIRCUIT BREAKERS",0.26796345912854447,43,T,BRKR,,,,,left_only
45482247,"FINK SW STA, CIRCUIT BREAKERS",0.0222,13,T,BRKR,,,,,left_only
40990212,"LOCKEFORD SUB, CIRCUIT BREAKERS",0.26737156471859613,44,T,BRKR,,,,,left_only
45038977,"WHEELER RIDGE SUB, CIRCUIT BREAKERS",0.020725934463029238,13,T,BRKR,,,,,left_only
40993643,"SOLEDAD SUB, CIRCUIT BREAKERS",0.2672647796011097,43,T,BRKR,,,,,left_only
40992263,"DAIRYLAND SUB, CIRCUIT BREAKERS",0.2671979943135978,44,T,BRKR,,,,,left_only
40989952,"WASCO SUB, CIRCUIT BREAKERS",0.26598175969928056,43,T,BRKR,,,,,left_only
40991844,"LIVE OAK SW STA, CIRCUIT BREAKERS",0.26584833574943395,44,T,BRKR,,,,,left_only
44242358,"SAN FRAN Z (EMBARCADERO) SUB, BRKR",0.03513768956486267,23,T,BRKR,,,,,left_only
44236092,"SAN FRAN A (POTRERO PP) SUB, CIR BRKRS",0.03398768956486267,24,T,BRKR,,,,,left_only
45515916,"HAMILTON BRANCH SUB, CIRCUIT BREAKERS",0.2651020699846339,43,T,BRKR,,,,,left_only
40992608,"JAMESON SUB, CIRCUIT BREAKERS",0.26499799431359783,43,T,BRKR,,,,,left_only
40993644,"SOLEDAD SUB, CIRCUIT BREAKERS",0.2643798203423893,43,T,BRKR,,,,,left_only
40993264,"OLD RIVER SUB, CIRCUIT BREAKERS",0.26361456244320247,43,T,BRKR,,,,,left_only
40993743,"SANTA YNEZ SW STA, CIRCUIT BREAKERS",0.26349429483845377,44,T,BRKR,,,,,left_only
42644121,"TESORO SUB, CIRCUIT BREAKERS",0.09950612077325297,23,T,BRKR,,,,,left_only
40993073,"NAPA SUB, CIRCUIT BREAKERS",0.26295595942618794,44,T,BRKR,,,,,left_only
40993482,"SISQUOC SUB, CIRCUIT BREAKERS",0.26279429483845373,44,T,BRKR,,,,,left_only
40997400,"TESLA SUB, CIRCUIT BREAKERS",0.26270206998463397,44,T,BRKR,,,,,left_only
40995714,"COBURN SUB, CIRCUIT BREAKERS",0.583013501164572,44,T,BRKR,,,,,left_only
40995797,"DIABLO CANYON PP, CIRCUIT BREAKERS",0.49021350116457196,44,T,BRKR,,,,,left_only
40996299,"LAKEVILLE SUB, CIRCUIT BREAKERS",0.3346725339438457,44,T,BRKR,,,,,left_only
40992007,"BELMONT SUB, CIRCUIT BREAKERS",0.26089799431359784,44,T,BRKR,,,,,left_only
40997402,"TIDEWATER SUB, CIRCUIT BREAKERS",0.2758772522097712,44,T,BRKR,,,,,left_only
40994821,"VACA DIXON SUB, CIRCUIT BREAKERS",0.26569062958912787,44,T,BRKR,,,,,left_only
40989886,"TULUCAY SUB, CIRCUIT BREAKERS",0.26034833574943395,44,T,BRKR,,,,,left_only
45439501,"BUCKS CREEK PH, CIRCUIT BREAKERS",0.0209,13,T,BRKR,,,,,left_only
40992760,"SAN FRAN Y (LARKIN) SUB, CIR BREAKERS",0.25966456244320246,44,T,BRKR,,,,,left_only
44341970,"GREGG SUB, CIRCUIT BREAKERS",0.4284,43,T,BRKR,,,,,left_only
40992981,"MILLBRAE SUB, CIRCUIT BREAKERS",0.25917420921882045,43,T,BRKR,,,,,left_only
40993675,"STAGG SUB, CIRCUIT BREAKERS",0.28001153511616333,44,T,BRKR,,,,,left_only
40992935,"MESA SUB, CIRCUIT BREAKERS",0.25912524784567736,44,T,BRKR,,,,,left_only
40993013,"MORGAN HILL SUB, CIRCUIT BREAKERS",0.25738175969928057,44,T,BRKR,,,,,left_only
40992803,"LOS BANOS SUB, CIRCUIT BREAKERS",0.2599979943135978,44,T,BRKR,,,,,left_only
40991163,"DRUM 1 & 2 PH, CIRCUIT BREAKERS",0.256574027233705,43,T,BRKR,,,,,left_only
44970375,"MOSS LANDING PP, CIRCUIT BREAKERS",0.0534,24,T,BRKR,,,,,left_only
40993408,"ROSSMOOR SUB, CIRCUIT BREAKERS",0.25564833574943396,43,T,BRKR,,,,,left_only
40992908,"MCCALL SUB, CIRCUIT BREAKERS",0.25239799431359783,44,T,BRKR,,,,,left_only
40992328,"EAST NICOLAUS SUB, CIRCUIT BREAKERS",0.25585834464658996,43,T,BRKR,,,,,left_only
40992251,"COTTONWOOD SUB, CIRCUIT BREAKERS",0.24435595942618793,44,T,BRKR,,,,,left_only
44970378,"MOSS LANDING PP, CIRCUIT BREAKERS",0.0534,24,T,BRKR,,,,,left_only
40992875,"MANTECA SUB, CIRCUIT BREAKERS",0.255274027233705,44,T,BRKR,,,,,left_only
40993046,"MORAGA SUB, CIRCUIT BREAKERS",0.24329799431359783,44,T,BRKR,,,,,left_only
40992632,"KELSO SUB, CIRCUIT BREAKERS",0.23569799431359784,43,T,BRKR,,,,,left_only
40992359,"EIGHT MILE SUB, CIRCUIT BREAKERS",0.22801477960110975,43,T,BRKR,,,,,left_only
40993292,"PANOCHE SUB, CIRCUIT BREAKERS",0.218648335749434,44,T,BRKR,,,,,left_only
40990517,"STOCKDALE SUB, CIRCUIT BREAKERS",0.1982421274335817,33,T,BRKR,,,,,left_only
40993760,"TEMBLOR SUB, CIRCUIT BREAKERS",0.25403831553604417,44,T,BRKR,,,,,left_only
40993794,"TESLA SUB, CIRCUIT BREAKERS",0.25352524784567737,44,T,BRKR,,,,,left_only
40990940,"VINEYARD SUB, CIRCUIT BREAKERS",0.19624371148855704,33,T,BRKR,,,,,left_only
40991938,"ATLANTIC SUB, CIRCUIT BREAKERS",0.2532817596992806,43,T,BRKR,,,,,left_only
40993790,"TESLA SUB, CIRCUIT BREAKERS",0.25312524784567736,44,T,BRKR,,,,,left_only
40993641,"SOLEDAD SUB, CIRCUIT BREAKERS",0.2528298203423893,43,T,BRKR,,,,,left_only
41114444,"MIDWAY SUB, CIRCUIT BREAKERS",0.166679953081667,34,T,BRKR,,,,,left_only
40993792,"TESLA SUB, CIRCUIT BREAKERS",0.25272524784567735,44,T,BRKR,,,,,left_only
40992296,"DIVIDE SUB, CIRCUIT BREAKERS",0.2524252478456774,44,T,BRKR,,,,,left_only
41110549,"TESLA SUB, CIRCUIT BREAKERS",0.1464884135243763,33,T,BRKR,,,,,left_only
40993263,"OLD RIVER SUB, CIRCUIT BREAKERS",0.2523145624432025,43,T,BRKR,,,,,left_only
41209196,"RIO OSO SUB, CIRCUIT BREAKERS",0.1455744616955554,34,T,BRKR,,,,,left_only
40992325,"EAST NICOLAUS SUB, CIRCUIT BREAKERS",0.25160834464659,43,T,BRKR,,,,,left_only
40992218,"COPPERMINE SUB, CIRCUIT BREAKERS",0.25005834464659,43,T,BRKR,,,,,left_only
41156558,"METCALF SUB, CIRCUIT BREAKERS",0.1415884135243763,34,T,BRKR,,,,,left_only
41131199,"ROUND MTN SUB, CIRCUIT BREAKERS",0.14080435576991274,34,T,BRKR,,,,,left_only
40993490,"SISQUOC SUB, CIRCUIT BREAKERS",0.24969429483845373,44,T,BRKR,,,,,left_only
40993489,"SISQUOC SUB, CIRCUIT BREAKERS",0.24949429483845373,44,T,BRKR,,,,,left_only
41195175,"IGNACIO SUB, CIRCUIT BREAKERS",0.13904990029204664,33,T,BRKR,,,,,left_only
41197115,"COYOTE SW STA, CIRCUIT BREAKERS",0.13744990029204662,33,T,BRKR,,,,,left_only
41186548,"RAVENSWOOD SUB, CIRCUIT BREAKERS",0.12143377738866849,33,T,BRKR,,,,,left_only
40990023,"WOODWARD SUB, CIRCUIT BREAKERS",0.24809429483845374,44,T,BRKR,,,,,left_only
40993450,"SALINAS SUB, CIRCUIT BREAKERS",0.24795834464658997,44,T,BRKR,,,,,left_only
40992085,"BUTTE SUB, CIRCUIT BREAKERS",0.24738175969928056,43,T,BRKR,,,,,left_only
41368665,"SOBRANTE SUB, CIRCUIT BREAKERS",0.11876336630578266,33,T,BRKR,,,,,left_only
40993605,"SAN LEANDRO U SUB, CIRCUIT BREAKERS",0.24482224879291223,44,T,BRKR,,,,,left_only
40993604,"SAN LEANDRO U SUB, CIRCUIT BREAKERS",0.24482224879291223,44,T,BRKR,,,,,left_only
41114352,"ROUND MTN SUB, CIRCUIT BREAKERS",0.21027995308166697,44,T,BRKR,,,,,left_only
40990892,"LAS POSITAS SUB, CIRCUIT BREAKERS",0.24636477960110975,43,T,BRKR,,,,,left_only
40991628,"PITTSBURG PP, CIRCUIT BREAKERS",0.24629889496737986,44,T,BRKR,,,,,left_only
41162185,"GATES SUB, CIRCUIT BREAKERS",0.11788143987691271,34,T,BRKR,,,,,left_only
40989928,"VACAVILLE SUB, CIRCUIT BREAKERS",0.24551153511616333,44,T,BRKR,,,,,left_only
41218571,"HAAS PH, CIRCUIT BREAKERS",0.1138278960983868,34,T,BRKR,,,,,left_only
42579734,"LAS POSITAS SUB, CIRCUIT BREAKERS",0.10949786359348707,33,T,BRKR,,,,,left_only
40991716,"METCALF SUB, CIRCUIT BREAKERS",0.2450383155360442,44,T,BRKR,,,,,left_only
40992083,"BUTTE SUB, CIRCUIT BREAKERS",0.24498175969928057,43,T,BRKR,,,,,left_only
40989926,"VACAVILLE SUB, CIRCUIT BREAKERS",0.24451153511616333,44,T,BRKR,,,,,left_only
41324878,"BAHIA SUB, CIRCUIT BREAKERS",0.10693004340337653,33,T,BRKR,,,,,left_only
40991153,"OIL FIELDS SUB, CIRCUIT BREAKERS",0.24390834464658998,43,T,BRKR,,,,,left_only
42711865,"CONTRA COSTA SUB, CIRCUIT BREAKERS",0.10549786359348708,33,T,BRKR,,,,,left_only
41329316,"BIRDS LANDING SW STA, CIRCUIT BREAKERS",0.1051778960983868,33,T,BRKR,,,,,left_only
42756914,"ELECTRA PH, CIRCUIT BREAKERS",0.06561963163649737,23,T,BRKR,,,,,left_only
42740543,"TASSAJARA SUB, CIRCUIT BREAKERS",0.06541963163649736,23,T,BRKR,,,,,left_only
42757065,"SAN MATEO SUB, CIRCUIT BREAKERS",0.06351963163649736,24,T,BRKR,,,,,left_only
44208326,"TABLE MTN SUB, CIRCUIT BREAKERS",0.055890651446641446,24,T,BRKR,,,,,left_only
40993801,"TEVIS SUB, CIRCUIT BREAKERS",0.24154833574943396,44,T,BRKR,,,,,left_only
40992084,"BUTTE SUB, CIRCUIT BREAKERS",0.24098175969928057,43,T,BRKR,,,,,left_only
40992774,"LEMOORE SUB, CIRCUIT BREAKERS",0.23980834464658998,44,T,BRKR,,,,,left_only
40992996,"MILPITAS SUB, CIRCUIT BREAKERS",0.23994795688237916,44,T,BRKR,,,,,left_only
40992086,"BUTTE SUB, CIRCUIT BREAKERS",0.23994795688237916,43,T,BRKR,,,,,left_only
40992199,"COBURN SUB, CIRCUIT BREAKERS",0.23965834464658997,43,T,BRKR,,,,,left_only
40989970,"WEEDPATCH SUB, CIRCUIT BREAKERS",0.23911477960110974,43,T,BRKR,,,,,left_only
43146031,"HERNDON SUB, CIRCUIT BREAKERS",0.05399572367595874,23,T,BRKR,,,,,left_only
40992493,"GEYSERS 3 & 4 PP SW STA, CIRCUIT BREAKER",0.23819127693270523,44,T,BRKR,,,,,left_only
45134000,"WHEELER RIDGE SUB, CIRCUIT BREAKERS",0.0335,23,T,BRKR,,,,,left_only
40992327,"EAST NICOLAUS SUB, CIRCUIT BREAKERS",0.23797709464658998,43,T,BRKR,,,,,left_only
40992033,"BOGUE SUB, CIRCUIT BREAKERS",0.2375722130418072,44,T,BRKR,,,,,left_only
40992202,"CORCORAN SUB, CIRCUIT BREAKERS",0.23776419149669642,44,T,BRKR,,,,,left_only
40993639,"SOLEDAD SUB, CIRCUIT BREAKERS",0.23587982034238933,43,T,BRKR,,,,,left_only
44723243,"GOLD HILL SUB, CIRCUIT BREAKERS",0.02837441394393041,13,T,BRKR,,,,,left_only
40992612,"KASSON SUB, CIRCUIT BREAKERS",0.2351115351161633,44,T,BRKR,,,,,left_only
41114361,"ROUND MTN SUB, CIRCUIT BREAKERS",0.20997995308166698,44,T,BRKR,,,,,left_only
44439798,"WILSON SUB, CIRCUIT BREAKERS",0.028211983758868554,13,T,BRKR,,,,,left_only
41114362,"ROUND MTN SUB, CIRCUIT BREAKERS",0.208479953081667,44,T,BRKR,,,,,left_only
40993163,"OAKLAND X SUB, CIRCUIT BREAKERS",0.23360834464658997,44,T,BRKR,,,,,left_only
41174181,"TESLA SUB, CIRCUIT BREAKERS",0.18870381813097506,34,T,BRKR,,,,,left_only
40989953,"WASCO SUB, CIRCUIT BREAKERS",0.23296422892791507,43,T,BRKR,,,,,left_only
40992851,"MARTINEZ PP, CIRCUIT BREAKERS",0.23266477960110973,44,T,BRKR,,,,,left_only
41174182,"TESLA SUB, CIRCUIT BREAKERS",0.18870381813097506,34,T,BRKR,,,,,left_only
40993451,"SALINAS SUB, CIRCUIT BREAKERS",0.23207982034238933,44,T,BRKR,,,,,left_only
40990844,"HERNDON SUB, CIRCUIT BREAKERS",0.23172221304180718,43,T,BRKR,,,,,left_only
45274523,"MONTA VISTA SUB, CIRCUIT BREAKERS",0.017544211833066314,13,T,BRKR,,,,,left_only
45687334,"RIO OSO SUB, CIRCUIT BREAKERS",0.0153,14,T,BRKR,,,,,left_only
41237153,"JEFFERSON SUB, CIRCUIT BREAKERS",0.12357108065981064,33,T,BRKR,,,,,left_only
41174183,"TESLA SUB, CIRCUIT BREAKERS",0.18870381813097506,34,T,BRKR,,,,,left_only
40990350,"SOBRANTE SUB, CIRCUIT BREAKERS",0.2307146274335817,44,T,BRKR,,,,,left_only
40992143,"CONTRA COSTA SUB, CIRCUIT BREAKERS",0.23005834464658997,43,T,BRKR,,,,,left_only
40992217,"COPPERMINE SUB, CIRCUIT BREAKERS",0.22955834464658997,43,T,BRKR,,,,,left_only
40991871,"TAFT SUB, CIRCUIT BREAKERS",0.2292642289279151,44,T,BRKR,,,,,left_only
40992200,"COBURN SUB, CIRCUIT BREAKERS",0.22895834464658998,44,T,BRKR,,,,,left_only
40992792,"LOCKEFORD SUB, CIRCUIT BREAKERS",0.22888175969928057,44,T,BRKR,,,,,left_only
40992849,"MARTINEZ PP, CIRCUIT BREAKERS",0.22800173612284888,44,T,BRKR,,,,,left_only
40992850,"MARTINEZ PP, CIRCUIT BREAKERS",0.22800173612284888,44,T,BRKR,,,,,left_only
40992848,"MARTINEZ PP, CIRCUIT BREAKERS",0.22800173612284888,44,T,BRKR,,,,,left_only
44862254,"MOSS LANDING PP, CIRCUIT BREAKERS",0.067,24,T,BRKR,,,,,left_only
44862255,"MOSS LANDING PP, CIRCUIT BREAKERS",0.0586,24,T,BRKR,,,,,left_only
44862256,"MOSS LANDING PP, CIRCUIT BREAKERS",0.0624,24,T,BRKR,,,,,left_only
42553154,"SAN FRAN H (MARTIN) SUB, CIRCUIT BRKR",0.10893004340337653,33,T,BRKR,,,,,left_only
40993750,"TAFT SUB, CIRCUIT BREAKERS",0.2270142289279151,44,T,BRKR,,,,,left_only
40992056,"BRIGHTON SUB, CIRCUIT BREAKERS",0.2269912769327052,44,T,BRKR,,,,,left_only
42688573,"MESA SUB, CIRCUIT BREAKERS",0.09495385734873285,23,T,BRKR,,,,,left_only
40992082,"BUTTE SUB, CIRCUIT BREAKERS",0.22599799431359782,44,T,BRKR,,,,,left_only
40993161,"OAKLAND X SUB, CIRCUIT BREAKERS",0.22546477960110975,44,T,BRKR,,,,,left_only
40993600,"SAN JOSE B SUB, CIRCUIT BREAKERS",0.22544833574943396,44,T,BRKR,,,,,left_only
40993290,"PANOCHE SUB, CIRCUIT BREAKERS",0.22529127693270523,44,T,BRKR,,,,,left_only
40993388,"RIVERBANK SUB, CIRCUIT BREAKERS",0.2248222130418072,44,T,BRKR,,,,,left_only
40993721,"SYCAMORE CREEK SUB, CIRCUIT BREAKERS",0.22454833574943397,44,T,BRKR,,,,,left_only
40991717,"MI-WUK SUB, CIRCUIT BREAKERS",0.22438175969928056,44,T,BRKR,,,,,left_only
40992592,"JARVIS SUB, CIRCUIT BREAKERS",0.2239642289279151,44,T,BRKR,,,,,left_only
40992545,"HENRIETTA SUB, CIRCUIT BREAKERS",0.22334833574943397,44,T,BRKR,,,,,left_only
41234936,"DIABLO CANYON PP, CIRCUIT BREAKERS",0.1590327024596983,34,T,BRKR,,,,,left_only
44384014,"DIABLO CANYON PP, CIRCUIT BREAKERS",0.1575327024596983,34,T,BRKR,,,,,left_only
44384015,"DIABLO CANYON PP, CIRCUIT BREAKERS",0.1571327024596983,34,T,BRKR,,,,,left_only
44862257,"MOSS LANDING PP, CIRCUIT BREAKERS",0.0496,24,T,BRKR,,,,,left_only
40990158,"TRINITY SUB, CIRCUIT BREAKERS",0.22290462314508977,43,T,BRKR,,,,,left_only
40991152,"OIL FIELDS SUB, CIRCUIT BREAKERS",0.22280834464658997,43,T,BRKR,,,,,left_only
44862258,"MOSS LANDING PP, CIRCUIT BREAKERS",0.0496,24,T,BRKR,,,,,left_only
40991939,"ATLANTIC SUB, CIRCUIT BREAKERS",0.22248175969928055,43,T,BRKR,,,,,left_only
44862260,"MOSS LANDING PP, CIRCUIT BREAKERS",0.0496,24,T,BRKR,,,,,left_only
42677868,"CARBERRY SW STA, CIRCUIT BREAKERS",0.07658039288413755,23,T,BRKR,,,,,left_only
44139916,"MIDWAY SUB, CIRCUIT BREAKERS",0.07242835741131472,24,T,BRKR,,,,,left_only
44139918,"MIDWAY SUB, CIRCUIT BREAKERS",0.07252835741131472,24,T,BRKR,,,,,left_only
44139919,"MIDWAY SUB, CIRCUIT BREAKERS",0.07282835741131471,24,T,BRKR,,,,,left_only
40992932,"MESA SUB, CIRCUIT BREAKERS",0.22131422892791508,44,T,BRKR,,,,,left_only
40992925,"MENDOCINO SUB, CIRCUIT BREAKERS",0.22126422892791509,43,T,BRKR,,,,,left_only
40991556,"SEMITROPIC SUB, CIRCUIT BREAKERS",0.22111422892791507,44,T,BRKR,,,,,left_only
44862261,"MOSS LANDING PP, CIRCUIT BREAKERS",0.043,24,T,BRKR,,,,,left_only
40992345,"EDENVALE SUB, CIRCUIT BREAKERS",0.22074833574943398,44,T,BRKR,,,,,left_only
44862263,"MOSS LANDING PP, CIRCUIT BREAKERS",0.043,24,T,BRKR,,,,,left_only
44862264,"MOSS LANDING PP, CIRCUIT BREAKERS",0.043,24,T,BRKR,,,,,left_only
40992488,"GATES SUB, CIRCUIT BREAKERS",0.21395595942618795,44,T,BRKR,,,,,left_only
40989887,"TULUCAY SUB, CIRCUIT BREAKERS",0.22004833574943397,44,T,BRKR,,,,,left_only
42740938,"ARCO SUB, CIRCUIT BREAKERS",0.07565396250708686,23,T,BRKR,,,,,left_only
40993389,"RIVERBANK SUB, CIRCUIT BREAKERS",0.2194722130418072,44,T,BRKR,,,,,left_only
44174939,"GATES SUB, CIRCUIT BREAKERS",0.21375595942618794,44,T,BRKR,,,,,left_only
44174940,"GATES SUB, CIRCUIT BREAKERS",0.21405595942618794,44,T,BRKR,,,,,left_only
45729225,"TESLA SUB, CIRCUIT BREAKERS",0.0444,24,T,BRKR,,,,,left_only
42701335,"ATLANTIC SUB, CIRCUIT BREAKERS",0.07045201676843424,23,T,BRKR,,,,,left_only
40992034,"BOGUE SUB, CIRCUIT BREAKERS",0.21857221304180718,44,T,BRKR,,,,,left_only
40991162,"DRUM 1 & 2 PH, CIRCUIT BREAKERS",0.21810462314508977,43,T,BRKR,,,,,left_only
40990977,"METCALF SUB, CIRCUIT BREAKERS",0.21808670263281837,44,T,BRKR,,,,,left_only
42758015,"WHEELER RIDGE SUB, CIRCUIT BREAKERS",0.06611963163649737,23,T,BRKR,,,,,left_only
42773553,"CALIENTE SW STA, CIRCUIT BREAKERS",0.06331608678742967,23,T,BRKR,,,,,left_only
40993417,"SAN FRAN AIRPORT SUB, CIRCUIT BREAKER",0.21804833574943397,44,T,BRKR,,,,,left_only
40993349,"PAUL SWEET SUB, CIRCUIT BREAKERS",0.21801422892791508,44,T,BRKR,,,,,left_only
40993621,"STOCKTON A SUB, CIRCUIT BREAKERS",0.21767221304180717,44,T,BRKR,,,,,left_only
45729227,"TESLA SUB, CIRCUIT BREAKERS",0.0512,24,T,BRKR,,,,,left_only
45729229,"TESLA SUB, CIRCUIT BREAKERS",0.0406,24,T,BRKR,,,,,left_only
44862265,"MOSS LANDING PP, CIRCUIT BREAKERS",0.0492,24,T,BRKR,,,,,left_only
41157851,"LOS ESTEROS SUB, CIRCUIT BREAKERS",0.21638841352437632,44,T,BRKR,,,,,left_only
40990893,"LAS POSITAS SUB, CIRCUIT BREAKERS",0.21621477960110974,43,T,BRKR,,,,,left_only
40991064,"SOUTH PH, CIRCUIT BREAKERS",0.21587221304180718,43,T,BRKR,,,,,left_only
40992064,"BARTON SUB, CIRCUIT BREAKERS",0.2157979943135978,44,T,BRKR,,,,,left_only
40992951,"MAGUNDEN SUB, CIRCUIT BREAKERS",0.2155222130418072,44,T,BRKR,,,,,left_only
42756237,"SOLAR SW STA, CIRCUIT BREAKERS",0.06321963163649737,23,T,BRKR,,,,,left_only
44862266,"MOSS LANDING PP, CIRCUIT BREAKERS",0.0492,24,T,BRKR,,,,,left_only
44862267,"MOSS LANDING PP, CIRCUIT BREAKERS",0.0492,24,T,BRKR,,,,,left_only
41328362,"DIABLO CANYON PP, CIRCUIT BREAKERS",0.1483121179162447,34,T,BRKR,,,,,left_only
44385340,"DIABLO CANYON PP, CIRCUIT BREAKERS",0.1483121179162447,34,T,BRKR,,,,,left_only
44385341,"DIABLO CANYON PP, CIRCUIT BREAKERS",0.14621211791624472,34,T,BRKR,,,,,left_only
44862268,"MOSS LANDING PP, CIRCUIT BREAKERS",0.0534,24,T,BRKR,,,,,left_only
40990157,"TRINITY SUB, CIRCUIT BREAKERS",0.21485462314508977,43,T,BRKR,,,,,left_only
40990894,"LAS POSITAS SUB, CIRCUIT BREAKERS",0.21466477960110975,43,T,BRKR,,,,,left_only
44862269,"MOSS LANDING PP, CIRCUIT BREAKERS",0.0534,24,T,BRKR,,,,,left_only
44862271,"MOSS LANDING PP, CIRCUIT BREAKERS",0.0534,24,T,BRKR,,,,,left_only
41218526,"GATES SUB, CIRCUIT BREAKERS",0.10843270245969829,34,T,BRKR,,,,,left_only
40993748,"TAFT SUB, CIRCUIT BREAKERS",0.21408175969928056,44,T,BRKR,,,,,left_only
40992852,"MARTINEZ PP, CIRCUIT BREAKERS",0.21406477960110973,44,T,BRKR,,,,,left_only
44174941,"GATES SUB, CIRCUIT BREAKERS",0.10843270245969829,34,T,BRKR,,,,,left_only
44174942,"GATES SUB, CIRCUIT BREAKERS",0.10833270245969828,34,T,BRKR,,,,,left_only
44234796,"CALIFORNIA FLATS SW STA, CIRCUIT BREAKER",0.06109065144664145,24,T,BRKR,,,,,left_only
40993622,"STOCKTON A SUB, CIRCUIT BREAKERS",0.21377221304180719,44,T,BRKR,,,,,left_only
41174176,"TESLA SUB, CIRCUIT BREAKERS",0.1586953871718399,34,T,BRKR,,,,,left_only
40992464,"FRENCH CAMP SUB, CIRCUIT BREAKERS",0.21326422892791508,43,T,BRKR,,,,,left_only
41174177,"TESLA SUB, CIRCUIT BREAKERS",0.14773092436192253,34,T,BRKR,,,,,left_only
41174178,"TESLA SUB, CIRCUIT BREAKERS",0.1586953871718399,34,T,BRKR,,,,,left_only
40991721,"NAPA SUB, CIRCUIT BREAKERS",0.2131220079269986,43,T,BRKR,,,,,left_only
41131307,"ROUND MTN SUB, CIRCUIT BREAKERS",0.18370408695044388,34,T,BRKR,,,,,left_only
40993465,"SAN PABLO SUB, CIRCUIT BREAKERS",0.21252221304180718,44,T,BRKR,,,,,left_only
40990563,"MONTA VISTA SUB, CIRCUIT BREAKERS",0.21093222436599543,44,T,BRKR,,,,,left_only
42772320,"VALLEY SPRINGS SUB, CIRCUIT BREAKERS",0.05589572367595874,23,T,BRKR,,,,,left_only
40993749,"TAFT SUB, CIRCUIT BREAKERS",0.21196422892791508,44,T,BRKR,,,,,left_only
40993464,"SAN PABLO SUB, CIRCUIT BREAKERS",0.21182221304180718,44,T,BRKR,,,,,left_only
40992190,"CAMP EVERS SUB, CIRCUIT BREAKERS",0.21179799431359783,44,T,BRKR,,,,,left_only
40991865,"LEMOORE SUB, CIRCUIT BREAKERS",0.21178175969928056,44,T,BRKR,,,,,left_only
40992602,"JARVIS SUB, CIRCUIT BREAKERS",0.2111142289279151,44,T,BRKR,,,,,left_only
43226007,"QUINTO SW STA, CIRCUIT BREAKERS",0.05049199873002157,23,T,BRKR,,,,,left_only
44077085,"MUSTANG SW STA, CIRCUIT BREAKERS",0.040123842169238075,23,T,BRKR,,,,,left_only
40992203,"CORCORAN SUB, CIRCUIT BREAKERS",0.21029799431359783,44,T,BRKR,,,,,left_only
41193385,"GATES SUB, CIRCUIT BREAKERS",0.12024990029204663,34,T,BRKR,,,,,left_only
44148877,"TRANQUILLITY SW STA, CIRCUIT BREAKERS",0.03922384216923808,23,T,BRKR,,,,,left_only
40991643,"TABLE MTN SUB, CIRCUIT BREAKERS",0.312248335749434,44,T,BRKR,,,,,left_only
44315274,"LAS AGUILAS SW STA, CIRCUIT BREAKERS",0.03380612831441825,23,T,BRKR,,,,,left_only
40990385,"NEWARK SUB, CIRCUIT BREAKERS",0.2099421274335817,44,T,BRKR,,,,,left_only
40990480,"KERCKHOFF #1 PH, CIRCUIT BREAKERS",0.2091972130418072,43,T,BRKR,,,,,left_only
44288993,"ROUND MTN SUB, CIRCUIT BREAKERS",0.1833040869504439,34,T,BRKR,,,,,left_only
41246073,"WEST SACRAMENTO SUB, CIRCUIT BREAKERS",0.208,44,T,BRKR,,,,,left_only
40992924,"MEADOW LANE SUB, CIRCUIT BREAKERS",0.20776422892791507,44,T,BRKR,,,,,left_only
40993626,"STOCKTON A SUB, CIRCUIT BREAKERS",0.2074222130418072,44,T,BRKR,,,,,left_only
44693302,"KERN PP, CIRCUIT BREAKERS",0.031782696730531475,13,T,BRKR,,,,,left_only
40992886,"MARYSVILLE SUB, CIRCUIT BREAKERS",0.2066722130418072,44,T,BRKR,,,,,left_only
40990936,"BIOLA SUB, CIRCUIT BREAKERS",0.20665462314508976,43,T,BRKR,,,,,left_only
44846527,"PADRE FLATS SW STA, CIRCUIT BREAKERS",0.03092441394393041,13,T,BRKR,,,,,left_only
40992931,"MERCED SUB, CIRCUIT BREAKERS",0.2060642289279151,44,T,BRKR,,,,,left_only
40990381,"GOLD HILL SUB, CIRCUIT BREAKERS",0.20584212743358168,44,T,BRKR,,,,,left_only
40991165,"DRUM 1 & 2 PH, CIRCUIT BREAKERS",0.20563922892791509,43,T,BRKR,,,,,left_only
40992916,"MEADOW LANE SUB, CIRCUIT BREAKERS",0.20471422892791508,44,T,BRKR,,,,,left_only
45482257,"FINK SW STA, CIRCUIT BREAKERS",0.0196,13,T,BRKR,,,,,left_only
40990115,"BENTON SUB, CIRCUIT BREAKERS",0.20450462314508977,43,T,BRKR,,,,,left_only
41193386,"GATES SUB, CIRCUIT BREAKERS",0.12024990029204663,34,T,BRKR,,,,,left_only
40990173,"TABLE MTN SUB, CIRCUIT BREAKERS",0.24482224879291223,44,T,BRKR,,,,,left_only
44288994,"ROUND MTN SUB, CIRCUIT BREAKERS",0.18520408695044388,34,T,BRKR,,,,,left_only
45838810,"CAYETANO SUB, CIRCUIT BREAKERS",0.0146,13,T,BRKR,,,,,left_only
44242359,"SAN FRAN Z (EMBARCADERO) SUB, BRKR",0.03463768956486267,23,T,BRKR,,,,,left_only
40990786,"ELK CREEK JCT, CIRCUIT BREAKERS",0.20332767235952717,44,T,BRKR,,,,,left_only
41193387,"GATES SUB, CIRCUIT BREAKERS",0.12024990029204663,34,T,BRKR,,,,,left_only
44236093,"SAN FRAN A (POTRERO PP) SUB, CIR BRKRS",0.034037689564862667,24,T,BRKR,,,,,left_only
42644122,"TESORO SUB, CIRCUIT BREAKERS",0.09940612077325298,23,T,BRKR,,,,,left_only
40990174,"TABLE MTN SUB, CIRCUIT BREAKERS",0.23374833574943396,44,T,BRKR,,,,,left_only
44873337,"GATES SUB, CIRCUIT BREAKERS",0.0972,24,T,BRKR,,,,,left_only
40992989,"MELONES SW STA, CIRCUIT BREAKERS",0.20122881669347686,44,T,BRKR,,,,,left_only
40990958,"MARTINEZ PP, CIRCUIT BREAKERS",0.20090462314508978,44,T,BRKR,,,,,left_only
40990189,"CENTERVILLE PH, CIRCUIT BREAKERS",0.20075784407656347,44,T,BRKR,,,,,left_only
40990562,"MONTA VISTA SUB, CIRCUIT BREAKERS",0.20069718163095268,44,T,BRKR,,,,,left_only
40992548,"HERDLYN SUB, CIRCUIT BREAKERS",0.20067221304180718,44,T,BRKR,,,,,left_only
40990232,"KINGSBURG SUB, CIRCUIT BREAKERS",0.20065462314508978,44,T,BRKR,,,,,left_only
45687336,"RIO OSO SUB, CIRCUIT BREAKERS",0.011428022050308363,14,T,BRKR,,,,,left_only
41237662,"JEFFERSON SUB, CIRCUIT BREAKERS",0.12687108065981062,33,T,BRKR,,,,,left_only
40990845,"HERNDON SUB, CIRCUIT BREAKERS",0.19927221304180717,33,T,BRKR,,,,,left_only
42572557,"ATLANTIC SUB, CIRCUIT BREAKERS",0.11609786359348707,33,T,BRKR,,,,,left_only
40990540,"OAKLAND J SUB, CIRCUIT BREAKERS",0.19907767235952717,34,T,BRKR,,,,,left_only
42553155,"SAN FRAN H (MARTIN) SUB, CIRCUIT BRKR",0.10533004340337654,33,T,BRKR,,,,,left_only
40990187,"PANOCHE SUB, CIRCUIT BREAKERS",0.19847767235952718,34,T,BRKR,,,,,left_only
40990001,"WILSON SUB, CIRCUIT BREAKERS",0.19869409407656347,34,T,BRKR,,,,,left_only
40993260,"OAKLAND J SUB, CIRCUIT BREAKERS",0.19869409407656347,34,T,BRKR,,,,,left_only
40989994,"WILSON SUB, CIRCUIT BREAKERS",0.19869409407656347,34,T,BRKR,,,,,left_only
42677870,"CARBERRY SW STA, CIRCUIT BREAKERS",0.07593039288413755,23,T,BRKR,,,,,left_only
42735552,"ARCO SUB, CIRCUIT BREAKERS",0.07165396250708686,23,T,BRKR,,,,,left_only
40990116,"BENTON SUB, CIRCUIT BREAKERS",0.19757767235952717,33,T,BRKR,,,,,left_only
40993709,"SANTA MARIA SUB, CIRCUIT BREAKERS",0.19742221304180718,34,T,BRKR,,,,,left_only
40993351,"PAUL SWEET SUB, CIRCUIT BREAKERS",0.1965222130418072,34,T,BRKR,,,,,left_only
42758054,"WHEELER RIDGE SUB, CIRCUIT BREAKERS",0.06581963163649736,23,T,BRKR,,,,,left_only
40992885,"MARYSVILLE SUB, CIRCUIT BREAKERS",0.1960722130418072,34,T,BRKR,,,,,left_only
40990179,"MERCED SUB, CIRCUIT BREAKERS",0.19600462314508976,34,T,BRKR,,,,,left_only
40990538,"MONTA VISTA SUB, CIRCUIT BREAKERS",0.19471183772810585,34,T,BRKR,,,,,left_only
40992990,"MELONES SW STA, CIRCUIT BREAKERS",0.19460462314508978,34,T,BRKR,,,,,left_only
40991180,"LIVERMORE SUB, CIRCUIT BREAKERS",0.19420784407656347,33,T,BRKR,,,,,left_only
42773555,"CALIENTE SW STA, CIRCUIT BREAKERS",0.06371608678742968,23,T,BRKR,,,,,left_only
40991164,"DRUM 1 & 2 PH, CIRCUIT BREAKERS",0.19397767235952718,34,T,BRKR,,,,,left_only
40990440,"WATSONVILLE SUB, CIRCUIT BREAKERS",0.19380784407656348,34,T,BRKR,,,,,left_only
40990231,"CURTIS SUB, CIRCUIT BREAKERS",0.1934688488301154,34,T,BRKR,,,,,left_only
40990328,"FREMONT SUB, CIRCUIT BREAKERS",0.19200784407656346,34,T,BRKR,BRKR,2025-09-29,,JIT,both
42756264,"SOLAR SW STA, CIRCUIT BREAKERS",0.06286963163649736,23,T,BRKR,,,,,left_only
41157847,"LOS ESTEROS SUB, CIRCUIT BREAKERS",0.19168841352437632,34,T,BRKR,,,,,left_only
44077096,"MUSTANG SW STA, CIRCUIT BREAKERS",0.05102384216923808,23,T,BRKR,,,,,left_only
40990606,"MONTA VISTA SUB, CIRCUIT BREAKERS",0.19136183772810586,34,T,BRKR,,,,,left_only
40990495,"TRINITY SUB, CIRCUIT BREAKERS",0.19121183772810585,34,T,BRKR,,,,,left_only
40990749,"FULTON SUB, CIRCUIT BREAKERS",0.19091183772810585,34,T,BRKR,,,,,left_only
40991187,"SALINAS SUB, CIRCUIT BREAKERS",0.19085651220042996,34,T,BRKR,,,,,left_only
40990170,"TABLE MTN SUB, CIRCUIT BREAKERS",0.29800206998463397,44,T,BRKR,,,,,left_only
40990265,"GATES SUB, CIRCUIT BREAKERS",0.19050784407656346,34,T,BRKR,,,,,left_only
44975892,"GATES SUB, CIRCUIT BREAKERS",0.0738,24,T,BRKR,,,,,left_only
40990171,"TABLE MTN SUB, CIRCUIT BREAKERS",0.296902069984634,44,T,BRKR,,,,,left_only
44975893,"GATES SUB, CIRCUIT BREAKERS",0.073,24,T,BRKR,,,,,left_only
40990172,"TABLE MTN SUB, CIRCUIT BREAKERS",0.29800206998463397,44,T,BRKR,,,,,left_only
40990829,"KESWICK SUB, CIRCUIT BREAKERS",0.18981183772810586,34,T,BRKR,,,,,left_only
40992929,"MERCED SUB, CIRCUIT BREAKERS",0.18970462314508976,34,T,BRKR,,,,,left_only
40990230,"MELONES SW STA, CIRCUIT BREAKERS",0.18952767235952717,34,T,BRKR,,,,,left_only
43226012,"QUINTO SW STA, CIRCUIT BREAKERS",0.05084199873002157,23,T,BRKR,,,,,left_only
40990400,"PLEASANT GROVE SUB, CIRCUIT BREAKERS",0.1892578440765635,34,T,BRKR,,,,,left_only
44234797,"CALIFORNIA FLATS SW STA, CIRCUIT BREAKER",0.04949065144664145,24,T,BRKR,,,,,left_only
40990284,"SCHINDLER SUB, CIRCUIT BREAKERS",0.18890784407656347,34,T,BRKR,,,,,left_only
40991841,"DIXON LANDING SUB, CIRCUIT BREAKERS",0.18880462314508978,34,T,BRKR,,,,,left_only
40993776,"TESLA SUB, CIRCUIT BREAKERS",0.25536147532026987,44,T,BRKR,,,,,left_only
40990184,"TESLA SUB, CIRCUIT BREAKERS",0.2565614753202699,44,T,BRKR,,,,,left_only
40990185,"TESLA SUB, CIRCUIT BREAKERS",0.2324614753202699,44,T,BRKR,,,,,left_only
40990943,"NEWARK SUB, CIRCUIT BREAKERS",0.18864371148855705,34,T,BRKR,,,,,left_only
44315277,"LAS AGUILAS SW STA, CIRCUIT BREAKERS",0.03410612831441825,23,T,BRKR,,,,,left_only
40990396,"SAN JOAQUIN SUB, CIRCUIT BREAKERS",0.18850784407656346,34,T,BRKR,,,,,left_only
40990177,"MERCED SUB, CIRCUIT BREAKERS",0.18835462314508977,34,T,BRKR,,,,,left_only
40990397,"SAN JOAQUIN SUB, CIRCUIT BREAKERS",0.18830784407656348,34,T,BRKR,,,,,left_only
40990395,"TIVY VALLEY SUB, CIRCUIT BREAKERS",0.18830784407656348,34,T,BRKR,,,,,left_only
40990392,"KERN PP, CIRCUIT BREAKERS",0.18810784407656347,34,T,BRKR,,,,,left_only
40990188,"EXCHEQUER PH, CIRCUIT BREAKERS",0.1880452782810126,33,T,BRKR,,,,,left_only
40990512,"TULARE LAKE SUB, CIRCUIT BREAKERS",0.18796183772810587,34,T,BRKR,,,,,left_only
41157849,"LOS ESTEROS SUB, CIRCUIT BREAKERS",0.1878884135243763,34,T,BRKR,,,,,left_only
40990513,"TULARE LAKE SUB, CIRCUIT BREAKERS",0.18746183772810587,34,T,BRKR,,,,,left_only
40990341,"FREMONT SUB, CIRCUIT BREAKERS",0.18745784407656346,34,T,BRKR,,,,,left_only
44358886,"TRANQUILLITY SW STA, CIRCUIT BREAKERS",0.030511983758868554,13,T,BRKR,,,,,left_only
44693303,"KERN PP, CIRCUIT BREAKERS",0.030482696730531472,13,T,BRKR,,,,,left_only
41186546,"LOCKEFORD SUB, CIRCUIT BREAKERS",0.18706008680675307,34,T,BRKR,,,,,left_only
40990883,"FULTON SUB, CIRCUIT BREAKERS",0.18671183772810585,34,T,BRKR,,,,,left_only
40990399,"PLEASANT GROVE SUB, CIRCUIT BREAKERS",0.18670784407656346,34,T,BRKR,,,,,left_only
44846528,"PADRE FLATS SW STA, CIRCUIT BREAKERS",0.02812441394393041,13,T,BRKR,,,,,left_only
40990793,"CABRILLO SUB, CIRCUIT BREAKERS",0.18631183772810586,34,T,BRKR,,,,,left_only
40991592,"TRIMBLE SUB, CIRCUIT BREAKERS",0.18294973622364258,34,T,BRKR,,,,,left_only
40990541,"MONTA VISTA SUB, CIRCUIT BREAKERS",0.18606183772810586,34,T,BRKR,,,,,left_only
41186157,"DIABLO CANYON PP, CIRCUIT BREAKERS",0.1666741238040359,34,T,BRKR,,,,,left_only
45543566,"MESA SUB, CIRCUIT BREAKERS",0.0243,14,T,BRKR,,,,,left_only
40990297,"SAN JOSE B SUB, CIRCUIT BREAKERS",0.1857078440765635,34,T,BRKR,,,,,left_only
40990340,"SAN JOSE B SUB, CIRCUIT BREAKERS",0.18565784407656347,34,T,BRKR,,,,,left_only
40990262,"GATES SUB, CIRCUIT BREAKERS",0.18560784407656347,34,T,BRKR,,,,,left_only
40990242,"KINGSBURG SUB, CIRCUIT BREAKERS",0.18557767235952718,34,T,BRKR,,,,,left_only
44385374,"DIABLO CANYON PP, CIRCUIT BREAKERS",0.1663741238040359,34,T,BRKR,,,,,left_only
44385375,"DIABLO CANYON PP, CIRCUIT BREAKERS",0.1663741238040359,34,T,BRKR,,,,,left_only
40990790,"EDENVALE SUB, CIRCUIT BREAKERS",0.18442935909562724,34,T,BRKR,,,,,left_only
40990586,"SAN LUIS OBISPO SUB, CIRCUIT BREAKERS",0.18442935909562724,34,T,BRKR,,,,,left_only
40990856,"LE GRAND SUB, CIRCUIT BREAKERS",0.18442935909562724,34,T,BRKR,,,,,left_only
40990528,"BRITTON SUB, CIRCUIT BREAKERS",0.18442935909562724,34,T,BRKR,,,,,left_only
40990612,"BRITTON SUB, CIRCUIT BREAKERS",0.18442935909562724,34,T,BRKR,,,,,left_only
40990819,"SALADO SUB, CIRCUIT BREAKERS",0.18442935909562724,34,T,BRKR,,,,,left_only
40991040,"HOLLISTER SUB, CIRCUIT BREAKERS",0.18500651220042996,34,T,BRKR,,,,,left_only
40990865,"MENDOTA SUB, CIRCUIT BREAKERS",0.18481183772810586,34,T,BRKR,,,,,left_only
45482245,"FINK SW STA, CIRCUIT BREAKERS",0.015694503843342984,13,T,BRKR,,,,,left_only
44242360,"SAN FRAN Z (EMBARCADERO) SUB, BRKR",0.03418768956486267,23,T,BRKR,,,,,left_only
42644123,"TESORO SUB, CIRCUIT BREAKERS",0.09650612077325296,23,T,BRKR,,,,,left_only
40990986,"ROUND MTN SUB, CIRCUIT BREAKERS",0.15834371148855703,34,T,BRKR,,,,,left_only
40990811,"WEST SACRAMENTO SUB, CIRCUIT BREAKERS",0.18366183772810585,34,T,BRKR,,,,,left_only
40990167,"TABLE MTN SUB, CIRCUIT BREAKERS",0.3005634591285445,44,T,BRKR,,,,,left_only
40990597,"REEDLEY SUB, CIRCUIT BREAKERS",0.18326183772810586,34,T,BRKR,,,,,left_only
42694023,"PIT #3 PH, CIRCUIT BREAKERS",0.07488039288413756,23,T,BRKR,,,,,left_only
40990420,"DIXON LANDING SUB, CIRCUIT BREAKERS",0.1832078440765635,34,T,BRKR,,,,,left_only
40991073,"TEMPLETON SUB, CIRCUIT BREAKERS",0.18320651220042994,34,T,BRKR,,,,,left_only
40990987,"ROUND MTN SUB, CIRCUIT BREAKERS",0.15844371148855704,34,T,BRKR,,,,,left_only
40990241,"KINGSBURG SUB, CIRCUIT BREAKERS",0.1829614753202699,34,T,BRKR,,,,,left_only
40990168,"TABLE MTN SUB, CIRCUIT BREAKERS",0.2883634591285445,44,T,BRKR,,,,,left_only
40990988,"ROUND MTN SUB, CIRCUIT BREAKERS",0.15854371148855703,34,T,BRKR,,,,,left_only
40990169,"TABLE MTN SUB, CIRCUIT BREAKERS",0.3000634591285445,44,T,BRKR,,,,,left_only
40993774,"TESLA SUB, CIRCUIT BREAKERS",0.21699799431359781,44,T,BRKR,,,,,left_only
40990303,"WHISMAN SUB, CIRCUIT BREAKERS",0.18185784407656347,34,T,BRKR,,,,,left_only
42553156,"SAN FRAN H (MARTIN) SUB, CIRCUIT BRKR",0.119644689868023,33,T,BRKR,,,,,left_only
40990885,"FULTON SUB, CIRCUIT BREAKERS",0.18166183772810585,34,T,BRKR,,,,,left_only
40990250,"TESLA SUB, CIRCUIT BREAKERS",0.21669799431359782,44,T,BRKR,,,,,left_only
44236087,"SAN FRAN A (POTRERO PP) SUB, CIR BRKRS",0.05858768956486267,24,T,BRKR,,,,,left_only
40990229,"MELONES SW STA, CIRCUIT BREAKERS",0.18157767235952718,34,T,BRKR,,,,,left_only
42709929,"SAN FRAN H (MARTIN) SUB, CIRCUIT BRKR",0.3364,43,T,BRKR,,,,,left_only
40990673,"BAY MEADOWS SUB, CIRCUIT BREAKERS",0.18111183772810585,34,T,BRKR,,,,,left_only
40990482,"EL NIDO SUB, CIRCUIT BREAKERS",0.18111183772810585,33,T,BRKR,,,,,left_only
40991101,"TABLE MTN SUB, CIRCUIT BREAKERS",0.18101183772810586,34,T,BRKR,,,,,left_only
40990251,"TESLA SUB, CIRCUIT BREAKERS",0.21709799431359783,44,T,BRKR,,,,,left_only
40990944,"BUTTE SUB, CIRCUIT BREAKERS",0.18061183772810585,34,T,BRKR,,,,,left_only
44349086,"DIABLO CANYON PP, CIRCUIT BREAKERS",0.0556,24,T,BRKR,,,,,left_only
40990850,"NEWARK SUB, CIRCUIT BREAKERS",0.18324371148855703,34,T,BRKR,,,,,left_only
40990520,"COALINGA #1 SUB, CIRCUIT BREAKERS",0.18021183772810587,34,T,BRKR,,,,,left_only
40989964,"WEST SACRAMENTO SUB, CIRCUIT BREAKERS",0.18011183772810585,34,T,BRKR,,,,,left_only
40990454,"WHISMAN SUB, CIRCUIT BREAKERS",0.17990784407656346,34,T,BRKR,,,,,left_only
40991171,"WEBER SUB, CIRCUIT BREAKERS",0.17990651220042994,34,T,BRKR,,,,,left_only
40990441,"WHISMAN SUB, CIRCUIT BREAKERS",0.17980784407656347,34,T,BRKR,,,,,left_only
40990810,"WEST SACRAMENTO SUB, CIRCUIT BREAKERS",0.17961183772810585,34,T,BRKR,,,,,left_only
40990362,"KERN OIL SUB, CIRCUIT BREAKERS",0.17956183772810586,33,T,BRKR,,,,,left_only
42685618,"PIT #1 PH, CIRCUIT BREAKERS",0.10395385734873286,33,T,BRKR,,,,,left_only
44372074,"DIABLO CANYON PP, CIRCUIT BREAKERS",0.0556,24,T,BRKR,,,,,left_only
40990322,"LIVERMORE SUB, CIRCUIT BREAKERS",0.17935784407656347,33,T,BRKR,,,,,left_only
40990751,"FULTON SUB, CIRCUIT BREAKERS",0.17916183772810587,34,T,BRKR,,,,,left_only
40990639,"GOLD HILL SUB, CIRCUIT BREAKERS",0.17911183772810585,34,T,BRKR,,,,,left_only
40990298,"RADUM SUB, CIRCUIT BREAKERS",0.17910784407656347,33,T,BRKR,,,,,left_only
44372075,"DIABLO CANYON PP, CIRCUIT BREAKERS",0.0556,24,T,BRKR,,,,,left_only
41190756,"GATES SUB, CIRCUIT BREAKERS",0.11644990029204663,34,T,BRKR,,,,,left_only
42645979,"TABLE MTN SUB, CIRCUIT BREAKERS",0.2226,44,T,BRKR,,,,,left_only
40991562,"NEWARK SUB, CIRCUIT BREAKERS",0.17909889496737985,34,T,BRKR,BRKR,2025-09-26,,JIT,both
40990637,"HAT CREEK #1 PH, CIRCUIT BREAKERS",0.17880651220042995,34,T,BRKR,,,,,left_only
40993504,"SMYRNA SUB, CIRCUIT BREAKERS",0.17874990029204663,34,T,BRKR,,,,,left_only
40990753,"FULTON SUB, CIRCUIT BREAKERS",0.17866183772810587,34,T,BRKR,,,,,left_only
40990982,"SALINAS SUB, CIRCUIT BREAKERS",0.17860651220042995,34,T,BRKR,,,,,left_only
40990550,"FULTON SUB, CIRCUIT BREAKERS",0.17851183772810586,34,T,BRKR,,,,,left_only
40990524,"BUTTE SUB, CIRCUIT BREAKERS",0.17836183772810585,34,T,BRKR,,,,,left_only
40990488,"OIL FIELDS SUB, CIRCUIT BREAKERS",0.17826183772810586,34,T,BRKR,,,,,left_only
40990235,"CORCORAN SUB, CIRCUIT BREAKERS",0.17817767235952717,34,T,BRKR,,,,,left_only
40990636,"APPLIED MATERIALS SW STA, CIRC BREAKERS",0.17811183772810585,34,T,BRKR,,,,,left_only
40990634,"APPLIED MATERIALS SW STA, CIRC BREAKERS",0.17806183772810585,34,T,BRKR,,,,,left_only
40991918,"ARCO SUB, CIRCUIT BREAKERS",0.17802767235952718,34,T,BRKR,,,,,left_only
41190757,"GATES SUB, CIRCUIT BREAKERS",0.11644990029204663,34,T,BRKR,,,,,left_only
44656587,"GATES SUB, CIRCUIT BREAKERS",0.04039602802337998,24,T,BRKR,,,,,left_only
40990679,"TABLE MTN SUB, CIRCUIT BREAKERS",0.17761183772810585,34,T,BRKR,,,,,left_only
44237558,"TABLE MTN SUB, CIRCUIT BREAKERS",0.2224,44,T,BRKR,,,,,left_only
45690383,"RIO OSO SUB, CIRCUIT BREAKERS",0.012578022050308363,14,T,BRKR,,,,,left_only
40990649,"LAKEVILLE SUB, CIRCUIT BREAKERS",0.17726183772810586,34,T,BRKR,,,,,left_only
40990500,"JARVIS SUB, CIRCUIT BREAKERS",0.17721183772810586,34,T,BRKR,,,,,left_only
40991066,"REEDLEY SUB, CIRCUIT BREAKERS",0.17721183772810586,34,T,BRKR,,,,,left_only
40990496,"TRINITY SUB, CIRCUIT BREAKERS",0.17721183772810586,34,T,BRKR,,,,,left_only
41190758,"GATES SUB, CIRCUIT BREAKERS",0.11644990029204663,34,T,BRKR,,,,,left_only
44237560,"TABLE MTN SUB, CIRCUIT BREAKERS",0.223,44,T,BRKR,,,,,left_only
40990519,"COALINGA #1 SUB, CIRCUIT BREAKERS",0.17666183772810587,34,T,BRKR,,,,,left_only
40990600,"RENFRO SUB, CIRCUIT BREAKERS",0.17656183772810585,34,T,BRKR,,,,,left_only
40990750,"FULTON SUB, CIRCUIT BREAKERS",0.17651183772810586,34,T,BRKR,,,,,left_only
45729231,"TESLA SUB, CIRCUIT BREAKERS",0.0466,24,T,BRKR,,,,,left_only
40990489,"OIL FIELDS SUB, CIRCUIT BREAKERS",0.17641183772810587,34,T,BRKR,,,,,left_only
40990570,"MONTA VISTA SUB, CIRCUIT BREAKERS",0.17636183772810587,34,T,BRKR,,,,,left_only
40990601,"RENFRO SUB, CIRCUIT BREAKERS",0.17631183772810585,34,T,BRKR,,,,,left_only
40991566,"NEWARK SUB, CIRCUIT BREAKERS",0.17609889496737985,34,T,BRKR,,,,,left_only
40990650,"LAKEVILLE SUB, CIRCUIT BREAKERS",0.17606183772810585,34,T,BRKR,,,,,left_only
40990714,"HERNDON SUB, CIRCUIT BREAKERS",0.17591183772810587,34,T,BRKR,,,,,left_only
40990779,"MILPITAS SUB, CIRCUIT BREAKERS",0.17571183772810586,34,T,BRKR,,,,,left_only
40990677,"TABLE MTN SUB, CIRCUIT BREAKERS",0.17541183772810587,34,T,BRKR,,,,,left_only
40991253,"MONTA VISTA SUB, CIRCUIT BREAKERS",0.17489889496737987,34,T,BRKR,,,,,left_only
40990670,"BAY MEADOWS SUB, CIRCUIT BREAKERS",0.17481183772810585,34,T,BRKR,,,,,left_only
40990772,"MARICOPA SUB, CIRCUIT BREAKERS",0.17480651220042995,34,T,BRKR,,,,,left_only
40991072,"TEMPLETON SUB, CIRCUIT BREAKERS",0.17475651220042995,34,T,BRKR,,,,,left_only
40991053,"PASO ROBLES SUB, CIRCUIT BREAKERS",0.17475651220042995,33,T,BRKR,,,,,left_only
40990521,"MESA SUB, CIRCUIT BREAKERS",0.17461183772810585,34,T,BRKR,,,,,left_only
40991254,"MONTA VISTA SUB, CIRCUIT BREAKERS",0.17449889496737986,34,T,BRKR,,,,,left_only
45507531,"BITTERWATER SW STA, CIRCUIT BREAKERS",0.017,13,T,BRKR,,,,,left_only
41195064,"OAKLAND C (OAKLAND PP) SUB, CIRCUIT BRKR",0.17426183772810586,34,T,BRKR,,,,,left_only
40990603,"VIERRA SUB, CIRCUIT BREAKERS",0.17396183772810586,34,T,BRKR,,,,,left_only
40991039,"HOLLISTER SUB, CIRCUIT BREAKERS",0.17380651220042995,34,T,BRKR,,,,,left_only
40991920,"ARCO SUB, CIRCUIT BREAKERS",0.2622979943135978,43,T,BRKR,,,,,left_only
40990822,"OAKLAND C (OAKLAND PP) SUB, CIRCUIT BRKR",0.17376183772810586,34,T,BRKR,,,,,left_only
40993428,"SAN FRAN H (MARTIN) SUB, CIRCUIT BRKR",0.21974833574943398,44,T,BRKR,,,,,left_only
41106548,"NEWARK SUB, CIRCUIT BREAKERS",0.17347995308166697,34,T,BRKR,,,,,left_only
40990671,"BAY MEADOWS SUB, CIRCUIT BREAKERS",0.17346183772810586,34,T,BRKR,,,,,left_only
45729233,"TESLA SUB, CIRCUIT BREAKERS",0.0466,24,T,BRKR,,,,,left_only
40990523,"MESA SUB, CIRCUIT BREAKERS",0.1733971816309527,34,T,BRKR,,,,,left_only
40992933,"MESA SUB, CIRCUIT BREAKERS",0.14896336630578266,33,T,BRKR,,,,,left_only
40990827,"SAN LUIS OBISPO SUB, CIRCUIT BREAKERS",0.17331183772810585,34,T,BRKR,,,,,left_only
41106551,"NEWARK SUB, CIRCUIT BREAKERS",0.173279953081667,34,T,BRKR,,,,,left_only
40990904,"BIOLA SUB, CIRCUIT BREAKERS",0.17320651220042996,34,T,BRKR,,,,,left_only
45729235,"TESLA SUB, CIRCUIT BREAKERS",0.0474,24,T,BRKR,,,,,left_only
40990715,"HERNDON SUB, CIRCUIT BREAKERS",0.17316183772810587,34,T,BRKR,,,,,left_only
40990802,"LAKEVILLE SUB, CIRCUIT BREAKERS",0.17311183772810587,34,T,BRKR,,,,,left_only
41212142,"WILSON SUB, CIRCUIT BREAKERS",0.13482047169283565,33,T,BRKR,,,,,left_only
44457964,"DIABLO CANYON PP, CIRCUIT BREAKERS",0.0892,24,T,BRKR,,,,,left_only
41237663,"JEFFERSON SUB, CIRCUIT BREAKERS",0.11527108065981063,33,T,BRKR,,,,,left_only
40990849,"OAKLAND C (OAKLAND PP) SUB, CIRCUIT BRKR",0.17261183772810587,34,T,BRKR,,,,,left_only
42758057,"WHEELER RIDGE SUB, CIRCUIT BREAKERS",0.06626963163649736,23,T,BRKR,,,,,left_only
42756266,"SOLAR SW STA, CIRCUIT BREAKERS",0.06406963163649736,23,T,BRKR,,,,,left_only
40990552,"FULTON SUB, CIRCUIT BREAKERS",0.17246183772810586,34,T,BRKR,,,,,left_only
42746864,"EASTSHORE SUB, CIRCUIT BREAKERS",0.06331963163649736,23,T,BRKR,,,,,left_only
40990884,"FULTON SUB, CIRCUIT BREAKERS",0.17226183772810585,34,T,BRKR,,,,,left_only
44457966,"DIABLO CANYON PP, CIRCUIT BREAKERS",0.0892,24,T,BRKR,,,,,left_only
40990860,"WILSON SUB, CIRCUIT BREAKERS",0.17176183772810585,34,T,BRKR,,,,,left_only
40991174,"WEBER SUB, CIRCUIT BREAKERS",0.17130651220042994,34,T,BRKR,,,,,left_only
41127098,"SAN FRAN A (POTRERO PP) SUB, CIR BRKRS",0.1712040869504439,34,T,BRKR,,,,,left_only
40991565,"NEWARK SUB, CIRCUIT BREAKERS",0.17109889496737987,34,T,BRKR,,,,,left_only
40990666,"CORNING SUB, CIRCUIT BREAKERS",0.17099718163095268,34,T,BRKR,,,,,left_only
40990881,"FULTON SUB, CIRCUIT BREAKERS",0.17096183772810586,34,T,BRKR,,,,,left_only
40991170,"WEBER SUB, CIRCUIT BREAKERS",0.17090651220042996,34,T,BRKR,,,,,left_only
40990680,"TABLE MTN SUB, CIRCUIT BREAKERS",0.17086183772810587,34,T,BRKR,,,,,left_only
42773557,"CALIENTE SW STA, CIRCUIT BREAKERS",0.06241608678742967,23,T,BRKR,,,,,left_only
40990748,"FULTON SUB, CIRCUIT BREAKERS",0.17076183772810585,34,T,BRKR,,,,,left_only
40991224,"SAN BERNARD SUB, CIRCUIT BREAKERS",0.17070651220042996,34,T,BRKR,,,,,left_only
40991074,"GLENN SUB, CIRCUIT BREAKERS",0.17060651220042994,34,T,BRKR,,,,,left_only
40991065,"REEDLEY SUB, CIRCUIT BREAKERS",0.17060651220042994,34,T,BRKR,,,,,left_only
40991517,"SAN FRAN H (MARTIN) SUB, CIRCUIT BRKR",0.17049889496737985,34,T,BRKR,,,,,left_only
42837776,"VALLEY SPRINGS SUB, CIRCUIT BREAKERS",0.06039572367595874,23,T,BRKR,,,,,left_only
43226017,"QUINTO SW STA, CIRCUIT BREAKERS",0.05329199873002157,23,T,BRKR,,,,,left_only
43236217,"MOSS LANDING PP, CIRCUIT BREAKERS",0.05124199873002157,24,T,BRKR,,,,,left_only
40990263,"GATES SUB, CIRCUIT BREAKERS",0.17000784407656347,34,T,BRKR,,,,,left_only
44234798,"CALIFORNIA FLATS SW STA, CIRCUIT BREAKER",0.04639065144664145,24,T,BRKR,,,,,left_only
44148878,"TRANQUILLITY SW STA, CIRCUIT BREAKERS",0.04142384216923808,23,T,BRKR,,,,,left_only
40991139,"WEBER SUB, CIRCUIT BREAKERS",0.16975651220042995,34,T,BRKR,,,,,left_only
44457967,"DIABLO CANYON PP, CIRCUIT BREAKERS",0.0892,24,T,BRKR,,,,,left_only
40991172,"WEBER SUB, CIRCUIT BREAKERS",0.16950651220042995,34,T,BRKR,,,,,left_only
40990994,"CORONA SUB, CIRCUIT BREAKERS",0.16950651220042995,34,T,BRKR,,,,,left_only
40991054,"PASO ROBLES SUB, CIRCUIT BREAKERS",0.16950651220042995,33,T,BRKR,,,,,left_only
40991015,"COOLEY LANDING SUB, CIRCUIT BREAKERS",0.16920651220042995,34,T,BRKR,,,,,left_only
40991038,"HOLLISTER SUB, CIRCUIT BREAKERS",0.16920651220042995,34,T,BRKR,,,,,left_only
40990635,"APPLIED MATERIALS SW STA, CIRC BREAKERS",0.16911183772810587,34,T,BRKR,,,,,left_only
40990264,"GATES SUB, CIRCUIT BREAKERS",0.16910784407656348,34,T,BRKR,,,,,left_only
40991014,"COOLEY LANDING SUB, CIRCUIT BREAKERS",0.16885651220042994,34,T,BRKR,,,,,left_only
40992490,"GATES SUB, CIRCUIT BREAKERS",0.22807420921882046,44,T,BRKR,,,,,left_only
44174943,"GATES SUB, CIRCUIT BREAKERS",0.22807420921882046,44,T,BRKR,,,,,left_only
44174944,"GATES SUB, CIRCUIT BREAKERS",0.22807420921882046,44,T,BRKR,,,,,left_only
40991617,"NEWARK SUB, CIRCUIT BREAKERS",0.16797995308166697,34,T,BRKR,,,,,left_only
41170064,"TESLA SUB, CIRCUIT BREAKERS",0.12840381813097507,34,T,BRKR,,,,,left_only
44077097,"MUSTANG SW STA, CIRCUIT BREAKERS",0.039923842169238076,23,T,BRKR,,,,,left_only
41170065,"TESLA SUB, CIRCUIT BREAKERS",0.13460381813097508,34,T,BRKR,,,,,left_only
41170066,"TESLA SUB, CIRCUIT BREAKERS",0.17180381813097506,34,T,BRKR,,,,,left_only
40991189,"KERN OIL SUB, CIRCUIT BREAKERS",0.16755651220042994,34,T,BRKR,,,,,left_only
41113061,"NEWARK SUB, CIRCUIT BREAKERS",0.16747995308166697,34,T,BRKR,,,,,left_only
40991022,"AMES DIST SUB, CIRCUIT BREAKERS",0.16745651220042995,34,T,BRKR,,,,,left_only
40990145,"TABLE MTN SUB, CIRCUIT BREAKERS",0.21904833574943397,44,T,BRKR,,,,,left_only
40990978,"MCCALL SUB, CIRCUIT BREAKERS",0.16735651220042996,34,T,BRKR,,,,,left_only
40990146,"TABLE MTN SUB, CIRCUIT BREAKERS",0.21904833574943397,44,T,BRKR,,,,,left_only
40990147,"TABLE MTN SUB, CIRCUIT BREAKERS",0.21904833574943397,44,T,BRKR,,,,,left_only
40990143,"TABLE MTN SUB, CIRCUIT BREAKERS",0.010867785401556746,14,T,BRKR,,,,,left_only
40993805,"TABLE MTN SUB, CIRCUIT BREAKERS",0.010867785401556746,14,T,BRKR,,,,,left_only
44315278,"LAS AGUILAS SW STA, CIRCUIT BREAKERS",0.03660612831441825,23,T,BRKR,,,,,left_only
44693304,"KERN PP, CIRCUIT BREAKERS",0.030532696730531474,13,T,BRKR,,,,,left_only
40990144,"TABLE MTN SUB, CIRCUIT BREAKERS",0.010867785401556746,14,T,BRKR,,,,,left_only
41127100,"SAN FRAN A (POTRERO PP) SUB, CIR BRKRS",0.1670040869504439,34,T,BRKR,,,,,left_only
44236091,"SAN FRAN A (POTRERO PP) SUB, CIR BRKRS",0.03463768956486267,24,T,BRKR,,,,,left_only
40991102,"TABLE MTN SUB, CIRCUIT BREAKERS",0.16675651220042995,34,T,BRKR,,,,,left_only
44242361,"SAN FRAN Z (EMBARCADERO) SUB, BRKR",0.03433768956486267,23,T,BRKR,,,,,left_only
45573801,"GATES SUB, CIRCUIT BREAKERS",0.0444,24,T,BRKR,,,,,left_only
41142903,"VINEYARD SUB, CIRCUIT BREAKERS",0.13648143987691272,33,T,BRKR,,,,,left_only
40995711,"COBURN SUB, CIRCUIT BREAKERS",0.565313501164572,43,T,BRKR,,,,,left_only
40991169,"WEBER SUB, CIRCUIT BREAKERS",0.16640651220042996,34,T,BRKR,,,,,left_only
40991789,"MIDWAY SUB, CIRCUIT BREAKERS",0.2144979943135978,44,T,BRKR,,,,,left_only
41120248,"TABLE MTN SUB, CIRCUIT BREAKERS",0.16787412380403588,34,T,BRKR,,,,,left_only
40996977,"RIO OSO SUB, CIRCUIT BREAKERS",0.4868226780711557,44,T,BRKR,,,,,left_only
40995766,"COTTONWOOD SUB, CIRCUIT BREAKERS",0.4320937495785406,43,T,BRKR,,,,,left_only
40994819,"VACA DIXON SUB, CIRCUIT BREAKERS",0.3012906295891279,44,T,BRKR,,,,,left_only
40991051,"EAGLE ROCK SUB, CIRCUIT BREAKERS",0.16620651220042995,34,T,BRKR,,,,,left_only
40990995,"CORONA SUB, CIRCUIT BREAKERS",0.16605651220042994,34,T,BRKR,,,,,left_only
40991561,"SAN FRAN A (POTRERO PP) SUB, CIR BRKRS",0.16589889496737986,34,T,BRKR,,,,,left_only
40991188,"KERN OIL SUB, CIRCUIT BREAKERS",0.16585651220042996,34,T,BRKR,,,,,left_only
40991084,"GLENN SUB, CIRCUIT BREAKERS",0.16565651220042996,34,T,BRKR,,,,,left_only
40990611,"MONTA VISTA SUB, CIRCUIT BREAKERS",0.16539718163095268,34,T,BRKR,,,,,left_only
40996480,"METCALF SUB, CIRCUIT BREAKERS",0.29137007543188426,44,T,BRKR,,,,,left_only
41124298,"MORAGA SUB, CIRCUIT BREAKERS",0.16507995308166698,34,T,BRKR,,,,,left_only
40991552,"GREGG SUB, CIRCUIT BREAKERS",0.28739778993475973,44,T,BRKR,,,,,left_only
41088036,"NORTECH SUB, CIRCUIT BREAKERS",0.1648588271327335,34,T,BRKR,,,,,left_only
40990551,"FULTON SUB, CIRCUIT BREAKERS",0.16466183772810586,34,T,BRKR,,,,,left_only
45573803,"GATES SUB, CIRCUIT BREAKERS",0.0448,24,T,BRKR,,,,,left_only
40991539,"SAN BERNARD SUB, CIRCUIT BREAKERS",0.1642588271327335,34,T,BRKR,,,,,left_only
40991004,"MIDWAY SUB, CIRCUIT BREAKERS",0.21439799431359782,44,T,BRKR,,,,,left_only
40991119,"BAY MEADOWS SUB, CIRCUIT BREAKERS",0.16400651220042994,34,T,BRKR,,,,,left_only
40990794,"CABRILLO SUB, CIRCUIT BREAKERS",0.16376183772810585,34,T,BRKR,,,,,left_only
40990740,"FELLOWS SUB, CIRCUIT BREAKERS",0.16376183772810585,34,T,BRKR,,,,,left_only
40991057,"EAGLE ROCK SUB, CIRCUIT BREAKERS",0.16375651220042994,34,T,BRKR,,,,,left_only
40990757,"FELLOWS SUB, CIRCUIT BREAKERS",0.16361183772810586,34,T,BRKR,,,,,left_only
41088859,"BELLOTA SUB, CIRCUIT BREAKERS",0.1635588271327335,34,T,BRKR,,,,,left_only
40991567,"NEWARK SUB, CIRCUIT BREAKERS",0.163479953081667,34,T,BRKR,BRKR,2025-05-05,,In-Service Failure,both
44237562,"TABLE MTN SUB, CIRCUIT BREAKERS",0.1907741238040359,34,T,BRKR,,,,,left_only
40991092,"FRANKLIN SUB, CIRCUIT BREAKERS",0.16330651220042994,33,T,BRKR,,,,,left_only
40990667,"CORNING SUB, CIRCUIT BREAKERS",0.1632971816309527,34,T,BRKR,,,,,left_only
40990553,"FULTON SUB, CIRCUIT BREAKERS",0.16326183772810585,34,T,BRKR,,,,,left_only
40990483,"LE GRAND SUB, CIRCUIT BREAKERS",0.16316183772810586,34,T,BRKR,,,,,left_only
41106553,"NEWARK SUB, CIRCUIT BREAKERS",0.162979953081667,34,T,BRKR,,,,,left_only
40992907,"MCCALL SUB, CIRCUIT BREAKERS",0.24939799431359783,44,T,BRKR,,,,,left_only
40991023,"AMES DIST SUB, CIRCUIT BREAKERS",0.16290651220042995,34,T,BRKR,,,,,left_only
45573807,"GATES SUB, CIRCUIT BREAKERS",0.0452,24,T,BRKR,,,,,left_only
40991005,"MIDWAY SUB, CIRCUIT BREAKERS",0.21439799431359782,44,T,BRKR,,,,,left_only
40990501,"JARVIS SUB, CIRCUIT BREAKERS",0.1627971816309527,34,T,BRKR,,,,,left_only
40991154,"SAN JOSE B SUB, CIRCUIT BREAKERS",0.16270651220042995,34,T,BRKR,,,,,left_only
40992810,"LOS BANOS SUB, CIRCUIT BREAKERS",0.24859799431359783,44,T,BRKR,,,,,left_only
41106557,"NEWARK SUB, CIRCUIT BREAKERS",0.162679953081667,34,T,BRKR,BRKR,2025-05-05,,In-Service Failure,both
40991563,"NEWARK SUB, CIRCUIT BREAKERS",0.162679953081667,34,T,BRKR,,,,,left_only
44237564,"TABLE MTN SUB, CIRCUIT BREAKERS",0.1903741238040359,34,T,BRKR,,,,,left_only
40990651,"LAKEVILLE SUB, CIRCUIT BREAKERS",0.16221183772810585,34,T,BRKR,,,,,left_only
40993050,"MORAGA SUB, CIRCUIT BREAKERS",0.24719799431359782,44,T,BRKR,,,,,left_only
40991155,"SAN JOSE B SUB, CIRCUIT BREAKERS",0.16205651220042994,34,T,BRKR,,,,,left_only
40990334,"STOCKDALE SUB, CIRCUIT BREAKERS",0.2037421274335817,43,T,BRKR,,,,,left_only
40990291,"TASSAJARA SUB, CIRCUIT BREAKERS",0.18660784407656347,33,T,BRKR,,,,,left_only
41209228,"LOCKEFORD SUB, CIRCUIT BREAKERS",0.14470529927904255,33,T,BRKR,,,,,left_only
40990554,"FULTON SUB, CIRCUIT BREAKERS",0.16141183772810586,34,T,BRKR,,,,,left_only
40990484,"LE GRAND SUB, CIRCUIT BREAKERS",0.16121183772810585,34,T,BRKR,,,,,left_only
40990801,"LAKEVILLE SUB, CIRCUIT BREAKERS",0.16046183772810585,34,T,BRKR,,,,,left_only
40990746,"FULTON SUB, CIRCUIT BREAKERS",0.16046183772810585,34,T,BRKR,,,,,left_only
40990864,"MENDOTA SUB, CIRCUIT BREAKERS",0.16041183772810585,34,T,BRKR,,,,,left_only
41139222,"TESLA SUB, CIRCUIT BREAKERS",0.17910381813097506,34,T,BRKR,,,,,left_only
41139223,"TESLA SUB, CIRCUIT BREAKERS",0.17910381813097506,34,T,BRKR,,,,,left_only
40990525,"RIVER OAKS SUB, CIRCUIT BREAKERS",0.16026183772810587,34,T,BRKR,,,,,left_only
41139224,"TESLA SUB, CIRCUIT BREAKERS",0.17910381813097506,34,T,BRKR,,,,,left_only
41114107,"METCALF SUB, CIRCUIT BREAKERS",0.176779953081667,34,T,BRKR,,,,,left_only
44389762,"METCALF SUB, CIRCUIT BREAKERS",0.17647995308166697,34,T,BRKR,,,,,left_only
40991632,"TABLE MTN SUB, CIRCUIT BREAKERS",0.1601588271327335,34,T,BRKR,,,,,left_only
44389763,"METCALF SUB, CIRCUIT BREAKERS",0.17717995308166698,34,T,BRKR,,,,,left_only
40990652,"LAKEVILLE SUB, CIRCUIT BREAKERS",0.16011183772810586,34,T,BRKR,,,,,left_only
41105292,"EIGHT MILE SUB, CIRCUIT BREAKERS",0.14251078235929807,33,T,BRKR,,,,,left_only
41197114,"COYOTE SW STA, CIRCUIT BREAKERS",0.14194990029204663,33,T,BRKR,,,,,left_only
40991618,"NEWARK SUB, CIRCUIT BREAKERS",0.15987995308166697,34,T,BRKR,,,,,left_only
45952887,"TABLE MTN SUB, CIRCUIT BREAKERS",0.0209,14,T,BRKR,,,,,left_only
41114097,"MENDOCINO SUB, CIRCUIT BREAKERS",0.15973578235929806,34,T,BRKR,,,,,left_only
40990640,"GOLD HILL SUB, CIRCUIT BREAKERS",0.15966183772810585,34,T,BRKR,,,,,left_only
44873338,"GATES SUB, CIRCUIT BREAKERS",0.0638,24,T,BRKR,,,,,left_only
40991011,"MIDWAY SUB, CIRCUIT BREAKERS",0.21519799431359782,44,T,BRKR,,,,,left_only
41234944,"LOS BANOS SUB, CIRCUIT BREAKERS",0.14563270245969828,34,T,BRKR,,,,,left_only
41188136,"MIDWAY SUB, CIRCUIT BREAKERS",0.12383377738866849,34,T,BRKR,,,,,left_only
42561298,"VACA DIXON SUB, CIRCUIT BREAKERS",0.12107410870141447,34,T,BRKR,,,,,left_only
41106555,"NEWARK SUB, CIRCUIT BREAKERS",0.15920408695044388,34,T,BRKR,,,,,left_only
40990329,"BORDEN SUB, CIRCUIT BREAKERS",0.11340529927904254,33,T,BRKR,,,,,left_only
45965678,,0.01045,14,T,BRKR,,,,,left_only
44975983,"GATES SUB, CIRCUIT BREAKERS",0.0678,24,T,BRKR,,,,,left_only
40991012,"MIDWAY SUB, CIRCUIT BREAKERS",0.21509799431359783,44,T,BRKR,,,,,left_only
41234945,"LOS BANOS SUB, CIRCUIT BREAKERS",0.14563270245969828,34,T,BRKR,,,,,left_only
44176275,"VACA DIXON SUB, CIRCUIT BREAKERS",0.12957410870141448,34,T,BRKR,,,,,left_only
45965680,,0.01045,14,T,BRKR,,,,,left_only
40991654,"BUTTE SUB, CIRCUIT BREAKERS",0.1589088271327335,34,T,BRKR,,,,,left_only
40991522,"PIERCY SUB, CIRCUIT BREAKERS",0.1588088271327335,34,T,BRKR,,,,,left_only
41329318,"BIRDS LANDING SW STA, CIRCUIT BREAKERS",0.1116778960983868,33,T,BRKR,,,,,left_only
44975984,"GATES SUB, CIRCUIT BREAKERS",0.0696,24,T,BRKR,,,,,left_only
40991013,"MIDWAY SUB, CIRCUIT BREAKERS",0.21509799431359783,44,T,BRKR,,,,,left_only
42598096,"ROUND MTN SUB, CIRCUIT BREAKERS",0.10629786359348707,34,T,BRKR,,,,,left_only
41234946,"LOS BANOS SUB, CIRCUIT BREAKERS",0.14563270245969828,34,T,BRKR,,,,,left_only
44176310,"VACA DIXON SUB, CIRCUIT BREAKERS",0.12067410870141447,34,T,BRKR,,,,,left_only
41163722,"TESLA SUB, CIRCUIT BREAKERS",0.17760381813097506,34,T,BRKR,,,,,left_only
41156534,"METCALF SUB, CIRCUIT BREAKERS",0.1582884135243763,34,T,BRKR,,,,,left_only
41164504,"TESLA SUB, CIRCUIT BREAKERS",0.17780381813097507,34,T,BRKR,,,,,left_only
41164505,"TESLA SUB, CIRCUIT BREAKERS",0.12920381813097506,34,T,BRKR,,,,,left_only
40992940,"METCALF SUB, CIRCUIT BREAKERS",0.315974027233705,44,T,BRKR,,,,,left_only
41179776,"DIABLO CANYON PP, CIRCUIT BREAKERS",0.16739538717183988,34,T,BRKR,,,,,left_only
41339145,"BAHIA SUB, CIRCUIT BREAKERS",0.10473004340337654,33,T,BRKR,,,,,left_only
40990965,"GATES SUB, CIRCUIT BREAKERS",0.15733578235929807,34,T,BRKR,,,,,left_only
40991198,"BELLE HAVEN SUB, CIRCUIT BREAKERS",0.15730651220042996,33,T,BRKR,,,,,left_only
44389775,"METCALF SUB, CIRCUIT BREAKERS",0.297274027233705,44,T,BRKR,,,,,left_only
40991521,"PIERCY SUB, CIRCUIT BREAKERS",0.1571088271327335,34,T,BRKR,,,,,left_only
40991305,"EASTSHORE SUB, CIRCUIT BREAKERS",0.1569588271327335,34,T,BRKR,,,,,left_only
41110558,"LOCKEFORD SUB, CIRCUIT BREAKERS",0.15688578235929806,34,T,BRKR,,,,,left_only
41106544,"NEWARK SUB, CIRCUIT BREAKERS",0.1568040869504439,34,T,BRKR,,,,,left_only
41195504,"SPAULDING 1 & 2 PH, CIRCUIT BREAKERS",0.1567337773886685,34,T,BRKR,,,,,left_only
40991302,"EASTSHORE SUB, CIRCUIT BREAKERS",0.1566088271327335,34,T,BRKR,,,,,left_only
41118200,"DESCHUTES SUB, CIRCUIT BREAKERS",0.15658578235929807,34,T,BRKR,,,,,left_only
40991296,"KERN OIL SUB, CIRCUIT BREAKERS",0.1565088271327335,33,T,BRKR,,,,,left_only
41189496,"METCALF SUB, CIRCUIT BREAKERS",0.1564884135243763,34,T,BRKR,,,,,left_only
40991258,"CORCORAN SUB, CIRCUIT BREAKERS",0.1563588271327335,34,T,BRKR,,,,,left_only
42673630,"TESLA SUB, CIRCUIT BREAKERS",0.10068979979290102,33,T,BRKR,,,,,left_only
41130153,"SAN FRAN A (POTRERO PP) SUB, CIR BRKRS",0.1562040869504439,34,T,BRKR,,,,,left_only
40991512,"GOLD HILL SUB, CIRCUIT BREAKERS",0.1560088271327335,34,T,BRKR,,,,,left_only
42685082,"FIGARDEN SUB, CIRCUIT BREAKERS",0.09305385734873285,23,T,BRKR,,,,,left_only
42669130,"PANOCHE SUB, CIRCUIT BREAKERS",0.08524155094366949,24,T,BRKR,,,,,left_only
40991321,"SAN JOSE B SUB, CIRCUIT BREAKERS",0.1557588271327335,34,T,BRKR,,,,,left_only
44389175,"DIABLO CANYON PP, CIRCUIT BREAKERS",0.1670953871718399,34,T,BRKR,,,,,left_only
40991235,"ATASCADERO SUB, CIRCUIT BREAKERS",0.15573578235929808,34,T,BRKR,,,,,left_only
42734681,"ELECTRA PH, CIRCUIT BREAKERS",0.07640201676843425,23,T,BRKR,,,,,left_only
44389777,"METCALF SUB, CIRCUIT BREAKERS",0.298474027233705,44,T,BRKR,,,,,left_only
41086375,"NORTECH SUB, CIRCUIT BREAKERS",0.1549088271327335,34,T,BRKR,,,,,left_only
41108356,"PITTSBURG PP, CIRCUIT BREAKERS",0.15584508468487945,34,T,BRKR,,,,,left_only
42739977,"ROSSMOOR SUB, CIRCUIT BREAKERS",0.07545396250708686,23,T,BRKR,,,,,left_only
40992982,"MILLBRAE SUB, CIRCUIT BREAKERS",0.15473270245969828,33,T,BRKR,,,,,left_only
40991528,"PIERCY SUB, CIRCUIT BREAKERS",0.1547088271327335,34,T,BRKR,,,,,left_only
42741007,"IGNACIO SUB, CIRCUIT BREAKERS",0.06481963163649736,24,T,BRKR,,,,,left_only
44389176,"DIABLO CANYON PP, CIRCUIT BREAKERS",0.1670953871718399,34,T,BRKR,,,,,left_only
43182459,"RAVENSWOOD SUB, CIRCUIT BREAKERS",0.06320236711893698,23,T,BRKR,,,,,left_only
42763624,"BAKERSFIELD SUB, CIRCUIT BREAKERS",0.06229572367595874,23,T,BRKR,,,,,left_only
42757067,"SAN MATEO SUB, CIRCUIT BREAKERS",0.061669631636497364,24,T,BRKR,,,,,left_only
43146025,"HERNDON SUB, CIRCUIT BREAKERS",0.05394572367595874,23,T,BRKR,,,,,left_only
44287751,"TABLE MTN SUB, CIRCUIT BREAKERS",0.051490651446641444,24,T,BRKR,,,,,left_only
41088860,"BELLOTA SUB, CIRCUIT BREAKERS",0.15388578235929806,34,T,BRKR,,,,,left_only
41108749,"PINEDALE SUB, CIRCUIT BREAKERS",0.15383578235929807,34,T,BRKR,,,,,left_only
41136976,"OAKLAND L SUB, CIRCUIT BREAKERS",0.1535040869504439,34,T,BRKR,,,,,left_only
41109088,"LOCKEFORD SUB, CIRCUIT BREAKERS",0.15348578235929808,34,T,BRKR,,,,,left_only
43238926,"HENRIETTA SUB, CIRCUIT BREAKERS",0.050519326927161434,23,T,BRKR,,,,,left_only
40991651,"EDENVALE SUB, CIRCUIT BREAKERS",0.1532088271327335,34,T,BRKR,,,,,left_only
44166139,"STAGG SUB, CIRCUIT BREAKERS",0.04386932692716144,24,T,BRKR,,,,,left_only
44184847,"GATES SUB, CIRCUIT BREAKERS",0.04348768956486267,24,T,BRKR,,,,,left_only
41109064,"PINEDALE SUB, CIRCUIT BREAKERS",0.15288578235929806,34,T,BRKR,,,,,left_only
45134005,"WHEELER RIDGE SUB, CIRCUIT BREAKERS",0.0319,13,T,BRKR,,,,,left_only
41153622,"METCALF SUB, CIRCUIT BREAKERS",0.1526884135243763,34,T,BRKR,,,,,left_only
41111480,"COOLEY LANDING SUB, CIRCUIT BREAKERS",0.15248578235929808,34,T,BRKR,,,,,left_only
44439796,"WILSON SUB, CIRCUIT BREAKERS",0.028511983758868556,13,T,BRKR,,,,,left_only
41105285,"GRANT SUB, CIRCUIT BREAKERS",0.15238578235929806,34,T,BRKR,,,,,left_only
44763995,"GOLD HILL SUB, CIRCUIT BREAKERS",0.02697441394393041,13,T,BRKR,,,,,left_only
41130151,"SAN FRAN A (POTRERO PP) SUB, CIR BRKRS",0.1523040869504439,34,T,BRKR,,,,,left_only
45274525,"MONTA VISTA SUB, CIRCUIT BREAKERS",0.020844211833066315,13,T,BRKR,,,,,left_only
45092164,"LAKEVILLE SUB, CIRCUIT BREAKERS",0.01947593446302924,14,T,BRKR,,,,,left_only
41147678,"METCALF SUB, CIRCUIT BREAKERS",0.1522884135243763,34,T,BRKR,,,,,left_only
45554882,"LAS POSITAS SUB, CIRCUIT BREAKERS",0.015694503843342984,13,T,BRKR,,,,,left_only
40990912,"ROUND MTN SUB, CIRCUIT BREAKERS",0.15924371148855704,34,T,BRKR,,,,,left_only
41118198,"DESCHUTES SUB, CIRCUIT BREAKERS",0.15173578235929808,34,T,BRKR,,,,,left_only
41114454,"MIDWAY SUB, CIRCUIT BREAKERS",0.14517995308166698,34,T,BRKR,,,,,left_only
45690385,"RIO OSO SUB, CIRCUIT BREAKERS",0.012928022050308362,14,T,BRKR,,,,,left_only
41118193,"DESCHUTES SUB, CIRCUIT BREAKERS",0.15153578235929807,34,T,BRKR,,,,,left_only
45507533,"BITTERWATER SW STA, CIRCUIT BREAKERS",0.0216,13,T,BRKR,,,,,left_only
41104551,"EASTSHORE SUB, CIRCUIT BREAKERS",0.15138578235929806,34,T,BRKR,,,,,left_only
41201879,"LOS BANOS SUB, CIRCUIT BREAKERS",0.15936602319542476,34,T,BRKR,,,,,left_only
40990859,"WILSON SUB, CIRCUIT BREAKERS",0.15105651220042995,34,T,BRKR,,,,,left_only
40990820,"SALADO SUB, CIRCUIT BREAKERS",0.15100651220042996,34,T,BRKR,,,,,left_only
41120261,"TABLE MTN SUB, CIRCUIT BREAKERS",0.1808741238040359,34,T,BRKR,,,,,left_only
41087995,"NORTECH SUB, CIRCUIT BREAKERS",0.15090882713273351,34,T,BRKR,,,,,left_only
41100940,"SAN FRAN H (MARTIN) SUB, CIRCUIT BRKR",0.13847995308166697,33,T,BRKR,,,,,left_only
41237664,"JEFFERSON SUB, CIRCUIT BREAKERS",0.12207108065981064,33,T,BRKR,,,,,left_only
41179780,"OAKLAND X SUB, CIRCUIT BREAKERS",0.15088578235929806,34,T,BRKR,,,,,left_only
41369331,"MESA SUB, CIRCUIT BREAKERS",0.10660612077325297,33,T,BRKR,,,,,left_only
41342579,"WILSON SUB, CIRCUIT BREAKERS",0.0788,23,T,BRKR,,,,,left_only
42677872,"CARBERRY SW STA, CIRCUIT BREAKERS",0.07578039288413756,23,T,BRKR,,,,,left_only
42735326,"ARCO SUB, CIRCUIT BREAKERS",0.07365396250708686,23,T,BRKR,,,,,left_only
40991306,"EASTSHORE SUB, CIRCUIT BREAKERS",0.1503088271327335,34,T,BRKR,,,,,left_only
41128141,"OAKLAND L SUB, CIRCUIT BREAKERS",0.1503040869504439,34,T,BRKR,,,,,left_only
41177211,"METCALF SUB, CIRCUIT BREAKERS",0.15018841352437629,34,T,BRKR,,,,,left_only
42756268,"SOLAR SW STA, CIRCUIT BREAKERS",0.06901963163649737,23,T,BRKR,,,,,left_only
41105294,"LAKEWOOD SUB, CIRCUIT BREAKERS",0.14998578235929808,34,T,BRKR,,,,,left_only
41156530,"METCALF SUB, CIRCUIT BREAKERS",0.1497884135243763,34,T,BRKR,,,,,left_only
42758059,"WHEELER RIDGE SUB, CIRCUIT BREAKERS",0.06726963163649737,23,T,BRKR,,,,,left_only
42704643,"ATLANTIC SUB, CIRCUIT BREAKERS",0.06675201676843424,23,T,BRKR,,,,,left_only
42773559,"CALIENTE SW STA, CIRCUIT BREAKERS",0.06561608678742968,23,T,BRKR,,,,,left_only
41325659,"VACA DIXON SUB, CIRCUIT BREAKERS",0.13974990029204665,34,T,BRKR,,,,,left_only
40990913,"ROUND MTN SUB, CIRCUIT BREAKERS",0.15904371148855703,34,T,BRKR,,,,,left_only
41114456,"MIDWAY SUB, CIRCUIT BREAKERS",0.14547995308166697,34,T,BRKR,,,,,left_only
40992336,"MT EDEN SUB, CIRCUIT BREAKERS",0.14939889496737987,34,T,BRKR,,,,,left_only
44077098,"MUSTANG SW STA, CIRCUIT BREAKERS",0.06482384216923807,23,T,BRKR,,,,,left_only
41110502,"GWF HANFORD SW STA, CIRCUIT BREAKERS",0.14928578235929807,34,T,BRKR,,,,,left_only
41110505,"GWF HANFORD SW STA, CIRCUIT BREAKERS",0.14923578235929807,34,T,BRKR,,,,,left_only
41114096,"MENDOCINO SUB, CIRCUIT BREAKERS",0.14923578235929807,34,T,BRKR,,,,,left_only
41177209,"METCALF SUB, CIRCUIT BREAKERS",0.1491884135243763,34,T,BRKR,,,,,left_only
42746865,"EASTSHORE SUB, CIRCUIT BREAKERS",0.06241963163649736,23,T,BRKR,,,,,left_only
42772322,"VALLEY SPRINGS SUB, CIRCUIT BREAKERS",0.05839572367595874,23,T,BRKR,,,,,left_only
41169113,"METCALF SUB, CIRCUIT BREAKERS",0.1489884135243763,34,T,BRKR,,,,,left_only
43226020,"QUINTO SW STA, CIRCUIT BREAKERS",0.05229199873002157,23,T,BRKR,,,,,left_only
43177055,"MOSS LANDING PP, CIRCUIT BREAKERS",0.05174199873002157,24,T,BRKR,,,,,left_only
41133598,"KINGSBURG SUB, CIRCUIT BREAKERS",0.14893578235929805,33,T,BRKR,,,,,left_only
44234799,"CALIFORNIA FLATS SW STA, CIRCUIT BREAKER",0.04839065144664145,24,T,BRKR,,,,,left_only
41201880,"LOS BANOS SUB, CIRCUIT BREAKERS",0.15936602319542476,34,T,BRKR,,,,,left_only
41132266,"GLENN SUB, CIRCUIT BREAKERS",0.14865435576991273,34,T,BRKR,,,,,left_only
41127101,"SAN FRAN A (POTRERO PP) SUB, CIR BRKRS",0.14840408695044388,34,T,BRKR,,,,,left_only
44148879,"TRANQUILLITY SW STA, CIRCUIT BREAKERS",0.04002384216923808,23,T,BRKR,,,,,left_only
44237567,"TABLE MTN SUB, CIRCUIT BREAKERS",0.1793741238040359,34,T,BRKR,,,,,left_only
44172825,"VACA DIXON SUB, CIRCUIT BREAKERS",0.13984990029204664,34,T,BRKR,,,,,left_only
40990914,"ROUND MTN SUB, CIRCUIT BREAKERS",0.15904371148855703,34,T,BRKR,,,,,left_only
41114458,"MIDWAY SUB, CIRCUIT BREAKERS",0.14527995308166697,34,T,BRKR,,,,,left_only
41201881,"LOS BANOS SUB, CIRCUIT BREAKERS",0.15946602319542477,34,T,BRKR,,,,,left_only
44237569,"TABLE MTN SUB, CIRCUIT BREAKERS",0.18047412380403588,34,T,BRKR,,,,,left_only
44172826,"VACA DIXON SUB, CIRCUIT BREAKERS",0.14014990029204663,34,T,BRKR,,,,,left_only
41130175,"PANOCHE SUB, CIRCUIT BREAKERS",0.14793578235929808,34,T,BRKR,,,,,left_only
41120288,"PARADISE SUB, CIRCUIT BREAKERS",0.14780435576991272,34,T,BRKR,,,,,left_only
41105318,"CLAYTON SUB, CIRCUIT BREAKERS",0.14778578235929807,34,T,BRKR,,,,,left_only
44315279,"LAS AGUILAS SW STA, CIRCUIT BREAKERS",0.03740612831441825,23,T,BRKR,,,,,left_only
41181443,"TESLA SUB, CIRCUIT BREAKERS",0.1675953871718399,34,T,BRKR,,,,,left_only
41121387,"REEDLEY SUB, CIRCUIT BREAKERS",0.14705435576991271,34,T,BRKR,,,,,left_only
44167417,"TESLA SUB, CIRCUIT BREAKERS",0.11176602319542477,34,T,BRKR,,,,,left_only
41088954,"LOCKEFORD SUB, CIRCUIT BREAKERS",0.14683578235929806,34,T,BRKR,,,,,left_only
41105312,"CLAYTON SUB, CIRCUIT BREAKERS",0.14653578235929807,34,T,BRKR,,,,,left_only
41195062,"OAKLAND C (OAKLAND PP) SUB, CIRCUIT BRKR",0.14653578235929807,34,T,BRKR,,,,,left_only
44693305,"KERN PP, CIRCUIT BREAKERS",0.032032696730531475,13,T,BRKR,,,,,left_only
41105314,"CLAYTON SUB, CIRCUIT BREAKERS",0.14648578235929807,34,T,BRKR,,,,,left_only
44846529,"PADRE FLATS SW STA, CIRCUIT BREAKERS",0.02642441394393041,13,T,BRKR,,,,,left_only
41171435,"OAKLAND C (OAKLAND PP) SUB, CIRCUIT BRKR",0.14633143987691272,34,T,BRKR,,,,,left_only
41153621,"METCALF SUB, CIRCUIT BREAKERS",0.1462884135243763,34,T,BRKR,,,,,left_only
45482250,"FINK SW STA, CIRCUIT BREAKERS",0.015844503843342985,13,T,BRKR,,,,,left_only
41109087,"LOCKEFORD SUB, CIRCUIT BREAKERS",0.14623578235929807,34,T,BRKR,,,,,left_only
44167418,"TESLA SUB, CIRCUIT BREAKERS",0.15976602319542477,34,T,BRKR,,,,,left_only
44242362,"SAN FRAN Z (EMBARCADERO) SUB, BRKR",0.03363768956486267,23,T,BRKR,,,,,left_only
45150543,"SAN FRAN A (POTRERO PP) SUB, CIR BRKRS",0.023490350827792283,14,T,BRKR,,,,,left_only
41153620,"METCALF SUB, CIRCUIT BREAKERS",0.1459884135243763,34,T,BRKR,,,,,left_only
41130458,"KERCKHOFF #2 PH, CIRCUIT BREAKERS",0.14595435576991272,34,T,BRKR,,,,,left_only
45690387,"RIO OSO SUB, CIRCUIT BREAKERS",0.013128022050308363,14,T,BRKR,,,,,left_only
41105310,"CLAYTON SUB, CIRCUIT BREAKERS",0.14583578235929806,34,T,BRKR,,,,,left_only
41153618,"METCALF SUB, CIRCUIT BREAKERS",0.1457884135243763,34,T,BRKR,,,,,left_only
41237665,"JEFFERSON SUB, CIRCUIT BREAKERS",0.13237108065981062,33,T,BRKR,,,,,left_only
41105320,"CLAYTON SUB, CIRCUIT BREAKERS",0.14568578235929808,34,T,BRKR,,,,,left_only
41179775,"DIABLO CANYON PP, CIRCUIT BREAKERS",0.12559538717183988,34,T,BRKR,,,,,left_only
44389181,"DIABLO CANYON PP, CIRCUIT BREAKERS",0.12559538717183988,34,T,BRKR,,,,,left_only
44389182,"DIABLO CANYON PP, CIRCUIT BREAKERS",0.12559538717183988,34,T,BRKR,,,,,left_only
41153619,"METCALF SUB, CIRCUIT BREAKERS",0.1455884135243763,34,T,BRKR,,,,,left_only
41238615,"MIDWAY SUB, CIRCUIT BREAKERS",0.13510529927904252,34,T,BRKR,,,,,left_only
41190771,"GATES SUB, CIRCUIT BREAKERS",0.15574990029204663,34,T,BRKR,,,,,left_only
41120275,"COTTONWOOD SUB, CIRCUIT BREAKERS",0.14540435576991273,34,T,BRKR,,,,,left_only
41163197,"BOGUE SUB, CIRCUIT BREAKERS",0.1453814398769127,34,T,BRKR,,,,,left_only
41234938,"LOS BANOS SUB, CIRCUIT BREAKERS",0.14943270245969828,34,T,BRKR,,,,,left_only
41105316,"CLAYTON SUB, CIRCUIT BREAKERS",0.14518578235929808,34,T,BRKR,,,,,left_only
42561305,"VACA DIXON SUB, CIRCUIT BREAKERS",0.12326336630578266,34,T,BRKR,,,,,left_only
41179779,"OAKLAND X SUB, CIRCUIT BREAKERS",0.1450543557699127,34,T,BRKR,,,,,left_only
41238624,"MIDWAY SUB, CIRCUIT BREAKERS",0.13720529927904254,34,T,BRKR,,,,,left_only
40992934,"MESA SUB, CIRCUIT BREAKERS",0.14216336630578266,33,T,BRKR,,,,,left_only
41190772,"GATES SUB, CIRCUIT BREAKERS",0.15434990029204665,34,T,BRKR,,,,,left_only
41212563,"SAN FRAN H (MARTIN) SUB, CIRCUIT BRKR",0.1149278960983868,33,T,BRKR,,,,,left_only
41105290,"CLAYTON SUB, CIRCUIT BREAKERS",0.14463578235929805,34,T,BRKR,,,,,left_only
41212146,"WILSON SUB, CIRCUIT BREAKERS",0.10650529927904254,33,T,BRKR,,,,,left_only
41234939,"LOS BANOS SUB, CIRCUIT BREAKERS",0.14943270245969828,34,T,BRKR,,,,,left_only
44172831,"VACA DIXON SUB, CIRCUIT BREAKERS",0.12336336630578267,34,T,BRKR,,,,,left_only
41238625,"MIDWAY SUB, CIRCUIT BREAKERS",0.13700529927904254,34,T,BRKR,,,,,left_only
42677877,"CARBERRY SW STA, CIRCUIT BREAKERS",0.07548039288413755,23,T,BRKR,,,,,left_only
42735550,"ARCO SUB, CIRCUIT BREAKERS",0.06785396250708686,23,T,BRKR,,,,,left_only
41187247,"NEWARK SUB, CIRCUIT BREAKERS",0.14404990029204662,34,T,BRKR,,,,,left_only
41190773,"GATES SUB, CIRCUIT BREAKERS",0.15494990029204664,34,T,BRKR,,,,,left_only
41234940,"LOS BANOS SUB, CIRCUIT BREAKERS",0.14943270245969828,34,T,BRKR,,,,,left_only
41158683,"SCHULTE SW STA, CIRCUIT BREAKERS",0.14265435576991273,34,T,BRKR,,,,,left_only
42756270,"SOLAR SW STA, CIRCUIT BREAKERS",0.06741963163649736,23,T,BRKR,,,,,left_only
41192354,"CORCORAN SUB, CIRCUIT BREAKERS",0.1425543557699127,34,T,BRKR,,,,,left_only
42704641,"ATLANTIC SUB, CIRCUIT BREAKERS",0.06650201676843424,23,T,BRKR,,,,,left_only
42746868,"EASTSHORE SUB, CIRCUIT BREAKERS",0.06336963163649736,23,T,BRKR,,,,,left_only
42773561,"CALIENTE SW STA, CIRCUIT BREAKERS",0.062216086787429674,23,T,BRKR,,,,,left_only
44172832,"VACA DIXON SUB, CIRCUIT BREAKERS",0.12276336630578266,34,T,BRKR,,,,,left_only
44077099,"MUSTANG SW STA, CIRCUIT BREAKERS",0.060023842169238076,23,T,BRKR,,,,,left_only
43226036,"QUINTO SW STA, CIRCUIT BREAKERS",0.04979199873002157,23,T,BRKR,,,,,left_only
44234800,"CALIFORNIA FLATS SW STA, CIRCUIT BREAKER",0.04659065144664145,24,T,BRKR,,,,,left_only
44148880,"TRANQUILLITY SW STA, CIRCUIT BREAKERS",0.03922384216923808,23,T,BRKR,,,,,left_only
44315280,"LAS AGUILAS SW STA, CIRCUIT BREAKERS",0.03460612831441825,23,T,BRKR,,,,,left_only
41166440,"SEMITROPIC SUB, CIRCUIT BREAKERS",0.14190435576991273,34,T,BRKR,,,,,left_only
41179765,"OAKLAND X SUB, CIRCUIT BREAKERS",0.14185435576991273,34,T,BRKR,,,,,left_only
41134065,"BAIR SUB, CIRCUIT BREAKERS",0.14180435576991274,34,T,BRKR,,,,,left_only
44693306,"KERN PP, CIRCUIT BREAKERS",0.032082696730531476,13,T,BRKR,,,,,left_only
41130196,"LLAGAS SUB, CIRCUIT BREAKERS",0.14135435576991273,34,T,BRKR,,,,,left_only
41124727,"SAN JOSE A SUB, CIRCUIT BREAKERS",0.14100435576991271,34,T,BRKR,,,,,left_only
44846530,"PADRE FLATS SW STA, CIRCUIT BREAKERS",0.02657441394393041,13,T,BRKR,,,,,left_only
45086206,"WHEELER RIDGE SUB, CIRCUIT BREAKERS",0.021775934463029237,13,T,BRKR,,,,,left_only
41179781,"OAKLAND X SUB, CIRCUIT BREAKERS",0.14075435576991271,34,T,BRKR,,,,,left_only
45482255,"FINK SW STA, CIRCUIT BREAKERS",0.016444503843342985,13,T,BRKR,,,,,left_only
41186158,"DIABLO CANYON PP, CIRCUIT BREAKERS",0.16430381813097505,34,T,BRKR,,,,,left_only
44242363,"SAN FRAN Z (EMBARCADERO) SUB, BRKR",0.03408768956486267,23,T,BRKR,,,,,left_only
41120289,"PARADISE SUB, CIRCUIT BREAKERS",0.1405543557699127,34,T,BRKR,,,,,left_only
41140708,"KERN PP, CIRCUIT BREAKERS",0.14050435576991271,34,T,BRKR,,,,,left_only
41203143,"SAN FRAN A (POTRERO PP) SUB, CIR BRKRS",0.14044990029204663,34,T,BRKR,,,,,left_only
41165892,"SAN FRAN A (POTRERO PP) SUB, CIR BRKRS",0.1403884135243763,34,T,BRKR,,,,,left_only
44389235,"DIABLO CANYON PP, CIRCUIT BREAKERS",0.14870381813097505,34,T,BRKR,,,,,left_only
44389236,"DIABLO CANYON PP, CIRCUIT BREAKERS",0.15100381813097508,34,T,BRKR,,,,,left_only
45150545,"SAN FRAN A (POTRERO PP) SUB, CIR BRKRS",0.022190350827792284,14,T,BRKR,,,,,left_only
40992492,"GATES SUB, CIRCUIT BREAKERS",0.22074833574943398,44,T,BRKR,,,,,left_only
42694024,"PIT #3 PH, CIRCUIT BREAKERS",0.07553039288413756,23,T,BRKR,,,,,left_only
41120677,"MILLBRAE SUB, CIRCUIT BREAKERS",0.13995435576991272,34,T,BRKR,,,,,left_only
41140707,"KERN PP, CIRCUIT BREAKERS",0.13990435576991272,34,T,BRKR,,,,,left_only
41195063,"OAKLAND C (OAKLAND PP) SUB, CIRCUIT BRKR",0.13990435576991272,34,T,BRKR,,,,,left_only
41158709,"MIDWAY SUB, CIRCUIT BREAKERS",0.1730040869504439,34,T,BRKR,,,,,left_only
44174945,"GATES SUB, CIRCUIT BREAKERS",0.22074833574943398,44,T,BRKR,,,,,left_only
41158710,"MIDWAY SUB, CIRCUIT BREAKERS",0.1732040869504439,34,T,BRKR,,,,,left_only
44174946,"GATES SUB, CIRCUIT BREAKERS",0.22074833574943398,44,T,BRKR,,,,,left_only
40995554,"BELLOTA SUB, CIRCUIT BREAKERS",0.57404670488334,43,T,BRKR,,,,,left_only
41158711,"MIDWAY SUB, CIRCUIT BREAKERS",0.1734040869504439,34,T,BRKR,,,,,left_only
41113948,"METCALF SUB, CIRCUIT BREAKERS",0.13987995308166698,34,T,BRKR,,,,,left_only
44395037,"METCALF SUB, CIRCUIT BREAKERS",0.139779953081667,34,T,BRKR,,,,,left_only
44395038,"METCALF SUB, CIRCUIT BREAKERS",0.139779953081667,34,T,BRKR,,,,,left_only
40990788,"NEWARK SUB, CIRCUIT BREAKERS",0.2060971816309527,44,T,BRKR,,,,,left_only
41158675,"SCHULTE SW STA, CIRCUIT BREAKERS",0.13965435576991272,34,T,BRKR,,,,,left_only
45358508,"GATES SUB, CIRCUIT BREAKERS",0.016544211833066313,14,T,BRKR,,,,,left_only
41127096,"RAVENSWOOD SUB, CIRCUIT BREAKERS",0.1399306715593864,34,T,BRKR,,,,,left_only
41138841,"HENRIETTA SUB, CIRCUIT BREAKERS",0.13940435576991272,34,T,BRKR,,,,,left_only
45691791,"RIO OSO SUB, CIRCUIT BREAKERS",0.012778022050308363,14,T,BRKR,,,,,left_only
41122405,"MILLBRAE SUB, CIRCUIT BREAKERS",0.13930435576991274,34,T,BRKR,,,,,left_only
45507535,"BITTERWATER SW STA, CIRCUIT BREAKERS",0.0197,13,T,BRKR,,,,,left_only
41158689,"SCHULTE SW STA, CIRCUIT BREAKERS",0.13920435576991272,34,T,BRKR,,,,,left_only
41165474,"TESLA SUB, CIRCUIT BREAKERS",0.1513884135243763,33,T,BRKR,,,,,left_only
41113950,"METCALF SUB, CIRCUIT BREAKERS",0.14037995308166698,34,T,BRKR,,,,,left_only
41212148,"WILSON SUB, CIRCUIT BREAKERS",0.14590529927904256,33,T,BRKR,,,,,left_only
44395087,"METCALF SUB, CIRCUIT BREAKERS",0.14037995308166698,34,T,BRKR,,,,,left_only
41169061,"SAN FRAN H (MARTIN) SUB, CIRCUIT BRKR",0.12893143987691272,34,T,BRKR,,,,,left_only
44395088,"METCALF SUB, CIRCUIT BREAKERS",0.14067995308166698,34,T,BRKR,,,,,left_only
41361380,"MESA SUB, CIRCUIT BREAKERS",0.09750612077325296,23,T,BRKR,,,,,left_only
41140706,"KERN PP, CIRCUIT BREAKERS",0.13855435576991273,34,T,BRKR,,,,,left_only
41152175,"MIDWAY SUB, CIRCUIT BREAKERS",0.1369040869504439,34,T,BRKR,,,,,left_only
42704635,"ATLANTIC SUB, CIRCUIT BREAKERS",0.07493039288413755,23,T,BRKR,,,,,left_only
41135312,"CHRISTIE SUB, CIRCUIT BREAKERS",0.13840435576991272,33,T,BRKR,,,,,left_only
42756273,"SOLAR SW STA, CIRCUIT BREAKERS",0.06831963163649736,23,T,BRKR,,,,,left_only
42746870,"EASTSHORE SUB, CIRCUIT BREAKERS",0.06206963163649736,23,T,BRKR,,,,,left_only
42773563,"CALIENTE SW STA, CIRCUIT BREAKERS",0.061816086787429676,23,T,BRKR,,,,,left_only
44077100,"MUSTANG SW STA, CIRCUIT BREAKERS",0.05872384216923808,23,T,BRKR,,,,,left_only
41157367,"MIDWAY SUB, CIRCUIT BREAKERS",0.1369040869504439,34,T,BRKR,,,,,left_only
41160283,"IGNACIO SUB, CIRCUIT BREAKERS",0.13765435576991272,34,T,BRKR,,,,,left_only
43236219,"MOSS LANDING PP, CIRCUIT BREAKERS",0.049491998730021566,24,T,BRKR,,,,,left_only
44148881,"TRANQUILLITY SW STA, CIRCUIT BREAKERS",0.038923842169238075,23,T,BRKR,,,,,left_only
40990260,"KINGSBURG SUB, CIRCUIT BREAKERS",0.1373814398769127,34,T,BRKR,,,,,left_only
41189071,"ATLANTIC SUB, CIRCUIT BREAKERS",0.1373314398769127,34,T,BRKR,,,,,left_only
44315281,"LAS AGUILAS SW STA, CIRCUIT BREAKERS",0.03540612831441825,23,T,BRKR,,,,,left_only
41157368,"MIDWAY SUB, CIRCUIT BREAKERS",0.1369040869504439,34,T,BRKR,,,,,left_only
44693307,"KERN PP, CIRCUIT BREAKERS",0.031132696730531473,13,T,BRKR,,,,,left_only
45086201,"WHEELER RIDGE SUB, CIRCUIT BREAKERS",0.02002593446302924,13,T,BRKR,,,,,left_only
41119861,"SAN LEANDRO U SUB, CIRCUIT BREAKERS",0.13710435576991273,34,T,BRKR,,,,,left_only
40991006,"MIDWAY SUB, CIRCUIT BREAKERS",0.22324833574943398,44,T,BRKR,,,,,left_only
45554505,"ARCO SUB, CIRCUIT BREAKERS",0.0174,13,T,BRKR,,,,,left_only
41195091,"TABLE MTN SUB, CIRCUIT BREAKERS",0.16956602319542477,34,T,BRKR,,,,,left_only
41145512,"KINGSBURG SUB, CIRCUIT BREAKERS",0.13695435576991272,34,T,BRKR,,,,,left_only
40991007,"MIDWAY SUB, CIRCUIT BREAKERS",0.22314833574943396,44,T,BRKR,,,,,left_only
41203081,"TABLE MTN SUB, CIRCUIT BREAKERS",0.16796602319542475,34,T,BRKR,,,,,left_only
40991008,"MIDWAY SUB, CIRCUIT BREAKERS",0.22314833574943396,44,T,BRKR,,,,,left_only
41140710,"KERN PP, CIRCUIT BREAKERS",0.13665435576991272,34,T,BRKR,,,,,left_only
41176939,"STONE SUB, CIRCUIT BREAKERS",0.1365314398769127,34,T,BRKR,,,,,left_only
44242364,"SAN FRAN Z (EMBARCADERO) SUB, BRKR",0.03383768956486267,23,T,BRKR,,,,,left_only
41158789,"GARBERVILLE SUB, CIRCUIT BREAKERS",0.13638143987691273,33,T,BRKR,,,,,left_only
41140705,"KERN PP, CIRCUIT BREAKERS",0.13593143987691272,34,T,BRKR,,,,,left_only
41141621,"PANOCHE SUB, CIRCUIT BREAKERS",0.13585435576991273,34,T,BRKR,,,,,left_only
41203082,"TABLE MTN SUB, CIRCUIT BREAKERS",0.16406602319542476,34,T,BRKR,,,,,left_only
41214446,"SAN RAMON SUB, CIRCUIT BREAKERS",0.1161778960983868,33,T,BRKR,,,,,left_only
41142935,"VINEYARD SUB, CIRCUIT BREAKERS",0.12943143987691272,33,T,BRKR,,,,,left_only
41166344,"AMES TRANS SUB, CIRCUIT BREAKERS",0.1355314398769127,34,T,BRKR,,,,,left_only
41187344,"SEMITROPIC SUB, CIRCUIT BREAKERS",0.1354837773886685,34,T,BRKR,,,,,left_only
41195141,"MONTE RIO SUB, CIRCUIT BREAKERS",0.1352837773886685,33,T,BRKR,,,,,left_only
41142945,"CHRISTIE SUB, CIRCUIT BREAKERS",0.13513143987691273,33,T,BRKR,,,,,left_only
41178454,"CASTRO VALLEY SUB, CIRCUIT BREAKERS",0.1098337773886685,33,T,BRKR,,,,,left_only
40992939,"METCALF SUB, CIRCUIT BREAKERS",0.36586345912854445,44,T,BRKR,,,,,left_only
41149293,"EL CAPITAN SUB, CIRCUIT BREAKERS",0.13498143987691272,34,T,BRKR,,,,,left_only
42647559,"HELM SUB, CIRCUIT BREAKERS",0.09264155094366949,23,T,BRKR,,,,,left_only
44396016,"METCALF SUB, CIRCUIT BREAKERS",0.36576345912854447,44,T,BRKR,,,,,left_only
42620186,"SOBRANTE SUB, CIRCUIT BREAKERS",0.08559155094366949,23,T,BRKR,,,,,left_only
41220091,"COTATI SUB, CIRCUIT BREAKERS",0.1343778960983868,34,T,BRKR,,,,,left_only
41158788,"GARBERVILLE SUB, CIRCUIT BREAKERS",0.1343064398769127,33,T,BRKR,,,,,left_only
41163201,"BOGUE SUB, CIRCUIT BREAKERS",0.13408143987691273,34,T,BRKR,,,,,left_only
41130441,"BALCH #2 PH, CIRCUIT BREAKERS",0.582157937750026,43,T,BRKR,,,,,left_only
41166491,"LOS ESTEROS SUB, CIRCUIT BREAKERS",0.13398143987691272,34,T,BRKR,,,,,left_only
40995765,"COTTONWOOD SUB, CIRCUIT BREAKERS",0.4350937495785406,43,T,BRKR,,,,,left_only
40997404,"TIDEWATER SUB, CIRCUIT BREAKERS",0.2815772522097712,44,T,BRKR,,,,,left_only
44396017,"METCALF SUB, CIRCUIT BREAKERS",0.36576345912854447,44,T,BRKR,,,,,left_only
40992219,"CORTINA SUB, CIRCUIT BREAKERS",0.2695906295891279,43,T,BRKR,,,,,left_only
41193857,"GRANT SUB, CIRCUIT BREAKERS",0.1331337773886685,34,T,BRKR,,,,,left_only
41139220,"SAN CARLOS SUB, CIRCUIT BREAKERS",0.13300435576991274,33,T,BRKR,,,,,left_only
40992547,"HENRIETTA SUB, CIRCUIT BREAKERS",0.267448335749434,43,T,BRKR,,,,,left_only
41176820,"LAMMERS SUB, CIRCUIT BREAKERS",0.1327814398769127,34,T,BRKR,,,,,left_only
40993051,"MORAGA SUB, CIRCUIT BREAKERS",0.25339799431359783,44,T,BRKR,,,,,left_only
45045874,"TABLE MTN SUB, CIRCUIT BREAKERS",0.0684,24,T,BRKR,,,,,left_only
41170067,"LAKEWOOD SUB, CIRCUIT BREAKERS",0.13263143987691273,34,T,BRKR,,,,,left_only
41152409,"KINGSBURG SUB, CIRCUIT BREAKERS",0.13258143987691273,34,T,BRKR,,,,,left_only
40991009,"MIDWAY SUB, CIRCUIT BREAKERS",0.22144833574943398,44,T,BRKR,,,,,left_only
41165467,"LOS ESTEROS SUB, CIRCUIT BREAKERS",0.13248143987691272,34,T,BRKR,,,,,left_only
40990929,"LOS BANOS SUB, CIRCUIT BREAKERS",0.1903383155360442,34,T,BRKR,,,,,left_only
41165962,"AMES TRANS SUB, CIRCUIT BREAKERS",0.13243143987691272,34,T,BRKR,,,,,left_only
42561311,"VACA DIXON SUB, CIRCUIT BREAKERS",0.11227410870141447,34,T,BRKR,,,,,left_only
45045875,"TABLE MTN SUB, CIRCUIT BREAKERS",0.03926,24,T,BRKR,,,,,left_only
40992633,"KELSO SUB, CIRCUIT BREAKERS",0.2521979943135978,43,T,BRKR,,,,,left_only
41160282,"IGNACIO SUB, CIRCUIT BREAKERS",0.1323314398769127,34,T,BRKR,,,,,left_only
41204209,"COTTONWOOD SUB, CIRCUIT BREAKERS",0.1322837773886685,34,T,BRKR,BRKR,2025-02-20,0,JIT,both
40992471,"KINGSBURG SUB, CIRCUIT BREAKERS",0.1322814398769127,34,T,BRKR,,,,,left_only
40991718,"MIDWAY SUB, CIRCUIT BREAKERS",0.22144833574943398,44,T,BRKR,,,,,left_only
40990928,"LOS BANOS SUB, CIRCUIT BREAKERS",0.1903383155360442,34,T,BRKR,,,,,left_only
41148792,"MILLBRAE SUB, CIRCUIT BREAKERS",0.13213143987691273,34,T,BRKR,,,,,left_only
41166424,"LOS ESTEROS SUB, CIRCUIT BREAKERS",0.13208143987691273,34,T,BRKR,,,,,left_only
44176464,"VACA DIXON SUB, CIRCUIT BREAKERS",0.11217410870141448,34,T,BRKR,,,,,left_only
40992808,"LOS BANOS SUB, CIRCUIT BREAKERS",0.24619799431359782,44,T,BRKR,,,,,left_only
45045877,"TABLE MTN SUB, CIRCUIT BREAKERS",0.0682,24,T,BRKR,,,,,left_only
40991010,"MIDWAY SUB, CIRCUIT BREAKERS",0.22144833574943398,44,T,BRKR,,,,,left_only
40990927,"LOS BANOS SUB, CIRCUIT BREAKERS",0.1903383155360442,34,T,BRKR,,,,,left_only
44176467,"VACA DIXON SUB, CIRCUIT BREAKERS",0.11247410870141447,34,T,BRKR,,,,,left_only
40992938,"METCALF SUB, CIRCUIT BREAKERS",0.33227402723370497,44,T,BRKR,,,,,left_only
44396338,"METCALF SUB, CIRCUIT BREAKERS",0.33177402723370497,44,T,BRKR,,,,,left_only
44396339,"METCALF SUB, CIRCUIT BREAKERS",0.332374027233705,44,T,BRKR,,,,,left_only
40990741,"MCCALL SUB, CIRCUIT BREAKERS",0.18459718163095268,33,T,BRKR,,,,,left_only
41116281,"MIDWAY SUB, CIRCUIT BREAKERS",0.14460408695044388,34,T,BRKR,,,,,left_only
40990769,"PARKWAY SUB, CIRCUIT BREAKERS",0.18171183772810587,33,T,BRKR,,,,,left_only
40990243,"KINGSBURG SUB, CIRCUIT BREAKERS",0.13158143987691273,34,T,BRKR,,,,,left_only
40991637,"VACA DIXON SUB, CIRCUIT BREAKERS",0.17009889496737987,34,T,BRKR,,,,,left_only
40990926,"LOS BANOS SUB, CIRCUIT BREAKERS",0.2013383155360442,44,T,BRKR,,,,,left_only
41218478,"TABLE MTN SUB, CIRCUIT BREAKERS",0.1447327024596983,34,T,BRKR,,,,,left_only
41325660,"VACA DIXON SUB, CIRCUIT BREAKERS",0.16284990029204663,34,T,BRKR,,,,,left_only
41236737,"WILSON SUB, CIRCUIT BREAKERS",0.13148143987691271,34,T,BRKR,,,,,left_only
41166328,"AMES TRANS SUB, CIRCUIT BREAKERS",0.13148143987691271,34,T,BRKR,,,,,left_only
40991295,"TESLA SUB, CIRCUIT BREAKERS",0.16789889496737986,33,T,BRKR,,,,,left_only
41166330,"AMES TRANS SUB, CIRCUIT BREAKERS",0.13119920847195404,34,T,BRKR,,,,,left_only
41185278,"COLGATE SW STA, CIRCUIT BREAKERS",0.13119920847195404,33,T,BRKR,,,,,left_only
41166329,"AMES TRANS SUB, CIRCUIT BREAKERS",0.13138143987691273,34,T,BRKR,,,,,left_only
41135303,"MORAGA SUB, CIRCUIT BREAKERS",0.13135435576991272,34,T,BRKR,,,,,left_only
41328314,"FORT BRAGG A SUB, CIRCUIT BREAKERS",0.1313278960983868,34,T,BRKR,,,,,left_only
41116287,"MIDWAY SUB, CIRCUIT BREAKERS",0.1443040869504439,34,T,BRKR,,,,,left_only
41165466,"LOS ESTEROS SUB, CIRCUIT BREAKERS",0.13123143987691271,34,T,BRKR,,,,,left_only
41165468,"LOS ESTEROS SUB, CIRCUIT BREAKERS",0.13123143987691271,34,T,BRKR,,,,,left_only
40990925,"LOS BANOS SUB, CIRCUIT BREAKERS",0.2013383155360442,44,T,BRKR,,,,,left_only
41163199,"BOGUE SUB, CIRCUIT BREAKERS",0.13118143987691272,34,T,BRKR,,,,,left_only
41166463,"LOS ESTEROS SUB, CIRCUIT BREAKERS",0.13113143987691273,34,T,BRKR,,,,,left_only
41166327,"AMES TRANS SUB, CIRCUIT BREAKERS",0.13093143987691272,34,T,BRKR,,,,,left_only
41135302,"MORAGA SUB, CIRCUIT BREAKERS",0.13085435576991272,34,T,BRKR,,,,,left_only
41166336,"AMES TRANS SUB, CIRCUIT BREAKERS",0.13073143987691271,34,T,BRKR,,,,,left_only
41103553,"RAVENSWOOD SUB, CIRCUIT BREAKERS",0.14773578235929807,33,T,BRKR,,,,,left_only
41167682,"MENDOCINO SUB, CIRCUIT BREAKERS",0.13043143987691272,34,T,BRKR,,,,,left_only
44237572,"TABLE MTN SUB, CIRCUIT BREAKERS",0.1455327024596983,34,T,BRKR,,,,,left_only
41136942,"TIGER CREEK PH, CIRCUIT BREAKERS",0.14253578235929806,33,T,BRKR,,,,,left_only
41166445,"SEMITROPIC SUB, CIRCUIT BREAKERS",0.13013143987691272,34,T,BRKR,,,,,left_only
41209638,"ATASCADERO SUB, CIRCUIT BREAKERS",0.13013143987691272,34,T,BRKR,,,,,left_only
41107582,"EIGHT MILE SUB, CIRCUIT BREAKERS",0.14081078235929806,33,T,BRKR,,,,,left_only
44172835,"VACA DIXON SUB, CIRCUIT BREAKERS",0.16234990029204663,34,T,BRKR,,,,,left_only
41157743,"MIDWAY SUB, CIRCUIT BREAKERS",0.14065435576991273,34,T,BRKR,,,,,left_only
41166451,"LOS ESTEROS SUB, CIRCUIT BREAKERS",0.12933143987691273,34,T,BRKR,,,,,left_only
41157401,"LAKEWOOD SUB, CIRCUIT BREAKERS",0.12933143987691273,34,T,BRKR,,,,,left_only
41174490,"CENTERVILLE PH, CIRCUIT BREAKERS",0.12933143987691273,33,T,BRKR,,,,,left_only
41116288,"MIDWAY SUB, CIRCUIT BREAKERS",0.14460408695044388,34,T,BRKR,,,,,left_only
41160281,"IGNACIO SUB, CIRCUIT BREAKERS",0.12918143987691272,34,T,BRKR,,,,,left_only
41203092,"ROUND MTN SUB, CIRCUIT BREAKERS",0.1282837773886685,34,T,BRKR,,,,,left_only
41181954,"GLENN SUB, CIRCUIT BREAKERS",0.11833143987691272,33,T,BRKR,,,,,left_only
42711869,"CONTRA COSTA SUB, CIRCUIT BREAKERS",0.11748548230528336,33,T,BRKR,,,,,left_only
41176420,"ELK SUB, CIRCUIT BREAKERS",0.1288337773886685,34,T,BRKR,,,,,left_only
41329319,"BIRDS LANDING SW STA, CIRCUIT BREAKERS",0.11422789609838681,33,T,BRKR,,,,,left_only
41166409,"LOS ESTEROS SUB, CIRCUIT BREAKERS",0.1287814398769127,34,T,BRKR,,,,,left_only
41158317,"LE GRAND SUB, CIRCUIT BREAKERS",0.12868143987691272,34,T,BRKR,,,,,left_only
41233905,"BAHIA SUB, CIRCUIT BREAKERS",0.1124778960983868,33,T,BRKR,,,,,left_only
42579129,"METCALF SUB, CIRCUIT BREAKERS",0.10989786359348708,34,T,BRKR,,,,,left_only
42632090,"SALINAS SUB, CIRCUIT BREAKERS",0.1285716184855597,34,T,BRKR,,,,,left_only
40991788,"LOS BANOS SUB, CIRCUIT BREAKERS",0.2014383155360442,44,T,BRKR,,,,,left_only
44237575,"TABLE MTN SUB, CIRCUIT BREAKERS",0.1449327024596983,34,T,BRKR,,,,,left_only
42562103,"WEBER SUB, CIRCUIT BREAKERS",0.10469786359348707,33,T,BRKR,,,,,left_only
41176819,"LAMMERS SUB, CIRCUIT BREAKERS",0.12818143987691272,34,T,BRKR,,,,,left_only
44172836,"VACA DIXON SUB, CIRCUIT BREAKERS",0.16284990029204663,34,T,BRKR,,,,,left_only
42632079,"SALINAS SUB, CIRCUIT BREAKERS",0.12808143987691273,34,T,BRKR,,,,,left_only
41161182,"GOLD HILL SUB, CIRCUIT BREAKERS",0.12793143987691272,34,T,BRKR,,,,,left_only
41163715,"METCALF SUB, CIRCUIT BREAKERS",0.13200408695044388,34,T,BRKR,,,,,left_only
44396350,"METCALF SUB, CIRCUIT BREAKERS",0.1318040869504439,34,T,BRKR,,,,,left_only
44396351,"METCALF SUB, CIRCUIT BREAKERS",0.1318040869504439,34,T,BRKR,,,,,left_only
41158156,"KINGSBURG SUB, CIRCUIT BREAKERS",0.1275314398769127,34,T,BRKR,,,,,left_only
41212651,"DAVIS SUB, CIRCUIT BREAKERS",0.1274837773886685,34,T,BRKR,,,,,left_only
41166337,"AMES TRANS SUB, CIRCUIT BREAKERS",0.1274814398769127,34,T,BRKR,,,,,left_only
42614895,"STAGG SUB, CIRCUIT BREAKERS",0.09922161848555969,23,T,BRKR,,,,,left_only
42685084,"FIGARDEN SUB, CIRCUIT BREAKERS",0.08405385734873286,23,T,BRKR,,,,,left_only
42697156,"GOLD HILL SUB, CIRCUIT BREAKERS",0.07548039288413755,23,T,BRKR,,,,,left_only
41166384,"LOS ESTEROS SUB, CIRCUIT BREAKERS",0.1267314398769127,34,T,BRKR,,,,,left_only
42738206,"PANOCHE SUB, CIRCUIT BREAKERS",0.07050201676843425,24,T,BRKR,,,,,left_only
41192878,"SMYRNA SUB, CIRCUIT BREAKERS",0.1263337773886685,34,T,BRKR,,,,,left_only
42731828,"TASSAJARA SUB, CIRCUIT BREAKERS",0.06890201676843424,23,T,BRKR,,,,,left_only
41221671,"GOLD HILL SUB, CIRCUIT BREAKERS",0.12620529927904253,34,T,BRKR,,,,,left_only
41189489,"COTTONWOOD SUB, CIRCUIT BREAKERS",0.1260837773886685,34,T,BRKR,BRKR,2025-02-20,0,JIT,both
42763627,"BAKERSFIELD SUB, CIRCUIT BREAKERS",0.06856963163649736,23,T,BRKR,,,,,left_only
41153602,"KINGSBURG SUB, CIRCUIT BREAKERS",0.12608143987691273,34,T,BRKR,,,,,left_only
41153221,"CANTUA SUB, CIRCUIT BREAKERS",0.12603143987691273,34,T,BRKR,,,,,left_only
41185283,"COLGATE SW STA, CIRCUIT BREAKERS",0.1267460580904229,33,T,BRKR,,,,,left_only
41185281,"COLGATE SW STA, CIRCUIT BREAKERS",0.1267460580904229,33,T,BRKR,,,,,left_only
41185280,"COLGATE SW STA, CIRCUIT BREAKERS",0.1267460580904229,33,T,BRKR,,,,,left_only
41185282,"COLGATE SW STA, CIRCUIT BREAKERS",0.1267460580904229,33,T,BRKR,,,,,left_only
41185279,"COLGATE SW STA, CIRCUIT BREAKERS",0.1267460580904229,33,T,BRKR,,,,,left_only
42560965,"SAN FRAN A (POTRERO PP) SUB, CIR BRKRS",0.12600529927904253,34,T,BRKR,,,,,left_only
41189491,"COTTONWOOD SUB, CIRCUIT BREAKERS",0.1257837773886685,34,T,BRKR,BRKR,2025-02-20,0,JIT,both
42741005,"IGNACIO SUB, CIRCUIT BREAKERS",0.06386963163649736,24,T,BRKR,,,,,left_only
44439784,"WILSON SUB, CIRCUIT BREAKERS",0.05483016557705037,23,T,BRKR,,,,,left_only
45134008,"WHEELER RIDGE SUB, CIRCUIT BREAKERS",0.0358,23,T,BRKR,,,,,left_only
40990991,"MIDWAY SUB, CIRCUIT BREAKERS",0.2152979943135978,44,T,BRKR,,,,,left_only
40990924,"LOS BANOS SUB, CIRCUIT BREAKERS",0.31777402723370496,44,T,BRKR,,,,,left_only
42561315,"VACA DIXON SUB, CIRCUIT BREAKERS",0.12036336630578266,34,T,BRKR,,,,,left_only
44678506,"HERNDON SUB, CIRCUIT BREAKERS",0.03428269673053147,23,T,BRKR,,,,,left_only
41193403,"TEJON SUB, CIRCUIT BREAKERS",0.1254837773886685,34,T,BRKR,,,,,left_only
40990997,"MIDWAY SUB, CIRCUIT BREAKERS",0.2152979943135978,44,T,BRKR,,,,,left_only
44640326,"BORDEN SUB, CIRCUIT BREAKERS",0.03358269673053147,23,T,BRKR,,,,,left_only
44857286,"PIT #1 PH, CIRCUIT BREAKERS",0.02867441394393041,13,T,BRKR,,,,,left_only
44922032,"SARATOGA SUB, CIRCUIT BREAKERS",0.025937220286516308,13,T,BRKR,,,,,left_only
45195650,"LAKEVILLE SUB, CIRCUIT BREAKERS",0.022275934463029237,14,T,BRKR,,,,,left_only
42632088,"SALINAS SUB, CIRCUIT BREAKERS",0.1248778960983868,34,T,BRKR,,,,,left_only
45554884,"LAS POSITAS SUB, CIRCUIT BREAKERS",0.016044503843342984,13,T,BRKR,,,,,left_only
40990923,"LOS BANOS SUB, CIRCUIT BREAKERS",0.31777402723370496,44,T,BRKR,,,,,left_only
41341937,"CORTINA SUB, CIRCUIT BREAKERS",0.1247778960983868,34,T,BRKR,,,,,left_only
41194264,"MONTA VISTA SUB, CIRCUIT BREAKERS",0.12083143987691272,34,T,BRKR,,,,,left_only
41195482,"HAMILTON BRANCH SUB, CIRCUIT BREAKERS",0.1246337773886685,33,T,BRKR,,,,,left_only
41335595,"EDES SUB, CIRCUIT BREAKERS",0.12463004340337654,34,T,BRKR,,,,,left_only
41218149,"NEWARK SUB, CIRCUIT BREAKERS",0.12457108065981064,34,T,BRKR,,,,,left_only
41186556,"RAVENSWOOD SUB, CIRCUIT BREAKERS",0.12433377738866849,34,T,BRKR,,,,,left_only
41351361,"HOPLAND SUB, CIRCUIT BREAKERS",0.12433004340337653,33,T,BRKR,,,,,left_only
44172837,"VACA DIXON SUB, CIRCUIT BREAKERS",0.12026336630578266,34,T,BRKR,,,,,left_only
41195095,"NAPA SUB, CIRCUIT BREAKERS",0.1241837773886685,33,T,BRKR,,,,,left_only
41189493,"COTTONWOOD SUB, CIRCUIT BREAKERS",0.1240337773886685,34,T,BRKR,BRKR,2025-02-20,0,JIT,both
41180079,"SAN JOSE A SUB, CIRCUIT BREAKERS",0.1239337773886685,34,T,BRKR,,,,,left_only
45691793,"RIO OSO SUB, CIRCUIT BREAKERS",0.0141,14,T,BRKR,,,,,left_only
41352908,"DAVIS SUB, CIRCUIT BREAKERS",0.12383377738866849,34,T,BRKR,,,,,left_only
45507537,"BITTERWATER SW STA, CIRCUIT BREAKERS",0.0213,13,T,BRKR,,,,,left_only
41345807,"FORT BRAGG A SUB, CIRCUIT BREAKERS",0.1238278960983868,34,T,BRKR,,,,,left_only
41193439,"COTTONWOOD SUB, CIRCUIT BREAKERS",0.1237837773886685,34,T,BRKR,BRKR,2025-02-20,0,JIT,both
40991003,"MIDWAY SUB, CIRCUIT BREAKERS",0.2152979943135978,44,T,BRKR,,,,,left_only
41183538,"LOS BANOS SUB, CIRCUIT BREAKERS",0.1237337773886685,34,T,BRKR,,,,,left_only
40990406,"SAN FRAN H (MARTIN) SUB, CIRCUIT BRKR",0.21808670263281837,44,T,BRKR,,,,,left_only
41176912,"TESLA SUB, CIRCUIT BREAKERS",0.1425884135243763,34,T,BRKR,,,,,left_only
41186559,"RAVENSWOOD SUB, CIRCUIT BREAKERS",0.1234837773886685,34,T,BRKR,,,,,left_only
40990922,"LOS BANOS SUB, CIRCUIT BREAKERS",0.31777402723370496,44,T,BRKR,,,,,left_only
41193437,"COTTONWOOD SUB, CIRCUIT BREAKERS",0.1233837773886685,34,T,BRKR,BRKR,2025-02-20,0,JIT,both
44172838,"VACA DIXON SUB, CIRCUIT BREAKERS",0.12066336630578267,34,T,BRKR,,,,,left_only
41209259,"BRIGHTON SUB, CIRCUIT BREAKERS",0.1232837773886685,34,T,BRKR,,,,,left_only
42628012,"GATES SUB, CIRCUIT BREAKERS",0.13968804864213252,34,T,BRKR,,,,,left_only
41194603,"GRANT SUB, CIRCUIT BREAKERS",0.1232337773886685,34,T,BRKR,,,,,left_only
41158715,"MIDWAY SUB, CIRCUIT BREAKERS",0.1681040869504439,34,T,BRKR,,,,,left_only
41190711,"LOS BANOS SUB, CIRCUIT BREAKERS",0.15916602319542478,34,T,BRKR,,,,,left_only
41183039,"WILSON SUB, CIRCUIT BREAKERS",0.1227837773886685,34,T,BRKR,,,,,left_only
44174947,"GATES SUB, CIRCUIT BREAKERS",0.13968804864213252,34,T,BRKR,,,,,left_only
41158716,"MIDWAY SUB, CIRCUIT BREAKERS",0.1670040869504439,34,T,BRKR,,,,,left_only
41190712,"LOS BANOS SUB, CIRCUIT BREAKERS",0.15916602319542478,34,T,BRKR,,,,,left_only
41189062,"TIGER CREEK PH, CIRCUIT BREAKERS",0.1227337773886685,34,T,BRKR,,,,,left_only
41215850,"DEL MONTE SUB, CIRCUIT BREAKERS",0.1226837773886685,34,T,BRKR,,,,,left_only
41193833,"SERRAMONTE SUB, CIRCUIT BREAKERS",0.1226337773886685,34,T,BRKR,,,,,left_only
41361381,"MESA SUB, CIRCUIT BREAKERS",0.10665612077325297,33,T,BRKR,,,,,left_only
41186531,"TEMBLOR SUB, CIRCUIT BREAKERS",0.1225337773886685,34,T,BRKR,,,,,left_only
41238633,"TAFT SUB, CIRCUIT BREAKERS",0.1224778960983868,34,T,BRKR,,,,,left_only
44174948,"GATES SUB, CIRCUIT BREAKERS",0.13968804864213252,34,T,BRKR,,,,,left_only
41210410,"METCALF SUB, CIRCUIT BREAKERS",0.1222837773886685,34,T,BRKR,,,,,left_only
41204207,"COTTONWOOD SUB, CIRCUIT BREAKERS",0.1221837773886685,34,T,BRKR,,,,,left_only
41158717,"MIDWAY SUB, CIRCUIT BREAKERS",0.1672040869504439,34,T,BRKR,,,,,left_only
41190713,"LOS BANOS SUB, CIRCUIT BREAKERS",0.15916602319542478,34,T,BRKR,,,,,left_only
41212150,"WILSON SUB, CIRCUIT BREAKERS",0.10320529927904254,33,T,BRKR,,,,,left_only
42704637,"ATLANTIC SUB, CIRCUIT BREAKERS",0.07633039288413755,23,T,BRKR,,,,,left_only
41180218,"MIDWAY SUB, CIRCUIT BREAKERS",0.14354990029204662,34,T,BRKR,,,,,left_only
41220716,"TESLA SUB, CIRCUIT BREAKERS",0.1218837773886685,34,T,BRKR,,,,,left_only
41180219,"MIDWAY SUB, CIRCUIT BREAKERS",0.14364990029204663,34,T,BRKR,,,,,left_only
41351513,"PHILO JCT SW STA, CIRCUIT BREAKERS",0.1217278960983868,33,T,BRKR,,,,,left_only
41218150,"NEWARK SUB, CIRCUIT BREAKERS",0.12167108065981064,34,T,BRKR,,,,,left_only
41186557,"RAVENSWOOD SUB, CIRCUIT BREAKERS",0.1216337773886685,34,T,BRKR,,,,,left_only
42756275,"SOLAR SW STA, CIRCUIT BREAKERS",0.06886963163649737,23,T,BRKR,,,,,left_only
44077101,"MUSTANG SW STA, CIRCUIT BREAKERS",0.06562384216923808,23,T,BRKR,,,,,left_only
42746872,"EASTSHORE SUB, CIRCUIT BREAKERS",0.06456963163649736,23,T,BRKR,,,,,left_only
43223152,"NEW KEARNEY SUB, CIRCUIT BREAKERS",0.06370236711893698,23,T,BRKR,,,,,left_only
42773565,"CALIENTE SW STA, CIRCUIT BREAKERS",0.06141608678742967,23,T,BRKR,,,,,left_only
44148882,"TRANQUILLITY SW STA, CIRCUIT BREAKERS",0.059023842169238075,23,T,BRKR,,,,,left_only
41180220,"MIDWAY SUB, CIRCUIT BREAKERS",0.14244990029204663,34,T,BRKR,,,,,left_only
41149877,"PITTSBURG PP, CIRCUIT BREAKERS",0.1209884135243763,34,T,BRKR,,,,,left_only
42568459,"EDES SUB, CIRCUIT BREAKERS",0.12098004340337654,34,T,BRKR,,,,,left_only
41238630,"TAFT SUB, CIRCUIT BREAKERS",0.1209778960983868,34,T,BRKR,,,,,left_only
43177050,"MOSS LANDING PP, CIRCUIT BREAKERS",0.05464199873002157,24,T,BRKR,,,,,left_only
41208669,"SAN FRAN A (POTRERO PP) SUB, CIR BRKRS",0.12080529927904254,34,T,BRKR,,,,,left_only
41206061,"MIDWAY SUB, CIRCUIT BREAKERS",0.14700529927904255,34,T,BRKR,,,,,left_only
41206274,"MIDWAY SUB, CIRCUIT BREAKERS",0.14800529927904255,34,T,BRKR,,,,,left_only
44315282,"LAS AGUILAS SW STA, CIRCUIT BREAKERS",0.03635612831441825,23,T,BRKR,,,,,left_only
41186558,"RAVENSWOOD SUB, CIRCUIT BREAKERS",0.1205337773886685,34,T,BRKR,,,,,left_only
41189494,"COTTONWOOD SUB, CIRCUIT BREAKERS",0.1203837773886685,34,T,BRKR,,,,,left_only
41206278,"MIDWAY SUB, CIRCUIT BREAKERS",0.14720529927904252,34,T,BRKR,,,,,left_only
41162220,"METCALF SUB, CIRCUIT BREAKERS",0.1324040869504439,34,T,BRKR,,,,,left_only
44396352,"METCALF SUB, CIRCUIT BREAKERS",0.1324040869504439,34,T,BRKR,,,,,left_only
44396353,"METCALF SUB, CIRCUIT BREAKERS",0.1322040869504439,34,T,BRKR,,,,,left_only
41208639,"MIDWAY SUB, CIRCUIT BREAKERS",0.13040529927904254,34,T,BRKR,,,,,left_only
41195176,"MENLO SUB, CIRCUIT BREAKERS",0.1201337773886685,33,T,BRKR,,,,,left_only
44693308,"KERN PP, CIRCUIT BREAKERS",0.032082696730531476,13,T,BRKR,,,,,left_only
41211262,"BELLOTA SUB, CIRCUIT BREAKERS",0.1200278960983868,34,T,BRKR,,,,,left_only
45086203,"WHEELER RIDGE SUB, CIRCUIT BREAKERS",0.019275934463029238,13,T,BRKR,,,,,left_only
45554518,"ARCO SUB, CIRCUIT BREAKERS",0.017,13,T,BRKR,,,,,left_only
44242365,"SAN FRAN Z (EMBARCADERO) SUB, BRKR",0.03358768956486267,23,T,BRKR,,,,,left_only
42553619,"DRUM 1 & 2 PH, CIRCUIT BREAKERS",0.11985612077325297,34,T,BRKR,,,,,left_only
41216875,"NOTRE DAME SUB, CIRCUIT BREAKERS",0.1198278960983868,34,T,BRKR,,,,,left_only
41238374,"DUMBARTON SUB, CIRCUIT BREAKERS",0.11962789609838681,34,T,BRKR,,,,,left_only
45691795,"RIO OSO SUB, CIRCUIT BREAKERS",0.011578022050308364,14,T,BRKR,,,,,left_only
45507539,"BITTERWATER SW STA, CIRCUIT BREAKERS",0.0229,13,T,BRKR,,,,,left_only
41238632,"TAFT SUB, CIRCUIT BREAKERS",0.1195778960983868,34,T,BRKR,,,,,left_only
41199456,"OAKLAND K (CLAREMONT) SUB, CIRCUIT BRKR",0.1194337773886685,34,T,BRKR,,,,,left_only
40990407,"SAN FRAN H (MARTIN) SUB, CIRCUIT BRKR",0.21808670263281837,44,T,BRKR,,,,,left_only
41341933,"CORTINA SUB, CIRCUIT BREAKERS",0.1193278960983868,34,T,BRKR,,,,,left_only
41333394,"TAFT SUB, CIRCUIT BREAKERS",0.1193278960983868,34,T,BRKR,,,,,left_only
41181414,"TESLA SUB, CIRCUIT BREAKERS",0.1192337773886685,34,T,BRKR,,,,,left_only
41212152,"WILSON SUB, CIRCUIT BREAKERS",0.13482047169283565,33,T,BRKR,,,,,left_only
41210411,"METCALF SUB, CIRCUIT BREAKERS",0.1191778960983868,34,T,BRKR,,,,,left_only
41361382,"MESA SUB, CIRCUIT BREAKERS",0.11050612077325297,33,T,BRKR,,,,,left_only
41322599,"JARVIS SUB, CIRCUIT BREAKERS",0.11898004340337653,34,T,BRKR,,,,,left_only
41202572,"SALINAS SUB, CIRCUIT BREAKERS",0.1189778960983868,34,T,BRKR,,,,,left_only
41328005,"COLGATE SW STA, CIRCUIT BREAKERS",0.119644689868023,34,T,BRKR,,,,,left_only
40995039,"COLGATE SW STA, CIRCUIT BREAKERS",0.119644689868023,34,T,BRKR,,,,,left_only
42704639,"ATLANTIC SUB, CIRCUIT BREAKERS",0.07303039288413755,23,T,BRKR,,,,,left_only
41159710,"PITTSBURG PP, CIRCUIT BREAKERS",0.1187884135243763,34,T,BRKR,,,,,left_only
43223143,"NEW KEARNEY SUB, CIRCUIT BREAKERS",0.06640236711893698,23,T,BRKR,,,,,left_only
41188552,"MILLBRAE SUB, CIRCUIT BREAKERS",0.1187337773886685,34,T,BRKR,,,,,left_only
42746874,"EASTSHORE SUB, CIRCUIT BREAKERS",0.06201963163649736,23,T,BRKR,,,,,left_only
41180093,"SAN JOSE A SUB, CIRCUIT BREAKERS",0.1184337773886685,34,T,BRKR,,,,,left_only
42756277,"SOLAR SW STA, CIRCUIT BREAKERS",0.06131963163649736,23,T,BRKR,,,,,left_only
41166320,"AMES TRANS SUB, CIRCUIT BREAKERS",0.11828143987691273,34,T,BRKR,,,,,left_only
41166452,"LOS ESTEROS SUB, CIRCUIT BREAKERS",0.11823143987691272,34,T,BRKR,,,,,left_only
41333410,"SHAFTER SUB, CIRCUIT BREAKERS",0.1181778960983868,34,T,BRKR,,,,,left_only
41170291,"CARNERAS SUB, CIRCUIT BREAKERS",0.11815643987691272,34,T,BRKR,,,,,left_only
41188553,"MILLBRAE SUB, CIRCUIT BREAKERS",0.1181337773886685,34,T,BRKR,,,,,left_only
44077102,"MUSTANG SW STA, CIRCUIT BREAKERS",0.06042384216923807,23,T,BRKR,,,,,left_only
41166403,"LOS ESTEROS SUB, CIRCUIT BREAKERS",0.11803143987691272,34,T,BRKR,,,,,left_only
43177058,"MOSS LANDING PP, CIRCUIT BREAKERS",0.05614199873002157,24,T,BRKR,,,,,left_only
44148883,"TRANQUILLITY SW STA, CIRCUIT BREAKERS",0.052523842169238076,23,T,BRKR,,,,,left_only
44315283,"LAS AGUILAS SW STA, CIRCUIT BREAKERS",0.03500612831441825,23,T,BRKR,,,,,left_only
41215852,"DEL MONTE SUB, CIRCUIT BREAKERS",0.1177778960983868,34,T,BRKR,,,,,left_only
44693309,"KERN PP, CIRCUIT BREAKERS",0.030332696730531475,13,T,BRKR,,,,,left_only
45756697,"MIDWAY SUB, CIRCUIT BREAKERS",0.0208,14,T,BRKR,,,,,left_only
41209232,"LOCKEFORD SUB, CIRCUIT BREAKERS",0.11762789609838681,34,T,BRKR,,,,,left_only
41204610,"CALIFORNIA AVE SUB, CIRCUIT BREAKERS",0.1175778960983868,34,T,BRKR,,,,,left_only
41204171,"SAN JOAQUIN #3 PH, CIRCUIT BREAKERS",0.1174778960983868,33,T,BRKR,,,,,left_only
41213442,"SOBRANTE SUB, CIRCUIT BREAKERS",0.1174278960983868,34,T,BRKR,,,,,left_only
41209688,"TAFT SUB, CIRCUIT BREAKERS",0.1174278960983868,34,T,BRKR,,,,,left_only
40992174,"TAFT SUB, CIRCUIT BREAKERS",0.11740612077325296,33,T,BRKR,,,,,left_only
41216877,"NOTRE DAME SUB, CIRCUIT BREAKERS",0.1172278960983868,34,T,BRKR,,,,,left_only
41238634,"TAFT SUB, CIRCUIT BREAKERS",0.1169278960983868,34,T,BRKR,,,,,left_only
41238631,"TAFT SUB, CIRCUIT BREAKERS",0.1169278960983868,34,T,BRKR,,,,,left_only
45412575,"WHEELER RIDGE SUB, CIRCUIT BREAKERS",0.016844503843342983,13,T,BRKR,,,,,left_only
42637855,"REEDLEY SUB, CIRCUIT BREAKERS",0.1168278960983868,34,T,BRKR,,,,,left_only
45554520,"ARCO SUB, CIRCUIT BREAKERS",0.016744503843342987,13,T,BRKR,,,,,left_only
41219023,"COTTONWOOD SUB, CIRCUIT BREAKERS",0.1165278960983868,34,T,BRKR,,,,,left_only
40990921,"LOS BANOS SUB, CIRCUIT BREAKERS",0.20423831553604418,44,T,BRKR,,,,,left_only
41208640,"MIDWAY SUB, CIRCUIT BREAKERS",0.12810529927904254,34,T,BRKR,,,,,left_only
40990920,"LOS BANOS SUB, CIRCUIT BREAKERS",0.2041383155360442,44,T,BRKR,,,,,left_only
41217351,"MENDOCINO SUB, CIRCUIT BREAKERS",0.1164278960983868,34,T,BRKR,,,,,left_only
42755822,"ATASCADERO SUB, CIRCUIT BREAKERS",0.1164278960983868,33,T,BRKR,,,,,left_only
41203089,"PIT #1 PH, CIRCUIT BREAKERS",0.11637789609838681,34,T,BRKR,,,,,left_only
41269105,"PIT #1 PH, CIRCUIT BREAKERS",0.1163278960983868,34,T,BRKR,,,,,left_only
41210403,"MENDOCINO SUB, CIRCUIT BREAKERS",0.1163278960983868,34,T,BRKR,,,,,left_only
44242366,"SAN FRAN Z (EMBARCADERO) SUB, BRKR",0.03468768956486267,23,T,BRKR,,,,,left_only
41202296,"MALAGA SUB, CIRCUIT BREAKERS",0.1161278960983868,34,T,BRKR,,,,,left_only
42704554,"SAN FRAN H (MARTIN) SUB, CIRCUIT BRKR",0.2633,43,T,BRKR,,,,,left_only
40995552,"BELLOTA SUB, CIRCUIT BREAKERS",0.45504670488334,43,T,BRKR,,,,,left_only
42715404,"NEWARK SUB, CIRCUIT BREAKERS",0.0770041103551588,24,T,BRKR,,,,,left_only
41216879,"NOTRE DAME SUB, CIRCUIT BREAKERS",0.1160278960983868,34,T,BRKR,,,,,left_only
45358509,"GATES SUB, CIRCUIT BREAKERS",0.017344211833066316,14,T,BRKR,,,,,left_only
45711399,"RIO OSO SUB, CIRCUIT BREAKERS",0.0197,14,T,BRKR,,,,,left_only
41335740,"DEL MONTE SUB, CIRCUIT BREAKERS",0.11573004340337653,34,T,BRKR,,,,,left_only
42550120,"TRINITY SUB, CIRCUIT BREAKERS",0.11565612077325296,34,T,BRKR,,,,,left_only
41208641,"MIDWAY SUB, CIRCUIT BREAKERS",0.12840529927904254,34,T,BRKR,,,,,left_only
40990917,"LOS BANOS SUB, CIRCUIT BREAKERS",0.2041383155360442,44,T,BRKR,,,,,left_only
41176931,"TESLA SUB, CIRCUIT BREAKERS",0.1540884135243763,33,T,BRKR,,,,,left_only
41333279,"PINEDALE SUB, CIRCUIT BREAKERS",0.11538004340337654,34,T,BRKR,,,,,left_only
41218554,"BUTTE SUB, CIRCUIT BREAKERS",0.1152778960983868,34,T,BRKR,,,,,left_only
43223150,"NEW KEARNEY SUB, CIRCUIT BREAKERS",0.06500236711893698,23,T,BRKR,,,,,left_only
42746876,"EASTSHORE SUB, CIRCUIT BREAKERS",0.06126963163649736,23,T,BRKR,,,,,left_only
41212102,"REEDLEY SUB, CIRCUIT BREAKERS",0.1150278960983868,34,T,BRKR,,,,,left_only
42553089,"BRIDGEVILLE SUB, CIRCUIT BREAKERS",0.11500612077325297,33,T,BRKR,,,,,left_only
43173623,"MOSS LANDING PP, CIRCUIT BREAKERS",0.05739572367595874,24,T,BRKR,,,,,left_only
44693310,"KERN PP, CIRCUIT BREAKERS",0.029682696730531474,13,T,BRKR,,,,,left_only
40992937,"METCALF SUB, CIRCUIT BREAKERS",0.311574027233705,44,T,BRKR,,,,,left_only
44242367,"SAN FRAN Z (EMBARCADERO) SUB, BRKR",0.03393768956486267,23,T,BRKR,,,,,left_only
41209997,"BORDEN SUB, CIRCUIT BREAKERS",0.1147278960983868,34,T,BRKR,,,,,left_only
41341925,"CORTINA SUB, CIRCUIT BREAKERS",0.1147278960983868,34,T,BRKR,,,,,left_only
41210407,"METCALF SUB, CIRCUIT BREAKERS",0.1146778960983868,34,T,BRKR,,,,,left_only
41178455,"CASTRO VALLEY SUB, CIRCUIT BREAKERS",0.1254337773886685,33,T,BRKR,,,,,left_only
41322628,"WILLITS A SUB, CIRCUIT BREAKERS",0.11443004340337654,34,T,BRKR,,,,,left_only
41210408,"METCALF SUB, CIRCUIT BREAKERS",0.1143778960983868,34,T,BRKR,,,,,left_only
41236706,"KERMAN SUB, CIRCUIT BREAKERS",0.1143778960983868,33,T,BRKR,,,,,left_only
41210068,"MENDOCINO SUB, CIRCUIT BREAKERS",0.1143278960983868,34,T,BRKR,,,,,left_only
41335983,"IGNACIO SUB, CIRCUIT BREAKERS",0.11428004340337654,34,T,BRKR,,,,,left_only
41355090,"EAST NICOLAUS SUB, CIRCUIT BREAKERS",0.1142778960983868,34,T,BRKR,,,,,left_only
44396354,"METCALF SUB, CIRCUIT BREAKERS",0.308474027233705,44,T,BRKR,,,,,left_only
44396356,"METCALF SUB, CIRCUIT BREAKERS",0.312974027233705,44,T,BRKR,,,,,left_only
43692572,"KERCKHOFF #2 PH, CIRCUIT BREAKERS",0.11422789609838681,34,T,BRKR,,,,,left_only
41325110,"TABLE MTN SUB, CIRCUIT BREAKERS",0.1339793557699127,34,T,BRKR,,,,,left_only
41238629,"TAFT SUB, CIRCUIT BREAKERS",0.1141778960983868,34,T,BRKR,,,,,left_only
40991949,"BAHIA SUB, CIRCUIT BREAKERS",0.2708912769327052,43,T,BRKR,,,,,left_only
41348520,"SAN FRAN P(HUNTERS POINT) SUB, BRKR",0.11387108065981064,34,T,BRKR,,,,,left_only
40993473,"SARATOGA SUB, CIRCUIT BREAKERS",0.2625906295891279,43,T,BRKR,,,,,left_only
41358472,"RIVERBANK SW STA, CIRCUIT BREAKERS",0.11380612077325297,34,T,BRKR,,,,,left_only
41222127,"SAN FRAN H (MARTIN) SUB, CIRCUIT BRKR",0.1137778960983868,34,T,BRKR,,,,,left_only
40992809,"LOS BANOS SUB, CIRCUIT BREAKERS",0.2592979943135978,44,T,BRKR,,,,,left_only
41201831,"SOBRANTE SUB, CIRCUIT BREAKERS",0.1136278960983868,34,T,BRKR,,,,,left_only
41233917,"OAKLAND C (OAKLAND PP) SUB, CIRCUIT BRKR",0.1135278960983868,34,T,BRKR,,,,,left_only
40993049,"MORAGA SUB, CIRCUIT BREAKERS",0.25589799431359783,44,T,BRKR,,,,,left_only
40992796,"LOGAN CREEK SUB, CIRCUIT BREAKERS",0.2153614753202699,43,T,BRKR,,,,,left_only
41334171,"MONTA VISTA SUB, CIRCUIT BREAKERS",0.11333004340337653,34,T,BRKR,,,,,left_only
43702461,"LAYTONVILLE SUB, CIRCUIT BREAKERS",0.1133278960983868,34,T,BRKR,,,,,left_only
44280575,"SHAFTER SUB, CIRCUIT BREAKERS",0.1132778960983868,34,T,BRKR,,,,,left_only
40990547,"TESLA SUB, CIRCUIT BREAKERS",0.2045421274335817,43,T,BRKR,,,,,left_only
41327991,"WILLITS A SUB, CIRCUIT BREAKERS",0.11323004340337653,34,T,BRKR,,,,,left_only
44137729,"SHEPHERD SUB, CIRCUIT BREAKERS",0.1132,34,T,BRKR,,,,,left_only
41217357,"MENDOCINO SUB, CIRCUIT BREAKERS",0.1131778960983868,34,T,BRKR,,,,,left_only
41333419,"SHAFTER SUB, CIRCUIT BREAKERS",0.11298004340337653,34,T,BRKR,,,,,left_only
42723993,"ROUND MTN SUB, CIRCUIT BREAKERS",0.1334,34,T,BRKR,,,,,left_only
41210409,"METCALF SUB, CIRCUIT BREAKERS",0.1129278960983868,34,T,BRKR,,,,,left_only
41335749,"DEL MONTE SUB, CIRCUIT BREAKERS",0.11288004340337654,34,T,BRKR,,,,,left_only
41324435,"TABLE MTN SUB, CIRCUIT BREAKERS",0.11287108065981064,34,T,BRKR,,,,,left_only
41234329,"LIVINGSTON JUNCTION, CIRCUIT BREAKERS",0.11282789609838681,34,T,BRKR,,,,,left_only
41210080,"KERN PP, CIRCUIT BREAKERS",0.1126778960983868,34,T,BRKR,,,,,left_only
42736680,"DUMBARTON SUB, CIRCUIT BREAKERS",0.1126278960983868,34,T,BRKR,,,,,left_only
41234543,"MENDOCINO SUB, CIRCUIT BREAKERS",0.1124778960983868,34,T,BRKR,,,,,left_only
41114448,"MIDWAY SUB, CIRCUIT BREAKERS",0.19200381813097506,34,T,BRKR,,,,,left_only
41114742,"MIDWAY SUB, CIRCUIT BREAKERS",0.15177995308166697,34,T,BRKR,,,,,left_only
41213445,"PITTSBURG PP, CIRCUIT BREAKERS",0.1123778960983868,34,T,BRKR,,,,,left_only
41234280,"HIGHWAY SUB, CIRCUIT BREAKERS",0.1122778960983868,34,T,BRKR,,,,,left_only
41234950,"LOS BANOS SUB, CIRCUIT BREAKERS",0.1480327024596983,34,T,BRKR,,,,,left_only
42553728,"DRUM 1 & 2 PH, CIRCUIT BREAKERS",0.11225612077325298,34,T,BRKR,,,,,left_only
41341935,"CORTINA SUB, CIRCUIT BREAKERS",0.1121778960983868,34,T,BRKR,,,,,left_only
40991873,"VACA DIXON SUB, CIRCUIT BREAKERS",0.3622335577977498,44,T,BRKR,,,,,left_only
41348519,"SAN FRAN P(HUNTERS POINT) SUB, BRKR",0.11217108065981063,34,T,BRKR,,,,,left_only
41358370,"MIDWAY SUB, CIRCUIT BREAKERS",0.11213004340337654,34,T,BRKR,,,,,left_only
43702459,"LAYTONVILLE SUB, CIRCUIT BREAKERS",0.1121278960983868,34,T,BRKR,,,,,left_only
41201828,"TRIMBLE SUB, CIRCUIT BREAKERS",0.1119778960983868,34,T,BRKR,,,,,left_only
41234279,"HIGHWAY SUB, CIRCUIT BREAKERS",0.1118778960983868,34,T,BRKR,,,,,left_only
41201827,"TRIMBLE SUB, CIRCUIT BREAKERS",0.1118778960983868,34,T,BRKR,,,,,left_only
44280576,"SHAFTER SUB, CIRCUIT BREAKERS",0.1118778960983868,34,T,BRKR,,,,,left_only
44285100,"ROUND MTN SUB, CIRCUIT BREAKERS",0.1356,34,T,BRKR,,,,,left_only
40990880,"HELM SUB, CIRCUIT BREAKERS",0.18594371148855704,33,T,BRKR,,,,,left_only
41213444,"PITTSBURG PP, CIRCUIT BREAKERS",0.1116278960983868,34,T,BRKR,,,,,left_only
41341927,"CORTINA SUB, CIRCUIT BREAKERS",0.11157789609838681,34,T,BRKR,,,,,left_only
41209652,"COTTONWOOD SUB, CIRCUIT BREAKERS",0.1114278960983868,34,T,BRKR,,,,,left_only
41334112,"MIDWAY SUB, CIRCUIT BREAKERS",0.11138004340337654,34,T,BRKR,,,,,left_only
41350289,"MCCALL SUB, CIRCUIT BREAKERS",0.11133004340337653,34,T,BRKR,,,,,left_only
41346786,"MERCED FALLS SUB, CIRCUIT BREAKERS",0.1112778960983868,33,T,BRKR,,,,,left_only
41235665,"COTTONWOOD SUB, CIRCUIT BREAKERS",0.1112278960983868,34,T,BRKR,,,,,left_only
42644225,"SAN FRAN H (MARTIN) SUB, CIRCUIT BRKR",0.11118004340337653,34,T,BRKR,,,,,left_only
41202298,"MALAGA SUB, CIRCUIT BREAKERS",0.1111778960983868,34,T,BRKR,,,,,left_only
41322086,"SILVERADO SUB, CIRCUIT BREAKERS",0.11113004340337654,34,T,BRKR,,,,,left_only
41351363,"HOPLAND SUB, CIRCUIT BREAKERS",0.11113004340337654,33,T,BRKR,,,,,left_only
41203145,"SAN FRAN A (POTRERO PP) SUB, CIR BRKRS",0.11104990029204663,34,T,BRKR,,,,,left_only
40990684,"BRENTWOOD SUB, CIRCUIT BREAKERS",0.1727971816309527,33,T,BRKR,,,,,left_only
41332605,"KIRKER SUB, CIRCUIT BREAKERS",0.11093004340337653,34,T,BRKR,,,,,left_only
41227042,"KERN PP, CIRCUIT BREAKERS",0.1108778960983868,34,T,BRKR,,,,,left_only
42550687,"BRIDGEVILLE SUB, CIRCUIT BREAKERS",0.11085612077325296,33,T,BRKR,,,,,left_only
40991195,"COTTONWOOD SUB, CIRCUIT BREAKERS",0.16500651220042994,33,T,BRKR,,,,,left_only
41341918,"CORTINA SUB, CIRCUIT BREAKERS",0.1107778960983868,34,T,BRKR,,,,,left_only
41103555,"RAVENSWOOD SUB, CIRCUIT BREAKERS",0.15043578235929805,33,T,BRKR,,,,,left_only
41107583,"EIGHT MILE SUB, CIRCUIT BREAKERS",0.14241078235929808,33,T,BRKR,,,,,left_only
41136943,"TIGER CREEK PH, CIRCUIT BREAKERS",0.14196078235929807,33,T,BRKR,,,,,left_only
42615502,"MONTA VISTA SUB, CIRCUIT BREAKERS",0.11049786359348707,34,T,BRKR,,,,,left_only
41339147,"FLINT SUB, CIRCUIT BREAKERS",0.11048004340337653,34,T,BRKR,,,,,left_only
41181955,"GLENN SUB, CIRCUIT BREAKERS",0.12918143987691272,33,T,BRKR,,,,,left_only
41360551,"IGNACIO SUB, CIRCUIT BREAKERS",0.11043004340337653,34,T,BRKR,,,,,left_only
41202300,"MALAGA SUB, CIRCUIT BREAKERS",0.1104278960983868,34,T,BRKR,,,,,left_only
41335725,"DEL MONTE SUB, CIRCUIT BREAKERS",0.11018004340337653,34,T,BRKR,,,,,left_only
41329320,"BIRDS LANDING SW STA, CIRCUIT BREAKERS",0.1134278960983868,33,T,BRKR,,,,,left_only
42553198,"MAPLE CREEK SUB, CIRCUIT BREAKERS",0.11005612077325297,33,T,BRKR,,,,,left_only
44137726,"SHEPHERD SUB, CIRCUIT BREAKERS",0.1099,34,T,BRKR,,,,,left_only
42573231,"HENRIETTA SUB, CIRCUIT BREAKERS",0.10465612077325297,33,T,BRKR,,,,,left_only
42625334,"LAKEVILLE SUB, CIRCUIT BREAKERS",0.09338979979290102,23,T,BRKR,,,,,left_only
41352940,"MESA SUB, CIRCUIT BREAKERS",0.10983004340337653,34,T,BRKR,,,,,left_only
42615214,"MONTA VISTA SUB, CIRCUIT BREAKERS",0.10969786359348707,34,T,BRKR,,,,,left_only
42608300,"VACA DIXON SUB, CIRCUIT BREAKERS",0.1096415509436695,34,T,BRKR,,,,,left_only
42579635,"ROUND MTN SUB, CIRCUIT BREAKERS",0.08937161848555969,24,T,BRKR,,,,,left_only
41355791,"VACA DIXON SUB, CIRCUIT BREAKERS",0.10958004340337653,34,T,BRKR,,,,,left_only
42667679,"VACA DIXON SUB, CIRCUIT BREAKERS",0.08865385734873285,24,T,BRKR,,,,,left_only
41246688,"SAN FRAN H (MARTIN) SUB, CIRCUIT BRKR",0.10938004340337654,34,T,BRKR,,,,,left_only
41339602,"IGNACIO SUB, CIRCUIT BREAKERS",0.10928004340337653,34,T,BRKR,,,,,left_only
42676467,"BORDEN SUB, CIRCUIT BREAKERS",0.07698039288413755,23,T,BRKR,,,,,left_only
41203854,"SALINAS SUB, CIRCUIT BREAKERS",0.1091337773886685,34,T,BRKR,,,,,left_only
42707386,"STAGG SUB, CIRCUIT BREAKERS",0.07065201676843424,24,T,BRKR,,,,,left_only
44899329,"MARYSVILLE SUB, CIRCUIT BREAKERS",0.1090278960983868,34,T,BRKR,,,,,left_only
41355792,"VACA DIXON SUB, CIRCUIT BREAKERS",0.10898004340337654,34,T,BRKR,,,,,left_only
42731830,"TASSAJARA SUB, CIRCUIT BREAKERS",0.06825201676843425,23,T,BRKR,,,,,left_only
41324997,"IGNACIO SUB, CIRCUIT BREAKERS",0.10873004340337654,34,T,BRKR,,,,,left_only
42738208,"PANOCHE SUB, CIRCUIT BREAKERS",0.06815201676843424,24,T,BRKR,,,,,left_only
41360547,"IGNACIO SUB, CIRCUIT BREAKERS",0.10858004340337653,34,T,BRKR,,,,,left_only
41340844,"BELLOTA SUB, CIRCUIT BREAKERS",0.10853004340337653,34,T,BRKR,,,,,left_only
41364065,"NEW KEARNEY SUB, CIRCUIT BREAKERS",0.10853004340337653,34,T,BRKR,,,,,left_only
41350291,"MCCALL SUB, CIRCUIT BREAKERS",0.10848004340337654,34,T,BRKR,,,,,left_only
43153972,"WEBER SUB, CIRCUIT BREAKERS",0.06049572367595874,23,T,BRKR,,,,,left_only
42550648,"SAN FRAN H (MARTIN) SUB, CIRCUIT BRKR",0.10845612077325296,34,T,BRKR,,,,,left_only
41114744,"MIDWAY SUB, CIRCUIT BREAKERS",0.15117995308166698,34,T,BRKR,,,,,left_only
41234951,"LOS BANOS SUB, CIRCUIT BREAKERS",0.1480327024596983,34,T,BRKR,,,,,left_only
40989909,"VACA DIXON SUB, CIRCUIT BREAKERS",0.3633335577977498,44,T,BRKR,,,,,left_only
44148853,"CORTINA SUB, CIRCUIT BREAKERS",0.04631932692716144,23,T,BRKR,,,,,left_only
42735189,"LOS ALTOS SUB, CIRCUIT BREAKERS",0.10825612077325297,33,T,BRKR,,,,,left_only
41367551,"LOCKEFORD SUB, CIRCUIT BREAKERS",0.10813004340337654,34,T,BRKR,,,,,left_only
44513625,"LOCKEFORD SUB, CIRCUIT BREAKERS",0.03703269673053147,23,T,BRKR,,,,,left_only
41355789,"VACA DIXON SUB, CIRCUIT BREAKERS",0.10803004340337653,34,T,BRKR,,,,,left_only
44724882,"HERNDON SUB, CIRCUIT BREAKERS",0.02852441394393041,13,T,BRKR,,,,,left_only
41352954,"MESA SUB, CIRCUIT BREAKERS",0.10793004340337653,34,T,BRKR,,,,,left_only
41352905,"DAVIS SUB, CIRCUIT BREAKERS",0.10793004340337653,34,T,BRKR,,,,,left_only
42553415,"WOODLAND SUB, CIRCUIT BREAKERS",0.10785612077325296,34,T,BRKR,,,,,left_only
41350290,"MCCALL SUB, CIRCUIT BREAKERS",0.10778004340337653,34,T,BRKR,,,,,left_only
41333257,"BULLARD SUB, CIRCUIT BREAKERS",0.10763004340337654,34,T,BRKR,,,,,left_only
41364060,"NEW KEARNEY SUB, CIRCUIT BREAKERS",0.10733004340337654,34,T,BRKR,,,,,left_only
41358415,"MIDWAY SUB, CIRCUIT BREAKERS",0.10728004340337653,34,T,BRKR,,,,,left_only
41361640,"BELLOTA SUB, CIRCUIT BREAKERS",0.10728004340337653,34,T,BRKR,,,,,left_only
41350287,"MCCALL SUB, CIRCUIT BREAKERS",0.10723004340337654,34,T,BRKR,,,,,left_only
45004173,"GOLD HILL SUB, CIRCUIT BREAKERS",0.02483722028651631,13,T,BRKR,,,,,left_only
45668885,"METCALF SUB, CIRCUIT BREAKERS",0.0166,14,T,BRKR,,,,,left_only
41328320,"IGNACIO SUB, CIRCUIT BREAKERS",0.10708004340337654,34,T,BRKR,,,,,left_only
45711401,"RIO OSO SUB, CIRCUIT BREAKERS",0.012478022050308363,14,T,BRKR,,,,,left_only
41325020,"IGNACIO SUB, CIRCUIT BREAKERS",0.10678004340337653,34,T,BRKR,,,,,left_only
42637857,"REEDLEY SUB, CIRCUIT BREAKERS",0.1067778960983868,34,T,BRKR,,,,,left_only
41176913,"TESLA SUB, CIRCUIT BREAKERS",0.1483884135243763,34,T,BRKR,,,,,left_only
42663500,"DELEVAN SUB, CIRCUIT BREAKERS",0.07678039288413756,23,T,BRKR,,,,,left_only
41333270,"BULLARD SUB, CIRCUIT BREAKERS",0.10658004340337654,34,T,BRKR,,,,,left_only
42746878,"EASTSHORE SUB, CIRCUIT BREAKERS",0.06681963163649736,23,T,BRKR,,,,,left_only
43173624,"MOSS LANDING PP, CIRCUIT BREAKERS",0.06479572367595873,24,T,BRKR,,,,,left_only
41328009,"SYCAMORE CREEK SUB, CIRCUIT BREAKERS",0.10648004340337654,34,T,BRKR,,,,,left_only
43223148,"NEW KEARNEY SUB, CIRCUIT BREAKERS",0.06310236711893698,23,T,BRKR,,,,,left_only
41322971,"KIRKER SUB, CIRCUIT BREAKERS",0.10623004340337654,34,T,BRKR,,,,,left_only
41355793,"VACA DIXON SUB, CIRCUIT BREAKERS",0.10618004340337653,34,T,BRKR,,,,,left_only
42608290,"DRUM 1 & 2 PH, CIRCUIT BREAKERS",0.10617161848555969,34,T,BRKR,,,,,left_only
44285101,"ROUND MTN SUB, CIRCUIT BREAKERS",0.221,44,T,BRKR,,,,,left_only
41339127,"REEDLEY SUB, CIRCUIT BREAKERS",0.10583004340337654,34,T,BRKR,,,,,left_only
44693311,"KERN PP, CIRCUIT BREAKERS",0.029782696730531473,13,T,BRKR,,,,,left_only
44242368,"SAN FRAN Z (EMBARCADERO) SUB, BRKR",0.03458768956486267,23,T,BRKR,,,,,left_only
45711403,"RIO OSO SUB, CIRCUIT BREAKERS",0.011628022050308363,14,T,BRKR,,,,,left_only
42663505,"DELEVAN SUB, CIRCUIT BREAKERS",0.07473039288413756,23,T,BRKR,,,,,left_only
41246684,"SAN FRAN H (MARTIN) SUB, CIRCUIT BRKR",0.10538004340337653,34,T,BRKR,,,,,left_only
42746880,"EASTSHORE SUB, CIRCUIT BREAKERS",0.06586963163649737,23,T,BRKR,,,,,left_only
41317161,"SAN MATEO SUB, CIRCUIT BREAKERS",0.10528004340337653,34,T,BRKR,,,,,left_only
43173625,"MOSS LANDING PP, CIRCUIT BREAKERS",0.062495723675958736,24,T,BRKR,,,,,left_only
42550652,"SAN FRAN H (MARTIN) SUB, CIRCUIT BRKR",0.10510612077325297,34,T,BRKR,,,,,left_only
41362809,"MORAGA SUB, CIRCUIT BREAKERS",0.10493004340337653,34,T,BRKR,,,,,left_only
42623658,"EL CAPITAN SUB, CIRCUIT BREAKERS",0.10483004340337654,34,T,BRKR,,,,,left_only
41361439,"MCCALL SUB, CIRCUIT BREAKERS",0.10480612077325296,34,T,BRKR,,,,,left_only
44693312,"KERN PP, CIRCUIT BREAKERS",0.030632696730531473,13,T,BRKR,,,,,left_only
44242369,"SAN FRAN Z (EMBARCADERO) SUB, BRKR",0.03533768956486267,23,T,BRKR,,,,,left_only
41327979,"LOCKEFORD SUB, CIRCUIT BREAKERS",0.10478004340337653,34,T,BRKR,,,,,left_only
42706495,"BELLOTA SUB, CIRCUIT BREAKERS",0.10119786359348706,33,T,BRKR,,,,,left_only
44857296,"PIT #1 PH, CIRCUIT BREAKERS",0.02922441394393041,13,T,BRKR,,,,,left_only
45720697,"RIO OSO SUB, CIRCUIT BREAKERS",0.011878022050308364,14,T,BRKR,,,,,left_only
41176932,"TESLA SUB, CIRCUIT BREAKERS",0.1499884135243763,33,T,BRKR,,,,,left_only
41346852,"JEFFERSON SUB, CIRCUIT BREAKERS",0.10458004340337654,34,T,BRKR,,,,,left_only
41366377,"MENLO SUB, CIRCUIT BREAKERS",0.10445612077325298,34,T,BRKR,,,,,left_only
41340915,"JEFFERSON SUB, CIRCUIT BREAKERS",0.10443004340337653,34,T,BRKR,,,,,left_only
42615237,"MONTA VISTA SUB, CIRCUIT BREAKERS",0.10439786359348707,34,T,BRKR,,,,,left_only
42549427,"MARICOPA SUB, CIRCUIT BREAKERS",0.10438004340337653,34,T,BRKR,,,,,left_only
41352611,"JEFFERSON SUB, CIRCUIT BREAKERS",0.10435612077325297,34,T,BRKR,,,,,left_only
42695898,"MARTELL SUB, CIRCUIT BREAKERS",0.10433039288413756,33,T,BRKR,,,,,left_only
41322079,"CONTRA COSTA SUB, CIRCUIT BREAKERS",0.10433004340337654,34,T,BRKR,,,,,left_only
43173626,"MOSS LANDING PP, CIRCUIT BREAKERS",0.05359199873002157,24,T,BRKR,,,,,left_only
42553416,"WOODLAND SUB, CIRCUIT BREAKERS",0.10430612077325296,34,T,BRKR,,,,,left_only
41360562,"IGNACIO SUB, CIRCUIT BREAKERS",0.10423004340337653,34,T,BRKR,,,,,left_only
41301646,"COTTONWOOD SUB, CIRCUIT BREAKERS",0.10418004340337653,34,T,BRKR,,,,,left_only
41088917,"MCCALL SUB, CIRCUIT BREAKERS",0.10410612077325297,34,T,BRKR,,,,,left_only
41341947,"CALISTOGA SUB, CIRCUIT BREAKERS",0.10403004340337653,33,T,BRKR,,,,,left_only
44945763,"DELEVAN SUB, CIRCUIT BREAKERS",0.027387220286516308,13,T,BRKR,,,,,left_only
41345199,"JEFFERSON SUB, CIRCUIT BREAKERS",0.10368004340337653,34,T,BRKR,,,,,left_only
41333469,"TABLE MTN SUB, CIRCUIT BREAKERS",0.10363004340337653,34,T,BRKR,,,,,left_only
41364178,"HENRIETTA SUB, CIRCUIT BREAKERS",0.10350612077325297,34,T,BRKR,,,,,left_only
42615216,"MONTA VISTA SUB, CIRCUIT BREAKERS",0.10349786359348707,34,T,BRKR,,,,,left_only
42625904,"SAN LUIS OBISPO SUB, CIRCUIT BREAKERS",0.1033415509436695,34,T,BRKR,,,,,left_only
41235197,"SAN FRAN P(HUNTERS POINT) SUB, BRKR",0.10330529927904254,34,T,BRKR,,,,,left_only
41213787,"SCHINDLER SUB, CIRCUIT BREAKERS",0.1032778960983868,34,T,BRKR,,,,,left_only
42560919,"TULUCAY SUB, CIRCUIT BREAKERS",0.10320612077325297,34,T,BRKR,,,,,left_only
44987697,"KERN PP, CIRCUIT BREAKERS",0.02188722028651631,13,T,BRKR,,,,,left_only
41340917,"JEFFERSON SUB, CIRCUIT BREAKERS",0.10303004340337653,34,T,BRKR,,,,,left_only
45327054,"TRANQUILLITY SW STA, CIRCUIT BREAKERS",0.019844211833066314,13,T,BRKR,,,,,left_only
45467081,"EASTSHORE SUB, CIRCUIT BREAKERS",0.015844503843342985,13,T,BRKR,,,,,left_only
41340916,"JEFFERSON SUB, CIRCUIT BREAKERS",0.10278004340337653,34,T,BRKR,,,,,left_only
42561906,"LOS GATOS SUB, CIRCUIT BREAKERS",0.10260612077325297,34,T,BRKR,,,,,left_only
42569747,"ELK SUB, CIRCUIT BREAKERS",0.10257161848555969,33,T,BRKR,,,,,left_only
42561145,"TULUCAY SUB, CIRCUIT BREAKERS",0.10250612077325297,34,T,BRKR,,,,,left_only
41167571,"SAN RAMON SUB, CIRCUIT BREAKERS",0.1137778960983868,33,T,BRKR,,,,,left_only
41109068,"MONTA VISTA SUB, CIRCUIT BREAKERS",0.16707995308166698,34,T,BRKR,,,,,left_only
40996296,"LAKEVILLE SUB, CIRCUIT BREAKERS",0.3154851893939268,44,T,BRKR,,,,,left_only
41216838,"SAN FRAN H (MARTIN) SUB, CIRCUIT BRKR",0.10230529927904254,34,T,BRKR,,,,,left_only
42701512,"GREGG SUB, CIRCUIT BREAKERS",0.5095,44,T,BRKR,,,,,left_only
40990205,"CARIBOU PH #2, CIRCUIT BREAKERS",0.29554486117504525,43,T,BRKR,,,,,left_only
41345200,"JEFFERSON SUB, CIRCUIT BREAKERS",0.10178004340337654,34,T,BRKR,,,,,left_only
40992666,"LAS POSITAS SUB, CIRCUIT BREAKERS",0.2942115351161633,43,T,BRKR,,,,,left_only
40993293,"PANOCHE SUB, CIRCUIT BREAKERS",0.256848335749434,44,T,BRKR,,,,,left_only
40993673,"STAGG SUB, CIRCUIT BREAKERS",0.25474833574943395,44,T,BRKR,,,,,left_only
41361438,"MCCALL SUB, CIRCUIT BREAKERS",0.10160612077325297,34,T,BRKR,,,,,left_only
41368136,"AIRWAYS SUB, CIRCUIT BREAKERS",0.10160612077325297,34,T,BRKR,,,,,left_only
42620236,"SAN FRAN A (POTRERO PP) SUB, CIR BRKRS",0.10159786359348708,34,T,BRKR,,,,,left_only
42550651,"SAN FRAN H (MARTIN) SUB, CIRCUIT BRKR",0.10140612077325296,34,T,BRKR,,,,,left_only
41359844,"SCHINDLER SUB, CIRCUIT BREAKERS",0.10140612077325296,34,T,BRKR,,,,,left_only
42623653,"WEIMAR SUB, CIRCUIT BREAKERS",0.10134155094366949,33,T,BRKR,,,,,left_only
40994880,"WILSON SUB, CIRCUIT BREAKERS",0.10130612077325298,34,T,BRKR,,,,,left_only
42562299,"MENDOCINO SUB, CIRCUIT BREAKERS",0.10130612077325298,34,T,BRKR,,,,,left_only
41364062,"NEW KEARNEY SUB, CIRCUIT BREAKERS",0.10130612077325298,34,T,BRKR,,,,,left_only
41368137,"AIRWAYS SUB, CIRCUIT BREAKERS",0.10120612077325297,34,T,BRKR,,,,,left_only
40992807,"LOS BANOS SUB, CIRCUIT BREAKERS",0.24369799431359782,44,T,BRKR,,,,,left_only
42615218,"MONTA VISTA SUB, CIRCUIT BREAKERS",0.10109786359348708,34,T,BRKR,,,,,left_only
41372121,"BUTTE SUB, CIRCUIT BREAKERS",0.10105612077325297,34,T,BRKR,,,,,left_only
42632084,"SALINAS SUB, CIRCUIT BREAKERS",0.10097161848555969,34,T,BRKR,,,,,left_only
41350292,"MCCALL SUB, CIRCUIT BREAKERS",0.10075612077325297,34,T,BRKR,,,,,left_only
40990401,"WEBER SUB, CIRCUIT BREAKERS",0.21064212743358168,43,T,BRKR,,,,,left_only
42727909,"MENDOCINO SUB, CIRCUIT BREAKERS",0.10065612077325298,34,T,BRKR,,,,,left_only
42570240,"OAKLAND J SUB, CIRCUIT BREAKERS",0.10055612077325297,34,T,BRKR,,,,,left_only
41346363,"TULUCAY SUB, CIRCUIT BREAKERS",0.10055612077325297,34,T,BRKR,,,,,left_only
42561138,"TULUCAY SUB, CIRCUIT BREAKERS",0.10050612077325297,34,T,BRKR,,,,,left_only
42564320,"DEL MONTE SUB, CIRCUIT BREAKERS",0.10030612077325297,34,T,BRKR,,,,,left_only
40990770,"PARKWAY SUB, CIRCUIT BREAKERS",0.18031183772810586,33,T,BRKR,,,,,left_only
41361440,"MCCALL SUB, CIRCUIT BREAKERS",0.10025612077325297,34,T,BRKR,,,,,left_only
42618616,"TEJON SUB, CIRCUIT BREAKERS",0.10015612077325298,33,T,BRKR,,,,,left_only
42632085,"SALINAS SUB, CIRCUIT BREAKERS",0.10012161848555969,34,T,BRKR,,,,,left_only
41333235,"BELLOTA SUB, CIRCUIT BREAKERS",0.10000612077325297,34,T,BRKR,,,,,left_only
41362803,"MORAGA SUB, CIRCUIT BREAKERS",0.09995612077325297,24,T,BRKR,,,,,left_only
42569031,"STONE SUB, CIRCUIT BREAKERS",0.09975612077325297,24,T,BRKR,,,,,left_only
42561813,"SAN RAFAEL SUB, CIRCUIT BREAKERS",0.09970612077325297,24,T,BRKR,,,,,left_only
42626787,"TIVY VALLEY SUB, CIRCUIT BREAKERS",0.0996716184855597,24,T,BRKR,,,,,left_only
41114446,"MIDWAY SUB, CIRCUIT BREAKERS",0.1744741238040359,34,T,BRKR,,,,,left_only
40990472,"FIGARDEN SUB, CIRCUIT BREAKERS",0.1730421274335817,33,T,BRKR,,,,,left_only
42632086,"SALINAS SUB, CIRCUIT BREAKERS",0.0996415509436695,24,T,BRKR,,,,,left_only
42618619,"TEJON SUB, CIRCUIT BREAKERS",0.09960612077325297,23,T,BRKR,,,,,left_only
42553417,"WOODLAND SUB, CIRCUIT BREAKERS",0.09955612077325297,24,T,BRKR,,,,,left_only
41103557,"RAVENSWOOD SUB, CIRCUIT BREAKERS",0.15584508468487945,33,T,BRKR,,,,,left_only
40990900,"VASONA SUB, CIRCUIT BREAKERS",0.15310651220042995,33,T,BRKR,,,,,left_only
41360632,"WEST FRESNO SUB, CIRCUIT BREAKERS",0.09940612077325298,24,T,BRKR,,,,,left_only
41109518,"EIGHT MILE SUB, CIRCUIT BREAKERS",0.14213578235929808,33,T,BRKR,,,,,left_only
41367438,"LAMMERS SUB, CIRCUIT BREAKERS",0.09935612077325297,24,T,BRKR,,,,,left_only
42561984,"CLEAR LAKE SUB, CIRCUIT BREAKERS",0.09935612077325297,23,T,BRKR,,,,,left_only
41177224,"POE PH, CIRCUIT BREAKERS",0.14068143987691273,33,T,BRKR,,,,,left_only
41158173,"LOS ESTEROS SUB, CIRCUIT BREAKERS",0.12858143987691273,33,T,BRKR,,,,,left_only
41359846,"SCHINDLER SUB, CIRCUIT BREAKERS",0.09920612077325297,24,T,BRKR,,,,,left_only
41177213,"METCALF SUB, CIRCUIT BREAKERS",0.12543143987691271,34,T,BRKR,,,,,left_only
42615235,"HENRIETTA SUB, CIRCUIT BREAKERS",0.09910612077325297,23,T,BRKR,,,,,left_only
42553081,"DIVIDE SUB, CIRCUIT BREAKERS",0.09905612077325297,24,T,BRKR,,,,,left_only
42615530,"ROCK CREEK PH, CIRCUIT BREAKERS",0.09775612077325296,23,T,BRKR,,,,,left_only
42623773,"LIVERMORE SUB, CIRCUIT BREAKERS",0.09882161848555969,23,T,BRKR,,,,,left_only
41374127,"RAVENSWOOD SUB, CIRCUIT BREAKERS",0.09880612077325297,24,T,BRKR,,,,,left_only
42632089,"SALINAS SUB, CIRCUIT BREAKERS",0.09877161848555968,24,T,BRKR,,,,,left_only
41367436,"LAMMERS SUB, CIRCUIT BREAKERS",0.09870612077325297,24,T,BRKR,,,,,left_only
41358417,"MIDWAY SUB, CIRCUIT BREAKERS",0.09855612077325297,24,T,BRKR,,,,,left_only
41359845,"SCHINDLER SUB, CIRCUIT BREAKERS",0.09855612077325297,24,T,BRKR,,,,,left_only
42564322,"DEL MONTE SUB, CIRCUIT BREAKERS",0.09855612077325297,24,T,BRKR,,,,,left_only
42613243,"MCCALL SUB, CIRCUIT BREAKERS",0.09805612077325297,24,T,BRKR,,,,,left_only
41371604,"IGNACIO SUB, CIRCUIT BREAKERS",0.09805612077325297,24,T,BRKR,,,,,left_only
41368584,"LAKEVILLE SUB, CIRCUIT BREAKERS",0.09790612077325297,24,T,BRKR,,,,,left_only
42623838,"PUEBLO SUB, CIRCUIT BREAKERS",0.0978915509436695,24,T,BRKR,,,,,left_only
42564317,"DEL MONTE SUB, CIRCUIT BREAKERS",0.09785612077325297,24,T,BRKR,,,,,left_only
42626285,"MORAGA SUB, CIRCUIT BREAKERS",0.09779786359348708,24,T,BRKR,,,,,left_only
42728033,"MCCALL SUB, CIRCUIT BREAKERS",0.07770411035515881,23,T,BRKR,,,,,left_only
42581559,"NEWARK SUB, CIRCUIT BREAKERS",0.09757161848555969,24,T,BRKR,,,,,left_only
41363259,"SUISUN SUB, CIRCUIT BREAKERS",0.09755612077325297,24,T,BRKR,,,,,left_only
42737638,"KELSO SUB, CIRCUIT BREAKERS",0.07615396250708686,23,T,BRKR,,,,,left_only
42617448,"STAGG SUB, CIRCUIT BREAKERS",0.09745612077325297,24,T,BRKR,,,,,left_only
41363974,"CONTRA COSTA SUB, CIRCUIT BREAKERS",0.09745612077325297,24,T,BRKR,,,,,left_only
41359860,"SCHINDLER SUB, CIRCUIT BREAKERS",0.09740612077325297,24,T,BRKR,,,,,left_only
42569291,"SAN LEANDRO U SUB, CIRCUIT BREAKERS",0.0973716184855597,24,T,BRKR,,,,,left_only
40990233,"MERCED SUB, CIRCUIT BREAKERS",0.09725989382277034,24,T,BRKR,,,,,left_only
41114746,"MIDWAY SUB, CIRCUIT BREAKERS",0.151579953081667,34,T,BRKR,,,,,left_only
41368064,"SONOMA A SUB, CIRCUIT BREAKERS",0.09710612077325297,24,T,BRKR,,,,,left_only
42675126,"PEABODY SUB, CIRCUIT BREAKERS",0.07413039288413756,23,T,BRKR,,,,,left_only
41359857,"SCHINDLER SUB, CIRCUIT BREAKERS",0.09695612077325297,24,T,BRKR,,,,,left_only
42561190,"LE GRAND SUB, CIRCUIT BREAKERS",0.09685612077325297,24,T,BRKR,,,,,left_only
41367498,"CARIBOU PH #1, CIRCUIT BREAKERS",0.09680612077325297,24,T,BRKR,,,,,left_only
41348517,"SAN FRAN P(HUNTERS POINT) SUB, BRKR",0.09677108065981063,24,T,BRKR,,,,,left_only
42630984,"BUTTE SUB, CIRCUIT BREAKERS",0.09675612077325296,24,T,BRKR,,,,,left_only
41374190,"MILLBRAE SUB, CIRCUIT BREAKERS",0.09670612077325297,24,T,BRKR,,,,,left_only
41365595,"WILLOW PASS SUB, CIRCUIT BREAKERS",0.09660612077325297,24,T,BRKR,,,,,left_only
42740963,"IGNACIO SUB, CIRCUIT BREAKERS",0.06491963163649736,24,T,BRKR,,,,,left_only
42581548,"NEWARK SUB, CIRCUIT BREAKERS",0.0963716184855597,24,T,BRKR,,,,,left_only
42754845,"SAN MATEO SUB, CIRCUIT BREAKERS",0.061169631636497364,24,T,BRKR,,,,,left_only
41355769,"JEFFERSON SUB, CIRCUIT BREAKERS",0.09615612077325297,24,T,BRKR,,,,,left_only
42656252,"EAST PORTAL SUB, CIRCUIT BREAKERS",0.09615612077325297,24,T,BRKR,,,,,left_only
42617442,"STAGG SUB, CIRCUIT BREAKERS",0.09605612077325297,24,T,BRKR,,,,,left_only
44827606,"BAKERSFIELD SUB, CIRCUIT BREAKERS",0.0404,23,T,BRKR,,,,,left_only
44440043,"SOBRANTE SUB, CIRCUIT BREAKERS",0.03975612831441825,23,T,BRKR,,,,,left_only
42726210,"MIDWAY SUB, CIRCUIT BREAKERS",0.09545385734873285,24,T,BRKR,,,,,left_only
42608272,"VACA DIXON SUB, CIRCUIT BREAKERS",0.09534155094366949,24,T,BRKR,,,,,left_only
42597518,"SAN FRAN A (POTRERO PP) SUB, CIR BRKRS",0.09529786359348708,24,T,BRKR,,,,,left_only
42607279,"JARVIS SUB, CIRCUIT BREAKERS",0.09527161848555969,24,T,BRKR,,,,,left_only
42603565,"SUISUN SUB, CIRCUIT BREAKERS",0.09527161848555969,24,T,BRKR,,,,,left_only
42675932,"CANAL SUB, CIRCUIT BREAKERS",0.09524155094366948,24,T,BRKR,,,,,left_only
45023961,"GLENN SUB, CIRCUIT BREAKERS",0.02948722028651631,13,T,BRKR,,,,,left_only
42562633,"OROVILLE SUB, CIRCUIT BREAKERS",0.09510612077325296,23,T,BRKR,,,,,left_only
42581578,"NEWARK SUB, CIRCUIT BREAKERS",0.09507161848555969,24,T,BRKR,,,,,left_only
44692028,"GOLD HILL SUB, CIRCUIT BREAKERS",0.02837441394393041,13,T,BRKR,,,,,left_only
42598111,"SAN FRAN H (MARTIN) SUB, CIRCUIT BRKR",0.09497161848555968,24,T,BRKR,,,,,left_only
42726833,"OAKLAND C (OAKLAND PP) SUB, CIRCUIT BRKR",0.09495612077325297,24,T,BRKR,,,,,left_only
45037577,"HERNDON SUB, CIRCUIT BREAKERS",0.02077593446302924,13,T,BRKR,,,,,left_only
42647506,"DRUM 1 & 2 PH, CIRCUIT BREAKERS",0.09479155094366949,24,T,BRKR,,,,,left_only
42630366,"SAN FRAN A (POTRERO PP) SUB, CIR BRKRS",0.09478979979290103,24,T,BRKR,,,,,left_only
45720699,"RIO OSO SUB, CIRCUIT BREAKERS",0.012128022050308364,14,T,BRKR,,,,,left_only
42598114,"SAN FRAN H (MARTIN) SUB, CIRCUIT BRKR",0.0946216184855597,24,T,BRKR,,,,,left_only
41176914,"TESLA SUB, CIRCUIT BREAKERS",0.1492884135243763,34,T,BRKR,,,,,left_only
42568328,"OLEUM PP, CIRCUIT BREAKERS",0.09447161848555968,24,T,BRKR,,,,,left_only
42663507,"DELEVAN SUB, CIRCUIT BREAKERS",0.07833039288413755,23,T,BRKR,,,,,left_only
43173627,"MOSS LANDING PP, CIRCUIT BREAKERS",0.05754572367595874,24,T,BRKR,,,,,left_only
42603569,"SAN LEANDRO U SUB, CIRCUIT BREAKERS",0.09417161848555969,24,T,BRKR,,,,,left_only
40991872,"BURNS SUB, CIRCUIT BREAKERS",0.09413039288413755,23,T,BRKR,,,,,left_only
42562638,"OLEUM PP, CIRCUIT BREAKERS",0.09407161848555969,24,T,BRKR,,,,,left_only
42641318,"IGNACIO SUB, CIRCUIT BREAKERS",0.09404155094366949,24,T,BRKR,,,,,left_only
42608262,"VACA DIXON SUB, CIRCUIT BREAKERS",0.09397161848555968,24,T,BRKR,,,,,left_only
42632073,"SALINAS SUB, CIRCUIT BREAKERS",0.09382161848555969,24,T,BRKR,,,,,left_only
42618582,"STOCKDALE SUB, CIRCUIT BREAKERS",0.09372161848555968,24,T,BRKR,,,,,left_only
42608292,"DRUM 1 & 2 PH, CIRCUIT BREAKERS",0.09369155094366949,24,T,BRKR,,,,,left_only
42632069,"SALINAS SUB, CIRCUIT BREAKERS",0.09342161848555969,24,T,BRKR,,,,,left_only
44987641,"KERN PP, CIRCUIT BREAKERS",0.02288722028651631,13,T,BRKR,,,,,left_only
42564489,"OLEUM PP, CIRCUIT BREAKERS",0.09332161848555968,24,T,BRKR,,,,,left_only
42619361,"TEMBLOR SUB, CIRCUIT BREAKERS",0.09327161848555969,24,T,BRKR,,,,,left_only
42613709,"NAPA SUB, CIRCUIT BREAKERS",0.09327161848555969,23,T,BRKR,,,,,left_only
45327056,"TRANQUILLITY SW STA, CIRCUIT BREAKERS",0.019944211833066314,13,T,BRKR,,,,,left_only
42569665,"PITTSBURG PP, CIRCUIT BREAKERS",0.09312161848555969,24,T,BRKR,,,,,left_only
45467083,"EASTSHORE SUB, CIRCUIT BREAKERS",0.015744503843342986,13,T,BRKR,,,,,left_only
42632083,"SALINAS SUB, CIRCUIT BREAKERS",0.09302161848555969,24,T,BRKR,,,,,left_only
42620779,"NEWMAN SUB, CIRCUIT BREAKERS",0.09297161848555968,24,T,BRKR,,,,,left_only
45720701,"RIO OSO SUB, CIRCUIT BREAKERS",0.0148,14,T,BRKR,,,,,left_only
42663509,"DELEVAN SUB, CIRCUIT BREAKERS",0.07713039288413756,23,T,BRKR,,,,,left_only
42581670,"SAN LEANDRO U SUB, CIRCUIT BREAKERS",0.09257161848555968,24,T,BRKR,,,,,left_only
42568125,"MCCALL SUB, CIRCUIT BREAKERS",0.09252161848555969,24,T,BRKR,,,,,left_only
43173628,"MOSS LANDING PP, CIRCUIT BREAKERS",0.05554572367595874,24,T,BRKR,,,,,left_only
45327058,"TRANQUILLITY SW STA, CIRCUIT BREAKERS",0.019544211833066316,13,T,BRKR,,,,,left_only
45467085,"EASTSHORE SUB, CIRCUIT BREAKERS",0.0178,13,T,BRKR,,,,,left_only
45753180,"TESLA SUB, CIRCUIT BREAKERS",0.0188,13,T,BRKR,,,,,left_only
42632087,"SALINAS SUB, CIRCUIT BREAKERS",0.09247161848555968,24,T,BRKR,,,,,left_only
42676941,"MIDWAY SUB, CIRCUIT BREAKERS",0.09245385734873285,24,T,BRKR,,,,,left_only
42605886,"MCCALL SUB, CIRCUIT BREAKERS",0.09237161848555969,24,T,BRKR,,,,,left_only
42602573,"ATASCADERO SUB, CIRCUIT BREAKERS",0.09237161848555969,23,T,BRKR,,,,,left_only
42620243,"SAN FRAN A (POTRERO PP) SUB, CIR BRKRS",0.09228979979290103,24,T,BRKR,,,,,left_only
42568126,"MCCALL SUB, CIRCUIT BREAKERS",0.09217161848555969,24,T,BRKR,,,,,left_only
42735554,"ARCO SUB, CIRCUIT BREAKERS",0.09215396250708686,24,T,BRKR,,,,,left_only
40995549,"BELLOTA SUB, CIRCUIT BREAKERS",0.2955725339438457,43,T,BRKR,,,,,left_only
42613036,"OLEUM PP, CIRCUIT BREAKERS",0.0919716184855597,24,T,BRKR,,,,,left_only
45698443,"RIO OSO SUB, CIRCUIT BREAKERS",0.011028022050308364,14,T,BRKR,,,,,left_only
42670363,"COPUS SUB, CIRCUIT BREAKERS",0.09194155094366949,23,T,BRKR,,,,,left_only
42597515,"SAN LEANDRO U SUB, CIRCUIT BREAKERS",0.09187161848555969,24,T,BRKR,,,,,left_only
42561177,"DALY CITY SUB, CIRCUIT BREAKERS",0.09187161848555969,24,T,BRKR,,,,,left_only
42568568,"SAN FRAN H (MARTIN) SUB, CIRCUIT BRKR",0.09182161848555968,24,T,BRKR,,,,,left_only
42579750,"FREMONT SUB, CIRCUIT BREAKERS",0.09177161848555969,24,T,BRKR,,,,,left_only
42691692,"GRASS VALLEY SUB, CIRCUIT BREAKERS",0.09168039288413755,24,T,BRKR,,,,,left_only
42568003,"OLEUM PP, CIRCUIT BREAKERS",0.09167161848555969,24,T,BRKR,,,,,left_only
42563977,"PITTSBURG PP, CIRCUIT BREAKERS",0.09162161848555969,24,T,BRKR,,,,,left_only
42564218,"SAN FRAN H (MARTIN) SUB, CIRCUIT BRKR",0.09152161848555969,24,T,BRKR,,,,,left_only
42553605,"HILLSDALE JCT, CIRCUIT BREAKERS",0.09152161848555969,23,T,BRKR,,,,,left_only
42711867,"CONTRA COSTA SUB, CIRCUIT BREAKERS",0.0914716184855597,24,T,BRKR,,,,,left_only
42628804,"BAY MEADOWS SUB, CIRCUIT BREAKERS",0.09137161848555969,24,T,BRKR,,,,,left_only
42605883,"MCCALL SUB, CIRCUIT BREAKERS",0.09132161848555968,24,T,BRKR,,,,,left_only
42579754,"FREMONT SUB, CIRCUIT BREAKERS",0.09132161848555968,24,T,BRKR,,,,,left_only
42572238,"DAVIS SUB, CIRCUIT BREAKERS",0.09132161848555968,24,T,BRKR,,,,,left_only
42597542,"SAN FRAN H (MARTIN) SUB, CIRCUIT BRKR",0.09127161848555969,24,T,BRKR,,,,,left_only
42618796,"RIVERBANK SUB, CIRCUIT BREAKERS",0.0912216184855597,24,T,BRKR,,,,,left_only
45534203,"JEFFERSON SUB, CIRCUIT BREAKERS",0.0613,23,T,BRKR,,,,,left_only
42627549,"GLENN SUB, CIRCUIT BREAKERS",0.09114155094366949,24,T,BRKR,,,,,left_only
42564284,"SAN LUIS OBISPO SUB, CIRCUIT BREAKERS",0.09107161848555968,24,T,BRKR,,,,,left_only
42607294,"BENTON SUB, CIRCUIT BREAKERS",0.09107161848555968,23,T,BRKR,,,,,left_only
42678719,"IGNACIO SUB, CIRCUIT BREAKERS",0.09104155094366949,24,T,BRKR,,,,,left_only
42645655,"SOLEDAD SUB, CIRCUIT BREAKERS",0.0909915509436695,24,T,BRKR,,,,,left_only
42562429,"OLEUM PP, CIRCUIT BREAKERS",0.0909716184855597,24,T,BRKR,,,,,left_only
42663609,"DELEVAN SUB, CIRCUIT BREAKERS",0.07658039288413755,23,T,BRKR,,,,,left_only
42569668,"PITTSBURG PP, CIRCUIT BREAKERS",0.09062161848555969,24,T,BRKR,,,,,left_only
42632075,"SALINAS SUB, CIRCUIT BREAKERS",0.0905915509436695,24,T,BRKR,,,,,left_only
42595654,"EVERGREEN SUB, CIRCUIT BREAKERS",0.0905716184855597,23,T,BRKR,,,,,left_only
42569664,"PITTSBURG PP, CIRCUIT BREAKERS",0.0904716184855597,24,T,BRKR,,,,,left_only
42598520,"SAN RAMON SUB, CIRCUIT BREAKERS",0.09042161848555968,24,T,BRKR,,,,,left_only
42563886,"PITTSBURG PP, CIRCUIT BREAKERS",0.09037161848555969,24,T,BRKR,,,,,left_only
42572084,"EL PATIO SUB, CIRCUIT BREAKERS",0.0902216184855597,24,T,BRKR,,,,,left_only
42693848,"WILLITS A SUB, CIRCUIT BREAKERS",0.09018039288413755,23,T,BRKR,,,,,left_only
42595652,"EVERGREEN SUB, CIRCUIT BREAKERS",0.0900716184855597,23,T,BRKR,,,,,left_only
42669507,"COPUS SUB, CIRCUIT BREAKERS",0.09004155094366949,23,T,BRKR,,,,,left_only
42630297,"EVERGREEN SUB, CIRCUIT BREAKERS",0.09002161848555969,24,T,BRKR,,,,,left_only
42603255,"BAIR SUB, CIRCUIT BREAKERS",0.08997161848555969,24,T,BRKR,,,,,left_only
42607753,"BRIDGEVILLE SUB, CIRCUIT BREAKERS",0.08997161848555969,23,T,BRKR,,,,,left_only
42564217,"SAN FRAN H (MARTIN) SUB, CIRCUIT BRKR",0.08992161848555968,24,T,BRKR,,,,,left_only
42564491,"OLEUM PP, CIRCUIT BREAKERS",0.08992161848555968,24,T,BRKR,,,,,left_only
42568810,"PINEDALE SUB, CIRCUIT BREAKERS",0.08992161848555968,24,T,BRKR,,,,,left_only
42624529,"HILLSDALE JCT, CIRCUIT BREAKERS",0.08992161848555968,23,T,BRKR,,,,,left_only
42568564,"SAN FRAN H (MARTIN) SUB, CIRCUIT BRKR",0.08987161848555969,24,T,BRKR,,,,,left_only
43173629,"MOSS LANDING PP, CIRCUIT BREAKERS",0.05534572367595874,24,T,BRKR,,,,,left_only
41142943,"VINEYARD SUB, CIRCUIT BREAKERS",0.11908143987691272,33,T,BRKR,,,,,left_only
42656315,"CONTRA COSTA SUB, CIRCUIT BREAKERS",0.08969155094366948,23,T,BRKR,,,,,left_only
40995796,"DIABLO CANYON PP, CIRCUIT BREAKERS",0.542513501164572,44,T,BRKR,,,,,left_only
42671871,"MIDWAY SUB, CIRCUIT BREAKERS",0.08965385734873285,24,T,BRKR,,,,,left_only
42628124,"CARUTHERS SUB, CIRCUIT BREAKERS",0.0895915509436695,23,T,BRKR,,,,,left_only
42564216,"SAN FRAN H (MARTIN) SUB, CIRCUIT BRKR",0.0895716184855597,24,T,BRKR,,,,,left_only
42605890,"MCCALL SUB, CIRCUIT BREAKERS",0.0895716184855597,24,T,BRKR,,,,,left_only
42632076,"SALINAS SUB, CIRCUIT BREAKERS",0.08952161848555969,24,T,BRKR,,,,,left_only
42615339,"OROVILLE SUB, CIRCUIT BREAKERS",0.08952161848555969,23,T,BRKR,,,,,left_only
42599838,"SOBRANTE SUB, CIRCUIT BREAKERS",0.08947161848555969,24,T,BRKR,,,,,left_only
42564325,"DEL MONTE SUB, CIRCUIT BREAKERS",0.08947161848555969,24,T,BRKR,,,,,left_only
40990490,"BURNS SUB, CIRCUIT BREAKERS",0.08943039288413755,24,T,BRKR,,,,,left_only
42622221,"CAMDEN SUB, CIRCUIT BREAKERS",0.08939155094366949,23,T,BRKR,,,,,left_only
40996026,"GOLD HILL SUB, CIRCUIT BREAKERS",0.4505252478456774,43,T,BRKR,,,,,left_only
42574624,"DALY CITY SUB, CIRCUIT BREAKERS",0.0893216184855597,24,T,BRKR,,,,,left_only
42569431,"DALY CITY SUB, CIRCUIT BREAKERS",0.0893216184855597,24,T,BRKR,,,,,left_only
41234952,"LOS BANOS SUB, CIRCUIT BREAKERS",0.1480327024596983,34,T,BRKR,,,,,left_only
40991874,"VACA DIXON SUB, CIRCUIT BREAKERS",0.38273355779774976,44,T,BRKR,,,,,left_only
41162221,"METCALF SUB, CIRCUIT BREAKERS",0.12770408695044388,34,T,BRKR,,,,,left_only
41340063,"MONTA VISTA SUB, CIRCUIT BREAKERS",0.09965612077325298,24,T,BRKR,,,,,left_only
42573619,"OAKLAND J SUB, CIRCUIT BREAKERS",0.08917161848555968,24,T,BRKR,,,,,left_only
42625968,"COALINGA #2 SUB, CIRCUIT BREAKERS",0.08914155094366949,23,T,BRKR,,,,,left_only
42701514,"GREGG SUB, CIRCUIT BREAKERS",0.4319,44,T,BRKR,,,,,left_only
42691982,"GATES SUB, CIRCUIT BREAKERS",0.08908039288413755,24,T,BRKR,,,,,left_only
40992791,"LOCKEFORD SUB, CIRCUIT BREAKERS",0.2811115351161633,43,T,BRKR,,,,,left_only
42598108,"VOLTA #1 PH, CIRCUIT BREAKERS",0.08892161848555968,23,T,BRKR,,,,,left_only
42573573,"OAKLAND J SUB, CIRCUIT BREAKERS",0.08887161848555969,24,T,BRKR,,,,,left_only
42645656,"SOLEDAD SUB, CIRCUIT BREAKERS",0.08869155094366948,24,T,BRKR,,,,,left_only
40993296,"PANOCHE SUB, CIRCUIT BREAKERS",0.24994833574943398,44,T,BRKR,,,,,left_only
42625376,"DIXON SUB, CIRCUIT BREAKERS",0.08864155094366949,24,T,BRKR,,,,,left_only
42608269,"VACA DIXON SUB, CIRCUIT BREAKERS",0.08854155094366949,24,T,BRKR,,,,,left_only
42568122,"MCCALL SUB, CIRCUIT BREAKERS",0.08847161848555969,24,T,BRKR,,,,,left_only
42608302,"VACA DIXON SUB, CIRCUIT BREAKERS",0.08844155094366948,24,T,BRKR,,,,,left_only
42569607,"PITTSBURG PP, CIRCUIT BREAKERS",0.08842161848555968,24,T,BRKR,,,,,left_only
42714908,"MARTINEZ PP, CIRCUIT BREAKERS",0.08827161848555969,24,T,BRKR,,,,,left_only
42597385,"BAIR SUB, CIRCUIT BREAKERS",0.08817161848555968,24,T,BRKR,,,,,left_only
40992806,"LOS BANOS SUB, CIRCUIT BREAKERS",0.2429979943135978,44,T,BRKR,,,,,left_only
42645658,"SOLEDAD SUB, CIRCUIT BREAKERS",0.08814155094366949,24,T,BRKR,,,,,left_only
42645652,"SOLEDAD SUB, CIRCUIT BREAKERS",0.08814155094366949,24,T,BRKR,,,,,left_only
42608303,"VACA DIXON SUB, CIRCUIT BREAKERS",0.08794155094366948,24,T,BRKR,,,,,left_only
42711871,"FRANKLIN SUB, CIRCUIT BREAKERS",0.08772161848555969,23,T,BRKR,,,,,left_only
42687399,"7TH STANDARD SUB, CIRCUIT BREAKERS",0.08768039288413755,24,T,BRKR,,,,,left_only
42609007,"MARTINEZ PP, CIRCUIT BREAKERS",0.08767161848555968,24,T,BRKR,,,,,left_only
42608273,"VACA DIXON SUB, CIRCUIT BREAKERS",0.08749155094366949,24,T,BRKR,,,,,left_only
42828480,"MONTA VISTA SUB, CIRCUIT BREAKERS",0.0874415509436695,24,T,BRKR,,,,,left_only
40990473,"FIGARDEN SUB, CIRCUIT BREAKERS",0.19889718163095269,33,T,BRKR,,,,,left_only
42575194,"NORTH TOWER SUB, CIRCUIT BREAKERS",0.0873216184855597,24,T,BRKR,,,,,left_only
42569553,"NEWARK SUB, CIRCUIT BREAKERS",0.08729155094366949,24,T,BRKR,,,,,left_only
42675926,"CANAL SUB, CIRCUIT BREAKERS",0.08729155094366949,24,T,BRKR,,,,,left_only
42644050,"STANISLAUS PH, CIRCUIT BREAKERS",0.08729155094366949,24,T,BRKR,,,,,left_only
42635496,"CHARCA SUB, CIRCUIT BREAKERS",0.08724155094366949,24,T,BRKR,,,,,left_only
42575238,"MORRO BAY SW STA, CIRCUIT BREAKERS",0.0870716184855597,24,T,BRKR,,,,,left_only
42627005,"AIRWAYS SUB, CIRCUIT BREAKERS",0.08704155094366949,24,T,BRKR,,,,,left_only
42603256,"DESCHUTES SUB, CIRCUIT BREAKERS",0.08702161848555968,23,T,BRKR,,,,,left_only
42631756,"SAN FRAN A (POTRERO PP) SUB, CIR BRKRS",0.08698979979290103,24,T,BRKR,,,,,left_only
42608270,"VACA DIXON SUB, CIRCUIT BREAKERS",0.0869415509436695,24,T,BRKR,,,,,left_only
42625972,"COALINGA #2 SUB, CIRCUIT BREAKERS",0.08689155094366949,23,T,BRKR,,,,,left_only
42673818,"SAN FRAN H (MARTIN) SUB, CIRCUIT BRKR",0.0867915509436695,24,T,BRKR,,,,,left_only
42645696,"SAN FRAN H (MARTIN) SUB, CIRCUIT BRKR",0.0866915509436695,24,T,BRKR,,,,,left_only
42623792,"MENDOCINO SUB, CIRCUIT BREAKERS",0.0866915509436695,24,T,BRKR,,,,,left_only
42625375,"DIXON SUB, CIRCUIT BREAKERS",0.0866915509436695,24,T,BRKR,,,,,left_only
42606027,"WILSON SUB, CIRCUIT BREAKERS",0.08662161848555969,24,T,BRKR,,,,,left_only
42613087,"MCCALL SUB, CIRCUIT BREAKERS",0.0865415509436695,24,T,BRKR,,,,,left_only
42633497,"BORDEN SUB, CIRCUIT BREAKERS",0.0865415509436695,24,T,BRKR,,,,,left_only
42687388,"7TH STANDARD SUB, CIRCUIT BREAKERS",0.08648039288413756,24,T,BRKR,,,,,left_only
42625303,"MONTA VISTA SUB, CIRCUIT BREAKERS",0.0862915509436695,24,T,BRKR,,,,,left_only
42608297,"VACA DIXON SUB, CIRCUIT BREAKERS",0.0861915509436695,24,T,BRKR,,,,,left_only
40990277,"BRENTWOOD SUB, CIRCUIT BREAKERS",0.17334212743358168,33,T,BRKR,,,,,left_only
42598522,"SAN RAMON SUB, CIRCUIT BREAKERS",0.0859415509436695,24,T,BRKR,,,,,left_only
41158735,"MIDWAY SUB, CIRCUIT BREAKERS",0.15870381813097506,34,T,BRKR,,,,,left_only
42608299,"VACA DIXON SUB, CIRCUIT BREAKERS",0.08589155094366949,24,T,BRKR,,,,,left_only
42608296,"VACA DIXON SUB, CIRCUIT BREAKERS",0.0857915509436695,24,T,BRKR,,,,,left_only
42607781,"BAY MEADOWS SUB, CIRCUIT BREAKERS",0.0857915509436695,24,T,BRKR,,,,,left_only
42608264,"VACA DIXON SUB, CIRCUIT BREAKERS",0.08559155094366949,24,T,BRKR,,,,,left_only
42630849,"BELLOTA SUB, CIRCUIT BREAKERS",0.08559155094366949,24,T,BRKR,,,,,left_only
42611600,"HIGGINS SUB, CIRCUIT BREAKERS",0.08559155094366949,24,T,BRKR,,,,,left_only
40991085,"GLENN SUB, CIRCUIT BREAKERS",0.15395651220042994,33,T,BRKR,,,,,left_only
42644972,"CONTRA COSTA SUB, CIRCUIT BREAKERS",0.08559155094366949,23,T,BRKR,,,,,left_only
42696088,"LOCKEFORD SUB, CIRCUIT BREAKERS",0.08558039288413756,24,T,BRKR,,,,,left_only
41158180,"LOS ESTEROS SUB, CIRCUIT BREAKERS",0.15330651220042996,33,T,BRKR,,,,,left_only
40990901,"VASONA SUB, CIRCUIT BREAKERS",0.15090651220042994,33,T,BRKR,,,,,left_only
42624335,"IGNACIO SUB, CIRCUIT BREAKERS",0.0854415509436695,24,T,BRKR,,,,,left_only
42705324,"HENRIETTA SUB, CIRCUIT BREAKERS",0.08525201676843425,24,T,BRKR,,,,,left_only
41153606,"METCALF SUB, CIRCUIT BREAKERS",0.1491884135243763,34,T,BRKR,,,,,left_only
42630947,"CAYUCOS SUB, CIRCUIT BREAKERS",0.08524155094366949,23,T,BRKR,,,,,left_only
42625302,"MONTA VISTA SUB, CIRCUIT BREAKERS",0.08509155094366949,24,T,BRKR,,,,,left_only
42608295,"VACA DIXON SUB, CIRCUIT BREAKERS",0.08499155094366949,24,T,BRKR,,,,,left_only
42608305,"VACA DIXON SUB, CIRCUIT BREAKERS",0.08499155094366949,24,T,BRKR,,,,,left_only
42691637,"SAN FRAN H (MARTIN) SUB, CIRCUIT BRKR",0.08499155094366949,24,T,BRKR,,,,,left_only
42643582,"LAKEVILLE SUB, CIRCUIT BREAKERS",0.08499155094366949,24,T,BRKR,,,,,left_only
42625008,"MONTA VISTA SUB, CIRCUIT BREAKERS",0.0849415509436695,24,T,BRKR,,,,,left_only
42704438,"SAN FRAN H (MARTIN) SUB, CIRCUIT BRKR",0.08489155094366949,24,T,BRKR,,,,,left_only
42625304,"MONTA VISTA SUB, CIRCUIT BREAKERS",0.08484155094366949,24,T,BRKR,,,,,left_only
42608304,"VACA DIXON SUB, CIRCUIT BREAKERS",0.0847915509436695,24,T,BRKR,,,,,left_only
42608306,"VACA DIXON SUB, CIRCUIT BREAKERS",0.08464155094366949,24,T,BRKR,,,,,left_only
42645657,"SOLEDAD SUB, CIRCUIT BREAKERS",0.08464155094366949,24,T,BRKR,,,,,left_only
42704440,"SAN FRAN H (MARTIN) SUB, CIRCUIT BRKR",0.0844415509436695,24,T,BRKR,,,,,left_only
42643584,"LAKEVILLE SUB, CIRCUIT BREAKERS",0.0844415509436695,24,T,BRKR,,,,,left_only
42626986,"AIRWAYS SUB, CIRCUIT BREAKERS",0.08439155094366949,24,T,BRKR,,,,,left_only
42626020,"WEST FRESNO SUB, CIRCUIT BREAKERS",0.08439155094366949,24,T,BRKR,,,,,left_only
41160284,"IGNACIO SUB, CIRCUIT BREAKERS",0.1462884135243763,34,T,BRKR,,,,,left_only
42674873,"CHARCA SUB, CIRCUIT BREAKERS",0.08438039288413755,24,T,BRKR,,,,,left_only
40990975,"MCCALL SUB, CIRCUIT BREAKERS",0.0841915509436695,24,T,BRKR,,,,,left_only
42627130,"KERN PP, CIRCUIT BREAKERS",0.08414155094366949,24,T,BRKR,,,,,left_only
41138825,"TESLA SUB, CIRCUIT BREAKERS",0.13810435576991273,33,T,BRKR,,,,,left_only
42703539,"DINUBA SUB, CIRCUIT BREAKERS",0.08405201676843424,23,T,BRKR,,,,,left_only
41186550,"RAVENSWOOD SUB, CIRCUIT BREAKERS",0.1249337773886685,33,T,BRKR,,,,,left_only
42608266,"VACA DIXON SUB, CIRCUIT BREAKERS",0.08399155094366949,24,T,BRKR,,,,,left_only
42678721,"IGNACIO SUB, CIRCUIT BREAKERS",0.08399155094366949,24,T,BRKR,,,,,left_only
42633499,"RICHMOND R SUB, CIRCUIT BREAKERS",0.08399155094366949,24,T,BRKR,,,,,left_only
44764244,"MESA SUB, CIRCUIT BREAKERS",0.0839,24,T,BRKR,,,,,left_only
42687397,"7TH STANDARD SUB, CIRCUIT BREAKERS",0.08383039288413756,24,T,BRKR,,,,,left_only
42608268,"VACA DIXON SUB, CIRCUIT BREAKERS",0.0837915509436695,24,T,BRKR,,,,,left_only
42608267,"VACA DIXON SUB, CIRCUIT BREAKERS",0.08374155094366949,24,T,BRKR,,,,,left_only
42608298,"VACA DIXON SUB, CIRCUIT BREAKERS",0.08374155094366949,24,T,BRKR,,,,,left_only
42704435,"SAN FRAN H (MARTIN) SUB, CIRCUIT BRKR",0.08374155094366949,24,T,BRKR,,,,,left_only
42608271,"VACA DIXON SUB, CIRCUIT BREAKERS",0.0836915509436695,24,T,BRKR,,,,,left_only
42641320,"TESLA SUB, CIRCUIT BREAKERS",0.0836915509436695,24,T,BRKR,,,,,left_only
42688601,"TEVIS SUB, CIRCUIT BREAKERS",0.08364155094366948,24,T,BRKR,,,,,left_only
42725989,"IGNACIO SUB, CIRCUIT BREAKERS",0.0835415509436695,24,T,BRKR,,,,,left_only
42641888,"KASSON SUB, CIRCUIT BREAKERS",0.08339155094366948,23,T,BRKR,,,,,left_only
42643580,"LAKEVILLE SUB, CIRCUIT BREAKERS",0.08334155094366949,24,T,BRKR,,,,,left_only
41327977,"ROUND MTN SUB, CIRCUIT BREAKERS",0.11687789609838681,34,T,BRKR,,,,,left_only
42679020,"REDBUD SUB, CIRCUIT BREAKERS",0.08323039288413756,24,T,BRKR,,,,,left_only
42608265,"VACA DIXON SUB, CIRCUIT BREAKERS",0.08319155094366949,24,T,BRKR,,,,,left_only
42691640,"SAN FRAN H (MARTIN) SUB, CIRCUIT BRKR",0.08309155094366949,24,T,BRKR,,,,,left_only
42641904,"MCCALL SUB, CIRCUIT BREAKERS",0.08309155094366949,24,T,BRKR,,,,,left_only
42622226,"CAMDEN SUB, CIRCUIT BREAKERS",0.0830415509436695,23,T,BRKR,,,,,left_only
42621533,"MONTA VISTA SUB, CIRCUIT BREAKERS",0.08294155094366949,24,T,BRKR,,,,,left_only
42635501,"CHARCA SUB, CIRCUIT BREAKERS",0.08294155094366949,24,T,BRKR,,,,,left_only
42569550,"NEWARK SUB, CIRCUIT BREAKERS",0.08289155094366948,24,T,BRKR,,,,,left_only
42687395,"7TH STANDARD SUB, CIRCUIT BREAKERS",0.08288039288413755,24,T,BRKR,,,,,left_only
42615532,"ROCK CREEK PH, CIRCUIT BREAKERS",0.09900612077325296,23,T,BRKR,,,,,left_only
42625976,"COALINGA #2 SUB, CIRCUIT BREAKERS",0.08264155094366948,23,T,BRKR,,,,,left_only
42611582,"HIGGINS SUB, CIRCUIT BREAKERS",0.08259155094366949,24,T,BRKR,,,,,left_only
42618551,"SAN FRAN H (MARTIN) SUB, CIRCUIT BRKR",0.0825415509436695,24,T,BRKR,,,,,left_only
42691694,"GRASS VALLEY SUB, CIRCUIT BREAKERS",0.08253039288413755,24,T,BRKR,,,,,left_only
42618555,"DIVIDE SUB, CIRCUIT BREAKERS",0.0822915509436695,24,T,BRKR,,,,,left_only
42620853,"ATWATER SUB, CIRCUIT BREAKERS",0.08224155094366949,24,T,BRKR,,,,,left_only
42630385,"SEMITROPIC SUB, CIRCUIT BREAKERS",0.08214155094366948,24,T,BRKR,,,,,left_only
42696127,"NORTH TOWER SUB, CIRCUIT BREAKERS",0.08213039288413755,24,T,BRKR,,,,,left_only
42669210,"MARTINEZ PP, CIRCUIT BREAKERS",0.08209155094366949,24,T,BRKR,,,,,left_only
42645654,"SOLEDAD SUB, CIRCUIT BREAKERS",0.08209155094366949,24,T,BRKR,,,,,left_only
42623790,"MENDOCINO SUB, CIRCUIT BREAKERS",0.08209155094366949,24,T,BRKR,,,,,left_only
42620832,"ATWATER SUB, CIRCUIT BREAKERS",0.0818915509436695,24,T,BRKR,,,,,left_only
42678717,"IGNACIO SUB, CIRCUIT BREAKERS",0.08184155094366949,24,T,BRKR,,,,,left_only
42712625,"SAN FRAN H (MARTIN) SUB, CIRCUIT BRKR",0.08184155094366949,24,T,BRKR,,,,,left_only
42620842,"ATWATER SUB, CIRCUIT BREAKERS",0.08184155094366949,24,T,BRKR,,,,,left_only
42620838,"ATWATER SUB, CIRCUIT BREAKERS",0.0817915509436695,24,T,BRKR,,,,,left_only
42632786,"OROVILLE SUB, CIRCUIT BREAKERS",0.0817915509436695,23,T,BRKR,,,,,left_only
42620845,"ATWATER SUB, CIRCUIT BREAKERS",0.08174155094366949,24,T,BRKR,,,,,left_only
42726016,"HENRIETTA SUB, CIRCUIT BREAKERS",0.08173039288413755,24,T,BRKR,,,,,left_only
42643583,"LAKEVILLE SUB, CIRCUIT BREAKERS",0.08169155094366949,24,T,BRKR,,,,,left_only
42669116,"PANOCHE SUB, CIRCUIT BREAKERS",0.08159155094366949,24,T,BRKR,,,,,left_only
42620855,"ATWATER SUB, CIRCUIT BREAKERS",0.08149155094366949,24,T,BRKR,,,,,left_only
42620850,"ATWATER SUB, CIRCUIT BREAKERS",0.08149155094366949,24,T,BRKR,,,,,left_only
42632071,"SALINAS SUB, CIRCUIT BREAKERS",0.08149155094366949,24,T,BRKR,,,,,left_only
42624650,"MONTA VISTA SUB, CIRCUIT BREAKERS",0.08144155094366949,24,T,BRKR,,,,,left_only
42620857,"ATWATER SUB, CIRCUIT BREAKERS",0.08144155094366949,24,T,BRKR,,,,,left_only
42645623,"SOLEDAD SUB, CIRCUIT BREAKERS",0.08144155094366949,24,T,BRKR,,,,,left_only
42645043,"KERN PP, CIRCUIT BREAKERS",0.08124155094366949,24,T,BRKR,,,,,left_only
42694307,"OAKLAND J SUB, CIRCUIT BREAKERS",0.08118039288413756,24,T,BRKR,,,,,left_only
42620847,"ATWATER SUB, CIRCUIT BREAKERS",0.08109155094366949,24,T,BRKR,,,,,left_only
42624336,"IGNACIO SUB, CIRCUIT BREAKERS",0.0810415509436695,24,T,BRKR,,,,,left_only
42610330,"COLGATE PH, CIRCUIT BREAKERS",0.09253595957083101,23,T,BRKR,,,,,left_only
42561290,"VACA DIXON SUB, CIRCUIT BREAKERS",0.09117161848555969,24,T,BRKR,,,,,left_only
42643585,"LAKEVILLE SUB, CIRCUIT BREAKERS",0.0806415509436695,24,T,BRKR,,,,,left_only
42645697,"LAKEVILLE SUB, CIRCUIT BREAKERS",0.08059155094366949,24,T,BRKR,,,,,left_only
42620834,"ATWATER SUB, CIRCUIT BREAKERS",0.0802415509436695,24,T,BRKR,,,,,left_only
42715432,"SOBRANTE SUB, CIRCUIT BREAKERS",0.0859415509436695,23,T,BRKR,,,,,left_only
42677542,"ALMADEN SUB, CIRCUIT BREAKERS",0.08003039288413756,23,T,BRKR,,,,,left_only
40991147,"CARUTHERS SUB, CIRCUIT BREAKERS",0.07998039288413755,24,T,BRKR,,,,,left_only
42691663,"POTTER VALLEY PH, CIRCUIT BREAKERS",0.07993039288413756,23,T,BRKR,,,,,left_only
42695222,"STAGG SUB, CIRCUIT BREAKERS",0.07983039288413755,24,T,BRKR,,,,,left_only
42675128,"PEABODY SUB, CIRCUIT BREAKERS",0.07653039288413756,23,T,BRKR,,,,,left_only
42682236,"CONTRA COSTA SUB, CIRCUIT BREAKERS",0.07963039288413756,24,T,BRKR,,,,,left_only
42677216,"SAN FRAN H (MARTIN) SUB, CIRCUIT BRKR",0.07948039288413755,24,T,BRKR,,,,,left_only
42737518,"WEBER SUB, CIRCUIT BREAKERS",0.06731963163649736,23,T,BRKR,,,,,left_only
42694332,"MOUNTAIN GATE JCT, CIRCUIT BREAKERS",0.07933039288413755,23,T,BRKR,,,,,left_only
42688681,"ARCATA SUB, CIRCUIT BREAKERS",0.07928039288413756,24,T,BRKR,,,,,left_only
42682655,"HOPLAND SUB, CIRCUIT BREAKERS",0.07883039288413755,24,T,BRKR,,,,,left_only
42756599,"SAN MATEO SUB, CIRCUIT BREAKERS",0.05991963163649736,24,T,BRKR,,,,,left_only
42683051,"HOPLAND SUB, CIRCUIT BREAKERS",0.07878039288413756,23,T,BRKR,,,,,left_only
42684749,"SAN FRAN H (MARTIN) SUB, CIRCUIT BRKR",0.07868039288413756,24,T,BRKR,,,,,left_only
44149189,"MCCALL SUB, CIRCUIT BREAKERS",0.05872384216923808,23,T,BRKR,,,,,left_only
42689673,"SAN MATEO SUB, CIRCUIT BREAKERS",0.07843039288413756,24,T,BRKR,,,,,left_only
41127121,"GUERNSEY SUB, CIRCUIT BREAKERS",0.07836963163649736,23,T,BRKR,,,,,left_only
40990206,"LOGAN CREEK SUB, CIRCUIT BREAKERS",0.0574,23,T,BRKR,,,,,left_only
42757655,"CONTRA COSTA SUB, CIRCUIT BREAKERS",0.054853962507086865,23,T,BRKR,,,,,left_only
42682252,"WESTPARK SUB, CIRCUIT BREAKERS",0.07818039288413756,24,T,BRKR,,,,,left_only
42679015,"REDBUD SUB, CIRCUIT BREAKERS",0.07808039288413755,24,T,BRKR,,,,,left_only
44459631,"HERNDON SUB, CIRCUIT BREAKERS",0.038887689564862674,23,T,BRKR,,,,,left_only
42707392,"BURNS SUB, CIRCUIT BREAKERS",0.07788039288413756,23,T,BRKR,,,,,left_only
45113712,"LAKEVILLE SUB, CIRCUIT BREAKERS",0.02462593446302924,14,T,BRKR,,,,,left_only
45344319,"LAS POSITAS SUB, CIRCUIT BREAKERS",0.0235,13,T,BRKR,,,,,left_only
42691704,"OROSI SUB, CIRCUIT BREAKERS",0.07758039288413755,23,T,BRKR,,,,,left_only
42691243,"POTTER VALLEY PH, CIRCUIT BREAKERS",0.07743039288413756,23,T,BRKR,,,,,left_only
42684016,"SAN FRAN H (MARTIN) SUB, CIRCUIT BRKR",0.07733039288413755,24,T,BRKR,,,,,left_only
42726361,"HAMMER SUB, CIRCUIT BREAKERS",0.07713039288413756,24,T,BRKR,,,,,left_only
45698445,"RIO OSO SUB, CIRCUIT BREAKERS",0.011678022050308363,14,T,BRKR,,,,,left_only
42663611,"DELEVAN SUB, CIRCUIT BREAKERS",0.07648039288413755,23,T,BRKR,,,,,left_only
43173630,"MOSS LANDING PP, CIRCUIT BREAKERS",0.05824572367595874,24,T,BRKR,,,,,left_only
42674255,"FULTON SUB, CIRCUIT BREAKERS",0.07693039288413756,24,T,BRKR,,,,,left_only
42691985,"GATES SUB, CIRCUIT BREAKERS",0.07693039288413756,24,T,BRKR,,,,,left_only
42691706,"OROSI SUB, CIRCUIT BREAKERS",0.07693039288413756,23,T,BRKR,,,,,left_only
42696600,"TUPMAN SUB, CIRCUIT BREAKERS",0.07688039288413756,24,T,BRKR,,,,,left_only
45698447,"RIO OSO SUB, CIRCUIT BREAKERS",0.011228022050308362,14,T,BRKR,,,,,left_only
42663613,"DELEVAN SUB, CIRCUIT BREAKERS",0.07493039288413755,23,T,BRKR,,,,,left_only
43173631,"MOSS LANDING PP, CIRCUIT BREAKERS",0.05669572367595874,24,T,BRKR,,,,,left_only
42667887,"MCCALL SUB, CIRCUIT BREAKERS",0.07673039288413755,24,T,BRKR,,,,,left_only
40992078,"BELLOTA SUB, CIRCUIT BREAKERS",0.28069429483845376,44,T,BRKR,,,,,left_only
40990789,"NEWARK SUB, CIRCUIT BREAKERS",0.2013971816309527,44,T,BRKR,,,,,left_only
42681867,"RAVENSWOOD SUB, CIRCUIT BREAKERS",0.07653039288413756,24,T,BRKR,,,,,left_only
42696590,"TUPMAN SUB, CIRCUIT BREAKERS",0.07653039288413756,24,T,BRKR,,,,,left_only
45561838,"JEFFERSON SUB, CIRCUIT BREAKERS",0.0704,23,T,BRKR,,,,,left_only
42608301,"VACA DIXON SUB, CIRCUIT BREAKERS",0.0764915509436695,24,T,BRKR,,,,,left_only
42688173,"WHEELER RIDGE SUB, CIRCUIT BREAKERS",0.07648039288413755,24,T,BRKR,,,,,left_only
42663615,"DELEVAN SUB, CIRCUIT BREAKERS",0.07408039288413756,23,T,BRKR,,,,,left_only
42667996,"FULTON SUB, CIRCUIT BREAKERS",0.07643039288413755,24,T,BRKR,,,,,left_only
43173632,"MOSS LANDING PP, CIRCUIT BREAKERS",0.057845723675958735,24,T,BRKR,,,,,left_only
42684754,"SAN FRAN H (MARTIN) SUB, CIRCUIT BRKR",0.07633039288413755,24,T,BRKR,,,,,left_only
45725497,"MIDWAY SUB, CIRCUIT BREAKERS",0.0204,14,T,BRKR,,,,,left_only
41163208,"CAYETANO SUB, CIRCUIT BREAKERS",0.11074990029204664,33,T,BRKR,,,,,left_only
42691471,"SAN FRAN H (MARTIN) SUB, CIRCUIT BRKR",0.07623039288413755,24,T,BRKR,,,,,left_only
41333336,"MORAGA SUB, CIRCUIT BREAKERS",0.11547108065981064,33,T,BRKR,,,,,left_only
45344321,"LAS POSITAS SUB, CIRCUIT BREAKERS",0.019444211833066313,13,T,BRKR,,,,,left_only
42691925,"SAN FRAN H (MARTIN) SUB, CIRCUIT BRKR",0.07603039288413756,24,T,BRKR,,,,,left_only
42674174,"PALERMO SUB, CIRCUIT BREAKERS",0.07603039288413756,24,T,BRKR,,,,,left_only
40995764,"COTTONWOOD SUB, CIRCUIT BREAKERS",0.53394670488334,43,T,BRKR,,,,,left_only
42678933,"NEW KEARNEY SUB, CIRCUIT BREAKERS",0.07598039288413755,24,T,BRKR,,,,,left_only
42704656,"ATLANTIC SUB, CIRCUIT BREAKERS",0.07593039288413755,24,T,BRKR,,,,,left_only
40992961,"MIDWAY SUB, CIRCUIT BREAKERS",0.28499429483845373,44,T,BRKR,,,,,left_only
42677218,"SAN FRAN H (MARTIN) SUB, CIRCUIT BRKR",0.07588039288413756,24,T,BRKR,,,,,left_only
42680674,"CONTRA COSTA SUB, CIRCUIT BREAKERS",0.07588039288413756,24,T,BRKR,,,,,left_only
42693951,"WHEELER RIDGE SUB, CIRCUIT BREAKERS",0.07578039288413756,24,T,BRKR,,,,,left_only
40992631,"KELSO SUB, CIRCUIT BREAKERS",0.24259799431359783,43,T,BRKR,,,,,left_only
42704650,"ATLANTIC SUB, CIRCUIT BREAKERS",0.07573039288413755,24,T,BRKR,,,,,left_only
42704658,"ATLANTIC SUB, CIRCUIT BREAKERS",0.07573039288413755,24,T,BRKR,,,,,left_only
42696120,"WILLITS A SUB, CIRCUIT BREAKERS",0.07573039288413755,23,T,BRKR,,,,,left_only
42753110,"BRIDGEVILLE SUB, CIRCUIT BREAKERS",0.07571963163649736,24,T,BRKR,,,,,left_only
42683230,"RIO OSO SUB, CIRCUIT BREAKERS",0.07568039288413755,24,T,BRKR,,,,,left_only
40990292,"CONTRA COSTA SUB, CIRCUIT BREAKERS",0.19954212743358168,33,T,BRKR,,,,,left_only
42694592,"CONTRA COSTA SUB, CIRCUIT BREAKERS",0.07563039288413756,24,T,BRKR,,,,,left_only
42695574,"MENDOTA SUB, CIRCUIT BREAKERS",0.07558039288413755,24,T,BRKR,,,,,left_only
42691696,"GRASS VALLEY SUB, CIRCUIT BREAKERS",0.07558039288413755,24,T,BRKR,,,,,left_only
41338407,"TES SAN RAMON, CIRCUIT BREAKERS",0.18894216131962127,33,T,BRKR,,,,,left_only
40990716,"HERNDON SUB, CIRCUIT BREAKERS",0.18161183772810585,33,T,BRKR,,,,,left_only
40990771,"PARKWAY SUB, CIRCUIT BREAKERS",0.17746183772810586,33,T,BRKR,,,,,left_only
40990902,"VASONA SUB, CIRCUIT BREAKERS",0.16676127410519184,33,T,BRKR,,,,,left_only
40990676,"TABLE MTN SUB, CIRCUIT BREAKERS",0.1626971816309527,34,T,BRKR,,,,,left_only
42688143,"SAN MATEO SUB, CIRCUIT BREAKERS",0.07543039288413755,24,T,BRKR,,,,,left_only
42691923,"SAN FRAN H (MARTIN) SUB, CIRCUIT BRKR",0.07538039288413756,24,T,BRKR,,,,,left_only
42678968,"DIVIDE SUB, CIRCUIT BREAKERS",0.07538039288413756,24,T,BRKR,,,,,left_only
42688664,"ARCATA SUB, CIRCUIT BREAKERS",0.07538039288413756,24,T,BRKR,,,,,left_only
42684547,"OAKLAND C (OAKLAND PP) SUB, CIRCUIT BRKR",0.07533039288413755,24,T,BRKR,,,,,left_only
42691624,"COUNTRY CLUB SUB, CIRCUIT BREAKERS",0.07533039288413755,24,T,BRKR,,,,,left_only
42705326,"HENRIETTA SUB, CIRCUIT BREAKERS",0.07523039288413756,24,T,BRKR,,,,,left_only
42686501,"SAN MATEO SUB, CIRCUIT BREAKERS",0.07518039288413755,24,T,BRKR,,,,,left_only
42698861,"HERNDON SUB, CIRCUIT BREAKERS",0.07518039288413755,24,T,BRKR,,,,,left_only
40990511,"SARATOGA SUB, CIRCUIT BREAKERS",0.16211183772810586,33,T,BRKR,,,,,left_only
42623840,"PUEBLO SUB, CIRCUIT BREAKERS",0.07514155094366949,24,T,BRKR,,,,,left_only
42704652,"ATLANTIC SUB, CIRCUIT BREAKERS",0.07508039288413755,24,T,BRKR,,,,,left_only
42695857,"BORDEN SUB, CIRCUIT BREAKERS",0.07508039288413755,24,T,BRKR,,,,,left_only
42706359,"HERNDON SUB, CIRCUIT BREAKERS",0.07498039288413756,24,T,BRKR,,,,,left_only
42704647,"ATLANTIC SUB, CIRCUIT BREAKERS",0.07493039288413755,24,T,BRKR,,,,,left_only
41201876,"METCALF SUB, CIRCUIT BREAKERS",0.13804990029204664,34,T,BRKR,,,,,left_only
41209230,"LOCKEFORD SUB, CIRCUIT BREAKERS",0.13160529927904255,33,T,BRKR,,,,,left_only
41138855,"TESLA SUB, CIRCUIT BREAKERS",0.13148143987691271,33,T,BRKR,,,,,left_only
42684545,"OAKLAND X SUB, CIRCUIT BREAKERS",0.07483039288413755,24,T,BRKR,,,,,left_only
42696602,"TUPMAN SUB, CIRCUIT BREAKERS",0.07483039288413755,24,T,BRKR,,,,,left_only
42670171,"CONTRA COSTA SUB, CIRCUIT BREAKERS",0.07483039288413755,23,T,BRKR,,,,,left_only
43251355,"IGNACIO SUB, CIRCUIT BREAKERS",0.07478039288413756,24,T,BRKR,,,,,left_only
42710811,"SAN FRAN H (MARTIN) SUB, CIRCUIT BRKR",0.07473039288413756,24,T,BRKR,,,,,left_only
42666779,"CONTRA COSTA SUB, CIRCUIT BREAKERS",0.07473039288413756,23,T,BRKR,,,,,left_only
41186551,"RAVENSWOOD SUB, CIRCUIT BREAKERS",0.1215837773886685,33,T,BRKR,,,,,left_only
41177214,"LAKEVILLE SUB, CIRCUIT BREAKERS",0.1212837773886685,34,T,BRKR,,,,,left_only
42704654,"ATLANTIC SUB, CIRCUIT BREAKERS",0.07468039288413755,24,T,BRKR,,,,,left_only
42682650,"HOPLAND SUB, CIRCUIT BREAKERS",0.07468039288413755,23,T,BRKR,,,,,left_only
42680388,"KASSON SUB, CIRCUIT BREAKERS",0.07463039288413756,23,T,BRKR,,,,,left_only
42681888,"SAN MATEO SUB, CIRCUIT BREAKERS",0.07458039288413755,24,T,BRKR,,,,,left_only
42696118,"NORTH TOWER SUB, CIRCUIT BREAKERS",0.07458039288413755,24,T,BRKR,,,,,left_only
42757566,"DRUM 1 & 2 PH, CIRCUIT BREAKERS",0.07446963163649736,24,T,BRKR,,,,,left_only
41369285,"MCCALL SUB, CIRCUIT BREAKERS",0.09965612077325298,23,T,BRKR,,,,,left_only
42692000,"BAIR SUB, CIRCUIT BREAKERS",0.07423039288413756,24,T,BRKR,,,,,left_only
42682212,"SALADO SUB, CIRCUIT BREAKERS",0.07423039288413756,24,T,BRKR,,,,,left_only
42708832,"CENTERVILLE PH, CIRCUIT BREAKERS",0.07420201676843424,23,T,BRKR,,,,,left_only
42672827,"SAN FRAN A (POTRERO PP) SUB, CIR BRKRS",0.07413039288413756,24,T,BRKR,,,,,left_only
42561932,"ROUND MTN SUB, CIRCUIT BREAKERS",0.09590612077325297,24,T,BRKR,,,,,left_only
42615344,"CRESTA PH, CIRCUIT BREAKERS",0.09518979979290101,23,T,BRKR,,,,,left_only
42730981,"SAN MIGUEL SUB, CIRCUIT BREAKERS",0.07400201676843424,24,T,BRKR,,,,,left_only
42721196,"CAYUCOS SUB, CIRCUIT BREAKERS",0.07400201676843424,23,T,BRKR,,,,,left_only
42703536,"DINUBA SUB, CIRCUIT BREAKERS",0.07400201676843424,23,T,BRKR,,,,,left_only
43684259,"OAKLAND J SUB, CIRCUIT BREAKERS",0.07398039288413756,24,T,BRKR,,,,,left_only
42696604,"TUPMAN SUB, CIRCUIT BREAKERS",0.07393039288413755,24,T,BRKR,,,,,left_only
44396357,"METCALF SUB, CIRCUIT BREAKERS",0.12770408695044388,34,T,BRKR,,,,,left_only
42704620,"LOCKEFORD SUB, CIRCUIT BREAKERS",0.07375201676843424,24,T,BRKR,,,,,left_only
42677539,"ALMADEN SUB, CIRCUIT BREAKERS",0.07368039288413755,23,T,BRKR,,,,,left_only
42626749,"EIGHT MILE SUB, CIRCUIT BREAKERS",0.09498979979290102,23,T,BRKR,,,,,left_only
42691947,"MARTELL SUB, CIRCUIT BREAKERS",0.07358039288413756,23,T,BRKR,,,,,left_only
42667556,"MIDWAY SUB, CIRCUIT BREAKERS",0.07348039288413756,24,T,BRKR,,,,,left_only
42682251,"SAN MATEO SUB, CIRCUIT BREAKERS",0.07348039288413756,24,T,BRKR,,,,,left_only
42705507,"HENRIETTA SUB, CIRCUIT BREAKERS",0.07348039288413756,24,T,BRKR,,,,,left_only
42703205,"HARTLEY SUB, CIRCUIT BREAKERS",0.07320201676843424,23,T,BRKR,,,,,left_only
42690406,"HAMMONDS SUB, CIRCUIT BREAKERS",0.07318039288413755,24,T,BRKR,,,,,left_only
42610341,"COLGATE PH, CIRCUIT BREAKERS",0.09253595957083101,23,T,BRKR,,,,,left_only
44396359,"METCALF SUB, CIRCUIT BREAKERS",0.12770408695044388,34,T,BRKR,,,,,left_only
42705460,"HENRIETTA SUB, CIRCUIT BREAKERS",0.07283039288413756,24,T,BRKR,,,,,left_only
41192859,"MIDWAY SUB, CIRCUIT BREAKERS",0.1248087773886685,34,T,BRKR,,,,,left_only
42724311,"MIDWAY SUB, CIRCUIT BREAKERS",0.07275201676843424,24,T,BRKR,,,,,left_only
42728014,"SAN FRAN H (MARTIN) SUB, CIRCUIT BRKR",0.07275201676843424,24,T,BRKR,,,,,left_only
42726701,"PUTAH CREEK SUB, CIRCUIT BREAKERS",0.07265201676843425,24,T,BRKR,,,,,left_only
42758226,"WHEELER RIDGE SUB, CIRCUIT BREAKERS",0.07260201676843424,24,T,BRKR,,,,,left_only
42705723,"KIRKER SUB, CIRCUIT BREAKERS",0.07260201676843424,24,T,BRKR,,,,,left_only
42695525,"CALIFORNIA AVE SUB, CIRCUIT BREAKERS",0.07256712511643522,24,T,BRKR,,,,,left_only
42561294,"VACA DIXON SUB, CIRCUIT BREAKERS",0.08917161848555968,24,T,BRKR,,,,,left_only
40991711,"LOS BANOS SUB, CIRCUIT BREAKERS",0.2334383155360442,44,T,BRKR,,,,,left_only
42836265,"HUMBOLDT BAY PP, CIRCUIT BREAKERS",0.07251608678742968,24,T,BRKR,,,,,left_only
42729891,"NEWARK SUB, CIRCUIT BREAKERS",0.07250201676843424,24,T,BRKR,,,,,left_only
41192860,"MIDWAY SUB, CIRCUIT BREAKERS",0.1156337773886685,34,T,BRKR,,,,,left_only
42714867,"DIVIDE SUB, CIRCUIT BREAKERS",0.07240201676843425,24,T,BRKR,,,,,left_only
42691538,"STAGG SUB, CIRCUIT BREAKERS",0.07218039288413755,24,T,BRKR,,,,,left_only
42732399,"MENDOCINO SUB, CIRCUIT BREAKERS",0.07190201676843425,23,T,BRKR,,,,,left_only
42724157,"NEWARK SUB, CIRCUIT BREAKERS",0.07185201676843424,24,T,BRKR,,,,,left_only
42709945,"SAN MIGUEL SUB, CIRCUIT BREAKERS",0.07185201676843424,24,T,BRKR,,,,,left_only
42727119,"REEDLEY SUB, CIRCUIT BREAKERS",0.07175201676843425,24,T,BRKR,,,,,left_only
43200125,"HUMBOLDT SUB, CIRCUIT BREAKERS",0.07170236711893697,24,T,BRKR,,,,,left_only
43172247,"MCMULLIN SUB, CIRCUIT BREAKERS",0.06490236711893697,23,T,BRKR,,,,,left_only
42741507,"PANOCHE SUB, CIRCUIT BREAKERS",0.06331963163649736,24,T,BRKR,,,,,left_only
42714351,"AG WISHON PH, CIRCUIT BREAKERS",0.07165201676843425,23,T,BRKR,,,,,left_only
42727907,"BRIDGEVILLE SUB, CIRCUIT BREAKERS",0.07160201676843424,23,T,BRKR,,,,,left_only
42703206,"HARTLEY SUB, CIRCUIT BREAKERS",0.07160201676843424,23,T,BRKR,,,,,left_only
42724079,"WHEELER RIDGE SUB, CIRCUIT BREAKERS",0.07150201676843425,24,T,BRKR,,,,,left_only
42719793,"HAAS PH, CIRCUIT BREAKERS",0.07125201676843425,24,T,BRKR,,,,,left_only
42729290,"SCHULTE SW STA, CIRCUIT BREAKERS",0.07125201676843425,24,T,BRKR,,,,,left_only
43142152,"VALLEY SPRINGS SUB, CIRCUIT BREAKERS",0.07111963163649736,24,T,BRKR,,,,,left_only
42735556,"ARCO SUB, CIRCUIT BREAKERS",0.07095396250708687,24,T,BRKR,,,,,left_only
42732400,"MENDOCINO SUB, CIRCUIT BREAKERS",0.07095201676843424,23,T,BRKR,,,,,left_only
42724003,"HAMMER SUB, CIRCUIT BREAKERS",0.07090201676843425,24,T,BRKR,,,,,left_only
42726703,"PUTAH CREEK SUB, CIRCUIT BREAKERS",0.07090201676843425,24,T,BRKR,,,,,left_only
42753109,"BRIDGEVILLE SUB, CIRCUIT BREAKERS",0.07081963163649736,24,T,BRKR,,,,,left_only
42828540,"BAKERSFIELD SUB, CIRCUIT BREAKERS",0.05829572367595874,23,T,BRKR,,,,,left_only
42723172,"VIEJO SUB, CIRCUIT BREAKERS",0.07075201676843425,23,T,BRKR,,,,,left_only
42709938,"MESA SUB, CIRCUIT BREAKERS",0.07070201676843424,24,T,BRKR,,,,,left_only
45024392,"GLENN SUB, CIRCUIT BREAKERS",0.03093722028651631,13,T,BRKR,,,,,left_only
40990916,"LOS BANOS SUB, CIRCUIT BREAKERS",0.2306383155360442,44,T,BRKR,,,,,left_only
41192861,"MIDWAY SUB, CIRCUIT BREAKERS",0.1217337773886685,34,T,BRKR,,,,,left_only
40990915,"LOS BANOS SUB, CIRCUIT BREAKERS",0.2349383155360442,44,T,BRKR,,,,,left_only
45219701,"SOBRANTE SUB, CIRCUIT BREAKERS",0.018544211833066315,13,T,BRKR,,,,,left_only
42729284,"SCHULTE SW STA, CIRCUIT BREAKERS",0.07045201676843424,24,T,BRKR,,,,,left_only
41176803,"LOS BANOS SUB, CIRCUIT BREAKERS",0.1107837773886685,34,T,BRKR,,,,,left_only
42663617,"DELEVAN SUB, CIRCUIT BREAKERS",0.07678039288413756,23,T,BRKR,,,,,left_only
42732221,"NEWARK SUB, CIRCUIT BREAKERS",0.07035201676843425,24,T,BRKR,,,,,left_only
42761238,"MOSHER SUB, CIRCUIT BREAKERS",0.07031963163649736,24,T,BRKR,,,,,left_only
42708854,"DALY CITY SUB, CIRCUIT BREAKERS",0.07030201676843424,24,T,BRKR,,,,,left_only
42705725,"KIRKER SUB, CIRCUIT BREAKERS",0.07020201676843424,24,T,BRKR,,,,,left_only
42820510,"NORTH TOWER SUB, CIRCUIT BREAKERS",0.07006963163649736,24,T,BRKR,,,,,left_only
43173634,"MOSS LANDING PP, CIRCUIT BREAKERS",0.05629199873002157,24,T,BRKR,,,,,left_only
42726705,"PUTAH CREEK SUB, CIRCUIT BREAKERS",0.06985201676843425,24,T,BRKR,,,,,left_only
42703708,"EASTSHORE SUB, CIRCUIT BREAKERS",0.06970201676843424,24,T,BRKR,,,,,left_only
42729019,"KONOCTI SUB, CIRCUIT BREAKERS",0.06970201676843424,24,T,BRKR,,,,,left_only
42744311,"SAN FRAN H (MARTIN) SUB, CIRCUIT BRKR",0.06966963163649736,24,T,BRKR,,,,,left_only
42706665,"MADERA SUB, CIRCUIT BREAKERS",0.06965201676843424,24,T,BRKR,,,,,left_only
42727060,"HURON SUB, CIRCUIT BREAKERS",0.06960201676843425,23,T,BRKR,,,,,left_only
41190714,"LOS BANOS SUB, CIRCUIT BREAKERS",0.16016602319542478,34,T,BRKR,,,,,left_only
42829481,"VALLEY SPRINGS SUB, CIRCUIT BREAKERS",0.06956963163649736,24,T,BRKR,,,,,left_only
42724308,"MIDWAY SUB, CIRCUIT BREAKERS",0.06955201676843424,24,T,BRKR,,,,,left_only
42731544,"MIDWAY SUB, CIRCUIT BREAKERS",0.06955201676843424,24,T,BRKR,,,,,left_only
42700255,"WILLITS A SUB, CIRCUIT BREAKERS",0.06955201676843424,23,T,BRKR,,,,,left_only
42724265,"MANTECA SUB, CIRCUIT BREAKERS",0.06940201676843424,23,T,BRKR,,,,,left_only
42720754,"SAN FRAN H (MARTIN) SUB, CIRCUIT BRKR",0.06935201676843425,24,T,BRKR,,,,,left_only
42694316,"OAKLAND J SUB, CIRCUIT BREAKERS",0.06935201676843425,24,T,BRKR,,,,,left_only
42761230,"MOSHER SUB, CIRCUIT BREAKERS",0.06926963163649737,24,T,BRKR,,,,,left_only
42701333,"ATLANTIC SUB, CIRCUIT BREAKERS",0.06925201676843425,24,T,BRKR,,,,,left_only
42707932,"GLENN SUB, CIRCUIT BREAKERS",0.06925201676843425,24,T,BRKR,,,,,left_only
42706668,"MADERA SUB, CIRCUIT BREAKERS",0.06920201676843424,24,T,BRKR,,,,,left_only
42706664,"MADERA SUB, CIRCUIT BREAKERS",0.06915201676843424,24,T,BRKR,,,,,left_only
42706669,"MADERA SUB, CIRCUIT BREAKERS",0.06915201676843424,24,T,BRKR,,,,,left_only
42706656,"MADERA SUB, CIRCUIT BREAKERS",0.06910201676843425,24,T,BRKR,,,,,left_only
42706671,"MADERA SUB, CIRCUIT BREAKERS",0.06910201676843425,24,T,BRKR,,,,,left_only
45725508,"MIDWAY SUB, CIRCUIT BREAKERS",0.023,14,T,BRKR,,,,,left_only
42663619,"DELEVAN SUB, CIRCUIT BREAKERS",0.07603039288413756,23,T,BRKR,,,,,left_only
42757564,"ARCO SUB, CIRCUIT BREAKERS",0.06896963163649736,24,T,BRKR,,,,,left_only
42705788,"LINCOLN SUB, CIRCUIT BREAKERS",0.06890201676843424,24,T,BRKR,,,,,left_only
43173635,"MOSS LANDING PP, CIRCUIT BREAKERS",0.05844572367595874,24,T,BRKR,,,,,left_only
42739362,"WHEELER RIDGE SUB, CIRCUIT BREAKERS",0.06886963163649737,24,T,BRKR,,,,,left_only
40992080,"BELLOTA SUB, CIRCUIT BREAKERS",0.24974833574943398,44,T,BRKR,,,,,left_only
42720753,"SAN FRAN H (MARTIN) SUB, CIRCUIT BRKR",0.06885201676843425,24,T,BRKR,,,,,left_only
43200164,"HUMBOLDT SUB, CIRCUIT BREAKERS",0.06880236711893697,24,T,BRKR,,,,,left_only
41190715,"LOS BANOS SUB, CIRCUIT BREAKERS",0.16016602319542478,34,T,BRKR,,,,,left_only
41190716,"LOS BANOS SUB, CIRCUIT BREAKERS",0.16016602319542478,34,T,BRKR,,,,,left_only
42829066,"VALLEY SPRINGS SUB, CIRCUIT BREAKERS",0.06866963163649736,24,T,BRKR,,,,,left_only
42729016,"KONOCTI SUB, CIRCUIT BREAKERS",0.06865201676843424,24,T,BRKR,,,,,left_only
42663621,"DELEVAN SUB, CIRCUIT BREAKERS",0.07633039288413755,23,T,BRKR,,,,,left_only
42729292,"SCHULTE SW STA, CIRCUIT BREAKERS",0.06850201676843425,24,T,BRKR,,,,,left_only
42760076,"CLEAR LAKE SUB, CIRCUIT BREAKERS",0.06846963163649736,24,T,BRKR,,,,,left_only
40990941,"WHEELER RIDGE SUB, CIRCUIT BREAKERS",0.06844572367595875,24,T,BRKR,,,,,left_only
42727939,"NEWARK SUB, CIRCUIT BREAKERS",0.06840201676843424,24,T,BRKR,,,,,left_only
42717400,"STANISLAUS PH, CIRCUIT BREAKERS",0.06840201676843424,24,T,BRKR,,,,,left_only
45077283,"TESLA SUB, CIRCUIT BREAKERS",0.01797593446302924,14,T,BRKR,,,,,left_only
42728017,"SAN FRAN H (MARTIN) SUB, CIRCUIT BRKR",0.06835201676843425,24,T,BRKR,,,,,left_only
45725506,"MIDWAY SUB, CIRCUIT BREAKERS",0.0192,14,T,BRKR,,,,,left_only
41203140,"SAN FRAN A (POTRERO PP) SUB, CIR BRKRS",0.06830236711893697,24,T,BRKR,,,,,left_only
42725988,"RED BLUFF SUB, CIRCUIT BREAKERS",0.06830201676843424,23,T,BRKR,,,,,left_only
41163209,"CAYETANO SUB, CIRCUIT BREAKERS",0.1523884135243763,33,T,BRKR,,,,,left_only
42829483,"VALLEY SPRINGS SUB, CIRCUIT BREAKERS",0.06821963163649736,24,T,BRKR,,,,,left_only
45077334,"TESLA SUB, CIRCUIT BREAKERS",0.019375934463029237,14,T,BRKR,,,,,left_only
41333391,"MORAGA SUB, CIRCUIT BREAKERS",0.11487108065981064,33,T,BRKR,,,,,left_only
43142156,"VALLEY SPRINGS SUB, CIRCUIT BREAKERS",0.06811963163649737,24,T,BRKR,,,,,left_only
42736667,"EASTSHORE SUB, CIRCUIT BREAKERS",0.06800201676843425,24,T,BRKR,,,,,left_only
42753108,"BRIDGEVILLE SUB, CIRCUIT BREAKERS",0.06791963163649736,24,T,BRKR,,,,,left_only
40995795,"DIABLO CANYON PP, CIRCUIT BREAKERS",0.5419769132199965,44,T,BRKR,,,,,left_only
42829069,"VALLEY SPRINGS SUB, CIRCUIT BREAKERS",0.06781963163649736,24,T,BRKR,,,,,left_only
45077337,"TESLA SUB, CIRCUIT BREAKERS",0.01882593446302924,14,T,BRKR,,,,,left_only
45077338,"TESLA SUB, CIRCUIT BREAKERS",0.017925934463029237,14,T,BRKR,,,,,left_only
42704478,"SAN JOSE B SUB, CIRCUIT BREAKERS",0.06775201676843425,24,T,BRKR,,,,,left_only
42742271,"LIVINGSTON SUB, CIRCUIT BREAKERS",0.06771963163649736,24,T,BRKR,,,,,left_only
42710810,"SAN FRAN H (MARTIN) SUB, CIRCUIT BRKR",0.06765201676843424,24,T,BRKR,,,,,left_only
40997298,"SOBRANTE SUB, CIRCUIT BREAKERS",0.47827691321999644,44,T,BRKR,,,,,left_only
42705789,"LINCOLN SUB, CIRCUIT BREAKERS",0.06760201676843425,24,T,BRKR,,,,,left_only
42761236,"MOSHER SUB, CIRCUIT BREAKERS",0.06756963163649736,24,T,BRKR,,,,,left_only
42729018,"KONOCTI SUB, CIRCUIT BREAKERS",0.06755201676843424,24,T,BRKR,,,,,left_only
42829485,"VALLEY SPRINGS SUB, CIRCUIT BREAKERS",0.06741963163649736,24,T,BRKR,,,,,left_only
40992963,"MIDWAY SUB, CIRCUIT BREAKERS",0.28749429483845373,44,T,BRKR,,,,,left_only
40990653,"CRESTA PH, CIRCUIT BREAKERS",0.23855595942618793,43,T,BRKR,,,,,left_only
42729294,"SCHULTE SW STA, CIRCUIT BREAKERS",0.06730201676843424,24,T,BRKR,,,,,left_only
42730336,"AG WISHON PH, CIRCUIT BREAKERS",0.06730201676843424,23,T,BRKR,,,,,left_only
42747132,"SAN BENITO SUB, CIRCUIT BREAKERS",0.06726963163649737,24,T,BRKR,,,,,left_only
40990293,"CONTRA COSTA SUB, CIRCUIT BREAKERS",0.20034212743358168,43,T,BRKR,,,,,left_only
40990817,"LAKEVILLE SUB, CIRCUIT BREAKERS",0.1893971816309527,34,T,BRKR,,,,,left_only
42836263,"HUMBOLDT BAY PP, CIRCUIT BREAKERS",0.06721608678742967,24,T,BRKR,,,,,left_only
42736588,"HELM SUB, CIRCUIT BREAKERS",0.06720201676843424,24,T,BRKR,,,,,left_only
43158046,"CORTINA SUB, CIRCUIT BREAKERS",0.06719572367595875,24,T,BRKR,,,,,left_only
42829487,"VALLEY SPRINGS SUB, CIRCUIT BREAKERS",0.06706963163649736,24,T,BRKR,,,,,left_only
40990468,"HERNDON SUB, CIRCUIT BREAKERS",0.1777421274335817,33,T,BRKR,,,,,left_only
43200168,"HUMBOLDT SUB, CIRCUIT BREAKERS",0.06700236711893698,24,T,BRKR,,,,,left_only
44197893,"GUERNSEY SUB, CIRCUIT BREAKERS",0.067,24,T,BRKR,,,,,left_only
45077339,"TESLA SUB, CIRCUIT BREAKERS",0.01917593446302924,14,T,BRKR,,,,,left_only
42695996,"PLEASANT GROVE SUB, CIRCUIT BREAKERS",0.06685201676843425,24,T,BRKR,,,,,left_only
42829828,"SNEATH LANE SUB, CIRCUIT BREAKERS",0.06684572367595874,24,T,BRKR,,,,,left_only
42738462,"RED BLUFF SUB, CIRCUIT BREAKERS",0.06681963163649736,23,T,BRKR,,,,,left_only
40991401,"SAN MATEO SUB, CIRCUIT BREAKERS",0.17259889496737987,34,T,BRKR,,,,,left_only
40991196,"COTTONWOOD SUB, CIRCUIT BREAKERS",0.17235651220042994,33,T,BRKR,,,,,left_only
42732419,"COTTONWOOD SUB, CIRCUIT BREAKERS",0.06680201676843424,24,T,BRKR,,,,,left_only
42744312,"SAN FRAN H (MARTIN) SUB, CIRCUIT BRKR",0.06676963163649736,24,T,BRKR,,,,,left_only
40990510,"SARATOGA SUB, CIRCUIT BREAKERS",0.1619971816309527,33,T,BRKR,,,,,left_only
42760073,"CLEAR LAKE SUB, CIRCUIT BREAKERS",0.06671963163649736,24,T,BRKR,,,,,left_only
42742971,"KERN PP, CIRCUIT BREAKERS",0.06661963163649737,24,T,BRKR,,,,,left_only
41121035,"TESLA SUB, CIRCUIT BREAKERS",0.14908578235929806,33,T,BRKR,,,,,left_only
41153612,"METCALF SUB, CIRCUIT BREAKERS",0.1489884135243763,34,T,BRKR,,,,,left_only
45123704,"MIDWAY SUB, CIRCUIT BREAKERS",0.0664,24,T,BRKR,,,,,left_only
42747130,"SAN BENITO SUB, CIRCUIT BREAKERS",0.06631963163649736,24,T,BRKR,,,,,left_only
42836261,"HUMBOLDT BAY PP, CIRCUIT BREAKERS",0.06631608678742967,24,T,BRKR,,,,,left_only
42729017,"KONOCTI SUB, CIRCUIT BREAKERS",0.06630201676843424,24,T,BRKR,,,,,left_only
41186552,"RAVENSWOOD SUB, CIRCUIT BREAKERS",0.1256337773886685,33,T,BRKR,,,,,left_only
41164979,"LOS BANOS SUB, CIRCUIT BREAKERS",0.11773143987691272,34,T,BRKR,,,,,left_only
42741746,"DUMBARTON SUB, CIRCUIT BREAKERS",0.06601963163649736,24,T,BRKR,,,,,left_only
42836267,"HUMBOLDT BAY PP, CIRCUIT BREAKERS",0.06601608678742968,24,T,BRKR,,,,,left_only
41368215,"VASONA SUB, CIRCUIT BREAKERS",0.10180612077325296,33,T,BRKR,,,,,left_only
42605881,"MCCALL SUB, CIRCUIT BREAKERS",0.08977161848555969,23,T,BRKR,,,,,left_only
42836259,"HUMBOLDT BAY PP, CIRCUIT BREAKERS",0.06581608678742967,24,T,BRKR,,,,,left_only
42742274,"LIVINGSTON SUB, CIRCUIT BREAKERS",0.06566963163649736,24,T,BRKR,,,,,left_only
42829823,"SNEATH LANE SUB, CIRCUIT BREAKERS",0.06564572367595874,24,T,BRKR,,,,,left_only
42741009,"IGNACIO SUB, CIRCUIT BREAKERS",0.061419631636497364,24,T,BRKR,,,,,left_only
42741050,"MORAGA SUB, CIRCUIT BREAKERS",0.06561963163649737,24,T,BRKR,,,,,left_only
42757568,"DRUM 1 & 2 PH, CIRCUIT BREAKERS",0.06561963163649737,24,T,BRKR,,,,,left_only
42750739,"BOLINAS SUB, CIRCUIT BREAKERS",0.06561963163649737,23,T,BRKR,,,,,left_only
42760985,"PANOCHE SUB, CIRCUIT BREAKERS",0.06111963163649736,24,T,BRKR,,,,,left_only
44164233,"TABLE MTN SUB, CIRCUIT BREAKERS",0.03732384216923808,24,T,BRKR,,,,,left_only
42739663,"STAFFORD SUB, CIRCUIT BREAKERS",0.06546963163649736,23,T,BRKR,,,,,left_only
42663623,"DELEVAN SUB, CIRCUIT BREAKERS",0.08018039288413756,23,T,BRKR,,,,,left_only
45725511,"MIDWAY SUB, CIRCUIT BREAKERS",0.0188,14,T,BRKR,,,,,left_only
42747014,"MORAGA SUB, CIRCUIT BREAKERS",0.06496963163649735,24,T,BRKR,,,,,left_only
43140894,"HALF MOON BAY SUB, CIRCUIT BREAKERS",0.06496963163649735,24,T,BRKR,,,,,left_only
42663642,"DELEVAN SUB, CIRCUIT BREAKERS",0.07613039288413756,23,T,BRKR,,,,,left_only
43200029,"HUMBOLDT SUB, CIRCUIT BREAKERS",0.06490236711893697,24,T,BRKR,,,,,left_only
42685621,"PIT #1 PH, CIRCUIT BREAKERS",0.08985385734873286,23,T,BRKR,,,,,left_only
40993160,"OAKLAND X SUB, CIRCUIT BREAKERS",0.06486963163649737,24,T,BRKR,,,,,left_only
42829347,"BELLOTA SUB, CIRCUIT BREAKERS",0.07801608678742968,23,T,BRKR,,,,,left_only
42663644,"DELEVAN SUB, CIRCUIT BREAKERS",0.07828039288413756,23,T,BRKR,,,,,left_only
41163210,"CAYETANO SUB, CIRCUIT BREAKERS",0.1461884135243763,33,T,BRKR,,,,,left_only
42754177,"HALF MOON BAY SUB, CIRCUIT BREAKERS",0.06476963163649736,24,T,BRKR,,,,,left_only
42829489,"VALLEY SPRINGS SUB, CIRCUIT BREAKERS",0.06466963163649736,24,T,BRKR,,,,,left_only
42829829,"SNEATH LANE SUB, CIRCUIT BREAKERS",0.06459572367595874,24,T,BRKR,,,,,left_only
42740479,"COOLEY LANDING SUB, CIRCUIT BREAKERS",0.06456963163649736,24,T,BRKR,,,,,left_only
42747137,"SAN BENITO SUB, CIRCUIT BREAKERS",0.06456963163649736,24,T,BRKR,,,,,left_only
40995767,"COTTONWOOD SUB, CIRCUIT BREAKERS",0.51614670488334,43,T,BRKR,,,,,left_only
42746838,"OAKLAND C (OAKLAND PP) SUB, CIRCUIT BRKR",0.06436963163649737,24,T,BRKR,,,,,left_only
42741040,"STAFFORD SUB, CIRCUIT BREAKERS",0.06436963163649737,23,T,BRKR,,,,,left_only
42743516,"MORAGA SUB, CIRCUIT BREAKERS",0.06426963163649736,24,T,BRKR,,,,,left_only
40993072,"MONTA VISTA SUB, CIRCUIT BREAKERS",0.29516345912854447,44,T,BRKR,,,,,left_only
42737110,"KERN OIL SUB, CIRCUIT BREAKERS",0.06421963163649737,24,T,BRKR,,,,,left_only
42737071,"JAMESON SUB, CIRCUIT BREAKERS",0.06416963163649736,24,T,BRKR,,,,,left_only
43154958,"CLAY SUB, CIRCUIT BREAKERS",0.06409572367595874,24,T,BRKR,,,,,left_only
42727898,"VIEJO SUB, CIRCUIT BREAKERS",0.06406963163649736,23,T,BRKR,,,,,left_only
40991696,"CARIBOU PH #2, CIRCUIT BREAKERS",0.29058236117504527,43,T,BRKR,,,,,left_only
42741509,"PANOCHE SUB, CIRCUIT BREAKERS",0.06401963163649736,24,T,BRKR,,,,,left_only
42741679,"EASTSHORE SUB, CIRCUIT BREAKERS",0.06396963163649737,24,T,BRKR,,,,,left_only
42758230,"MCFARLAND SUB, CIRCUIT BREAKERS",0.06391963163649736,24,T,BRKR,,,,,left_only
42829479,"VALLEY SPRINGS SUB, CIRCUIT BREAKERS",0.06386963163649736,24,T,BRKR,,,,,left_only
42729288,"SCHULTE SW STA, CIRCUIT BREAKERS",0.06386963163649736,24,T,BRKR,,,,,left_only
40990981,"METCALF SUB, CIRCUIT BREAKERS",0.2215383155360442,44,T,BRKR,,,,,left_only
42745099,"OCEANO SUB, CIRCUIT BREAKERS",0.06381963163649736,24,T,BRKR,,,,,left_only
42836257,"HUMBOLDT BAY PP, CIRCUIT BREAKERS",0.06381608678742967,24,T,BRKR,,,,,left_only
45077340,"TESLA SUB, CIRCUIT BREAKERS",0.02137593446302924,14,T,BRKR,,,,,left_only
42717492,"CONTRA COSTA SUB, CIRCUIT BREAKERS",0.06377701676843424,24,T,BRKR,,,,,left_only
42830750,"OLIVE SW STA, CIRCUIT BREAKERS",0.06376963163649736,24,T,BRKR,,,,,left_only
40990526,"SAN RAMON RESEARCH CTR, CIRCUIT BREAKERS",0.21021183772810587,43,T,BRKR,,,,,left_only
42733492,"MIDWAY SUB, CIRCUIT BREAKERS",0.06371963163649737,24,T,BRKR,,,,,left_only
42741680,"EASTSHORE SUB, CIRCUIT BREAKERS",0.06371963163649737,24,T,BRKR,,,,,left_only
40992383,"MCCALL SUB, CIRCUIT BREAKERS",0.2099614753202699,44,T,BRKR,,,,,left_only
40990544,"DIABLO CANYON PP, CIRCUIT BREAKERS",0.19919718163095268,34,T,BRKR,,,,,left_only
43154956,"CLAY SUB, CIRCUIT BREAKERS",0.06369572367595874,24,T,BRKR,,,,,left_only
42769669,"WHEELER RIDGE SUB, CIRCUIT BREAKERS",0.06366963163649736,24,T,BRKR,,,,,left_only
43154957,"CLAY SUB, CIRCUIT BREAKERS",0.06364572367595873,24,T,BRKR,,,,,left_only
42717502,"CONTRA COSTA SUB, CIRCUIT BREAKERS",0.06362701676843424,24,T,BRKR,,,,,left_only
42829063,"VALLEY SPRINGS SUB, CIRCUIT BREAKERS",0.06361963163649736,24,T,BRKR,,,,,left_only
43154955,"CLAY SUB, CIRCUIT BREAKERS",0.06359572367595874,24,T,BRKR,,,,,left_only
41154497,"MIDWAY SUB, CIRCUIT BREAKERS",0.1392543557699127,34,T,BRKR,,,,,left_only
42836271,"HUMBOLDT BAY PP, CIRCUIT BREAKERS",0.06351608678742968,24,T,BRKR,,,,,left_only
42735899,"MIDWAY SUB, CIRCUIT BREAKERS",0.06346963163649737,24,T,BRKR,,,,,left_only
42761240,"MOSHER SUB, CIRCUIT BREAKERS",0.06346963163649737,24,T,BRKR,,,,,left_only
42733568,"LLAGAS SUB, CIRCUIT BREAKERS",0.06346963163649737,24,T,BRKR,,,,,left_only
42756206,"COLUSA JUNCTION, CIRCUIT BREAKERS",0.06341963163649736,24,T,BRKR,,,,,left_only
42615534,"ROCK CREEK PH, CIRCUIT BREAKERS",0.10480612077325296,33,T,BRKR,,,,,left_only
42599523,"ROUND MTN SUB, CIRCUIT BREAKERS",0.10169786359348706,34,T,BRKR,,,,,left_only
43142321,"LOS BANOS SUB, CIRCUIT BREAKERS",0.06321608678742968,24,T,BRKR,,,,,left_only
43590876,"PANOCHE SUB, CIRCUIT BREAKERS",0.05054199873002157,24,T,BRKR,,,,,left_only
43158082,"CORTINA SUB, CIRCUIT BREAKERS",0.06324199873002156,24,T,BRKR,,,,,left_only
43142148,"VALLEY SPRINGS SUB, CIRCUIT BREAKERS",0.06321963163649737,24,T,BRKR,,,,,left_only
43139160,"LAKEVILLE SUB, CIRCUIT BREAKERS",0.04714572367595874,24,T,BRKR,,,,,left_only
44766294,"IGNACIO SUB, CIRCUIT BREAKERS",0.03834992631215321,24,T,BRKR,,,,,left_only
44648492,"TESLA SUB, CIRCUIT BREAKERS",0.032482696730531474,13,T,BRKR,,,,,left_only
42740917,"FORT ORD SUB, CIRCUIT BREAKERS",0.06316963163649736,23,T,BRKR,,,,,left_only
44894542,"GATES SUB, CIRCUIT BREAKERS",0.02668722028651631,14,T,BRKR,,,,,left_only
42748954,"HUMBOLDT SUB, CIRCUIT BREAKERS",0.06306963163649737,24,T,BRKR,,,,,left_only
42735628,"HURON SUB, CIRCUIT BREAKERS",0.06306963163649737,23,T,BRKR,,,,,left_only
43146976,"WHEELER RIDGE SUB, CIRCUIT BREAKERS",0.06299572367595874,24,T,BRKR,,,,,left_only
42829825,"SNEATH LANE SUB, CIRCUIT BREAKERS",0.06294572367595874,24,T,BRKR,,,,,left_only
42829827,"SNEATH LANE SUB, CIRCUIT BREAKERS",0.06294572367595874,24,T,BRKR,,,,,left_only
42761250,"HALSEY PH, CIRCUIT BREAKERS",0.06291963163649736,23,T,BRKR,,,,,left_only
45220098,"CONTRA COSTA SUB, CIRCUIT BREAKERS",0.015544211833066314,13,T,BRKR,,,,,left_only
42742269,"LIVINGSTON SUB, CIRCUIT BREAKERS",0.06276963163649736,24,T,BRKR,,,,,left_only
42764528,"GUERNSEY SUB, CIRCUIT BREAKERS",0.06256963163649737,23,T,BRKR,,,,,left_only
42761146,"PALERMO SUB, CIRCUIT BREAKERS",0.06251963163649736,24,T,BRKR,,,,,left_only
42740923,"FORT ORD SUB, CIRCUIT BREAKERS",0.06251963163649736,23,T,BRKR,,,,,left_only
42663646,"DELEVAN SUB, CIRCUIT BREAKERS",0.08103039288413755,23,T,BRKR,,,,,left_only
42739504,"MORRO BAY SW STA, CIRCUIT BREAKERS",0.06241963163649736,24,T,BRKR,,,,,left_only
42739364,"WHEELER RIDGE SUB, CIRCUIT BREAKERS",0.06241963163649736,24,T,BRKR,,,,,left_only
42663648,"DELEVAN SUB, CIRCUIT BREAKERS",0.07943039288413756,23,T,BRKR,,,,,left_only
45635364,"MONTA VISTA SUB, CIRCUIT BREAKERS",0.017,13,T,BRKR,,,,,left_only
44894086,"VACA DIXON SUB, CIRCUIT BREAKERS",0.02557441394393041,14,T,BRKR,,,,,left_only
42829246,"COLEMAN PH, CIRCUIT BREAKERS",0.06239572367595874,23,T,BRKR,,,,,left_only
42759060,"PANOCHE SUB, CIRCUIT BREAKERS",0.06151963163649736,24,T,BRKR,,,,,left_only
42740919,"FORT ORD SUB, CIRCUIT BREAKERS",0.062369631636497364,23,T,BRKR,,,,,left_only
42830752,"OLIVE SW STA, CIRCUIT BREAKERS",0.06231963163649736,24,T,BRKR,,,,,left_only
44652436,"MCCALL SUB, CIRCUIT BREAKERS",0.03243269673053147,14,T,BRKR,,,,,left_only
43680396,"LOCKHEED #1 SUB, CIRCUIT BREAKERS",0.06226932692716143,24,T,BRKR,,,,,left_only
44738463,"BELLOTA SUB, CIRCUIT BREAKERS",0.1698,34,T,BRKR,,,,,left_only
42755604,"OROSI SUB, CIRCUIT BREAKERS",0.06216963163649736,23,T,BRKR,,,,,left_only
42836269,"HUMBOLDT BAY PP, CIRCUIT BREAKERS",0.06211608678742968,24,T,BRKR,,,,,left_only
41216851,"NORTH DUBLIN SUB, CIRCUIT BREAKERS",0.10568004340337653,33,T,BRKR,,,,,left_only
42740915,"FORT ORD SUB, CIRCUIT BREAKERS",0.06201963163649736,23,T,BRKR,,,,,left_only
40996066,"GREGG SUB, CIRCUIT BREAKERS",0.36258997796152403,44,T,BRKR,,,,,left_only
42762499,"MORAGA SUB, CIRCUIT BREAKERS",0.061969631636497366,24,T,BRKR,,,,,left_only
40990743,"MCCALL SUB, CIRCUIT BREAKERS",0.6659971816309527,53,T,BRKR,,,,,left_only
42745102,"PEACHTON SUB, CIRCUIT BREAKERS",0.06186963163649736,24,T,BRKR,,,,,left_only
42830754,"OLIVE SW STA, CIRCUIT BREAKERS",0.06181963163649736,24,T,BRKR,,,,,left_only
44766297,"IGNACIO SUB, CIRCUIT BREAKERS",0.5698,44,T,BRKR,,,,,left_only
42838924,"TEJON SUB, CIRCUIT BREAKERS",0.061745723675958736,24,T,BRKR,,,,,left_only
42745163,"COOLEY LANDING SUB, CIRCUIT BREAKERS",0.061719631636497366,24,T,BRKR,,,,,left_only
42745165,"COOLEY LANDING SUB, CIRCUIT BREAKERS",0.061719631636497366,24,T,BRKR,,,,,left_only
42829830,"SNEATH LANE SUB, CIRCUIT BREAKERS",0.06169572367595874,24,T,BRKR,,,,,left_only
40993457,"SAN MATEO SUB, CIRCUIT BREAKERS",0.29049429483845374,44,T,BRKR,,,,,left_only
42747135,"SAN BENITO SUB, CIRCUIT BREAKERS",0.06161963163649736,24,T,BRKR,,,,,left_only
42836277,"HUMBOLDT BAY PP, CIRCUIT BREAKERS",0.06161608678742968,24,T,BRKR,,,,,left_only
42740481,"COOLEY LANDING SUB, CIRCUIT BREAKERS",0.06156963163649736,24,T,BRKR,,,,,left_only
42745167,"COOLEY LANDING SUB, CIRCUIT BREAKERS",0.06151963163649736,24,T,BRKR,,,,,left_only
40993048,"MORAGA SUB, CIRCUIT BREAKERS",0.26089799431359784,44,T,BRKR,,,,,left_only
40993294,"PANOCHE SUB, CIRCUIT BREAKERS",0.24319799431359782,44,T,BRKR,,,,,left_only
42756603,"MORRO BAY SW STA, CIRCUIT BREAKERS",0.061419631636497364,24,T,BRKR,,,,,left_only
41121038,"TESLA SUB, CIRCUIT BREAKERS",0.1593040869504439,33,T,BRKR,,,,,left_only
41144262,"ROUND MTN SUB, CIRCUIT BREAKERS",0.13795435576991272,34,T,BRKR,,,,,left_only
41201374,"LOS BANOS SUB, CIRCUIT BREAKERS",0.12574990029204663,34,T,BRKR,,,,,left_only
41329321,"BIRDS LANDING SW STA, CIRCUIT BREAKERS",0.12012789609838681,33,T,BRKR,,,,,left_only
41154257,"LAMBIE SW STA, CIRCUIT BREAKERS",0.11958143987691272,33,T,BRKR,,,,,left_only
42736188,"DUMBARTON SUB, CIRCUIT BREAKERS",0.061219631636497365,24,T,BRKR,,,,,left_only
41213779,"CORTINA SUB, CIRCUIT BREAKERS",0.1177778960983868,33,T,BRKR,,,,,left_only
42746394,"CORTINA SUB, CIRCUIT BREAKERS",0.061169631636497364,24,T,BRKR,,,,,left_only
42669452,"BORDEN SUB, CIRCUIT BREAKERS",0.0840415509436695,23,T,BRKR,,,,,left_only
42750139,"CAMP EVERS SUB, CIRCUIT BREAKERS",0.06111963163649736,24,T,BRKR,,,,,left_only
44143094,"TABLE MTN SUB, CIRCUIT BREAKERS",0.057623842169238076,24,T,BRKR,,,,,left_only
42740921,"FORT ORD SUB, CIRCUIT BREAKERS",0.06111963163649736,23,T,BRKR,,,,,left_only
43164699,"EAGLE ROCK SUB, CIRCUIT BREAKERS",0.06109572367595874,23,T,BRKR,,,,,left_only
43232197,"METCALF SUB, CIRCUIT BREAKERS",0.055541998730021566,24,T,BRKR,,,,,left_only
42832645,"METCALF SUB, CIRCUIT BREAKERS",0.061045723675958743,24,T,BRKR,,,,,left_only
42740913,"FORT ORD SUB, CIRCUIT BREAKERS",0.06101963163649736,23,T,BRKR,,,,,left_only
42836275,"HUMBOLDT BAY PP, CIRCUIT BREAKERS",0.061016086787429674,24,T,BRKR,,,,,left_only
43149835,"MERCED FALLS SUB, CIRCUIT BREAKERS",0.06094572367595874,23,T,BRKR,,,,,left_only
45358510,"GATES SUB, CIRCUIT BREAKERS",0.017444211833066315,14,T,BRKR,,,,,left_only
42745169,"COOLEY LANDING SUB, CIRCUIT BREAKERS",0.06086963163649736,24,T,BRKR,,,,,left_only
42754174,"HALF MOON BAY SUB, CIRCUIT BREAKERS",0.060719631636497365,24,T,BRKR,,,,,left_only
42740911,"FORT ORD SUB, CIRCUIT BREAKERS",0.060719631636497365,23,T,BRKR,,,,,left_only
42762935,"REEDLEY SUB, CIRCUIT BREAKERS",0.06061963163649736,23,T,BRKR,,,,,left_only
42717068,"CHICO A SUB, CIRCUIT BREAKERS",0.06061963163649736,23,T,BRKR,,,,,left_only
45358512,"GATES SUB, CIRCUIT BREAKERS",0.017444211833066315,14,T,BRKR,,,,,left_only
42749406,"BRIGHTON SUB, CIRCUIT BREAKERS",0.06056963163649736,24,T,BRKR,,,,,left_only
42836273,"HUMBOLDT BAY PP, CIRCUIT BREAKERS",0.060516086787429674,24,T,BRKR,,,,,left_only
41216850,"NORTH DUBLIN SUB, CIRCUIT BREAKERS",0.10828004340337653,33,T,BRKR,,,,,left_only
40990744,"MCCALL SUB, CIRCUIT BREAKERS",0.9072,53,T,BRKR,,,,,left_only
42745171,"COOLEY LANDING SUB, CIRCUIT BREAKERS",0.06041963163649736,24,T,BRKR,,,,,left_only
44766299,"IGNACIO SUB, CIRCUIT BREAKERS",0.5676,44,T,BRKR,,,,,left_only
40993459,"SAN MATEO SUB, CIRCUIT BREAKERS",0.29709429483845373,44,T,BRKR,,,,,left_only
42745103,"PEACHTON SUB, CIRCUIT BREAKERS",0.06031963163649736,24,T,BRKR,,,,,left_only
43131071,"NEWARK SUB, CIRCUIT BREAKERS",0.06029572367595874,24,T,BRKR,,,,,left_only
42745104,"PEACHTON SUB, CIRCUIT BREAKERS",0.060219631636497364,24,T,BRKR,,,,,left_only
43145730,"EL PATIO SUB, CIRCUIT BREAKERS",0.06019572367595874,24,T,BRKR,,,,,left_only
40993779,"TESLA SUB, CIRCUIT BREAKERS",0.27999429483845373,43,T,BRKR,,,,,left_only
40993047,"MORAGA SUB, CIRCUIT BREAKERS",0.25489799431359783,44,T,BRKR,,,,,left_only
43145729,"EL PATIO SUB, CIRCUIT BREAKERS",0.05999572367595874,24,T,BRKR,,,,,left_only
43598175,"WHEELER RIDGE SUB, CIRCUIT BREAKERS",0.05991963163649736,24,T,BRKR,,,,,left_only
41233523,"BORDEN SUB, CIRCUIT BREAKERS",0.14460529927904253,33,T,BRKR,,,,,left_only
42836279,"HUMBOLDT BAY PP, CIRCUIT BREAKERS",0.05951608678742967,24,T,BRKR,,,,,left_only
43158056,"CORTINA SUB, CIRCUIT BREAKERS",0.05939572367595874,24,T,BRKR,,,,,left_only
42820512,"NORTH TOWER SUB, CIRCUIT BREAKERS",0.05936963163649736,24,T,BRKR,,,,,left_only
43168016,"JAYNE SW STA, CIRCUIT BREAKERS",0.059345723675958736,24,T,BRKR,,,,,left_only
42829247,"COLEMAN PH, CIRCUIT BREAKERS",0.059345723675958736,23,T,BRKR,,,,,left_only
42741736,"PARLIER SUB, CIRCUIT BREAKERS",0.059269631636497365,24,T,BRKR,,,,,left_only
41202223,"METCALF SUB, CIRCUIT BREAKERS",0.13450408695044389,34,T,BRKR,,,,,left_only
43149825,"MERCED FALLS SUB, CIRCUIT BREAKERS",0.05914572367595874,23,T,BRKR,,,,,left_only
41148249,"ROUND MTN SUB, CIRCUIT BREAKERS",0.12983143987691273,34,T,BRKR,,,,,left_only
42773516,"WEST FRESNO SUB, CIRCUIT BREAKERS",0.058845723675958736,24,T,BRKR,,,,,left_only
43168014,"JAYNE SW STA, CIRCUIT BREAKERS",0.05874572367595874,24,T,BRKR,,,,,left_only
41154259,"LAMBIE SW STA, CIRCUIT BREAKERS",0.11988143987691272,33,T,BRKR,,,,,left_only
41238378,"CORTINA SUB, CIRCUIT BREAKERS",0.1159778960983868,33,T,BRKR,,,,,left_only
42748533,"CHICO A SUB, CIRCUIT BREAKERS",0.05871963163649736,23,T,BRKR,,,,,left_only
42839665,"NEWARK SUB, CIRCUIT BREAKERS",0.05869572367595874,24,T,BRKR,,,,,left_only
44894087,"VACA DIXON SUB, CIRCUIT BREAKERS",0.02582441394393041,14,T,BRKR,,,,,left_only
41329322,"BIRDS LANDING SW STA, CIRCUIT BREAKERS",0.1141278960983868,33,T,BRKR,,,,,left_only
42736176,"MIDWAY SUB, CIRCUIT BREAKERS",0.05849572367595874,24,T,BRKR,,,,,left_only
42605925,"TABLE MTN SUB, CIRCUIT BREAKERS",0.10239786359348707,34,T,BRKR,,,,,left_only
43153983,"GARBERVILLE SUB, CIRCUIT BREAKERS",0.05844572367595874,23,T,BRKR,,,,,left_only
43199922,"HUMBOLDT SUB, CIRCUIT BREAKERS",0.05840236711893698,24,T,BRKR,,,,,left_only
43152379,"MENDOCINO SUB, CIRCUIT BREAKERS",0.05839572367595874,24,T,BRKR,,,,,left_only
42710030,"PANOCHE SUB, CIRCUIT BREAKERS",0.08069155094366949,24,T,BRKR,,,,,left_only
41201379,"LOS BANOS SUB, CIRCUIT BREAKERS",0.1724837773886685,34,T,BRKR,,,,,left_only
42744313,"SAN FRAN H (MARTIN) SUB, CIRCUIT BRKR",0.05826179707179212,24,T,BRKR,,,,,left_only
45358513,"GATES SUB, CIRCUIT BREAKERS",0.018944211833066313,14,T,BRKR,,,,,left_only
43199967,"HUMBOLDT SUB, CIRCUIT BREAKERS",0.058202367118936976,24,T,BRKR,,,,,left_only
43147770,"MANCHESTER SUB, CIRCUIT BREAKERS",0.058145723675958744,24,T,BRKR,,,,,left_only
42749058,"MT EDEN SUB, CIRCUIT BREAKERS",0.058019631636497364,24,T,BRKR,,,,,left_only
43158040,"CORTINA SUB, CIRCUIT BREAKERS",0.05799572367595874,24,T,BRKR,,,,,left_only
42748534,"CHICO A SUB, CIRCUIT BREAKERS",0.05796963163649736,23,T,BRKR,,,,,left_only
42833199,"ALTO SUB, CIRCUIT BREAKERS",0.05794572367595874,23,T,BRKR,,,,,left_only
45358514,"GATES SUB, CIRCUIT BREAKERS",0.019494211833066315,14,T,BRKR,,,,,left_only
45358515,"GATES SUB, CIRCUIT BREAKERS",0.015794211833066313,14,T,BRKR,,,,,left_only
41216849,"NORTH DUBLIN SUB, CIRCUIT BREAKERS",0.10808004340337654,33,T,BRKR,,,,,left_only
43199916,"HUMBOLDT SUB, CIRCUIT BREAKERS",0.05760236711893697,24,T,BRKR,,,,,left_only
43238180,"CRAZY HORSE CANYON SW STA, CKT BREAKERS",0.05759199873002157,24,T,BRKR,,,,,left_only
40996070,"GREGG SUB, CIRCUIT BREAKERS",0.347589977961524,44,T,BRKR,,,,,left_only
42833231,"NEWARK SUB, CIRCUIT BREAKERS",0.05744572367595874,24,T,BRKR,,,,,left_only
43144206,"SWIFT SUB, CIRCUIT BREAKERS",0.05744572367595874,24,T,BRKR,,,,,left_only
40993462,"SAN MATEO SUB, CIRCUIT BREAKERS",0.29289429483845375,44,T,BRKR,,,,,left_only
40993295,"PANOCHE SUB, CIRCUIT BREAKERS",0.260848335749434,44,T,BRKR,,,,,left_only
43232437,"CALLENDER SW STA, CIRCUIT BREAKERS",0.05739199873002157,24,T,BRKR,,,,,left_only
43133717,"OCEANO SUB, CIRCUIT BREAKERS",0.05734572367595874,24,T,BRKR,,,,,left_only
40993780,"TESLA SUB, CIRCUIT BREAKERS",0.24309429483845374,43,T,BRKR,,,,,left_only
41211237,"METCALF SUB, CIRCUIT BREAKERS",0.12360529927904254,34,T,BRKR,,,,,left_only
42761252,"HALSEY PH, CIRCUIT BREAKERS",0.05719572367595874,23,T,BRKR,,,,,left_only
42832316,"RICHMOND R SUB, CIRCUIT BREAKERS",0.05714572367595874,24,T,BRKR,,,,,left_only
42832314,"RICHMOND R SUB, CIRCUIT BREAKERS",0.05704572367595874,24,T,BRKR,,,,,left_only
43148570,"ARCO SUB, CIRCUIT BREAKERS",0.05699572367595874,24,T,BRKR,,,,,left_only
42830565,"HERNDON SUB, CIRCUIT BREAKERS",0.05694572367595874,24,T,BRKR,,,,,left_only
42833259,"CORCORAN SUB, CIRCUIT BREAKERS",0.05689572367595874,24,T,BRKR,,,,,left_only
41154260,"LAMBIE SW STA, CIRCUIT BREAKERS",0.11923143987691272,33,T,BRKR,,,,,left_only
43164415,"STOCKDALE SUB, CIRCUIT BREAKERS",0.05679572367595874,24,T,BRKR,,,,,left_only
42831755,"WAUKENA SW STA, CIRCUIT BREAKERS",0.05679572367595874,24,T,BRKR,,,,,left_only
42840185,"HALF MOON BAY SUB, CIRCUIT BREAKERS",0.05679572367595874,24,T,BRKR,,,,,left_only
43191668,"SALADO SUB, CIRCUIT BREAKERS",0.05679199873002157,24,T,BRKR,,,,,left_only
42742968,"KERN PP, CIRCUIT BREAKERS",0.05674572367595874,24,T,BRKR,,,,,left_only
43147746,"MANCHESTER SUB, CIRCUIT BREAKERS",0.05674572367595874,24,T,BRKR,,,,,left_only
43147766,"MANCHESTER SUB, CIRCUIT BREAKERS",0.05674572367595874,24,T,BRKR,,,,,left_only
41329323,"BIRDS LANDING SW STA, CIRCUIT BREAKERS",0.1132778960983868,33,T,BRKR,,,,,left_only
42831492,"MCFARLAND SUB, CIRCUIT BREAKERS",0.05669572367595874,24,T,BRKR,,,,,left_only
43168023,"JAYNE SW STA, CIRCUIT BREAKERS",0.05659572367595874,24,T,BRKR,,,,,left_only
42763138,"LOS ESTEROS SUB, CIRCUIT BREAKERS",0.05654572367595874,24,T,BRKR,,,,,left_only
43231375,"MAPLE CREEK SUB, CIRCUIT BREAKERS",0.05654199873002157,23,T,BRKR,,,,,left_only
43147773,"MANCHESTER SUB, CIRCUIT BREAKERS",0.05649572367595874,24,T,BRKR,,,,,left_only
42763151,"LOS ESTEROS SUB, CIRCUIT BREAKERS",0.05644572367595874,24,T,BRKR,,,,,left_only
43158090,"CORTINA SUB, CIRCUIT BREAKERS",0.05644572367595874,24,T,BRKR,,,,,left_only
43168018,"JAYNE SW STA, CIRCUIT BREAKERS",0.05644572367595874,24,T,BRKR,,,,,left_only
43191662,"SALADO SUB, CIRCUIT BREAKERS",0.05644199873002157,24,T,BRKR,,,,,left_only
43200027,"HUMBOLDT SUB, CIRCUIT BREAKERS",0.05640236711893698,24,T,BRKR,,,,,left_only
43168021,"JAYNE SW STA, CIRCUIT BREAKERS",0.05639572367595874,24,T,BRKR,,,,,left_only
42836052,"HUMBOLDT SUB, CIRCUIT BREAKERS",0.05634572367595874,24,T,BRKR,,,,,left_only
42831752,"WAUKENA SW STA, CIRCUIT BREAKERS",0.05634572367595874,24,T,BRKR,,,,,left_only
42833263,"CORCORAN SUB, CIRCUIT BREAKERS",0.05629572367595874,24,T,BRKR,,,,,left_only
42605927,"TABLE MTN SUB, CIRCUIT BREAKERS",0.10169786359348706,34,T,BRKR,,,,,left_only
43604799,"SAN MATEO SUB, CIRCUIT BREAKERS",0.056202367118936974,24,T,BRKR,,,,,left_only
42831612,"ARCO SUB, CIRCUIT BREAKERS",0.05614572367595874,24,T,BRKR,,,,,left_only
44640325,"BORDEN SUB, CIRCUIT BREAKERS",0.031832696730531476,13,T,BRKR,,,,,left_only
42763135,"LOS ESTEROS SUB, CIRCUIT BREAKERS",0.05609572367595874,24,T,BRKR,,,,,left_only
43145732,"EL PATIO SUB, CIRCUIT BREAKERS",0.05609572367595874,24,T,BRKR,,,,,left_only
41201443,"LOS BANOS SUB, CIRCUIT BREAKERS",0.1815337773886685,34,T,BRKR,,,,,left_only
42829248,"COLEMAN PH, CIRCUIT BREAKERS",0.05604572367595874,23,T,BRKR,,,,,left_only
43703383,"LOS COCHES SUB, CIRCUIT BREAKERS",0.05602384216923807,23,T,BRKR,,,,,left_only
42828506,"LAKEVILLE SUB, CIRCUIT BREAKERS",0.055945723675958736,24,T,BRKR,,,,,left_only
43604758,"SAN MATEO SUB, CIRCUIT BREAKERS",0.05590236711893698,24,T,BRKR,,,,,left_only
42833265,"CORCORAN SUB, CIRCUIT BREAKERS",0.05589572367595874,24,T,BRKR,,,,,left_only
42840567,"HALF MOON BAY SUB, CIRCUIT BREAKERS",0.05589572367595874,24,T,BRKR,,,,,left_only
45358516,"GATES SUB, CIRCUIT BREAKERS",0.017294211833066314,14,T,BRKR,,,,,left_only
45358518,"GATES SUB, CIRCUIT BREAKERS",0.018994211833066314,14,T,BRKR,,,,,left_only
43223154,"NEW KEARNEY SUB, CIRCUIT BREAKERS",0.055841998730021575,24,T,BRKR,,,,,left_only
43604794,"SAN MATEO SUB, CIRCUIT BREAKERS",0.05580236711893698,24,T,BRKR,,,,,left_only
42832312,"RICHMOND R SUB, CIRCUIT BREAKERS",0.05579572367595874,24,T,BRKR,,,,,left_only
43215751,"MANTECA SUB, CIRCUIT BREAKERS",0.055791998730021566,23,T,BRKR,,,,,left_only
40996067,"GREGG SUB, CIRCUIT BREAKERS",0.38018997796152404,44,T,BRKR,,,,,left_only
44894088,"VACA DIXON SUB, CIRCUIT BREAKERS",0.02532441394393041,14,T,BRKR,,,,,left_only
44894089,"VACA DIXON SUB, CIRCUIT BREAKERS",0.03152441394393041,14,T,BRKR,,,,,left_only
44894090,"VACA DIXON SUB, CIRCUIT BREAKERS",0.02887441394393041,14,T,BRKR,,,,,left_only
41139106,"TESLA SUB, CIRCUIT BREAKERS",0.1601040869504439,33,T,BRKR,,,,,left_only
42833257,"CORCORAN SUB, CIRCUIT BREAKERS",0.05554572367595874,24,T,BRKR,,,,,left_only
40992943,"METCALF SUB, CIRCUIT BREAKERS",0.1401884135243763,34,T,BRKR,,,,,left_only
42833060,"SAN LUIS OBISPO SUB, CIRCUIT BREAKERS",0.05549572367595874,24,T,BRKR,,,,,left_only
41210001,"BORDEN SUB, CIRCUIT BREAKERS",0.13270529927904254,33,T,BRKR,,,,,left_only
42833261,"CORCORAN SUB, CIRCUIT BREAKERS",0.05534572367595874,24,T,BRKR,,,,,left_only
43604802,"SAN MATEO SUB, CIRCUIT BREAKERS",0.055302367118936976,24,T,BRKR,,,,,left_only
40990514,"OLD KEARNEY SUB, CIRCUIT BREAKERS",0.05519199873002157,24,T,BRKR,,,,,left_only
43148678,"EASTSHORE SUB, CIRCUIT BREAKERS",0.05514572367595874,24,T,BRKR,,,,,left_only
43199914,"HUMBOLDT SUB, CIRCUIT BREAKERS",0.05510236711893698,24,T,BRKR,,,,,left_only
42773513,"WEST FRESNO SUB, CIRCUIT BREAKERS",0.05504572367595874,24,T,BRKR,,,,,left_only
43208890,"SAN FRAN P(HUNTERS POINT) SUB, BRKR",0.055002367118936975,24,T,BRKR,,,,,left_only
43199946,"HUMBOLDT SUB, CIRCUIT BREAKERS",0.055002367118936975,24,T,BRKR,,,,,left_only
42836108,"DAIRYLAND SUB, CIRCUIT BREAKERS",0.05490236711893698,24,T,BRKR,,,,,left_only
43145755,"HERNDON SUB, CIRCUIT BREAKERS",0.05489572367595874,24,T,BRKR,,,,,left_only
43241713,"KERN PP, CIRCUIT BREAKERS",0.05486932692716144,24,T,BRKR,,,,,left_only
41329324,"BIRDS LANDING SW STA, CIRCUIT BREAKERS",0.1160778960983868,33,T,BRKR,,,,,left_only
43238178,"CRAZY HORSE CANYON SW STA, CKT BREAKERS",0.05469199873002157,24,T,BRKR,,,,,left_only
42763153,"LOS ESTEROS SUB, CIRCUIT BREAKERS",0.05464572367595874,24,T,BRKR,,,,,left_only
42707438,"PANOCHE SUB, CIRCUIT BREAKERS",0.0827915509436695,24,T,BRKR,,,,,left_only
43604790,"SAN MATEO SUB, CIRCUIT BREAKERS",0.05460236711893698,24,T,BRKR,,,,,left_only
43142522,"ARCO SUB, CIRCUIT BREAKERS",0.05444572367595874,24,T,BRKR,,,,,left_only
43598922,"SAN JOSE B SUB, CIRCUIT BREAKERS",0.05444199873002157,24,T,BRKR,,,,,left_only
43604797,"SAN MATEO SUB, CIRCUIT BREAKERS",0.05440236711893698,24,T,BRKR,,,,,left_only
43604819,"SAN MATEO SUB, CIRCUIT BREAKERS",0.05440236711893698,24,T,BRKR,,,,,left_only
43199879,"HUMBOLDT SUB, CIRCUIT BREAKERS",0.05440236711893698,24,T,BRKR,,,,,left_only
42830563,"HERNDON SUB, CIRCUIT BREAKERS",0.05439572367595874,24,T,BRKR,,,,,left_only
42691970,"GATES SUB, CIRCUIT BREAKERS",0.07678039288413756,24,T,BRKR,,,,,left_only
43227544,"BIG RIVER SUB, CIRCUIT BREAKERS",0.05429199873002157,23,T,BRKR,,,,,left_only
43175623,"ANITA SUB, CIRCUIT BREAKERS",0.05424572367595874,24,T,BRKR,,,,,left_only
44305709,"PALO ALTO SW STA, CIRCUIT BREAKERS",0.05421198375886856,24,T,BRKR,,,,,left_only
43194039,"ORO LOMA SUB, CIRCUIT BREAKERS",0.05419199873002157,24,T,BRKR,,,,,left_only
43229103,"LAMONT SUB, CIRCUIT BREAKERS",0.05414199873002157,24,T,BRKR,,,,,left_only
42757022,"SAN MATEO SUB, CIRCUIT BREAKERS",0.061469631636497366,24,T,BRKR,,,,,left_only
45036760,"LOS ESTEROS SUB, CIRCUIT BREAKERS",0.02348722028651631,13,T,BRKR,,,,,left_only
42831763,"WAUKENA SW STA, CIRCUIT BREAKERS",0.05389572367595874,24,T,BRKR,,,,,left_only
43170057,"EAST NICOLAUS SUB, CIRCUIT BREAKERS",0.05379199873002157,24,T,BRKR,,,,,left_only
43142525,"ARCO SUB, CIRCUIT BREAKERS",0.05364572367595874,24,T,BRKR,,,,,left_only
43147764,"MANCHESTER SUB, CIRCUIT BREAKERS",0.05364199873002157,24,T,BRKR,,,,,left_only
41201449,"LOS BANOS SUB, CIRCUIT BREAKERS",0.17378377738866851,34,T,BRKR,,,,,left_only
43238185,"CRAZY HORSE CANYON SW STA, CKT BREAKERS",0.05354199873002157,24,T,BRKR,,,,,left_only
43604814,"SAN MATEO SUB, CIRCUIT BREAKERS",0.05350236711893698,24,T,BRKR,,,,,left_only
41301640,"TABLE MTN SUB, CIRCUIT BREAKERS",0.12500529927904253,34,T,BRKR,,,,,left_only
43191666,"SALADO SUB, CIRCUIT BREAKERS",0.05344199873002157,24,T,BRKR,,,,,left_only
44894091,"VACA DIXON SUB, CIRCUIT BREAKERS",0.02697441394393041,14,T,BRKR,,,,,left_only
44775752,"VACA DIXON SUB, CIRCUIT BREAKERS",0.02642441394393041,14,T,BRKR,,,,,left_only
44775754,"VACA DIXON SUB, CIRCUIT BREAKERS",0.02542441394393041,14,T,BRKR,,,,,left_only
44775755,"VACA DIXON SUB, CIRCUIT BREAKERS",0.02607441394393041,14,T,BRKR,,,,,left_only
44775756,"VACA DIXON SUB, CIRCUIT BREAKERS",0.02487441394393041,14,T,BRKR,,,,,left_only
44775757,"VACA DIXON SUB, CIRCUIT BREAKERS",0.03017441394393041,14,T,BRKR,,,,,left_only
43223158,"NEW KEARNEY SUB, CIRCUIT BREAKERS",0.05334199873002157,24,T,BRKR,,,,,left_only
43236403,"NEW KEARNEY SUB, CIRCUIT BREAKERS",0.05334199873002157,24,T,BRKR,,,,,left_only
40990084,"GREGG SUB, CIRCUIT BREAKERS",0.1843421274335817,33,T,BRKR,,,,,left_only
43238187,"CRAZY HORSE CANYON SW STA, CKT BREAKERS",0.05319199873002157,24,T,BRKR,,,,,left_only
43191648,"SALADO SUB, CIRCUIT BREAKERS",0.05309199873002157,24,T,BRKR,,,,,left_only
41158176,"LOS ESTEROS SUB, CIRCUIT BREAKERS",0.15235651220042995,33,T,BRKR,,,,,left_only
43199877,"HUMBOLDT SUB, CIRCUIT BREAKERS",0.05300236711893698,24,T,BRKR,,,,,left_only
43182813,"GEYSERS 3 & 4 PP SW STA, CIRCUIT BREAKER",0.05299572367595874,24,T,BRKR,,,,,left_only
43196353,"CORTINA SUB, CIRCUIT BREAKERS",0.05289199873002157,24,T,BRKR,,,,,left_only
43180462,"ADOBE SW STA, CIRCUIT BREAKERS",0.05289199873002157,24,T,BRKR,,,,,left_only
43227278,"KENT SW STA, CIRCUIT BREAKERS",0.05289199873002157,24,T,BRKR,,,,,left_only
43248514,"MERCY SPRINGS SW STA, CIRCUIT BREAKERS",0.05284199873002157,24,T,BRKR,,,,,left_only
43239355,"EAST NICOLAUS SUB, CIRCUIT BREAKERS",0.052691998730021575,24,T,BRKR,,,,,left_only
43196351,"CORTINA SUB, CIRCUIT BREAKERS",0.05259199873002157,24,T,BRKR,,,,,left_only
43180460,"ADOBE SW STA, CIRCUIT BREAKERS",0.05259199873002157,24,T,BRKR,,,,,left_only
44166527,"CROW CREEK SW STA, CIRCUIT BREAKERS",0.05256932692716143,24,T,BRKR,,,,,left_only
41142549,"ROUND MTN SUB, CIRCUIT BREAKERS",0.13720435576991272,34,T,BRKR,,,,,left_only
43221023,"MALAGA SUB, CIRCUIT BREAKERS",0.05249199873002157,24,T,BRKR,,,,,left_only
43181153,"RIO BRAVO SUB, CIRCUIT BREAKERS",0.05234199873002157,24,T,BRKR,,,,,left_only
41211238,"METCALF SUB, CIRCUIT BREAKERS",0.13170529927904254,34,T,BRKR,,,,,left_only
43238184,"CRAZY HORSE CANYON SW STA, CKT BREAKERS",0.05224199873002157,24,T,BRKR,,,,,left_only
42787250,"ARCO SUB, CIRCUIT BREAKERS",0.05218090523169421,24,T,BRKR,,,,,left_only
43191660,"SALADO SUB, CIRCUIT BREAKERS",0.05214199873002157,24,T,BRKR,,,,,left_only
43229399,"LOUISE SUB, CIRCUIT BREAKERS",0.05214199873002157,23,T,BRKR,,,,,left_only
43223156,"NEW KEARNEY SUB, CIRCUIT BREAKERS",0.05209199873002157,24,T,BRKR,,,,,left_only
42627550,"GLENN SUB, CIRCUIT BREAKERS",0.05208768956486267,24,T,BRKR,,,,,left_only
43604795,"SAN MATEO SUB, CIRCUIT BREAKERS",0.05200236711893698,24,T,BRKR,,,,,left_only
43604803,"SAN MATEO SUB, CIRCUIT BREAKERS",0.05200236711893698,24,T,BRKR,,,,,left_only
43229122,"LAMONT SUB, CIRCUIT BREAKERS",0.05199199873002157,24,T,BRKR,,,,,left_only
43248516,"MERCY SPRINGS SW STA, CIRCUIT BREAKERS",0.051941998730021574,24,T,BRKR,,,,,left_only
43199882,"HUMBOLDT SUB, CIRCUIT BREAKERS",0.051902367118936976,24,T,BRKR,,,,,left_only
43248482,"MERCY SPRINGS SW STA, CIRCUIT BREAKERS",0.05184199873002157,24,T,BRKR,,,,,left_only
43199924,"HUMBOLDT SUB, CIRCUIT BREAKERS",0.05180236711893697,24,T,BRKR,,,,,left_only
43200025,"HUMBOLDT SUB, CIRCUIT BREAKERS",0.05180236711893697,24,T,BRKR,,,,,left_only
43210830,"EAST NICOLAUS SUB, CIRCUIT BREAKERS",0.05179199873002157,24,T,BRKR,,,,,left_only
43229087,"LAMONT SUB, CIRCUIT BREAKERS",0.05179199873002157,24,T,BRKR,,,,,left_only
45415108,"GATES SUB, CIRCUIT BREAKERS",0.0422,24,T,BRKR,,,,,left_only
43184525,"NEW KEARNEY SUB, CIRCUIT BREAKERS",0.051691998730021574,24,T,BRKR,,,,,left_only
43229062,"LAMONT SUB, CIRCUIT BREAKERS",0.051691998730021574,24,T,BRKR,,,,,left_only
43170062,"EAST NICOLAUS SUB, CIRCUIT BREAKERS",0.05154199873002157,24,T,BRKR,,,,,left_only
43158025,"CORTINA SUB, CIRCUIT BREAKERS",0.05154199873002157,24,T,BRKR,,,,,left_only
44156754,"WEBER SUB, CIRCUIT BREAKERS",0.051519326927161435,24,T,BRKR,,,,,left_only
43604805,"SAN MATEO SUB, CIRCUIT BREAKERS",0.05150236711893698,24,T,BRKR,,,,,left_only
43170095,"EAST NICOLAUS SUB, CIRCUIT BREAKERS",0.05149199873002157,24,T,BRKR,,,,,left_only
41158181,"LOS ESTEROS SUB, CIRCUIT BREAKERS",0.16685651220042996,33,T,BRKR,,,,,left_only
44214445,"RIO DELL JCT, CIRCUIT BREAKERS",0.051487689564862674,23,T,BRKR,,,,,left_only
43604801,"SAN MATEO SUB, CIRCUIT BREAKERS",0.051402367118936976,24,T,BRKR,,,,,left_only
43604808,"SAN MATEO SUB, CIRCUIT BREAKERS",0.051402367118936976,24,T,BRKR,,,,,left_only
43690133,"SOBRANTE SUB, CIRCUIT BREAKERS",0.051323842169238076,24,T,BRKR,,,,,left_only
43238189,"CRAZY HORSE CANYON SW STA, CKT BREAKERS",0.05129199873002157,24,T,BRKR,,,,,left_only
44149214,"GLENN SUB, CIRCUIT BREAKERS",0.051269326927161435,24,T,BRKR,,,,,left_only
41211239,"METCALF SUB, CIRCUIT BREAKERS",0.13870529927904254,34,T,BRKR,,,,,left_only
43229070,"LAMONT SUB, CIRCUIT BREAKERS",0.05124199873002157,24,T,BRKR,,,,,left_only
44775758,"VACA DIXON SUB, CIRCUIT BREAKERS",0.02537441394393041,14,T,BRKR,,,,,left_only
43227288,"KENT SW STA, CIRCUIT BREAKERS",0.05114199873002157,24,T,BRKR,,,,,left_only
44169376,"MOSHER SUB, CIRCUIT BREAKERS",0.05111932692716144,24,T,BRKR,,,,,left_only
41142550,"ROUND MTN SUB, CIRCUIT BREAKERS",0.12570435576991273,34,T,BRKR,,,,,left_only
43604792,"SAN MATEO SUB, CIRCUIT BREAKERS",0.05100236711893698,24,T,BRKR,,,,,left_only
43182410,"DAIRYLAND SUB, CIRCUIT BREAKERS",0.05089199873002157,24,T,BRKR,,,,,left_only
43211501,"STAGG SUB, CIRCUIT BREAKERS",0.05084199873002157,24,T,BRKR,,,,,left_only
45415110,"GATES SUB, CIRCUIT BREAKERS",0.0276,14,T,BRKR,,,,,left_only
41360591,"MORAGA SUB, CIRCUIT BREAKERS",0.4503,44,T,BRKR,,,,,left_only
43230743,"MORAGA SUB, CIRCUIT BREAKERS",0.05079199873002157,24,T,BRKR,,,,,left_only
43181155,"RIO BRAVO SUB, CIRCUIT BREAKERS",0.05079199873002157,24,T,BRKR,,,,,left_only
44202364,"SOBRANTE SUB, CIRCUIT BREAKERS",0.05079065144664145,24,T,BRKR,,,,,left_only
43230709,"MENDOTA SUB, CIRCUIT BREAKERS",0.05069199873002157,24,T,BRKR,,,,,left_only
44329994,"LE GRAND SUB, CIRCUIT BREAKERS",0.05061783920331886,24,T,BRKR,,,,,left_only
43229077,"LAMONT SUB, CIRCUIT BREAKERS",0.05059199873002157,24,T,BRKR,,,,,left_only
40991553,"GREGG SUB, CIRCUIT BREAKERS",0.18389889496737988,34,T,BRKR,,,,,left_only
41153179,"METCALF SUB, CIRCUIT BREAKERS",0.170779953081667,34,T,BRKR,,,,,left_only
43695425,"SOBRANTE SUB, CIRCUIT BREAKERS",0.05052384216923808,24,T,BRKR,,,,,left_only
41138846,"TESLA SUB, CIRCUIT BREAKERS",0.13715435576991272,33,T,BRKR,,,,,left_only
42686500,"SAN MATEO SUB, CIRCUIT BREAKERS",0.08545385734873286,24,T,BRKR,,,,,left_only
43230697,"MENDOTA SUB, CIRCUIT BREAKERS",0.05044199873002157,24,T,BRKR,,,,,left_only
44166533,"CROW CREEK SW STA, CIRCUIT BREAKERS",0.05041932692716143,24,T,BRKR,,,,,left_only
43600141,"SMYRNA SUB, CIRCUIT BREAKERS",0.050319326927161435,24,T,BRKR,,,,,left_only
43170098,"EAST NICOLAUS SUB, CIRCUIT BREAKERS",0.05024199873002157,24,T,BRKR,,,,,left_only
43170065,"EAST NICOLAUS SUB, CIRCUIT BREAKERS",0.05024199873002157,24,T,BRKR,,,,,left_only
43604811,"SAN MATEO SUB, CIRCUIT BREAKERS",0.050202367118936976,24,T,BRKR,,,,,left_only
43229129,"LAMONT SUB, CIRCUIT BREAKERS",0.05019199873002157,24,T,BRKR,,,,,left_only
43238190,"CRAZY HORSE CANYON SW STA, CKT BREAKERS",0.05019199873002157,24,T,BRKR,,,,,left_only
45415112,"GATES SUB, CIRCUIT BREAKERS",0.0317,14,T,BRKR,,,,,left_only
43704534,"LEPRINO SW STA, CIRCUIT BREAKERS",0.05016932692716144,24,T,BRKR,,,,,left_only
43229019,"LAMONT SUB, CIRCUIT BREAKERS",0.05014199873002157,24,T,BRKR,,,,,left_only
40990545,"DIABLO CANYON PP, CIRCUIT BREAKERS",0.20699718163095268,44,T,BRKR,,,,,left_only
43227291,"KENT SW STA, CIRCUIT BREAKERS",0.05009199873002157,24,T,BRKR,,,,,left_only
44163180,"OAKLAND J SUB, CIRCUIT BREAKERS",0.050069326927161435,24,T,BRKR,,,,,left_only
43229031,"LAMONT SUB, CIRCUIT BREAKERS",0.05004199873002157,24,T,BRKR,,,,,left_only
41211240,"METCALF SUB, CIRCUIT BREAKERS",0.13914990029204663,34,T,BRKR,,,,,left_only
43604800,"SAN MATEO SUB, CIRCUIT BREAKERS",0.049902367118936974,24,T,BRKR,,,,,left_only
41183536,"LOS BANOS SUB, CIRCUIT BREAKERS",0.13284990029204663,34,T,BRKR,,,,,left_only
43196349,"CORTINA SUB, CIRCUIT BREAKERS",0.04984199873002157,24,T,BRKR,,,,,left_only
43191664,"SALADO SUB, CIRCUIT BREAKERS",0.04984199873002157,24,T,BRKR,,,,,left_only
43238182,"CRAZY HORSE CANYON SW STA, CKT BREAKERS",0.04984199873002157,24,T,BRKR,,,,,left_only
43602258,"SOBRANTE SUB, CIRCUIT BREAKERS",0.049823842169238075,24,T,BRKR,,,,,left_only
44163473,"EXCELSIOR SW STA, CIRCUIT BREAKERS",0.049819326927161435,24,T,BRKR,,,,,left_only
43188124,"KERN PP, CIRCUIT BREAKERS",0.04979199873002157,24,T,BRKR,,,,,left_only
43170047,"EAST NICOLAUS SUB, CIRCUIT BREAKERS",0.04979199873002157,24,T,BRKR,,,,,left_only
43223160,"NEW KEARNEY SUB, CIRCUIT BREAKERS",0.04979199873002157,24,T,BRKR,,,,,left_only
41198671,"GATES SUB, CIRCUIT BREAKERS",0.13154990029204663,34,T,BRKR,,,,,left_only
43700387,"FORT ROSS SUB, CIRCUIT BREAKERS",0.049769326927161434,23,T,BRKR,,,,,left_only
43594516,"SUTTER HOME SW STA, CIRCUIT BREAKERS",0.04971932692716144,24,T,BRKR,,,,,left_only
44164690,"CONTRA COSTA SUB, CIRCUIT BREAKERS",0.04971932692716144,23,T,BRKR,,,,,left_only
43604804,"SAN MATEO SUB, CIRCUIT BREAKERS",0.049702367118936976,24,T,BRKR,,,,,left_only
43232503,"CALLENDER SW STA, CIRCUIT BREAKERS",0.04969199873002157,24,T,BRKR,,,,,left_only
40991574,"ROUND MTN SUB, CIRCUIT BREAKERS",0.18286183772810585,34,T,BRKR,,,,,left_only
40991575,"ROUND MTN SUB, CIRCUIT BREAKERS",0.18206183772810586,34,T,BRKR,,,,,left_only
40991576,"ROUND MTN SUB, CIRCUIT BREAKERS",0.18231183772810586,34,T,BRKR,,,,,left_only
43230704,"MENDOTA SUB, CIRCUIT BREAKERS",0.049541998730021575,24,T,BRKR,,,,,left_only
43604812,"SAN MATEO SUB, CIRCUIT BREAKERS",0.04950236711893698,24,T,BRKR,,,,,left_only
43604817,"SAN MATEO SUB, CIRCUIT BREAKERS",0.04950236711893698,24,T,BRKR,,,,,left_only
41176926,"TESLA SUB, CIRCUIT BREAKERS",0.1193884135243763,33,T,BRKR,,,,,left_only
40990546,"DIABLO CANYON PP, CIRCUIT BREAKERS",0.408,44,T,BRKR,,,,,left_only
42836745,"LAKEWOOD SUB, CIRCUIT BREAKERS",0.04947072367595874,24,T,BRKR,,,,,left_only
43229050,"LAMONT SUB, CIRCUIT BREAKERS",0.04944199873002157,24,T,BRKR,,,,,left_only
43604791,"SAN MATEO SUB, CIRCUIT BREAKERS",0.049402367118936974,24,T,BRKR,,,,,left_only
45223144,"MIDWAY SUB, CIRCUIT BREAKERS",0.0494,24,T,BRKR,,,,,left_only
43238181,"CRAZY HORSE CANYON SW STA, CKT BREAKERS",0.04939199873002157,24,T,BRKR,,,,,left_only
43180458,"ADOBE SW STA, CIRCUIT BREAKERS",0.04934199873002157,24,T,BRKR,,,,,left_only
44208305,"RIPON SUB, CIRCUIT BREAKERS",0.049337689564862675,24,T,BRKR,,,,,left_only
43702133,"SOBRANTE SUB, CIRCUIT BREAKERS",0.049323842169238075,24,T,BRKR,,,,,left_only
43604806,"SAN MATEO SUB, CIRCUIT BREAKERS",0.04930236711893698,24,T,BRKR,,,,,left_only
43604807,"SAN MATEO SUB, CIRCUIT BREAKERS",0.04930236711893698,24,T,BRKR,,,,,left_only
43224925,"KENT SW STA, CIRCUIT BREAKERS",0.04929199873002157,24,T,BRKR,,,,,left_only
43681508,"CRESSEY SUB, CIRCUIT BREAKERS",0.04921932692716144,24,T,BRKR,,,,,left_only
40991577,"ROUND MTN SUB, CIRCUIT BREAKERS",0.18251183772810586,34,T,BRKR,,,,,left_only
40991578,"ROUND MTN SUB, CIRCUIT BREAKERS",0.18296183772810587,34,T,BRKR,,,,,left_only
40991579,"ROUND MTN SUB, CIRCUIT BREAKERS",0.18161183772810585,34,T,BRKR,,,,,left_only
43191635,"SALADO SUB, CIRCUIT BREAKERS",0.04919199873002157,24,T,BRKR,,,,,left_only
43170060,"EAST NICOLAUS SUB, CIRCUIT BREAKERS",0.04909199873002157,24,T,BRKR,,,,,left_only
43227284,"KENT SW STA, CIRCUIT BREAKERS",0.04909199873002157,24,T,BRKR,,,,,left_only
44198319,"OAKLAND D SUB, CIRCUIT BREAKERS",0.049090651446641445,24,T,BRKR,,,,,left_only
43682559,"SOBRANTE SUB, CIRCUIT BREAKERS",0.04902384216923808,24,T,BRKR,,,,,left_only
43173175,"ARCO SUB, CIRCUIT BREAKERS",0.04899199873002157,24,T,BRKR,,,,,left_only
43233370,"SAN FRAN X (MISSION) SUB, CIRCUIT BRKR",0.04894199873002157,24,T,BRKR,,,,,left_only
43704535,"LEPRINO SW STA, CIRCUIT BREAKERS",0.048869326927161436,24,T,BRKR,,,,,left_only
43590592,"LAMONT SUB, CIRCUIT BREAKERS",0.048819326927161434,24,T,BRKR,,,,,left_only
43220895,"MALAGA SUB, CIRCUIT BREAKERS",0.04869199873002157,24,T,BRKR,,,,,left_only
43230679,"MENDOTA SUB, CIRCUIT BREAKERS",0.04869199873002157,24,T,BRKR,,,,,left_only
41224031,"RIO DELL JCT, CIRCUIT BREAKERS",0.04868768956486267,23,T,BRKR,,,,,left_only
43702457,"LAYTONVILLE SUB, CIRCUIT BREAKERS",0.048619326927161435,24,T,BRKR,,,,,left_only
43604809,"SAN MATEO SUB, CIRCUIT BREAKERS",0.04860236711893698,24,T,BRKR,,,,,left_only
40990625,"METCALF SUB, CIRCUIT BREAKERS",0.18859718163095268,34,T,BRKR,,,,,left_only
43704244,"COTATI SUB, CIRCUIT BREAKERS",0.04841932692716144,24,T,BRKR,,,,,left_only
44899304,"TESLA SUB, CIRCUIT BREAKERS",0.1196,33,T,BRKR,,,,,left_only
40995605,"CONTRA COSTA PP SW STA, CIRCUIT BREAKERS",0.25282524784567734,44,T,BRKR,,,,,left_only
43154915,"BELLOTA SUB, CIRCUIT BREAKERS",0.04984572367595874,24,T,BRKR,,,,,left_only
44163469,"EXCELSIOR SW STA, CIRCUIT BREAKERS",0.048169326927161436,24,T,BRKR,,,,,left_only
43191643,"SALADO SUB, CIRCUIT BREAKERS",0.04814199873002157,24,T,BRKR,,,,,left_only
43233368,"SAN FRAN X (MISSION) SUB, CIRCUIT BRKR",0.04809199873002157,24,T,BRKR,,,,,left_only
44166531,"CROW CREEK SW STA, CIRCUIT BREAKERS",0.04806932692716143,24,T,BRKR,,,,,left_only
43230700,"MENDOTA SUB, CIRCUIT BREAKERS",0.04799199873002157,24,T,BRKR,,,,,left_only
43230702,"MENDOTA SUB, CIRCUIT BREAKERS",0.04799199873002157,24,T,BRKR,,,,,left_only
43598183,"WHEELER RIDGE SUB, CIRCUIT BREAKERS",0.04796932692716144,24,T,BRKR,,,,,left_only
43233371,"SAN FRAN X (MISSION) SUB, CIRCUIT BRKR",0.04794199873002157,24,T,BRKR,,,,,left_only
43590597,"LAMONT SUB, CIRCUIT BREAKERS",0.04776932692716143,24,T,BRKR,,,,,left_only
43704537,"LEPRINO SW STA, CIRCUIT BREAKERS",0.04771932692716144,24,T,BRKR,,,,,left_only
43680395,"LOCKHEED #1 SUB, CIRCUIT BREAKERS",0.04771932692716144,24,T,BRKR,,,,,left_only
43683766,"ALPAUGH SUB, CIRCUIT BREAKERS",0.047669326927161436,24,T,BRKR,,,,,left_only
44149242,"GLENN SUB, CIRCUIT BREAKERS",0.047619326927161434,24,T,BRKR,,,,,left_only
43604822,"SAN MATEO SUB, CIRCUIT BREAKERS",0.047502367118936975,24,T,BRKR,,,,,left_only
43691544,"WESTPARK SUB, CIRCUIT BREAKERS",0.04746932692716144,24,T,BRKR,,,,,left_only
44149239,"GLENN SUB, CIRCUIT BREAKERS",0.047419326927161436,24,T,BRKR,,,,,left_only
40991580,"ROUND MTN SUB, CIRCUIT BREAKERS",0.16026183772810587,34,T,BRKR,,,,,left_only
43230713,"MENDOTA SUB, CIRCUIT BREAKERS",0.04734199873002157,24,T,BRKR,,,,,left_only
43230707,"MENDOTA SUB, CIRCUIT BREAKERS",0.04734199873002157,24,T,BRKR,,,,,left_only
43680397,"LOCKHEED #1 SUB, CIRCUIT BREAKERS",0.04731932692716144,24,T,BRKR,,,,,left_only
43233367,"SAN FRAN X (MISSION) SUB, CIRCUIT BRKR",0.04729199873002157,24,T,BRKR,,,,,left_only
44163476,"EXCELSIOR SW STA, CIRCUIT BREAKERS",0.04726932692716143,24,T,BRKR,,,,,left_only
42625335,"LAKEVILLE SUB, CIRCUIT BREAKERS",0.09248979979290102,23,T,BRKR,,,,,left_only
43683471,"LAKEVIEW SUB, CIRCUIT BREAKERS",0.047119326927161434,24,T,BRKR,,,,,left_only
44246546,"DOLAN RD SUB, CIRCUIT BREAKERS",0.04698768956486267,24,T,BRKR,,,,,left_only
43683484,"LAKEVIEW SUB, CIRCUIT BREAKERS",0.046998457361944045,24,T,BRKR,,,,,left_only
43182090,"CORTINA SUB, CIRCUIT BREAKERS",0.04694718292447927,24,T,BRKR,,,,,left_only
43704533,"LEPRINO SW STA, CIRCUIT BREAKERS",0.046869326927161434,24,T,BRKR,,,,,left_only
44163475,"EXCELSIOR SW STA, CIRCUIT BREAKERS",0.046869326927161434,24,T,BRKR,,,,,left_only
43593809,"ALTO SUB, CIRCUIT BREAKERS",0.046869326927161434,24,T,BRKR,,,,,left_only
43233362,"SAN FRAN X (MISSION) SUB, CIRCUIT BRKR",0.04684199873002157,24,T,BRKR,,,,,left_only
43604823,"SAN MATEO SUB, CIRCUIT BREAKERS",0.046802367118936976,24,T,BRKR,,,,,left_only
43594509,"SUTTER HOME SW STA, CIRCUIT BREAKERS",0.04676932692716144,24,T,BRKR,,,,,left_only
43692485,"MORAGA SUB, CIRCUIT BREAKERS",0.046719326927161436,24,T,BRKR,,,,,left_only
44163474,"EXCELSIOR SW STA, CIRCUIT BREAKERS",0.046669326927161435,24,T,BRKR,,,,,left_only
40991581,"ROUND MTN SUB, CIRCUIT BREAKERS",0.16036183772810586,34,T,BRKR,,,,,left_only
40991583,"ROUND MTN SUB, CIRCUIT BREAKERS",0.18596183772810587,34,T,BRKR,,,,,left_only
42714844,"MORRO BAY SW STA, CIRCUIT BREAKERS",0.07255201676843424,24,T,BRKR,,,,,left_only
43604005,"MORAGA SUB, CIRCUIT BREAKERS",0.046469326927161436,24,T,BRKR,,,,,left_only
43687465,"SOLEDAD SUB, CIRCUIT BREAKERS",0.046469326927161436,23,T,BRKR,,,,,left_only
43233359,"SAN FRAN X (MISSION) SUB, CIRCUIT BRKR",0.04644199873002157,24,T,BRKR,,,,,left_only
43233364,"SAN FRAN X (MISSION) SUB, CIRCUIT BRKR",0.04644199873002157,24,T,BRKR,,,,,left_only
44271159,"KASSON SUB, CIRCUIT BREAKERS",0.04643768956486267,24,T,BRKR,,,,,left_only
43695699,"OAKLAND K (CLAREMONT) SUB, CIRCUIT BRKR",0.046419326927161435,24,T,BRKR,,,,,left_only
43693972,"GALLO SUB, CIRCUIT BREAKERS",0.046419326927161435,24,T,BRKR,,,,,left_only
45123701,"MIDWAY SUB, CIRCUIT BREAKERS",0.0464,24,T,BRKR,,,,,left_only
42748498,"PITTSBURG PP, CIRCUIT BREAKERS",0.06426963163649736,24,T,BRKR,,,,,left_only
43233365,"SAN FRAN X (MISSION) SUB, CIRCUIT BRKR",0.04634199873002157,24,T,BRKR,,,,,left_only
44163471,"EXCELSIOR SW STA, CIRCUIT BREAKERS",0.04631932692716144,24,T,BRKR,,,,,left_only
40995548,"BELLOTA SUB, CIRCUIT BREAKERS",0.3481906295891279,44,T,BRKR,,,,,left_only
43950972,"COTATI SUB, CIRCUIT BREAKERS",0.04626932692716144,24,T,BRKR,,,,,left_only
43233358,"SAN FRAN X (MISSION) SUB, CIRCUIT BRKR",0.04624199873002157,24,T,BRKR,,,,,left_only
43233356,"SAN FRAN X (MISSION) SUB, CIRCUIT BRKR",0.04624199873002157,24,T,BRKR,,,,,left_only
43604813,"SAN MATEO SUB, CIRCUIT BREAKERS",0.04620236711893698,24,T,BRKR,,,,,left_only
45366571,"CONTRA COSTA PP SW STA, CIRCUIT BREAKERS",0.019344211833066314,14,T,BRKR,,,,,left_only
43233369,"SAN FRAN X (MISSION) SUB, CIRCUIT BRKR",0.04614199873002157,24,T,BRKR,,,,,left_only
44149204,"GLENN SUB, CIRCUIT BREAKERS",0.04611932692716143,24,T,BRKR,,,,,left_only
44148408,"OAKLAND C (OAKLAND PP) SUB, CIRCUIT BRKR",0.04611932692716143,24,T,BRKR,,,,,left_only
43233366,"SAN FRAN X (MISSION) SUB, CIRCUIT BRKR",0.04609199873002157,24,T,BRKR,,,,,left_only
43233363,"SAN FRAN X (MISSION) SUB, CIRCUIT BRKR",0.04609199873002157,24,T,BRKR,,,,,left_only
43704530,"LEPRINO SW STA, CIRCUIT BREAKERS",0.04606932692716144,24,T,BRKR,,,,,left_only
43233360,"SAN FRAN X (MISSION) SUB, CIRCUIT BRKR",0.04604199873002157,24,T,BRKR,,,,,left_only
43233372,"SAN FRAN X (MISSION) SUB, CIRCUIT BRKR",0.04604199873002157,24,T,BRKR,,,,,left_only
44149238,"STAGG SUB, CIRCUIT BREAKERS",0.045919326927161434,24,T,BRKR,,,,,left_only
44204227,"EUREKA E SUB, CIRCUIT BREAKERS",0.045887689564862666,24,T,BRKR,,,,,left_only
43680393,"LOCKHEED #1 SUB, CIRCUIT BREAKERS",0.04586932692716143,24,T,BRKR,,,,,left_only
43233374,"SAN FRAN X (MISSION) SUB, CIRCUIT BRKR",0.04584199873002157,24,T,BRKR,,,,,left_only
43233361,"SAN FRAN X (MISSION) SUB, CIRCUIT BRKR",0.04584199873002157,24,T,BRKR,,,,,left_only
43591344,"SCHINDLER SUB, CIRCUIT BREAKERS",0.04581932692716144,24,T,BRKR,,,,,left_only
43688686,"NORTECH SUB, CIRCUIT BREAKERS",0.04576932692716144,24,T,BRKR,,,,,left_only
43681506,"CRESSEY SUB, CIRCUIT BREAKERS",0.04561932692716143,24,T,BRKR,,,,,left_only
44227059,"VALLECITOS SUB, CIRCUIT BREAKERS",0.04558768956486267,23,T,BRKR,,,,,left_only
43680394,"LOCKHEED #1 SUB, CIRCUIT BREAKERS",0.04556932692716144,24,T,BRKR,,,,,left_only
44177863,"EAGLE ROCK SUB, CIRCUIT BREAKERS",0.04548768956486267,24,T,BRKR,,,,,left_only
43690227,"MORAGA SUB, CIRCUIT BREAKERS",0.045469326927161435,24,T,BRKR,,,,,left_only
44076858,"DIVIDE SUB, CIRCUIT BREAKERS",0.045419326927161434,24,T,BRKR,,,,,left_only
43233373,"SAN FRAN X (MISSION) SUB, CIRCUIT BRKR",0.045391998730021574,24,T,BRKR,,,,,left_only
43601806,"SAN FRAN A (POTRERO PP) SUB, CIR BRKRS",0.04536932692716143,24,T,BRKR,,,,,left_only
43595679,"BLACKWELL SUB, CIRCUIT BREAKERS",0.04536932692716143,23,T,BRKR,,,,,left_only
44420243,"ESSEX JCT, CIRCUIT BREAKERS",0.04530612831441825,23,T,BRKR,,,,,left_only
45153364,"DOLAN RD SUB, CIRCUIT BREAKERS",0.0453,24,T,BRKR,,,,,left_only
43598135,"DIVIDE SUB, CIRCUIT BREAKERS",0.045269326927161437,24,T,BRKR,,,,,left_only
43704536,"LEPRINO SW STA, CIRCUIT BREAKERS",0.045269326927161437,24,T,BRKR,,,,,left_only
40991584,"ROUND MTN SUB, CIRCUIT BREAKERS",0.16336183772810586,34,T,BRKR,,,,,left_only
44253394,"EAGLE ROCK SUB, CIRCUIT BREAKERS",0.045187689564862674,24,T,BRKR,,,,,left_only
44227047,"VALLECITOS SUB, CIRCUIT BREAKERS",0.045187689564862674,23,T,BRKR,,,,,left_only
43601830,"OAKLAND C (OAKLAND PP) SUB, CIRCUIT BRKR",0.04506932692716144,24,T,BRKR,,,,,left_only
43704532,"LEPRINO SW STA, CIRCUIT BREAKERS",0.04506932692716144,24,T,BRKR,,,,,left_only
44204226,"EUREKA E SUB, CIRCUIT BREAKERS",0.04503768956486267,24,T,BRKR,,,,,left_only
43595810,"ALTO SUB, CIRCUIT BREAKERS",0.045019326927161436,24,T,BRKR,,,,,left_only
44280608,"MARIPOSA SUB, CIRCUIT BREAKERS",0.04493768956486267,24,T,BRKR,,,,,left_only
44208310,"RIPON SUB, CIRCUIT BREAKERS",0.04483768956486267,24,T,BRKR,,,,,left_only
44156743,"WEBER SUB, CIRCUIT BREAKERS",0.04481932692716144,24,T,BRKR,,,,,left_only
44137730,"SHEPHERD SUB, CIRCUIT BREAKERS",0.04481932692716144,24,T,BRKR,,,,,left_only
40991585,"ROUND MTN SUB, CIRCUIT BREAKERS",0.16011183772810586,34,T,BRKR,,,,,left_only
43170100,"EAST NICOLAUS SUB, CIRCUIT BREAKERS",0.044769326927161436,24,T,BRKR,,,,,left_only
44137732,"SHEPHERD SUB, CIRCUIT BREAKERS",0.044769326927161436,24,T,BRKR,,,,,left_only
44208308,"RIPON SUB, CIRCUIT BREAKERS",0.04473768956486267,24,T,BRKR,,,,,left_only
44178446,"FRENCH CAMP SUB, CIRCUIT BREAKERS",0.04473768956486267,23,T,BRKR,,,,,left_only
44137731,"SHEPHERD SUB, CIRCUIT BREAKERS",0.044719326927161435,24,T,BRKR,,,,,left_only
40996069,"GREGG SUB, CIRCUIT BREAKERS",0.364789977961524,44,T,BRKR,,,,,left_only
43704531,"LEPRINO SW STA, CIRCUIT BREAKERS",0.04466932692716143,24,T,BRKR,,,,,left_only
43683496,"LAKEVIEW SUB, CIRCUIT BREAKERS",0.04456932692716144,24,T,BRKR,,,,,left_only
41330042,"SEMITROPIC SUB, CIRCUIT BREAKERS",0.04448768956486267,24,T,BRKR,,,,,left_only
44178426,"FRENCH CAMP SUB, CIRCUIT BREAKERS",0.04448768956486267,23,T,BRKR,,,,,left_only
40991586,"ROUND MTN SUB, CIRCUIT BREAKERS",0.18546183772810587,34,T,BRKR,,,,,left_only
41180196,"GATES SUB, CIRCUIT BREAKERS",0.13193143987691272,34,T,BRKR,,,,,left_only
40993656,"SAN RAMON SUB, CIRCUIT BREAKERS",0.31102699322549154,43,T,BRKR,,,,,left_only
43248532,"CALLENDER SW STA, CIRCUIT BREAKERS",0.04436932692716143,24,T,BRKR,,,,,left_only
44163477,"EXCELSIOR SW STA, CIRCUIT BREAKERS",0.04411932692716144,24,T,BRKR,,,,,left_only
44163472,"EXCELSIOR SW STA, CIRCUIT BREAKERS",0.04411932692716144,24,T,BRKR,,,,,left_only
44254645,"FULTON SUB, CIRCUIT BREAKERS",0.04408768956486267,24,T,BRKR,,,,,left_only
44148127,"DEL MONTE SUB, CIRCUIT BREAKERS",0.04406932692716144,24,T,BRKR,,,,,left_only
44244414,"DOLAN RD SUB, CIRCUIT BREAKERS",0.04403768956486267,24,T,BRKR,,,,,left_only
44156758,"WEBER SUB, CIRCUIT BREAKERS",0.04388768956486267,24,T,BRKR,,,,,left_only
40990675,"TABLE MTN SUB, CIRCUIT BREAKERS",0.18734371148855705,34,T,BRKR,,,,,left_only
43692480,"EL PATIO SUB, CIRCUIT BREAKERS",0.043719326927161434,24,T,BRKR,,,,,left_only
41112251,"PITTSBURG PP, CIRCUIT BREAKERS",0.155679953081667,34,T,BRKR,,,,,left_only
44157956,"OAKLAND D SUB, CIRCUIT BREAKERS",0.043569326927161436,24,T,BRKR,,,,,left_only
44137733,"SHEPHERD SUB, CIRCUIT BREAKERS",0.043519326927161435,24,T,BRKR,,,,,left_only
44188116,"SOBRANTE SUB, CIRCUIT BREAKERS",0.04349065144664145,24,T,BRKR,,,,,left_only
41197113,"COYOTE SW STA, CIRCUIT BREAKERS",0.1455744616955554,33,T,BRKR,,,,,left_only
44448345,"WINDSOR SUB, CIRCUIT BREAKERS",0.04345612831441825,24,T,BRKR,,,,,left_only
44156762,"WEBER SUB, CIRCUIT BREAKERS",0.04336932692716144,24,T,BRKR,,,,,left_only
44325838,"ELK SUB, CIRCUIT BREAKERS",0.04335612831441825,24,T,BRKR,,,,,left_only
43693975,"GALLO SUB, CIRCUIT BREAKERS",0.04316932692716144,24,T,BRKR,,,,,left_only
44204228,"EUREKA E SUB, CIRCUIT BREAKERS",0.04313768956486267,24,T,BRKR,,,,,left_only
44181018,"GIFFEN SUB, CIRCUIT BREAKERS",0.04308768956486267,24,T,BRKR,,,,,left_only
44149845,"IGNACIO SUB, CIRCUIT BREAKERS",0.04303768956486267,24,T,BRKR,,,,,left_only
44156749,"WEBER SUB, CIRCUIT BREAKERS",0.043019326927161435,24,T,BRKR,,,,,left_only
41180197,"GATES SUB, CIRCUIT BREAKERS",0.1315314398769127,34,T,BRKR,,,,,left_only
41180203,"GATES SUB, CIRCUIT BREAKERS",0.13248143987691272,34,T,BRKR,,,,,left_only
41180205,"GATES SUB, CIRCUIT BREAKERS",0.13263143987691273,34,T,BRKR,,,,,left_only
44192756,"BARTON SUB, CIRCUIT BREAKERS",0.04293768956486267,24,T,BRKR,,,,,left_only
44178114,"EAST NICOLAUS SUB, CIRCUIT BREAKERS",0.042737689564862666,24,T,BRKR,,,,,left_only
43595814,"ALTO SUB, CIRCUIT BREAKERS",0.04266932692716144,24,T,BRKR,,,,,left_only
41204596,"FULTON SUB, CIRCUIT BREAKERS",0.12470529927904253,34,T,BRKR,,,,,left_only
44181017,"GIFFEN SUB, CIRCUIT BREAKERS",0.042487689564862666,24,T,BRKR,,,,,left_only
44239758,"REEDLEY SUB, CIRCUIT BREAKERS",0.04238768956486267,23,T,BRKR,,,,,left_only
43594512,"SUTTER HOME SW STA, CIRCUIT BREAKERS",0.042269326927161434,24,T,BRKR,,,,,left_only
44626289,"SAN LUIS OBISPO SUB, CIRCUIT BREAKERS",0.04223269673053147,24,T,BRKR,,,,,left_only
44418713,"SOBRANTE SUB, CIRCUIT BREAKERS",0.04221198375886855,24,T,BRKR,,,,,left_only
41363252,"VACA DIXON SUB, CIRCUIT BREAKERS",0.10906336630578267,34,T,BRKR,,,,,left_only
44239759,"REEDLEY SUB, CIRCUIT BREAKERS",0.04213768956486267,23,T,BRKR,,,,,left_only
44171569,"CHRISTIE SUB, CIRCUIT BREAKERS",0.04210612831441825,24,T,BRKR,,,,,left_only
45618739,"CAPAY SUB, CIRCUIT BREAKERS",0.042,23,T,BRKR,,,,,left_only
44204229,"EUREKA E SUB, CIRCUIT BREAKERS",0.04168768956486267,24,T,BRKR,,,,,left_only
44181016,"GIFFEN SUB, CIRCUIT BREAKERS",0.04153768956486267,24,T,BRKR,,,,,left_only
41364078,"RAVENSWOOD SUB, CIRCUIT BREAKERS",0.09590612077325297,23,T,BRKR,,,,,left_only
44319089,"LERDO SUB, CIRCUIT BREAKERS",0.04135612831441825,24,T,BRKR,,,,,left_only
44184438,"BORDEN SUB, CIRCUIT BREAKERS",0.04128768956486267,24,T,BRKR,,,,,left_only
44162007,"MENLO SUB, CIRCUIT BREAKERS",0.04108768956486267,24,T,BRKR,,,,,left_only
44452202,"EAGLE ROCK SUB, CIRCUIT BREAKERS",0.04100612831441825,24,T,BRKR,,,,,left_only
42610602,"BIRDS LANDING SW STA, CIRCUIT BREAKERS",0.09327161848555969,23,T,BRKR,,,,,left_only
44301186,"FIVE POINTS SW STA, CIRCUIT BREAKERS",0.04098768956486267,24,T,BRKR,,,,,left_only
44448338,"WINDSOR SUB, CIRCUIT BREAKERS",0.04095612831441825,24,T,BRKR,,,,,left_only
44172423,"PANOCHE SUB, CIRCUIT BREAKERS",0.04083768956486267,24,T,BRKR,,,,,left_only
44280600,"MARIPOSA SUB, CIRCUIT BREAKERS",0.04078768956486267,24,T,BRKR,,,,,left_only
44203099,"SAN FRAN A (POTRERO PP) SUB, CIR BRKRS",0.04063768956486267,24,T,BRKR,,,,,left_only
41180210,"GATES SUB, CIRCUIT BREAKERS",0.13218143987691272,34,T,BRKR,,,,,left_only
42625336,"LAKEVILLE SUB, CIRCUIT BREAKERS",0.08908979979290102,23,T,BRKR,,,,,left_only
44761937,"EL CERRITO G SUB, CIRCUIT BREAKERS",0.04045612831441825,24,T,BRKR,,,,,left_only
42669461,"BORDEN SUB, CIRCUIT BREAKERS",0.08324155094366949,23,T,BRKR,,,,,left_only
43157604,"COTTONWOOD SUB, CIRCUIT BREAKERS",0.06761608678742967,23,T,BRKR,,,,,left_only
44181361,"RAVENSWOOD SUB, CIRCUIT BREAKERS",0.04038768956486267,24,T,BRKR,,,,,left_only
44172411,"BELLOTA SUB, CIRCUIT BREAKERS",0.04038768956486267,24,T,BRKR,,,,,left_only
44629300,"GREEN VALLEY SUB, CIRCUIT BREAKERS",0.04033269673053147,24,T,BRKR,,,,,left_only
44335148,"GOLD HILL SUB, CIRCUIT BREAKERS",0.04030612831441825,24,T,BRKR,,,,,left_only
44448614,"PALERMO SUB, CIRCUIT BREAKERS",0.04025612831441825,23,T,BRKR,,,,,left_only
44368444,"SOBRANTE SUB, CIRCUIT BREAKERS",0.04021198375886856,24,T,BRKR,,,,,left_only
44181014,"HERDLYN SUB, CIRCUIT BREAKERS",0.04020612831441825,23,T,BRKR,,,,,left_only
44303946,"KASSON SUB, CIRCUIT BREAKERS",0.04018768956486267,24,T,BRKR,,,,,left_only
44216774,"SPAULDING 1 & 2 PH, CIRCUIT BREAKERS",0.04018768956486267,24,T,BRKR,,,,,left_only
44153628,"WEBER SUB, CIRCUIT BREAKERS",0.04013768956486267,24,T,BRKR,,,,,left_only
44297492,"KASSON SUB, CIRCUIT BREAKERS",0.04013768956486267,24,T,BRKR,,,,,left_only
42759062,"PANOCHE SUB, CIRCUIT BREAKERS",0.06041963163649736,24,T,BRKR,,,,,left_only
44340440,"LAURELES SUB, CIRCUIT BREAKERS",0.04005612831441825,23,T,BRKR,,,,,left_only
44652437,"MCCALL SUB, CIRCUIT BREAKERS",0.03143269673053147,14,T,BRKR,,,,,left_only
44396514,"CORDELIA SUB, CIRCUIT BREAKERS",0.03995612831441825,23,T,BRKR,,,,,left_only
44867857,"HERNDON SUB, CIRCUIT BREAKERS",0.026887220286516307,13,T,BRKR,,,,,left_only
44192727,"SANTA MARIA SUB, CIRCUIT BREAKERS",0.03988768956486267,24,T,BRKR,,,,,left_only
44301184,"FIVE POINTS SW STA, CIRCUIT BREAKERS",0.039837689564862666,24,T,BRKR,,,,,left_only
44656581,"GATES SUB, CIRCUIT BREAKERS",0.025796028023379974,14,T,BRKR,,,,,left_only
44300999,"CLOVIS SUB, CIRCUIT BREAKERS",0.03973768956486267,24,T,BRKR,,,,,left_only
44239760,"REEDLEY SUB, CIRCUIT BREAKERS",0.03968768956486267,23,T,BRKR,,,,,left_only
44241236,"FULTON SUB, CIRCUIT BREAKERS",0.039637689564862674,24,T,BRKR,,,,,left_only
44656583,"GATES SUB, CIRCUIT BREAKERS",0.026396028023379974,14,T,BRKR,,,,,left_only
44686861,"VOLTA #1 PH, CIRCUIT BREAKERS",0.03945612831441825,23,T,BRKR,,,,,left_only
40995551,"BELLOTA SUB, CIRCUIT BREAKERS",0.37619062958912786,44,T,BRKR,,,,,left_only
41222108,"RIO BRAVO SUB, CIRCUIT BREAKERS",0.039406128314418254,24,T,BRKR,,,,,left_only
44301187,"FIVE POINTS SW STA, CIRCUIT BREAKERS",0.03938768956486267,24,T,BRKR,,,,,left_only
42829349,"CONTRA COSTA PP SW STA, CIRCUIT BREAKERS",0.05434572367595874,24,T,BRKR,,,,,left_only
44656574,"GATES SUB, CIRCUIT BREAKERS",0.025096028023379974,14,T,BRKR,,,,,left_only
41165871,"SAN RAMON SUB, CIRCUIT BREAKERS",0.11993143987691272,33,T,BRKR,,,,,left_only
40994817,"VACA DIXON SUB, CIRCUIT BREAKERS",0.2852906295891279,44,T,BRKR,,,,,left_only
44234997,"SPAULDING 1 & 2 PH, CIRCUIT BREAKERS",0.03903768956486267,24,T,BRKR,,,,,left_only
41112250,"PITTSBURG PP, CIRCUIT BREAKERS",0.15747995308166698,34,T,BRKR,,,,,left_only
44305754,"KASSON SUB, CIRCUIT BREAKERS",0.03893768956486267,24,T,BRKR,,,,,left_only
41197112,"COYOTE SW STA, CIRCUIT BREAKERS",0.13954990029204664,33,T,BRKR,,,,,left_only
44436040,"LOCKEFORD SUB, CIRCUIT BREAKERS",0.038906128314418253,24,T,BRKR,,,,,left_only
41233525,"BORDEN SUB, CIRCUIT BREAKERS",0.13480529927904253,33,T,BRKR,,,,,left_only
44448342,"WINDSOR SUB, CIRCUIT BREAKERS",0.03885612831441825,24,T,BRKR,,,,,left_only
44301185,"FIVE POINTS SW STA, CIRCUIT BREAKERS",0.03883768956486267,24,T,BRKR,,,,,left_only
44181034,"TULARE LAKE SUB, CIRCUIT BREAKERS",0.03880612831441825,23,T,BRKR,,,,,left_only
44301000,"CLOVIS SUB, CIRCUIT BREAKERS",0.03878768956486267,24,T,BRKR,,,,,left_only
44319092,"LERDO SUB, CIRCUIT BREAKERS",0.03875612831441825,24,T,BRKR,,,,,left_only
44349077,"ANTELOPE SUB, CIRCUIT BREAKERS",0.03870612831441825,24,T,BRKR,,,,,left_only
44301188,"FIVE POINTS SW STA, CIRCUIT BREAKERS",0.03858768956486267,24,T,BRKR,,,,,left_only
44414241,"CHRISTIE SUB, CIRCUIT BREAKERS",0.03840612831441825,24,T,BRKR,,,,,left_only
44697168,"SOBRANTE SUB, CIRCUIT BREAKERS",0.03839602802337998,24,T,BRKR,,,,,left_only
44761936,"EL CERRITO G SUB, CIRCUIT BREAKERS",0.03835612831441825,24,T,BRKR,,,,,left_only
44319091,"LERDO SUB, CIRCUIT BREAKERS",0.03835612831441825,24,T,BRKR,,,,,left_only
44429550,"KING CITY SUB, CIRCUIT BREAKERS",0.03835612831441825,23,T,BRKR,,,,,left_only
41325117,"TABLE MTN SUB, CIRCUIT BREAKERS",0.12860529927904255,34,T,BRKR,,,,,left_only
41364080,"RAVENSWOOD SUB, CIRCUIT BREAKERS",0.09620612077325297,23,T,BRKR,,,,,left_only
44414244,"CHRISTIE SUB, CIRCUIT BREAKERS",0.03820612831441825,24,T,BRKR,,,,,left_only
44446521,"CRESCENT SW STA, CIRCUIT BREAKERS",0.03820612831441825,24,T,BRKR,,,,,left_only
44761935,"EL CERRITO G SUB, CIRCUIT BREAKERS",0.03805612831441825,24,T,BRKR,,,,,left_only
44319090,"LERDO SUB, CIRCUIT BREAKERS",0.03805612831441825,24,T,BRKR,,,,,left_only
44372221,"GOLD HILL SUB, CIRCUIT BREAKERS",0.03800612831441825,24,T,BRKR,,,,,left_only
44419184,"NEWARK SUB, CIRCUIT BREAKERS",0.03785612831441825,24,T,BRKR,,,,,left_only
44285005,"FULTON SUB, CIRCUIT BREAKERS",0.03783768956486267,24,T,BRKR,,,,,left_only
44409764,"STELLING SUB, CIRCUIT BREAKERS",0.03775612831441825,24,T,BRKR,,,,,left_only
44650471,"FAIRHAVEN SUB, CIRCUIT BREAKERS",0.037582696730531474,24,T,BRKR,,,,,left_only
44425825,"GREEN VALLEY SUB, CIRCUIT BREAKERS",0.03755612831441825,24,T,BRKR,,,,,left_only
44650474,"FAIRHAVEN SUB, CIRCUIT BREAKERS",0.03753269673053147,24,T,BRKR,,,,,left_only
44429551,"KING CITY SUB, CIRCUIT BREAKERS",0.037506128314418255,23,T,BRKR,,,,,left_only
44761933,"EL CERRITO G SUB, CIRCUIT BREAKERS",0.03740612831441825,24,T,BRKR,,,,,left_only
44328538,"MENLO SUB, CIRCUIT BREAKERS",0.03740612831441825,24,T,BRKR,,,,,left_only
42610604,"BIRDS LANDING SW STA, CIRCUIT BREAKERS",0.09077161848555969,23,T,BRKR,,,,,left_only
44629304,"GREEN VALLEY SUB, CIRCUIT BREAKERS",0.037382696730531476,24,T,BRKR,,,,,left_only
44443460,"MENLO SUB, CIRCUIT BREAKERS",0.03735612831441825,24,T,BRKR,,,,,left_only
42625337,"LAKEVILLE SUB, CIRCUIT BREAKERS",0.08968979979290102,23,T,BRKR,,,,,left_only
41180212,"GATES SUB, CIRCUIT BREAKERS",0.13163143987691273,34,T,BRKR,,,,,left_only
44761934,"EL CERRITO G SUB, CIRCUIT BREAKERS",0.037256128314418255,24,T,BRKR,,,,,left_only
44510771,"OAKLAND K (CLAREMONT) SUB, CIRCUIT BRKR",0.03715612831441825,24,T,BRKR,,,,,left_only
44181011,"BOWLES SUB, CIRCUIT BREAKERS",0.03710612831441825,23,T,BRKR,,,,,left_only
44615228,"MOSS LANDING PP, CIRCUIT BREAKERS",0.03703269673053147,24,T,BRKR,,,,,left_only
42761955,"PANOCHE SUB, CIRCUIT BREAKERS",0.059269631636497365,24,T,BRKR,,,,,left_only
44821816,"FITCH MTN SUB, CIRCUIT BREAKERS",0.03697441394393041,23,T,BRKR,,,,,left_only
44414383,"CHRISTIE SUB, CIRCUIT BREAKERS",0.03690612831441825,24,T,BRKR,,,,,left_only
44424780,"CARNERAS SUB, CIRCUIT BREAKERS",0.036756128314418254,24,T,BRKR,,,,,left_only
44446524,"CRESCENT SW STA, CIRCUIT BREAKERS",0.03670612831441825,24,T,BRKR,,,,,left_only
44446520,"CRESCENT SW STA, CIRCUIT BREAKERS",0.03665612831441825,24,T,BRKR,,,,,left_only
44652438,"MCCALL SUB, CIRCUIT BREAKERS",0.031332696730531476,14,T,BRKR,,,,,left_only
44417345,"CAYUCOS SUB, CIRCUIT BREAKERS",0.03660612831441825,23,T,BRKR,,,,,left_only
44654526,"SOBRANTE SUB, CIRCUIT BREAKERS",0.03649602802337998,24,T,BRKR,,,,,left_only
44446523,"CRESCENT SW STA, CIRCUIT BREAKERS",0.03645612831441825,24,T,BRKR,,,,,left_only
44424718,"KERMAN SUB, CIRCUIT BREAKERS",0.03645612831441825,23,T,BRKR,,,,,left_only
44509583,"EXCHEQUER PH, CIRCUIT BREAKERS",0.03643269673053147,23,T,BRKR,,,,,left_only
44895938,"HERNDON SUB, CIRCUIT BREAKERS",0.026637220286516307,13,T,BRKR,,,,,left_only
44418378,"BELLE HAVEN SUB, CIRCUIT BREAKERS",0.03635612831441825,23,T,BRKR,,,,,left_only
44444652,"LOCKEFORD SUB, CIRCUIT BREAKERS",0.03620612831441825,24,T,BRKR,,,,,left_only
44335821,"MANTECA SUB, CIRCUIT BREAKERS",0.03615612831441825,24,T,BRKR,,,,,left_only
45651805,"RIO DELL SUB, CIRCUIT BREAKERS",0.0361,24,T,BRKR,,,,,left_only
44629307,"GREEN VALLEY SUB, CIRCUIT BREAKERS",0.03608269673053147,24,T,BRKR,,,,,left_only
44706015,"OAKLAND D SUB, CIRCUIT BREAKERS",0.03605612831441825,24,T,BRKR,,,,,left_only
44310958,"COBURN SUB, CIRCUIT BREAKERS",0.03605612831441825,23,T,BRKR,,,,,left_only
44950241,"STOCKTON A SUB, CIRCUIT BREAKERS",0.03605612831441825,23,T,BRKR,,,,,left_only
44656579,"GATES SUB, CIRCUIT BREAKERS",0.025196028023379974,14,T,BRKR,,,,,left_only
44761932,"EL CERRITO G SUB, CIRCUIT BREAKERS",0.03585612831441825,24,T,BRKR,,,,,left_only
40995544,"BELLOTA SUB, CIRCUIT BREAKERS",0.56894670488334,43,T,BRKR,,,,,left_only
44629852,"SOBRANTE SUB, CIRCUIT BREAKERS",0.03579602802337997,24,T,BRKR,,,,,left_only
41180594,"GATES SUB, CIRCUIT BREAKERS",0.1227837773886685,34,T,BRKR,,,,,left_only
44650478,"FAIRHAVEN SUB, CIRCUIT BREAKERS",0.035432696730531475,24,T,BRKR,,,,,left_only
41210472,"SAN RAMON SUB, CIRCUIT BREAKERS",0.1030278960983868,33,T,BRKR,,,,,left_only
40996065,"GREGG SUB, CIRCUIT BREAKERS",0.3830298050885654,44,T,BRKR,,,,,left_only
41138332,"VACA DIXON SUB, CIRCUIT BREAKERS",0.1563040869504439,34,T,BRKR,,,,,left_only
41180595,"GATES SUB, CIRCUIT BREAKERS",0.1222837773886685,34,T,BRKR,,,,,left_only
44414238,"CHRISTIE SUB, CIRCUIT BREAKERS",0.03515612831441825,24,T,BRKR,,,,,left_only
41192862,"PITTSBURG PP, CIRCUIT BREAKERS",0.13404990029204664,34,T,BRKR,,,,,left_only
44678601,"COALINGA #1 SUB, CIRCUIT BREAKERS",0.03508269673053147,24,T,BRKR,,,,,left_only
44446525,"CRESCENT SW STA, CIRCUIT BREAKERS",0.03505612831441825,24,T,BRKR,,,,,left_only
44430897,"WILSON SUB, CIRCUIT BREAKERS",0.03500612831441825,24,T,BRKR,,,,,left_only
42625338,"LAKEVILLE SUB, CIRCUIT BREAKERS",0.09428979979290103,23,T,BRKR,,,,,left_only
44414382,"CHRISTIE SUB, CIRCUIT BREAKERS",0.03490612831441825,24,T,BRKR,,,,,left_only
44241747,"SAN FRAN A (POTRERO PP) SUB, CIR BRKRS",0.03483768956486267,24,T,BRKR,,,,,left_only
44654534,"WHISMAN SUB, CIRCUIT BREAKERS",0.03478269673053147,24,T,BRKR,,,,,left_only
42610605,"BIRDS LANDING SW STA, CIRCUIT BREAKERS",0.08737161848555969,23,T,BRKR,,,,,left_only
44241746,"SAN FRAN A (POTRERO PP) SUB, CIR BRKRS",0.03463768956486267,24,T,BRKR,,,,,left_only
44214139,"FULTON SUB, CIRCUIT BREAKERS",0.04439065144664145,23,T,BRKR,,,,,left_only
44640328,"BORDEN SUB, CIRCUIT BREAKERS",0.031282696730531474,13,T,BRKR,,,,,left_only
44656567,"GATES SUB, CIRCUIT BREAKERS",0.03139602802337997,14,T,BRKR,,,,,left_only
44656570,"GATES SUB, CIRCUIT BREAKERS",0.029896028023379973,14,T,BRKR,,,,,left_only
44414384,"CHRISTIE SUB, CIRCUIT BREAKERS",0.034556128314418254,23,T,BRKR,,,,,left_only
41180596,"GATES SUB, CIRCUIT BREAKERS",0.1254337773886685,34,T,BRKR,,,,,left_only
44824350,"GEYSERS 3 & 4 PP SW STA, CIRCUIT BREAKER",0.03452441394393041,24,T,BRKR,,,,,left_only
44694226,"WEEDPATCH SUB, CIRCUIT BREAKERS",0.03452441394393041,24,T,BRKR,,,,,left_only
44447124,"TABLE MTN SUB, CIRCUIT BREAKERS",0.03450612831441825,24,T,BRKR,,,,,left_only
41180597,"GATES SUB, CIRCUIT BREAKERS",0.1220837773886685,34,T,BRKR,,,,,left_only
44615216,"MOSS LANDING PP, CIRCUIT BREAKERS",0.034432696730531474,24,T,BRKR,,,,,left_only
44454567,"CHRISTIE SUB, CIRCUIT BREAKERS",0.034432696730531474,24,T,BRKR,,,,,left_only
44656561,"GATES SUB, CIRCUIT BREAKERS",0.025596028023379975,14,T,BRKR,,,,,left_only
44629306,"GREEN VALLEY SUB, CIRCUIT BREAKERS",0.03433269673053147,24,T,BRKR,,,,,left_only
44650481,"FAIRHAVEN SUB, CIRCUIT BREAKERS",0.03433269673053147,24,T,BRKR,,,,,left_only
40996074,"GREGG SUB, CIRCUIT BREAKERS",0.35248997796152404,44,T,BRKR,,,,,left_only
45003151,"PEASE SUB, CIRCUIT BREAKERS",0.03427441394393041,24,T,BRKR,,,,,left_only
44437296,"TESLA SUB, CIRCUIT BREAKERS",0.03420612831441825,24,T,BRKR,,,,,left_only
40989908,"VACA DIXON SUB, CIRCUIT BREAKERS",0.285174027233705,44,T,BRKR,,,,,left_only
44241744,"SAN FRAN A (POTRERO PP) SUB, CIR BRKRS",0.03413768956486267,24,T,BRKR,,,,,left_only
40990367,"FULTON SUB, CIRCUIT BREAKERS",0.20384212743358168,44,T,BRKR,,,,,left_only
41210003,"BORDEN SUB, CIRCUIT BREAKERS",0.13020529927904254,33,T,BRKR,,,,,left_only
44446522,"CRESCENT SW STA, CIRCUIT BREAKERS",0.03405612831441825,24,T,BRKR,,,,,left_only
41192853,"PITTSBURG PP, CIRCUIT BREAKERS",0.11054990029204663,34,T,BRKR,,,,,left_only
44629301,"GREEN VALLEY SUB, CIRCUIT BREAKERS",0.03403269673053147,24,T,BRKR,,,,,left_only
42667790,"LAKEVILLE SUB, CIRCUIT BREAKERS",0.09448979979290102,24,T,BRKR,,,,,left_only
44241748,"SAN FRAN A (POTRERO PP) SUB, CIR BRKRS",0.03393768956486267,24,T,BRKR,,,,,left_only
42610606,"BIRDS LANDING SW STA, CIRCUIT BREAKERS",0.09207161848555968,23,T,BRKR,,,,,left_only
44615215,"MOSS LANDING PP, CIRCUIT BREAKERS",0.033932696730531474,24,T,BRKR,,,,,left_only
44615217,"MOSS LANDING PP, CIRCUIT BREAKERS",0.03388269673053147,24,T,BRKR,,,,,left_only
45036762,"LOS ESTEROS SUB, CIRCUIT BREAKERS",0.02308722028651631,13,T,BRKR,,,,,left_only
44466299,"LAS GALLINAS A SUB, CIRCUIT BREAKERS",0.03383269673053147,24,T,BRKR,,,,,left_only
44656563,"GATES SUB, CIRCUIT BREAKERS",0.027496028023379974,14,T,BRKR,,,,,left_only
44552967,"LAS GALLINAS A SUB, CIRCUIT BREAKERS",0.03378269673053147,24,T,BRKR,,,,,left_only
45562751,"ARCO SUB, CIRCUIT BREAKERS",0.0337,24,T,BRKR,,,,,left_only
44626292,"SAN LUIS OBISPO SUB, CIRCUIT BREAKERS",0.033682696730531474,24,T,BRKR,,,,,left_only
44656565,"GATES SUB, CIRCUIT BREAKERS",0.027096028023379973,14,T,BRKR,,,,,left_only
40992358,"BELLOTA SUB, CIRCUIT BREAKERS",0.16163578235929807,33,T,BRKR,,,,,left_only
44656534,"GATES SUB, CIRCUIT BREAKERS",0.04619602802337998,24,T,BRKR,,,,,left_only
44706795,"ORO LOMA SUB, CIRCUIT BREAKERS",0.03357441394393041,24,T,BRKR,,,,,left_only
44615213,"MOSS LANDING PP, CIRCUIT BREAKERS",0.03353269673053147,24,T,BRKR,,,,,left_only
44670603,"VOLTA #1 PH, CIRCUIT BREAKERS",0.03353269673053147,23,T,BRKR,,,,,left_only
44840946,"WEIMAR SUB, CIRCUIT BREAKERS",0.03352441394393041,23,T,BRKR,,,,,left_only
41176659,"PITTSBURG PP, CIRCUIT BREAKERS",0.13724990029204664,34,T,BRKR,,,,,left_only
44629299,"GREEN VALLEY SUB, CIRCUIT BREAKERS",0.033482696730531475,24,T,BRKR,,,,,left_only
44629303,"GREEN VALLEY SUB, CIRCUIT BREAKERS",0.03338269673053147,24,T,BRKR,,,,,left_only
44629302,"GREEN VALLEY SUB, CIRCUIT BREAKERS",0.03338269673053147,24,T,BRKR,,,,,left_only
44685504,"CLAYTON SUB, CIRCUIT BREAKERS",0.03333269673053147,24,T,BRKR,,,,,left_only
44615222,"MOSS LANDING PP, CIRCUIT BREAKERS",0.033232696730531475,24,T,BRKR,,,,,left_only
44615232,"MOSS LANDING PP, CIRCUIT BREAKERS",0.033232696730531475,24,T,BRKR,,,,,left_only
40991291,"CASCADE SUB, CIRCUIT BREAKERS",0.0332,24,T,BRKR,,,,,left_only
44681891,"WHISMAN SUB, CIRCUIT BREAKERS",0.03308269673053147,24,T,BRKR,,,,,left_only
44736808,"COOLEY LANDING SUB, CIRCUIT BREAKERS",0.03303269673053147,24,T,BRKR,,,,,left_only
44615231,"MOSS LANDING PP, CIRCUIT BREAKERS",0.03288269673053147,14,T,BRKR,,,,,left_only
44626291,"SAN LUIS OBISPO SUB, CIRCUIT BREAKERS",0.03288269673053147,14,T,BRKR,,,,,left_only
44663996,"KERN OIL SUB, CIRCUIT BREAKERS",0.03288269673053147,14,T,BRKR,,,,,left_only
45596281,"CARBONA SUB, CIRCUIT BREAKERS",0.0328,13,T,BRKR,,,,,left_only
44615221,"MOSS LANDING PP, CIRCUIT BREAKERS",0.03278269673053147,14,T,BRKR,,,,,left_only
44626290,"SAN LUIS OBISPO SUB, CIRCUIT BREAKERS",0.03278269673053147,14,T,BRKR,,,,,left_only
44615212,"MOSS LANDING PP, CIRCUIT BREAKERS",0.032732696730531474,14,T,BRKR,,,,,left_only
40990423,"VACA DIXON SUB, CIRCUIT BREAKERS",0.16700651220042995,34,T,BRKR,,,,,left_only
45878993,"CHESTER SUB, CIRCUIT BREAKERS",0.0327,13,T,BRKR,,,,,left_only
41180598,"GATES SUB, CIRCUIT BREAKERS",0.1219837773886685,34,T,BRKR,,,,,left_only
44649966,"GRAND ISLAND SUB, CIRCUIT BREAKERS",0.03263269673053147,14,T,BRKR,,,,,left_only
41158178,"LOS ESTEROS SUB, CIRCUIT BREAKERS",0.16676127410519184,33,T,BRKR,,,,,left_only
44141857,"SAN BERNARD SUB, CIRCUIT BREAKERS",0.0326,14,T,BRKR,,,,,left_only
41156543,"COTTONWOOD SUB, CIRCUIT BREAKERS",0.15577995308166698,33,T,BRKR,,,,,left_only
44615219,"MOSS LANDING PP, CIRCUIT BREAKERS",0.03253269673053147,14,T,BRKR,,,,,left_only
41212549,"FULTON SUB, CIRCUIT BREAKERS",0.1397778960983868,34,T,BRKR,,,,,left_only
44690587,"MONTA VISTA SUB, CIRCUIT BREAKERS",0.03243269673053147,14,T,BRKR,,,,,left_only
41325120,"TABLE MTN SUB, CIRCUIT BREAKERS",0.12700529927904253,34,T,BRKR,,,,,left_only
44515036,"COALINGA #2 SUB, CIRCUIT BREAKERS",0.03238269673053147,13,T,BRKR,,,,,left_only
44615225,"MOSS LANDING PP, CIRCUIT BREAKERS",0.03233269673053148,14,T,BRKR,,,,,left_only
44567200,"MESA SUB, CIRCUIT BREAKERS",0.032232696730531474,14,T,BRKR,,,,,left_only
44615224,"MOSS LANDING PP, CIRCUIT BREAKERS",0.03218269673053147,14,T,BRKR,,,,,left_only
44690585,"MONTA VISTA SUB, CIRCUIT BREAKERS",0.03213269673053147,14,T,BRKR,,,,,left_only
42641808,"GREGG SUB, CIRCUIT BREAKERS",0.11998004340337654,34,T,BRKR,,,,,left_only
44656553,"GATES SUB, CIRCUIT BREAKERS",0.026296028023379974,14,T,BRKR,,,,,left_only
44857241,"PIT #1 PH, CIRCUIT BREAKERS",0.03207441394393041,13,T,BRKR,,,,,left_only
44700837,"SPENCE SUB, CIRCUIT BREAKERS",0.03207441394393041,13,T,BRKR,,,,,left_only
44656557,"GATES SUB, CIRCUIT BREAKERS",0.026196028023379975,14,T,BRKR,,,,,left_only
42627552,"GLENN SUB, CIRCUIT BREAKERS",0.03198722028651631,14,T,BRKR,,,,,left_only
41205539,"BELLOTA SUB, CIRCUIT BREAKERS",0.1161278960983868,33,T,BRKR,,,,,left_only
45046595,"GATES SUB, CIRCUIT BREAKERS",0.0354,24,T,BRKR,,,,,left_only
42736590,"HELM SUB, CIRCUIT BREAKERS",0.06705201676843424,23,T,BRKR,,,,,left_only
40992253,"COTTONWOOD SUB, CIRCUIT BREAKERS",0.3033252478456774,44,T,BRKR,,,,,left_only
44615227,"MOSS LANDING PP, CIRCUIT BREAKERS",0.03173269673053147,14,T,BRKR,,,,,left_only
40989907,"VACA DIXON SUB, CIRCUIT BREAKERS",0.290174027233705,44,T,BRKR,,,,,left_only
41180599,"GATES SUB, CIRCUIT BREAKERS",0.1221337773886685,34,T,BRKR,,,,,left_only
44615230,"MOSS LANDING PP, CIRCUIT BREAKERS",0.03163269673053147,14,T,BRKR,,,,,left_only
44629305,"GREEN VALLEY SUB, CIRCUIT BREAKERS",0.03163269673053147,14,T,BRKR,,,,,left_only
45260087,"TABLE MTN SUB, CIRCUIT BREAKERS",0.016294211833066313,14,T,BRKR,,,,,left_only
40990564,"MONTA VISTA SUB, CIRCUIT BREAKERS",0.21093222436599543,43,T,BRKR,,,,,left_only
44694228,"WEEDPATCH SUB, CIRCUIT BREAKERS",0.03142441394393041,14,T,BRKR,,,,,left_only
41158183,"LOS ESTEROS SUB, CIRCUIT BREAKERS",0.15155651220042995,33,T,BRKR,,,,,left_only
44682481,"SAN JOSE B SUB, CIRCUIT BREAKERS",0.03136436237695572,14,T,BRKR,,,,,left_only
41325122,"TABLE MTN SUB, CIRCUIT BREAKERS",0.12260529927904254,34,T,BRKR,,,,,left_only
41367493,"CASCADE SUB, CIRCUIT BREAKERS",0.0313,14,T,BRKR,,,,,left_only
44615226,"MOSS LANDING PP, CIRCUIT BREAKERS",0.031282696730531474,14,T,BRKR,,,,,left_only
42634441,"PITTSBURG PP, CIRCUIT BREAKERS",0.09258979979290102,24,T,BRKR,,,,,left_only
44615220,"MOSS LANDING PP, CIRCUIT BREAKERS",0.03118269673053147,14,T,BRKR,,,,,left_only
43157613,"MORRO BAY SW STA, CIRCUIT BREAKERS",0.05734572367595874,23,T,BRKR,,,,,left_only
42560875,"KERMAN SUB, CIRCUIT BREAKERS",0.0311,13,T,BRKR,,,,,left_only
45683104,"RIO DELL SUB, CIRCUIT BREAKERS",0.0311,13,T,BRKR,,,,,left_only
45724869,"BROWNS VALLEY SUB, CIRCUIT BREAKERS",0.0311,14,T,BRKR,,,,,left_only
44947248,"SAN FRAN AIRPORT SUB, CIRCUIT BREAKER",0.03108722028651631,14,T,BRKR,,,,,left_only
44715619,"COLUMBUS SUB, CIRCUIT BREAKERS",0.031074413943930408,14,T,BRKR,,,,,left_only
44615214,"MOSS LANDING PP, CIRCUIT BREAKERS",0.031032696730531474,14,T,BRKR,,,,,left_only
43188113,"SAN RAMON SUB, CIRCUIT BREAKERS",0.05054199873002157,23,T,BRKR,,,,,left_only
44443491,"METCALF SUB, CIRCUIT BREAKERS",0.03095612831441825,14,T,BRKR,,,,,left_only
45046597,"GATES SUB, CIRCUIT BREAKERS",0.0306,14,T,BRKR,,,,,left_only
44615223,"MOSS LANDING PP, CIRCUIT BREAKERS",0.03093269673053147,14,T,BRKR,,,,,left_only
41333268,"BELLOTA SUB, CIRCUIT BREAKERS",0.12056336630578265,33,T,BRKR,,,,,left_only
45870546,"LOS BANOS SUB, CIRCUIT BREAKERS",0.0309,14,T,BRKR,,,,,left_only
44615218,"MOSS LANDING PP, CIRCUIT BREAKERS",0.030832696730531472,14,T,BRKR,,,,,left_only
44840902,"MISSOURI FLAT SW STA, CIRCUIT BREAKERS",0.030824413943930408,14,T,BRKR,,,,,left_only
44515693,"OLEUM PP, CIRCUIT BREAKERS",0.030782696730531474,14,T,BRKR,,,,,left_only
45218814,"FAMOSO SUB, CIRCUIT BREAKERS",0.0307,14,T,BRKR,,,,,left_only
45828479,"SAN MIGUEL SUB, CIRCUIT BREAKERS",0.0307,14,T,BRKR,,,,,left_only
44712851,"SOBRANTE SUB, CIRCUIT BREAKERS",0.030649926312153207,14,T,BRKR,,,,,left_only
44615229,"MOSS LANDING PP, CIRCUIT BREAKERS",0.030632696730531473,14,T,BRKR,,,,,left_only
42746492,"CONTRA COSTA PP SW STA, CIRCUIT BREAKERS",0.05301963163649736,24,T,BRKR,,,,,left_only
40996607,"MORRO BAY SW STA, CIRCUIT BREAKERS",0.45109526965641744,43,T,BRKR,,,,,left_only
45554538,"CORNING SUB, CIRCUIT BREAKERS",0.0306,14,T,BRKR,,,,,left_only
40992252,"COTTONWOOD SUB, CIRCUIT BREAKERS",0.24894833574943398,44,T,BRKR,,,,,left_only
40989910,"VACA DIXON SUB, CIRCUIT BREAKERS",0.1211337773886685,34,T,BRKR,,,,,left_only
42701516,"GREGG SUB, CIRCUIT BREAKERS",0.07445201676843424,24,T,BRKR,,,,,left_only
44627103,"OAKLAND C (OAKLAND PP) SUB, CIRCUIT BRKR",0.03043269673053147,14,T,BRKR,,,,,left_only
44898289,"NARROWS SUB, CIRCUIT BREAKERS",0.03033722028651631,13,T,BRKR,,,,,left_only
43188115,"SAN RAMON SUB, CIRCUIT BREAKERS",0.04994199873002157,23,T,BRKR,,,,,left_only
44686889,"HENRIETTA SUB, CIRCUIT BREAKERS",0.030282696730531473,14,T,BRKR,,,,,left_only
45003144,"PEASE SUB, CIRCUIT BREAKERS",0.03017441394393041,14,T,BRKR,,,,,left_only
45260089,"TABLE MTN SUB, CIRCUIT BREAKERS",0.017844211833066316,14,T,BRKR,,,,,left_only
44741909,"SAN LEANDRO U SUB, CIRCUIT BREAKERS",0.03012441394393041,14,T,BRKR,,,,,left_only
42630980,"BELLOTA SUB, CIRCUIT BREAKERS",0.09918979979290102,23,T,BRKR,,,,,left_only
44935651,"SAN LEANDRO U SUB, CIRCUIT BREAKERS",0.03007441394393041,14,T,BRKR,,,,,left_only
44862831,"GRAND ISLAND SUB, CIRCUIT BREAKERS",0.03007441394393041,14,T,BRKR,,,,,left_only
44765918,"COTTONWOOD SUB, CIRCUIT BREAKERS",0.030024413943930413,14,T,BRKR,,,,,left_only
44828597,"INDIAN FLAT SUB, CIRCUIT BREAKERS",0.030024413943930413,13,T,BRKR,,,,,left_only
44857281,"PIT #1 PH, CIRCUIT BREAKERS",0.02997441394393041,13,T,BRKR,,,,,left_only
44886954,"EL DORADO PH, CIRCUIT BREAKERS",0.02992441394393041,14,T,BRKR,,,,,left_only
40996606,"MORRO BAY SW STA, CIRCUIT BREAKERS",0.5996002294133442,43,T,BRKR,BRKR,2025-07-22,,JIT,both
44623102,"MI-WUK SUB, CIRCUIT BREAKERS",0.029882696730531472,14,T,BRKR,,,,,left_only
40992255,"COTTONWOOD SUB, CIRCUIT BREAKERS",0.254048335749434,44,T,BRKR,,,,,left_only
44697409,"SAN LEANDRO U SUB, CIRCUIT BREAKERS",0.02972441394393041,14,T,BRKR,,,,,left_only
40989912,"VACA DIXON SUB, CIRCUIT BREAKERS",0.1263337773886685,34,T,BRKR,,,,,left_only
44857243,"PIT #1 PH, CIRCUIT BREAKERS",0.02967441394393041,13,T,BRKR,,,,,left_only
42709957,"FULTON SUB, CIRCUIT BREAKERS",0.0606041103551588,24,T,BRKR,,,,,left_only
45828483,"SAN MIGUEL SUB, CIRCUIT BREAKERS",0.0295,14,T,BRKR,,,,,left_only
43188116,"SAN RAMON SUB, CIRCUIT BREAKERS",0.05014199873002157,23,T,BRKR,,,,,left_only
44839919,"COBURN SUB, CIRCUIT BREAKERS",0.02947441394393041,13,T,BRKR,,,,,left_only
45579099,"RED BLUFF SUB, CIRCUIT BREAKERS",0.0294,13,T,BRKR,,,,,left_only
45142836,"EVERGREEN SUB, CIRCUIT BREAKERS",0.0293,14,T,BRKR,,,,,left_only
45828485,"SAN MIGUEL SUB, CIRCUIT BREAKERS",0.0293,14,T,BRKR,,,,,left_only
41166540,"MONTA VISTA SUB, CIRCUIT BREAKERS",0.11813143987691271,34,T,BRKR,,,,,left_only
44726035,"COOLEY LANDING SUB, CIRCUIT BREAKERS",0.029124413943930408,14,T,BRKR,,,,,left_only
41108359,"PITTSBURG PP, CIRCUIT BREAKERS",0.15427995308166698,34,T,BRKR,,,,,left_only
45828481,"SAN MIGUEL SUB, CIRCUIT BREAKERS",0.0291,14,T,BRKR,,,,,left_only
44803641,"GREEN VALLEY SUB, CIRCUIT BREAKERS",0.02907441394393041,14,T,BRKR,,,,,left_only
42714349,"VACA DIXON SUB, CIRCUIT BREAKERS",0.0797041103551588,24,T,BRKR,,,,,left_only
44465139,"CHRISTIE SUB, CIRCUIT BREAKERS",0.02898269673053147,14,T,BRKR,,,,,left_only
44803639,"GREEN VALLEY SUB, CIRCUIT BREAKERS",0.02892441394393041,14,T,BRKR,,,,,left_only
45728161,"LOS BANOS SUB, CIRCUIT BREAKERS",0.0289,14,T,BRKR,,,,,left_only
45707922,"MENDOCINO SUB, CIRCUIT BREAKERS",0.0289,14,T,BRKR,,,,,left_only
45260091,"TABLE MTN SUB, CIRCUIT BREAKERS",0.017844211833066316,14,T,BRKR,,,,,left_only
44866422,"OAKLAND X SUB, CIRCUIT BREAKERS",0.02882441394393041,14,T,BRKR,,,,,left_only
41190218,"SCHINDLER SUB, CIRCUIT BREAKERS",0.0288,14,T,BRKR,,,,,left_only
44608742,"MI-WUK SUB, CIRCUIT BREAKERS",0.02873269673053147,14,T,BRKR,,,,,left_only
45071789,"EL CERRITO G SUB, CIRCUIT BREAKERS",0.0287,14,T,BRKR,,,,,left_only
41334205,"MONTA VISTA SUB, CIRCUIT BREAKERS",0.11098004340337653,33,T,BRKR,,,,,left_only
44608623,"OLEUM PP, CIRCUIT BREAKERS",0.028582696730531473,14,T,BRKR,,,,,left_only
44707287,"ORO LOMA SUB, CIRCUIT BREAKERS",0.028574413943930413,14,T,BRKR,,,,,left_only
44700835,"SPENCE SUB, CIRCUIT BREAKERS",0.028574413943930413,13,T,BRKR,,,,,left_only
40995599,"CONTRA COSTA PP SW STA, CIRCUIT BREAKERS",0.2544252478456774,44,T,BRKR,,,,,left_only
40996605,"MORRO BAY SW STA, CIRCUIT BREAKERS",0.5619002294133442,43,T,BRKR,,,,,left_only
42582562,"PITTSBURG PP, CIRCUIT BREAKERS",0.12487108065981063,34,T,BRKR,,,,,left_only
42835291,"CONTRA COSTA PP SW STA, CIRCUIT BREAKERS",0.05609572367595874,24,T,BRKR,,,,,left_only
45754358,"GREGG SUB, CIRCUIT BREAKERS",0.0129,14,T,BRKR,,,,,left_only
40996604,"MORRO BAY SW STA, CIRCUIT BREAKERS",0.6127002294133441,43,T,BRKR,,,,,left_only
41114452,"MIDWAY SUB, CIRCUIT BREAKERS",0.16657995308166698,34,T,BRKR,,,,,left_only
44803640,"GREEN VALLEY SUB, CIRCUIT BREAKERS",0.028324413943930413,14,T,BRKR,,,,,left_only
44762298,"KASSON SUB, CIRCUIT BREAKERS",0.028324413943930413,14,T,BRKR,,,,,left_only
41146698,"PITTSBURG PP, CIRCUIT BREAKERS",0.1523040869504439,34,T,BRKR,,,,,left_only
44942429,"EVERGREEN SUB, CIRCUIT BREAKERS",0.02818722028651631,13,T,BRKR,,,,,left_only
44688337,"PITTSBURG PP, CIRCUIT BREAKERS",0.02817441394393041,14,T,BRKR,,,,,left_only
41301653,"COTTONWOOD SUB, CIRCUIT BREAKERS",0.10433004340337654,33,T,BRKR,,,,,left_only
44941884,"MENDOTA SUB, CIRCUIT BREAKERS",0.028074413943930412,14,T,BRKR,,,,,left_only
44694225,"WEEDPATCH SUB, CIRCUIT BREAKERS",0.028074413943930412,14,T,BRKR,,,,,left_only
44206634,"FULTON SUB, CIRCUIT BREAKERS",0.05019065144664145,23,T,BRKR,,,,,left_only
45193649,"VACA DIXON SUB, CIRCUIT BREAKERS",0.02212593446302924,14,T,BRKR,,,,,left_only
41237242,"MARYSVILLE SUB, CIRCUIT BREAKERS",0.02798722028651631,13,T,BRKR,,,,,left_only
45003153,"PEASE SUB, CIRCUIT BREAKERS",0.02797441394393041,14,T,BRKR,,,,,left_only
44774431,"EAST GRAND SUB, CIRCUIT BREAKERS",0.027924413943930408,14,T,BRKR,,,,,left_only
44905844,"WEIMAR SUB, CIRCUIT BREAKERS",0.027887220286516308,13,T,BRKR,,,,,left_only
44741341,"LLAGAS SUB, CIRCUIT BREAKERS",0.02787441394393041,14,T,BRKR,,,,,left_only
44857247,"PIT #1 PH, CIRCUIT BREAKERS",0.02787441394393041,13,T,BRKR,,,,,left_only
44688332,"PITTSBURG PP, CIRCUIT BREAKERS",0.02777441394393041,14,T,BRKR,,,,,left_only
44694227,"WEEDPATCH SUB, CIRCUIT BREAKERS",0.02777441394393041,14,T,BRKR,,,,,left_only
44727795,"SOBRANTE SUB, CIRCUIT BREAKERS",0.02772441394393041,14,T,BRKR,,,,,left_only
44706773,"ORO LOMA SUB, CIRCUIT BREAKERS",0.02772441394393041,14,T,BRKR,,,,,left_only
44711876,"ORO LOMA SUB, CIRCUIT BREAKERS",0.027674413943930408,14,T,BRKR,,,,,left_only
45756155,"CONTRA COSTA PP SW STA, CIRCUIT BREAKERS",0.0139,14,T,BRKR,,,,,left_only
45879370,"COTTONWOOD SUB, CIRCUIT BREAKERS",0.0131,14,T,BRKR,,,,,left_only
44941885,"MENDOTA SUB, CIRCUIT BREAKERS",0.02752441394393041,14,T,BRKR,,,,,left_only
41114438,"MIDWAY SUB, CIRCUIT BREAKERS",0.16527995308166699,34,T,BRKR,,,,,left_only
41146696,"PITTSBURG PP, CIRCUIT BREAKERS",0.1288040869504439,34,T,BRKR,,,,,left_only
45003150,"PEASE SUB, CIRCUIT BREAKERS",0.02742441394393041,14,T,BRKR,,,,,left_only
41324425,"VACA DIXON SUB, CIRCUIT BREAKERS",0.1238837773886685,34,T,BRKR,,,,,left_only
42575244,"MORRO BAY SW STA, CIRCUIT BREAKERS",0.09707161848555969,23,T,BRKR,,,,,left_only
42761863,"CONTRA COSTA PP SW STA, CIRCUIT BREAKERS",0.061969631636497366,24,T,BRKR,,,,,left_only
45042477,"WILSON SUB, CIRCUIT BREAKERS",0.02718722028651631,14,T,BRKR,,,,,left_only
44775696,"COPPERMINE SUB, CIRCUIT BREAKERS",0.02717441394393041,14,T,BRKR,,,,,left_only
44923801,"SANGER SUB, CIRCUIT BREAKERS",0.027137220286516307,14,T,BRKR,,,,,left_only
40996071,"GREGG SUB, CIRCUIT BREAKERS",0.5570873416862122,44,T,BRKR,,,,,left_only
44824390,"CLOVERDALE SUB, CIRCUIT BREAKERS",0.02707441394393041,14,T,BRKR,,,,,left_only
40993328,"PITTSBURG PP, CIRCUIT BREAKERS",0.25914833574943397,44,T,BRKR,,,,,left_only
41114440,"MIDWAY SUB, CIRCUIT BREAKERS",0.166279953081667,34,T,BRKR,,,,,left_only
45260093,"TABLE MTN SUB, CIRCUIT BREAKERS",0.015344211833066314,14,T,BRKR,,,,,left_only
41204219,"COTTONWOOD SUB, CIRCUIT BREAKERS",0.1212337773886685,33,T,BRKR,,,,,left_only
45728168,"LOS BANOS SUB, CIRCUIT BREAKERS",0.0269,14,T,BRKR,,,,,left_only
42559638,"VACA DIXON SUB, CIRCUIT BREAKERS",0.10926336630578266,34,T,BRKR,,,,,left_only
44711881,"ORO LOMA SUB, CIRCUIT BREAKERS",0.02687441394393041,14,T,BRKR,,,,,left_only
44641151,"FMC SUB, CIRCUIT BREAKERS",0.0267,14,T,BRKR,,,,,left_only
45592426,"GOOSE LAKE SUB, CIRCUIT BREAKERS",0.0267,14,T,BRKR,,,,,left_only
44224700,"FULTON SUB, CIRCUIT BREAKERS",0.04839065144664145,23,T,BRKR,,,,,left_only
45003155,"PEASE SUB, CIRCUIT BREAKERS",0.02668722028651631,14,T,BRKR,,,,,left_only
45157298,"MORRO BAY SW STA, CIRCUIT BREAKERS",0.023225934463029237,14,T,BRKR,,,,,left_only
44914184,"HUMBOLDT SUB, CIRCUIT BREAKERS",0.02658722028651631,14,T,BRKR,,,,,left_only
44866421,"OAKLAND X SUB, CIRCUIT BREAKERS",0.02657441394393041,14,T,BRKR,,,,,left_only
40996072,"GREGG SUB, CIRCUIT BREAKERS",0.41908997796152403,44,T,BRKR,,,,,left_only
45077491,"CASCADE SUB, CIRCUIT BREAKERS",0.02653722028651631,14,T,BRKR,,,,,left_only
44994576,"WOODWARD SUB, CIRCUIT BREAKERS",0.02648722028651631,14,T,BRKR,,,,,left_only
44711885,"ORO LOMA SUB, CIRCUIT BREAKERS",0.026474413943930408,14,T,BRKR,,,,,left_only
45260095,"TABLE MTN SUB, CIRCUIT BREAKERS",0.015294211833066314,14,T,BRKR,,,,,left_only
45796519,"COTTONWOOD SUB, CIRCUIT BREAKERS",0.0125,14,T,BRKR,,,,,left_only
40993038,"MORRO BAY SW STA, CIRCUIT BREAKERS",0.28811153511616333,44,T,BRKR,,,,,left_only
45038577,"PLACER SUB, CIRCUIT BREAKERS",0.02638722028651631,14,T,BRKR,,,,,left_only
44707290,"ORO LOMA SUB, CIRCUIT BREAKERS",0.02632441394393041,14,T,BRKR,,,,,left_only
40993329,"PITTSBURG PP, CIRCUIT BREAKERS",0.256448335749434,44,T,BRKR,,,,,left_only
45081562,"SEMITROPIC SUB, CIRCUIT BREAKERS",0.026290350827792283,14,T,BRKR,,,,,left_only
44960254,"DIVIDE SUB, CIRCUIT BREAKERS",0.02628722028651631,14,T,BRKR,,,,,left_only
44733333,"AMES TRANS SUB, CIRCUIT BREAKERS",0.02627441394393041,14,T,BRKR,,,,,left_only
44824104,"NEWARK SUB, CIRCUIT BREAKERS",0.02627441394393041,14,T,BRKR,,,,,left_only
41114442,"MIDWAY SUB, CIRCUIT BREAKERS",0.158679953081667,34,T,BRKR,,,,,left_only
45260097,"TABLE MTN SUB, CIRCUIT BREAKERS",0.015894211833066316,14,T,BRKR,,,,,left_only
45005149,"MILPITAS SUB, CIRCUIT BREAKERS",0.02603722028651631,14,T,BRKR,,,,,left_only
41212555,"FULTON SUB, CIRCUIT BREAKERS",0.1159778960983868,34,T,BRKR,,,,,left_only
41180623,"GATES SUB, CIRCUIT BREAKERS",0.13118143987691272,34,T,BRKR,,,,,left_only
41155753,"MIDWAY SUB, CIRCUIT BREAKERS",0.13940435576991272,34,T,BRKR,,,,,left_only
44941911,"NEWARK SUB, CIRCUIT BREAKERS",0.02578722028651631,14,T,BRKR,,,,,left_only
45003154,"PEASE SUB, CIRCUIT BREAKERS",0.02578722028651631,14,T,BRKR,,,,,left_only
44996889,"OAKLAND D SUB, CIRCUIT BREAKERS",0.02573722028651631,14,T,BRKR,,,,,left_only
44923805,"SANGER SUB, CIRCUIT BREAKERS",0.02563722028651631,14,T,BRKR,,,,,left_only
41212553,"FULTON SUB, CIRCUIT BREAKERS",0.1376278960983868,34,T,BRKR,,,,,left_only
41180624,"GATES SUB, CIRCUIT BREAKERS",0.13148143987691271,34,T,BRKR,,,,,left_only
45003152,"PEASE SUB, CIRCUIT BREAKERS",0.02557441394393041,14,T,BRKR,,,,,left_only
45310393,"KERN PP, CIRCUIT BREAKERS",0.0255,14,T,BRKR,,,,,left_only
45464315,"EVERGREEN SUB, CIRCUIT BREAKERS",0.0255,14,T,BRKR,,,,,left_only
45071222,"EL CERRITO G SUB, CIRCUIT BREAKERS",0.02547593446302924,14,T,BRKR,,,,,left_only
41180625,"GATES SUB, CIRCUIT BREAKERS",0.13148143987691271,34,T,BRKR,,,,,left_only
45040057,"PANOCHE SUB, CIRCUIT BREAKERS",0.025375934463029236,14,T,BRKR,,,,,left_only
44741534,"AMES TRANS SUB, CIRCUIT BREAKERS",0.02537441394393041,14,T,BRKR,,,,,left_only
45003145,"PEASE SUB, CIRCUIT BREAKERS",0.02537441394393041,14,T,BRKR,,,,,left_only
41180626,"GATES SUB, CIRCUIT BREAKERS",0.13188143987691273,34,T,BRKR,,,,,left_only
45003156,"PEASE SUB, CIRCUIT BREAKERS",0.02533722028651631,14,T,BRKR,,,,,left_only
41180627,"GATES SUB, CIRCUIT BREAKERS",0.13123143987691271,34,T,BRKR,,,,,left_only
45310374,"KERN PP, CIRCUIT BREAKERS",0.0253,14,T,BRKR,,,,,left_only
45090518,"SANTA TERESA SUB, CIRCUIT BREAKERS",0.02522593446302924,14,T,BRKR,,,,,left_only
44817600,"NEWARK SUB, CIRCUIT BREAKERS",0.02522441394393041,14,T,BRKR,,,,,left_only
42641809,"GREGG SUB, CIRCUIT BREAKERS",0.10798004340337654,34,T,BRKR,,,,,left_only
44923789,"SANGER SUB, CIRCUIT BREAKERS",0.025187220286516307,14,T,BRKR,,,,,left_only
44923773,"SANGER SUB, CIRCUIT BREAKERS",0.02513722028651631,14,T,BRKR,,,,,left_only
45351631,"EVERGREEN SUB, CIRCUIT BREAKERS",0.0251,14,T,BRKR,,,,,left_only
45462008,"VACA DIXON SUB, CIRCUIT BREAKERS",0.0326,14,T,BRKR,,,,,left_only
45087016,"PEASE SUB, CIRCUIT BREAKERS",0.025075934463029238,14,T,BRKR,,,,,left_only
44728736,"KNIGHTS LANDING SUB, CIRCUIT BREAKERS",0.02507441394393041,14,T,BRKR,,,,,left_only
44900210,"CLAYTON SUB, CIRCUIT BREAKERS",0.024987220286516308,14,T,BRKR,,,,,left_only
44923791,"SANGER SUB, CIRCUIT BREAKERS",0.02493722028651631,14,T,BRKR,,,,,left_only
42750662,"MORAGA SUB, CIRCUIT BREAKERS",0.0249,14,T,BRKR,,,,,left_only
44924410,"SANGER SUB, CIRCUIT BREAKERS",0.02488722028651631,14,T,BRKR,,,,,left_only
41180628,"GATES SUB, CIRCUIT BREAKERS",0.1318314398769127,34,T,BRKR,,,,,left_only
44923771,"SANGER SUB, CIRCUIT BREAKERS",0.02483722028651631,14,T,BRKR,,,,,left_only
43592134,"MORRO BAY SW STA, CIRCUIT BREAKERS",0.044719326927161435,23,T,BRKR,,,,,left_only
45087018,"PEASE SUB, CIRCUIT BREAKERS",0.024825934463029237,14,T,BRKR,,,,,left_only
45090516,"SANTA TERESA SUB, CIRCUIT BREAKERS",0.024825934463029237,14,T,BRKR,,,,,left_only
44923777,"SANGER SUB, CIRCUIT BREAKERS",0.024737220286516308,14,T,BRKR,,,,,left_only
45077495,"CASCADE SUB, CIRCUIT BREAKERS",0.024737220286516308,14,T,BRKR,,,,,left_only
45380332,"DUNNIGAN SUB, CIRCUIT BREAKERS",0.0247,13,T,BRKR,,,,,left_only
44923761,"SANGER SUB, CIRCUIT BREAKERS",0.02468722028651631,14,T,BRKR,,,,,left_only
44923759,"SANGER SUB, CIRCUIT BREAKERS",0.02468722028651631,14,T,BRKR,,,,,left_only
44894551,"FAMOSO SUB, CIRCUIT BREAKERS",0.02468722028651631,14,T,BRKR,,,,,left_only
44923757,"SANGER SUB, CIRCUIT BREAKERS",0.02463722028651631,14,T,BRKR,,,,,left_only
45462010,"VACA DIXON SUB, CIRCUIT BREAKERS",0.027,14,T,BRKR,,,,,left_only
44824898,"NEWARK SUB, CIRCUIT BREAKERS",0.02462441394393041,14,T,BRKR,,,,,left_only
44923792,"SANGER SUB, CIRCUIT BREAKERS",0.02458722028651631,14,T,BRKR,,,,,left_only
44924405,"SANGER SUB, CIRCUIT BREAKERS",0.02453722028651631,14,T,BRKR,,,,,left_only
45218817,"FAMOSO SUB, CIRCUIT BREAKERS",0.0245,14,T,BRKR,,,,,left_only
45596279,"CARBONA SUB, CIRCUIT BREAKERS",0.0245,13,T,BRKR,,,,,left_only
45040630,"FMC SUB, CIRCUIT BREAKERS",0.024487220286516308,14,T,BRKR,,,,,left_only
45123170,"MIDWAY SUB, CIRCUIT BREAKERS",0.02292593446302924,14,T,BRKR,,,,,left_only
44888189,"FITCH MTN SUB, CIRCUIT BREAKERS",0.02443722028651631,13,T,BRKR,,,,,left_only
45707296,"SAN BERNARD SUB, CIRCUIT BREAKERS",0.0244,14,T,BRKR,,,,,left_only
44921467,"GREEN VALLEY SUB, CIRCUIT BREAKERS",0.024387220286516312,14,T,BRKR,,,,,left_only
44858065,"KENT SW STA, CIRCUIT BREAKERS",0.02437441394393041,14,T,BRKR,,,,,left_only
44924406,"SANGER SUB, CIRCUIT BREAKERS",0.02433722028651631,14,T,BRKR,,,,,left_only
44921466,"GREEN VALLEY SUB, CIRCUIT BREAKERS",0.02433722028651631,14,T,BRKR,,,,,left_only
40991554,"GREGG SUB, CIRCUIT BREAKERS",0.15229889496737986,34,T,BRKR,,,,,left_only
44923794,"SANGER SUB, CIRCUIT BREAKERS",0.02428722028651631,14,T,BRKR,,,,,left_only
44894341,"COLUMBUS SUB, CIRCUIT BREAKERS",0.02428722028651631,14,T,BRKR,,,,,left_only
44923806,"SANGER SUB, CIRCUIT BREAKERS",0.024237220286516307,14,T,BRKR,,,,,left_only
45065773,"KERN PP, CIRCUIT BREAKERS",0.024225934463029238,14,T,BRKR,,,,,left_only
45090514,"SANTA TERESA SUB, CIRCUIT BREAKERS",0.024175934463029236,14,T,BRKR,,,,,left_only
44923799,"SANGER SUB, CIRCUIT BREAKERS",0.02393722028651631,14,T,BRKR,,,,,left_only
45310379,"KERN PP, CIRCUIT BREAKERS",0.0239,14,T,BRKR,,,,,left_only
44923803,"SANGER SUB, CIRCUIT BREAKERS",0.02383722028651631,14,T,BRKR,,,,,left_only
44967591,"WILSON SUB, CIRCUIT BREAKERS",0.02383722028651631,14,T,BRKR,,,,,left_only
45040628,"FMC SUB, CIRCUIT BREAKERS",0.02378722028651631,14,T,BRKR,,,,,left_only
44923796,"SANGER SUB, CIRCUIT BREAKERS",0.02373722028651631,14,T,BRKR,,,,,left_only
42742975,"KERN PP, CIRCUIT BREAKERS",0.0237,14,T,BRKR,,,,,left_only
44921485,"INDUSTRIAL ACRES SUB, CIRCUIT BREAKERS",0.02363722028651631,13,T,BRKR,,,,,left_only
44923763,"SANGER SUB, CIRCUIT BREAKERS",0.02358722028651631,14,T,BRKR,,,,,left_only
44923775,"SANGER SUB, CIRCUIT BREAKERS",0.02358722028651631,14,T,BRKR,,,,,left_only
44873681,"CAMP EVERS SUB, CIRCUIT BREAKERS",0.02358722028651631,14,T,BRKR,,,,,left_only
44991987,"EL PATIO SUB, CIRCUIT BREAKERS",0.023537220286516308,14,T,BRKR,,,,,left_only
45073509,"DUNLAP SUB, CIRCUIT BREAKERS",0.023537220286516308,14,T,BRKR,,,,,left_only
44616360,"BRIGHTON SUB, CIRCUIT BREAKERS",0.023532696730531474,14,T,BRKR,,,,,left_only
45087014,"PEASE SUB, CIRCUIT BREAKERS",0.02352593446302924,14,T,BRKR,,,,,left_only
41155757,"MIDWAY SUB, CIRCUIT BREAKERS",0.13995435576991272,34,T,BRKR,,,,,left_only
41325714,"FULTON SUB, CIRCUIT BREAKERS",0.10583004340337654,34,T,BRKR,,,,,left_only
44923769,"SANGER SUB, CIRCUIT BREAKERS",0.02348722028651631,14,T,BRKR,,,,,left_only
44875219,"CLOVERDALE SUB, CIRCUIT BREAKERS",0.02348722028651631,14,T,BRKR,,,,,left_only
40990721,"FULTON SUB, CIRCUIT BREAKERS",0.1914971816309527,34,T,BRKR,,,,,left_only
45203761,"EDES SUB, CIRCUIT BREAKERS",0.023475934463029237,14,T,BRKR,,,,,left_only
44896626,"ORO LOMA SUB, CIRCUIT BREAKERS",0.02333722028651631,14,T,BRKR,,,,,left_only
45023133,"EL PATIO SUB, CIRCUIT BREAKERS",0.023287220286516308,14,T,BRKR,,,,,left_only
45040636,"FMC SUB, CIRCUIT BREAKERS",0.02323722028651631,14,T,BRKR,,,,,left_only
41158743,"MIDWAY SUB, CIRCUIT BREAKERS",0.16660381813097508,34,T,BRKR,,,,,left_only
45100040,"STOCKTON A SUB, CIRCUIT BREAKERS",0.02317593446302924,14,T,BRKR,,,,,left_only
45090520,"SANTA TERESA SUB, CIRCUIT BREAKERS",0.02312593446302924,14,T,BRKR,,,,,left_only
41169115,"METCALF SUB, CIRCUIT BREAKERS",0.1542040869504439,34,T,BRKR,,,,,left_only
45077494,"CASCADE SUB, CIRCUIT BREAKERS",0.023037220286516308,13,T,BRKR,,,,,left_only
45077493,"CASCADE SUB, CIRCUIT BREAKERS",0.023037220286516308,13,T,BRKR,,,,,left_only
45059889,"EL PATIO SUB, CIRCUIT BREAKERS",0.023025934463029238,14,T,BRKR,,,,,left_only
45250072,"VALLEY SPRINGS SUB, CIRCUIT BREAKERS",0.023,14,T,BRKR,,,,,left_only
40992962,"MIDWAY SUB, CIRCUIT BREAKERS",0.29429429483845376,44,T,BRKR,,,,,left_only
44873323,"CORCORAN SUB, CIRCUIT BREAKERS",0.02298722028651631,14,T,BRKR,,,,,left_only
45040548,"FMC SUB, CIRCUIT BREAKERS",0.02293722028651631,14,T,BRKR,,,,,left_only
44889456,"HENRIETTA SUB, CIRCUIT BREAKERS",0.02293722028651631,14,T,BRKR,,,,,left_only
41169117,"METCALF SUB, CIRCUIT BREAKERS",0.1307040869504439,34,T,BRKR,,,,,left_only
45736495,"CONTRA COSTA PP SW STA, CIRCUIT BREAKERS",0.013,14,T,BRKR,,,,,left_only
40995611,"CONTRA COSTA PP SW STA, CIRCUIT BREAKERS",0.2613906295891279,44,T,BRKR,,,,,left_only
44923765,"SANGER SUB, CIRCUIT BREAKERS",0.022787220286516308,14,T,BRKR,,,,,left_only
44896627,"ORO LOMA SUB, CIRCUIT BREAKERS",0.022787220286516308,14,T,BRKR,,,,,left_only
45064984,"EAST GRAND SUB, CIRCUIT BREAKERS",0.022787220286516308,14,T,BRKR,,,,,left_only
44918617,"PIT #1 PH, CIRCUIT BREAKERS",0.022787220286516308,14,T,BRKR,,,,,left_only
45026658,"EL PATIO SUB, CIRCUIT BREAKERS",0.022775934463029238,14,T,BRKR,,,,,left_only
45040634,"FMC SUB, CIRCUIT BREAKERS",0.02273722028651631,14,T,BRKR,,,,,left_only
45376035,"PALERMO SUB, CIRCUIT BREAKERS",0.0227,14,T,BRKR,,,,,left_only
45439492,"BUCKS CREEK PH, CIRCUIT BREAKERS",0.0227,14,T,BRKR,,,,,left_only
45399836,"PLACER SUB, CIRCUIT BREAKERS",0.0227,14,T,BRKR,,,,,left_only
45064987,"EAST GRAND SUB, CIRCUIT BREAKERS",0.02263722028651631,14,T,BRKR,,,,,left_only
45301989,"SAN RAFAEL SUB, CIRCUIT BREAKERS",0.0226,14,T,BRKR,,,,,left_only
45335171,"OAKLAND K (CLAREMONT) SUB, CIRCUIT BRKR",0.0226,14,T,BRKR,,,,,left_only
44896628,"ORO LOMA SUB, CIRCUIT BREAKERS",0.02258722028651631,14,T,BRKR,,,,,left_only
45065074,"EAST GRAND SUB, CIRCUIT BREAKERS",0.02258722028651631,14,T,BRKR,,,,,left_only
45310385,"KERN PP, CIRCUIT BREAKERS",0.0225,14,T,BRKR,,,,,left_only
45728629,"STROUD SUB, CIRCUIT BREAKERS",0.0225,13,T,BRKR,,,,,left_only
45065070,"EAST GRAND SUB, CIRCUIT BREAKERS",0.02248722028651631,14,T,BRKR,,,,,left_only
45040632,"FMC SUB, CIRCUIT BREAKERS",0.02243722028651631,14,T,BRKR,,,,,left_only
45071790,"EL CERRITO G SUB, CIRCUIT BREAKERS",0.022425934463029238,14,T,BRKR,,,,,left_only
44896625,"ORO LOMA SUB, CIRCUIT BREAKERS",0.02228722028651631,14,T,BRKR,,,,,left_only
40996611,"MORRO BAY SW STA, CIRCUIT BREAKERS",0.5787002294133442,43,T,BRKR,,,,,left_only
45065618,"EAST GRAND SUB, CIRCUIT BREAKERS",0.02223722028651631,14,T,BRKR,,,,,left_only
41219593,"SMARTVILLE SUB, CIRCUIT BREAKERS",0.0222,13,T,BRKR,,,,,left_only
40995986,"FULTON SUB, CIRCUIT BREAKERS",0.3607626088790253,44,T,BRKR,,,,,left_only
41110559,"MIDWAY SUB, CIRCUIT BREAKERS",0.169779953081667,34,T,BRKR,,,,,left_only
41325620,"VACA DIXON SUB, CIRCUIT BREAKERS",0.1178837773886685,34,T,BRKR,,,,,left_only
45410526,"OLIVE SW STA, CIRCUIT BREAKERS",0.022,14,T,BRKR,,,,,left_only
45827980,"EVERGREEN SUB, CIRCUIT BREAKERS",0.022,14,T,BRKR,,,,,left_only
45065615,"EAST GRAND SUB, CIRCUIT BREAKERS",0.02198722028651631,14,T,BRKR,,,,,left_only
45089706,"EAST GRAND SUB, CIRCUIT BREAKERS",0.02198722028651631,14,T,BRKR,,,,,left_only
44141411,"PITTSBURG PP, CIRCUIT BREAKERS",0.043719326927161434,24,T,BRKR,,,,,left_only
40995610,"CONTRA COSTA PP SW STA, CIRCUIT BREAKERS",0.31102699322549154,44,T,BRKR,,,,,left_only
45065023,"EAST GRAND SUB, CIRCUIT BREAKERS",0.021837220286516308,14,T,BRKR,,,,,left_only
45466438,"SAN LUIS OBISPO SUB, CIRCUIT BREAKERS",0.0218,14,T,BRKR,,,,,left_only
45674984,"CASCADE SUB, CIRCUIT BREAKERS",0.0218,14,T,BRKR,,,,,left_only
45089707,"EAST GRAND SUB, CIRCUIT BREAKERS",0.02178722028651631,14,T,BRKR,,,,,left_only
41168964,"VACA DIXON SUB, CIRCUIT BREAKERS",0.1530884135243763,34,T,BRKR,,,,,left_only
45071794,"EL CERRITO G SUB, CIRCUIT BREAKERS",0.02172593446302924,14,T,BRKR,,,,,left_only
45084275,"TYLER SUB, CIRCUIT BREAKERS",0.02162593446302924,14,T,BRKR,,,,,left_only
45310381,"KERN PP, CIRCUIT BREAKERS",0.0216,14,T,BRKR,,,,,left_only
42738891,"PITTSBURG PP, CIRCUIT BREAKERS",0.08816336630578267,24,T,BRKR,,,,,left_only
45065612,"EAST GRAND SUB, CIRCUIT BREAKERS",0.021587220286516308,14,T,BRKR,,,,,left_only
44896629,"ORO LOMA SUB, CIRCUIT BREAKERS",0.02153722028651631,14,T,BRKR,,,,,left_only
45055070,"MARYSVILLE SUB, CIRCUIT BREAKERS",0.021525934463029237,14,T,BRKR,,,,,left_only
45310389,"KERN PP, CIRCUIT BREAKERS",0.0215,14,T,BRKR,,,,,left_only
45250070,"VALLEY SPRINGS SUB, CIRCUIT BREAKERS",0.0215,14,T,BRKR,,,,,left_only
44925994,"MORRO BAY SW STA, CIRCUIT BREAKERS",0.02443722028651631,14,T,BRKR,,,,,left_only
44660642,"TABLE MTN SUB, CIRCUIT BREAKERS",0.03263269673053147,14,T,BRKR,,,,,left_only
40995987,"FULTON SUB, CIRCUIT BREAKERS",0.4431626088790253,44,T,BRKR,,,,,left_only
45426797,"PALERMO SUB, CIRCUIT BREAKERS",0.0213,14,T,BRKR,,,,,left_only
41365453,"MIDWAY SUB, CIRCUIT BREAKERS",0.10175612077325297,34,T,BRKR,,,,,left_only
45087012,"PEASE SUB, CIRCUIT BREAKERS",0.021275934463029236,14,T,BRKR,,,,,left_only
45073630,"PITTSBURG PP, CIRCUIT BREAKERS",0.021925934463029238,14,T,BRKR,,,,,left_only
45064978,"EAST GRAND SUB, CIRCUIT BREAKERS",0.02123722028651631,14,T,BRKR,,,,,left_only
45365338,"FAMOSO SUB, CIRCUIT BREAKERS",0.021044211833066314,13,T,BRKR,,,,,left_only
44896624,"ORO LOMA SUB, CIRCUIT BREAKERS",0.02093722028651631,14,T,BRKR,,,,,left_only
41212554,"FULTON SUB, CIRCUIT BREAKERS",0.1101778960983868,34,T,BRKR,,,,,left_only
44661725,"TABLE MTN SUB, CIRCUIT BREAKERS",0.03168269673053147,14,T,BRKR,,,,,left_only
44437751,"MILLBRAE SUB, CIRCUIT BREAKERS",0.0209,14,T,BRKR,,,,,left_only
41365455,"MIDWAY SUB, CIRCUIT BREAKERS",0.09930612077325297,24,T,BRKR,,,,,left_only
45081916,"HUMBOLDT SUB, CIRCUIT BREAKERS",0.020825934463029237,14,T,BRKR,,,,,left_only
45208081,"LODI SUB, CIRCUIT BREAKERS",0.020825934463029237,14,T,BRKR,,,,,left_only
40992139,"CONTRA COSTA PP SW STA, CIRCUIT BREAKERS",0.23445595942618794,44,T,BRKR,,,,,left_only
41159248,"MIDWAY SUB, CIRCUIT BREAKERS",0.1559040869504439,34,T,BRKR,,,,,left_only
45324504,"MORAGA SUB, CIRCUIT BREAKERS",0.020744211833066316,14,T,BRKR,,,,,left_only
41212552,"FULTON SUB, CIRCUIT BREAKERS",0.1380278960983868,34,T,BRKR,,,,,left_only
41118242,"NEWARK SUB, CIRCUIT BREAKERS",0.1320314398769127,34,T,BRKR,,,,,left_only
45740653,"AMES DIST SUB, CIRCUIT BREAKERS",0.0207,14,T,BRKR,,,,,left_only
45147950,"STAGG SUB, CIRCUIT BREAKERS",0.02067593446302924,14,T,BRKR,,,,,left_only
45080888,"OAKLAND L SUB, CIRCUIT BREAKERS",0.02062593446302924,14,T,BRKR,,,,,left_only
45268342,"HUMBOLDT SUB, CIRCUIT BREAKERS",0.020544211833066317,14,T,BRKR,,,,,left_only
45411364,"BELLOTA SUB, CIRCUIT BREAKERS",0.0205,14,T,BRKR,,,,,left_only
45319149,"EVERGREEN SUB, CIRCUIT BREAKERS",0.020494211833066316,14,T,BRKR,,,,,left_only
45249965,"VACA DIXON SUB, CIRCUIT BREAKERS",0.020475934463029238,14,T,BRKR,,,,,left_only
45071866,"EL CERRITO G SUB, CIRCUIT BREAKERS",0.020475934463029238,14,T,BRKR,,,,,left_only
45027833,"OAKLAND D SUB, CIRCUIT BREAKERS",0.02042593446302924,14,T,BRKR,,,,,left_only
42742996,"CONTRA COSTA PP SW STA, CIRCUIT BREAKERS",0.0273,14,T,BRKR,,,,,left_only
45052566,"OAKLAND D SUB, CIRCUIT BREAKERS",0.020325934463029237,14,T,BRKR,,,,,left_only
45071791,"EL CERRITO G SUB, CIRCUIT BREAKERS",0.020125934463029238,14,T,BRKR,,,,,left_only
45026047,"PEASE SUB, CIRCUIT BREAKERS",0.020125934463029238,14,T,BRKR,,,,,left_only
41159249,"MIDWAY SUB, CIRCUIT BREAKERS",0.15040408695044388,34,T,BRKR,,,,,left_only
45335169,"OAKLAND K (CLAREMONT) SUB, CIRCUIT BRKR",0.019994211833066315,14,T,BRKR,,,,,left_only
45003149,"PEASE SUB, CIRCUIT BREAKERS",0.01997441394393041,14,T,BRKR,,,,,left_only
40990628,"METCALF SUB, CIRCUIT BREAKERS",0.2766971816309527,44,T,BRKR,,,,,left_only
45151292,"TULARE LAKE SUB, CIRCUIT BREAKERS",0.01992593446302924,14,T,BRKR,,,,,left_only
41364082,"RAVENSWOOD SUB, CIRCUIT BREAKERS",0.16005612077325299,33,T,BRKR,,,,,left_only
45351629,"EVERGREEN SUB, CIRCUIT BREAKERS",0.019844211833066314,14,T,BRKR,,,,,left_only
41154495,"MIDWAY SUB, CIRCUIT BREAKERS",0.13350435576991274,34,T,BRKR,,,,,left_only
45003148,"PEASE SUB, CIRCUIT BREAKERS",0.019824413943930412,14,T,BRKR,,,,,left_only
45003146,"PEASE SUB, CIRCUIT BREAKERS",0.01972441394393041,14,T,BRKR,,,,,left_only
41325712,"FULTON SUB, CIRCUIT BREAKERS",0.10468004340337653,34,T,BRKR,,,,,left_only
40990627,"METCALF SUB, CIRCUIT BREAKERS",0.2953971816309527,44,T,BRKR,,,,,left_only
45112793,"OAKLAND K (CLAREMONT) SUB, CIRCUIT BRKR",0.01967593446302924,14,T,BRKR,,,,,left_only
45080890,"OAKLAND L SUB, CIRCUIT BREAKERS",0.01967593446302924,14,T,BRKR,,,,,left_only
44805157,"PEASE SUB, CIRCUIT BREAKERS",0.01962441394393041,14,T,BRKR,,,,,left_only
41364085,"RAVENSWOOD SUB, CIRCUIT BREAKERS",0.15200612077325298,33,T,BRKR,,,,,left_only
45090108,"SALMON CREEK SUB, CIRCUIT BREAKERS",0.019575934463029236,13,T,BRKR,,,,,left_only
40992140,"CONTRA COSTA PP SW STA, CIRCUIT BREAKERS",0.2454979943135978,44,T,BRKR,,,,,left_only
40990698,"NEWARK SUB, CIRCUIT BREAKERS",0.19419718163095268,34,T,BRKR,,,,,left_only
45247085,"MONTAGUE SUB, CIRCUIT BREAKERS",0.019494211833066315,14,T,BRKR,,,,,left_only
41141617,"MIDWAY SUB, CIRCUIT BREAKERS",0.1527040869504439,34,T,BRKR,,,,,left_only
40990626,"METCALF SUB, CIRCUIT BREAKERS",0.2725971816309527,44,T,BRKR,,,,,left_only
45367534,"EVERGREEN SUB, CIRCUIT BREAKERS",0.019394211833066315,14,T,BRKR,,,,,left_only
44661728,"TABLE MTN SUB, CIRCUIT BREAKERS",0.03453269673053147,24,T,BRKR,,,,,left_only
45084273,"TYLER SUB, CIRCUIT BREAKERS",0.019375934463029237,14,T,BRKR,,,,,left_only
41364086,"RAVENSWOOD SUB, CIRCUIT BREAKERS",0.15460612077325298,33,T,BRKR,,,,,left_only
45208073,"LODI SUB, CIRCUIT BREAKERS",0.019275934463029238,14,T,BRKR,,,,,left_only
41141618,"MIDWAY SUB, CIRCUIT BREAKERS",0.1268040869504439,34,T,BRKR,,,,,left_only
45246459,"PIT #1 PH, CIRCUIT BREAKERS",0.019244211833066314,14,T,BRKR,,,,,left_only
41364087,"RAVENSWOOD SUB, CIRCUIT BREAKERS",0.13965612077325296,33,T,BRKR,,,,,left_only
44661731,"TABLE MTN SUB, CIRCUIT BREAKERS",0.035182696730531475,24,T,BRKR,,,,,left_only
45358478,"PALERMO SUB, CIRCUIT BREAKERS",0.019144211833066315,14,T,BRKR,,,,,left_only
45250074,"OAKLAND X SUB, CIRCUIT BREAKERS",0.019144211833066315,14,T,BRKR,,,,,left_only
45216296,"EVERGREEN SUB, CIRCUIT BREAKERS",0.019144211833066315,14,T,BRKR,,,,,left_only
45266753,"WEBER SUB, CIRCUIT BREAKERS",0.019094211833066314,14,T,BRKR,,,,,left_only
45219693,"FMC SUB, CIRCUIT BREAKERS",0.01907593446302924,14,T,BRKR,,,,,left_only
45085946,"METCALF SUB, CIRCUIT BREAKERS",0.028,14,T,BRKR,,,,,left_only
45003147,"PEASE SUB, CIRCUIT BREAKERS",0.01897593446302924,14,T,BRKR,,,,,left_only
45085948,"METCALF SUB, CIRCUIT BREAKERS",0.0285,14,T,BRKR,,,,,left_only
45410651,"MORAGA SUB, CIRCUIT BREAKERS",0.0189,14,T,BRKR,,,,,left_only
44661734,"TABLE MTN SUB, CIRCUIT BREAKERS",0.03728269673053147,24,T,BRKR,,,,,left_only
45085950,"METCALF SUB, CIRCUIT BREAKERS",0.0285,14,T,BRKR,,,,,left_only
43140487,"SAN MATEO SUB, CIRCUIT BREAKERS",0.05349572367595874,24,T,BRKR,,,,,left_only
45395301,"ANDERSON SUB, CIRCUIT BREAKERS",0.018744211833066314,14,T,BRKR,,,,,left_only
45208079,"LODI SUB, CIRCUIT BREAKERS",0.01872593446302924,14,T,BRKR,,,,,left_only
45297118,"COBURN SUB, CIRCUIT BREAKERS",0.018694211833066313,14,T,BRKR,,,,,left_only
45216298,"FMC SUB, CIRCUIT BREAKERS",0.018675934463029238,14,T,BRKR,,,,,left_only
44693192,"GOLD HILL SUB, CIRCUIT BREAKERS",0.02702441394393041,14,T,BRKR,,,,,left_only
45246457,"PIT #1 PH, CIRCUIT BREAKERS",0.018444211833066312,14,T,BRKR,,,,,left_only
45208077,"LODI SUB, CIRCUIT BREAKERS",0.018425934463029238,14,T,BRKR,,,,,left_only
45401064,"NEWARK SUB, CIRCUIT BREAKERS",0.0184,14,T,BRKR,,,,,left_only
45208075,"LODI SUB, CIRCUIT BREAKERS",0.01822593446302924,14,T,BRKR,,,,,left_only
45351713,"MONTAGUE SUB, CIRCUIT BREAKERS",0.018194211833066316,14,T,BRKR,,,,,left_only
45208071,"LODI SUB, CIRCUIT BREAKERS",0.018175934463029238,14,T,BRKR,,,,,left_only
45247382,"WEBER SUB, CIRCUIT BREAKERS",0.018094211833066316,14,T,BRKR,,,,,left_only
45310377,"KERN PP, CIRCUIT BREAKERS",0.018044211833066315,14,T,BRKR,,,,,left_only
45306703,"HUMBOLDT SUB, CIRCUIT BREAKERS",0.017994211833066313,14,T,BRKR,,,,,left_only
44661737,"TABLE MTN SUB, CIRCUIT BREAKERS",0.034432696730531474,24,T,BRKR,,,,,left_only
41180652,"GATES SUB, CIRCUIT BREAKERS",0.1233837773886685,34,T,BRKR,,,,,left_only
41180653,"GATES SUB, CIRCUIT BREAKERS",0.1237337773886685,34,T,BRKR,,,,,left_only
41180654,"GATES SUB, CIRCUIT BREAKERS",0.1227337773886685,34,T,BRKR,,,,,left_only
40990366,"GOLD HILL SUB, CIRCUIT BREAKERS",0.19869409407656347,34,T,BRKR,,,,,left_only
45085190,"WESTSIDE SUB, CIRCUIT BREAKERS",0.0178,13,T,BRKR,,,,,left_only
45482752,"MISSOURI FLAT SW STA, CIRCUIT BREAKERS",0.0177,13,T,BRKR,,,,,left_only
45290800,"FMC SUB, CIRCUIT BREAKERS",0.017694211833066315,14,T,BRKR,,,,,left_only
45374435,"NEWARK SUB, CIRCUIT BREAKERS",0.017594211833066316,14,T,BRKR,,,,,left_only
45310387,"KERN PP, CIRCUIT BREAKERS",0.017544211833066314,14,T,BRKR,,,,,left_only
42757048,"SAN MATEO SUB, CIRCUIT BREAKERS",0.06006963163649736,24,T,BRKR,,,,,left_only
45310391,"KERN PP, CIRCUIT BREAKERS",0.017444211833066315,14,T,BRKR,,,,,left_only
41212551,"FULTON SUB, CIRCUIT BREAKERS",0.1385778960983868,34,T,BRKR,,,,,left_only
41119846,"NEWARK SUB, CIRCUIT BREAKERS",0.15920408695044388,34,T,BRKR,,,,,left_only
45385209,"CROW CREEK SW STA, CIRCUIT BREAKERS",0.0174,14,T,BRKR,,,,,left_only
40995607,"CONTRA COSTA PP SW STA, CIRCUIT BREAKERS",0.26579062958912786,44,T,BRKR,,,,,left_only
41100936,"NEWARK SUB, CIRCUIT BREAKERS",0.17047995308166697,34,T,BRKR,,,,,left_only
45509579,"MORAGA SUB, CIRCUIT BREAKERS",0.0173,14,T,BRKR,,,,,left_only
40993331,"PITTSBURG PP, CIRCUIT BREAKERS",0.21089799431359782,44,T,BRKR,,,,,left_only
45570928,"RIO OSO SUB, CIRCUIT BREAKERS",0.0172,14,T,BRKR,,,,,left_only
45509581,"MORAGA SUB, CIRCUIT BREAKERS",0.0171,14,T,BRKR,,,,,left_only
45675397,"PACIFICA SUB, CIRCUIT BREAKERS",0.0171,13,T,BRKR,,,,,left_only
41138827,"TESLA SUB, CIRCUIT BREAKERS",0.1704040869504439,34,T,BRKR,,,,,left_only
42835287,"BELLOTA SUB, CIRCUIT BREAKERS",0.05081608678742967,23,T,BRKR,,,,,left_only
45077497,"CASCADE SUB, CIRCUIT BREAKERS",0.017,14,T,BRKR,,,,,left_only
45036773,"LOS ESTEROS SUB, CIRCUIT BREAKERS",0.1048,33,T,BRKR,,,,,left_only
45365114,"DIVIDE SUB, CIRCUIT BREAKERS",0.016894211833066317,14,T,BRKR,,,,,left_only
40995608,"CONTRA COSTA PP SW STA, CIRCUIT BREAKERS",0.27029062958912786,44,T,BRKR,,,,,left_only
41164502,"NEWARK SUB, CIRCUIT BREAKERS",0.14638841352437632,34,T,BRKR,,,,,left_only
45641197,"EL CERRITO G SUB, CIRCUIT BREAKERS",0.0166,14,T,BRKR,,,,,left_only
41138854,"TESLA SUB, CIRCUIT BREAKERS",0.17360408695044388,34,T,BRKR,,,,,left_only
42833215,"BELLOTA SUB, CIRCUIT BREAKERS",0.04824572367595874,23,T,BRKR,,,,,left_only
45398047,"PALERMO SUB, CIRCUIT BREAKERS",0.016444503843342985,14,T,BRKR,,,,,left_only
45509035,"PITTSBURG PP, CIRCUIT BREAKERS",0.015044503843342985,14,T,BRKR,,,,,left_only
45310395,"KERN PP, CIRCUIT BREAKERS",0.016444211833066314,14,T,BRKR,,,,,left_only
45304788,"CALFLAX SUB, CIRCUIT BREAKERS",0.016444211833066314,14,T,BRKR,,,,,left_only
45310372,"KERN PP, CIRCUIT BREAKERS",0.016394211833066316,14,T,BRKR,,,,,left_only
42573946,"OAKLAND D SUB, CIRCUIT BREAKERS",0.0163,14,T,BRKR,,,,,left_only
41180655,"GATES SUB, CIRCUIT BREAKERS",0.1230337773886685,34,T,BRKR,,,,,left_only
45304782,"CALFLAX SUB, CIRCUIT BREAKERS",0.016294211833066313,14,T,BRKR,,,,,left_only
45304784,"CALFLAX SUB, CIRCUIT BREAKERS",0.016244211833066315,14,T,BRKR,,,,,left_only
45310383,"KERN PP, CIRCUIT BREAKERS",0.016194211833066314,14,T,BRKR,,,,,left_only
45304786,"CALFLAX SUB, CIRCUIT BREAKERS",0.016144211833066316,14,T,BRKR,,,,,left_only
45415191,"PALERMO SUB, CIRCUIT BREAKERS",0.016094503843342985,13,T,BRKR,,,,,left_only
45367988,"FULTON SUB, CIRCUIT BREAKERS",0.016094211833066314,14,T,BRKR,,,,,left_only
45036810,"LOS ESTEROS SUB, CIRCUIT BREAKERS",0.115,33,T,BRKR,,,,,left_only
41180656,"GATES SUB, CIRCUIT BREAKERS",0.1227337773886685,34,T,BRKR,,,,,left_only
40990063,"NEWARK SUB, CIRCUIT BREAKERS",0.26734833574943395,44,T,BRKR,,,,,left_only
45036812,"LOS ESTEROS SUB, CIRCUIT BREAKERS",0.1332,33,T,BRKR,,,,,left_only
40990064,"NEWARK SUB, CIRCUIT BREAKERS",0.23806477960110975,44,T,BRKR,,,,,left_only
42614789,"TESLA SUB, CIRCUIT BREAKERS",0.10249786359348707,33,T,BRKR,,,,,left_only
41100938,"NEWARK SUB, CIRCUIT BREAKERS",0.162979953081667,34,T,BRKR,,,,,left_only
41212550,"FULTON SUB, CIRCUIT BREAKERS",0.1351278960983868,34,T,BRKR,,,,,left_only
41101668,"NEWARK SUB, CIRCUIT BREAKERS",0.13707995308166698,34,T,BRKR,,,,,left_only
45759034,"ZAMORA SUB, CIRCUIT BREAKERS",0.0156,14,T,BRKR,,,,,left_only
42683016,"NEWARK DIST SUB, CIRCUIT BREAKERS",0.07758039288413755,23,T,BRKR,,,,,left_only
45640103,"GOLD HILL SUB, CIRCUIT BREAKERS",0.0155,14,T,BRKR,,,,,left_only
45077499,"CASCADE SUB, CIRCUIT BREAKERS",0.0155,14,T,BRKR,,,,,left_only
41180657,"GATES SUB, CIRCUIT BREAKERS",0.1242837773886685,34,T,BRKR,,,,,left_only
42617438,"NEWARK DIST SUB, CIRCUIT BREAKERS",0.0861915509436695,23,T,BRKR,,,,,left_only
41161688,"ROUND MTN SUB, CIRCUIT BREAKERS",0.1388814398769127,34,T,BRKR,,,,,left_only
45532463,"LOS BANOS SUB, CIRCUIT BREAKERS",0.015194503843342984,14,T,BRKR,,,,,left_only
45447372,"PLACER SUB, CIRCUIT BREAKERS",0.015144503843342986,14,T,BRKR,,,,,left_only
45747617,"COOLEY LANDING SUB, CIRCUIT BREAKERS",0.0151,14,T,BRKR,,,,,left_only
45749967,"CLEAR LAKE SUB, CIRCUIT BREAKERS",0.0151,14,T,BRKR,,,,,left_only
45403185,"SISQUOC SUB, CIRCUIT BREAKERS",0.015094503843342984,14,T,BRKR,,,,,left_only
40993772,"TESLA SUB, CIRCUIT BREAKERS",0.28629429483845376,44,T,BRKR,,,,,left_only
45077489,"FULTON SUB, CIRCUIT BREAKERS",0.014944503843342984,14,T,BRKR,,,,,left_only
45077498,"CASCADE SUB, CIRCUIT BREAKERS",0.0149,14,T,BRKR,,,,,left_only
41118560,"NEWARK SUB, CIRCUIT BREAKERS",0.1506040869504439,34,T,BRKR,,,,,left_only
45827982,"EVERGREEN SUB, CIRCUIT BREAKERS",0.0146,14,T,BRKR,,,,,left_only
40993773,"TESLA SUB, CIRCUIT BREAKERS",0.2739942948384537,44,T,BRKR,,,,,left_only
45422288,"HURON SUB, CIRCUIT BREAKERS",0.014294503843342986,14,T,BRKR,,,,,left_only
41120695,"PITTSBURG PP, CIRCUIT BREAKERS",0.14610408695044388,34,T,BRKR,,,,,left_only
45509659,"METCALF SUB, CIRCUIT BREAKERS",0.014044503843342986,14,T,BRKR,,,,,left_only
45899524,"WESTPARK SUB, CIRCUIT BREAKERS",0.014,14,T,BRKR,,,,,left_only
42707673,"VINEYARD SUB, CIRCUIT BREAKERS",0.10240201676843425,33,T,BRKR,,,,,left_only
45375602,"EXCHEQUER PH, CIRCUIT BREAKERS",0.013644211833066314,13,T,BRKR,,,,,left_only
45713670,"MORAGA SUB, CIRCUIT BREAKERS",0.0136,14,T,BRKR,,,,,left_only
45733188,"MORAGA SUB, CIRCUIT BREAKERS",0.0136,14,T,BRKR,,,,,left_only
41120694,"PITTSBURG PP, CIRCUIT BREAKERS",0.1425040869504439,34,T,BRKR,,,,,left_only
42707674,"VINEYARD SUB, CIRCUIT BREAKERS",0.10865201676843425,33,T,BRKR,,,,,left_only
45641199,"EL CERRITO G SUB, CIRCUIT BREAKERS",0.013078022050308363,14,T,BRKR,,,,,left_only
45641198,"EL CERRITO G SUB, CIRCUIT BREAKERS",0.013078022050308363,14,T,BRKR,,,,,left_only
45646847,"FMC SUB, CIRCUIT BREAKERS",0.013078022050308363,14,T,BRKR,,,,,left_only
42757392,"NORTH DUBLIN SUB, CIRCUIT BREAKERS",0.07081963163649736,23,T,BRKR,,,,,left_only
41142993,"NEWARK DIST SUB, CIRCUIT BREAKERS",0.1508884135243763,33,T,BRKR,,,,,left_only
41142997,"NEWARK DIST SUB, CIRCUIT BREAKERS",0.1447884135243763,33,T,BRKR,,,,,left_only
40991412,"SAN MATEO SUB, CIRCUIT BREAKERS",0.14959889496737985,34,T,BRKR,,,,,left_only
40991540,"SAN MATEO SUB, CIRCUIT BREAKERS",0.14959889496737985,34,T,BRKR,,,,,left_only
40991541,"SAN MATEO SUB, CIRCUIT BREAKERS",0.14959889496737985,34,T,BRKR,,,,,left_only
45112362,"NEWARK SUB, CIRCUIT BREAKERS",0.0557,24,T,BRKR,,,,,left_only
40991413,"SAN MATEO SUB, CIRCUIT BREAKERS",0.4466,44,T,BRKR,,,,,left_only
45694286,"RIO OSO SUB, CIRCUIT BREAKERS",0.012328022050308363,14,T,BRKR,,,,,left_only
40991542,"SAN MATEO SUB, CIRCUIT BREAKERS",0.4466,44,T,BRKR,,,,,left_only
40991543,"SAN MATEO SUB, CIRCUIT BREAKERS",0.4466,44,T,BRKR,,,,,left_only
45720655,"RIO OSO SUB, CIRCUIT BREAKERS",0.011828022050308362,14,T,BRKR,,,,,left_only
45694288,"RIO OSO SUB, CIRCUIT BREAKERS",0.011778022050308364,14,T,BRKR,,,,,left_only
40990875,"NEWARK SUB, CIRCUIT BREAKERS",0.15414371148855704,34,T,BRKR,,,,,left_only
40991414,"SAN MATEO SUB, CIRCUIT BREAKERS",0.22518071314919805,44,T,BRKR,,,,,left_only
40991544,"SAN MATEO SUB, CIRCUIT BREAKERS",0.22518071314919805,44,T,BRKR,,,,,left_only
45794408,"TRIMBLE SUB, CIRCUIT BREAKERS",0.0115,14,T,BRKR,,,,,left_only
40991545,"SAN MATEO SUB, CIRCUIT BREAKERS",0.4222,44,T,BRKR,,,,,left_only
45672264,"RIPON SUB, CIRCUIT BREAKERS",0.011378022050308363,14,T,BRKR,,,,,left_only
45713674,"RIPON SUB, CIRCUIT BREAKERS",0.011328022050308363,14,T,BRKR,,,,,left_only
45720657,"RIO OSO SUB, CIRCUIT BREAKERS",0.011278022050308364,14,T,BRKR,,,,,left_only
45714161,"RIO OSO SUB, CIRCUIT BREAKERS",0.011228022050308362,14,T,BRKR,,,,,left_only
45112304,"NEWARK SUB, CIRCUIT BREAKERS",0.0572,24,T,BRKR,,,,,left_only
45570918,"RIO OSO SUB, CIRCUIT BREAKERS",0.015744503843342986,14,T,BRKR,,,,,left_only
45694290,"RIO OSO SUB, CIRCUIT BREAKERS",0.010878022050308363,14,T,BRKR,,,,,left_only
45695345,"RIO OSO SUB, CIRCUIT BREAKERS",0.010878022050308363,14,T,BRKR,,,,,left_only
41161690,"ROUND MTN SUB, CIRCUIT BREAKERS",0.1385814398769127,34,T,BRKR,,,,,left_only
41161692,"ROUND MTN SUB, CIRCUIT BREAKERS",0.1390814398769127,34,T,BRKR,,,,,left_only
41161694,"ROUND MTN SUB, CIRCUIT BREAKERS",0.1370814398769127,34,T,BRKR,,,,,left_only
45720653,"RIO OSO SUB, CIRCUIT BREAKERS",0.010828022050308363,14,T,BRKR,,,,,left_only
46053888,,0.010775,14,T,BRKR,,,,,left_only
45719410,"RIO OSO SUB, CIRCUIT BREAKERS",0.010678022050308364,14,T,BRKR,,,,,left_only
45695349,"RIO OSO SUB, CIRCUIT BREAKERS",0.010578022050308365,14,T,BRKR,,,,,left_only
41161696,"ROUND MTN SUB, CIRCUIT BREAKERS",0.13853143987691272,34,T,BRKR,,,,,left_only
41161698,"ROUND MTN SUB, CIRCUIT BREAKERS",0.13778143987691271,34,T,BRKR,,,,,left_only
45695347,"RIO OSO SUB, CIRCUIT BREAKERS",0.010428022050308364,14,T,BRKR,,,,,left_only
45719412,"RIO OSO SUB, CIRCUIT BREAKERS",0.010428022050308364,14,T,BRKR,,,,,left_only
45720677,"RIO OSO SUB, CIRCUIT BREAKERS",0.010278022050308363,14,T,BRKR,,,,,left_only
45720675,"RIO OSO SUB, CIRCUIT BREAKERS",0.010178022050308363,14,T,BRKR,,,,,left_only
45714157,"RIO OSO SUB, CIRCUIT BREAKERS",0.010128022050308364,14,T,BRKR,,,,,left_only
45714159,"RIO OSO SUB, CIRCUIT BREAKERS",0.010128022050308364,14,T,BRKR,,,,,left_only
45719414,"RIO OSO SUB, CIRCUIT BREAKERS",0.009978022050308363,14,T,BRKR,,,,,left_only
45720679,"RIO OSO SUB, CIRCUIT BREAKERS",0.009578022050308364,14,T,BRKR,,,,,left_only
45956820,"EAST QUINCY SUB, CIRCUIT BREAKERS",0.00849180771512917,13,T,BRKR,,,,,left_only
45751555,"VIERRA SUB, CIRCUIT BREAKERS",0.00839180771512917,14,T,BRKR,,,,,left_only
45812895,"VIERRA SUB, CIRCUIT BREAKERS",0.00824180771512917,14,T,BRKR,,,,,left_only
45751553,"VIERRA SUB, CIRCUIT BREAKERS",0.00814180771512917,14,T,BRKR,,,,,left_only
45779040,"VIERRA SUB, CIRCUIT BREAKERS",0.00764180771512917,14,T,BRKR,,,,,left_only
45779042,"VIERRA SUB, CIRCUIT BREAKERS",0.00759180771512917,14,T,BRKR,,,,,left_only
45812897,"VIERRA SUB, CIRCUIT BREAKERS",0.00729180771512917,14,T,BRKR,,,,,left_only
