Equipment,Substation Name,POF,"Reliability Risk Matrix (PoF,CoF)",line,type,Equipment Type,Date,Age,Failure Type,_merge
41013832,RECLAMATION DIST#2047,0.5,42,D,TXFR,,,,,left_only
41015294,RECLAMATION DIST#2047,0.5,42,D,TXFR,,,,,left_only
41160708,RECLAMATION DIST#999,0.5,42,D,TXFR,,,,,left_only
41160706,RECLAMATION DIST#999,0.5,42,D,TXFR,,,,,left_only
41160707,RECLAMATION DIST#999,0.5,42,D,TXFR,,,,,left_only
41013883,RUSS RANCH,0.5,43,D,TXFR,,,,,left_only
41013802,PLYMOUTH,0.5,43,D,TXFR,,,,,left_only
41014459,ESQUON,0.5,42,D,TXFR,,,,,left_only
41015314,DEVILS DEN,0.5,42,D,TXFR,,,,,left_only
41014279,WATERSHED,0.5,42,D,TXFR,,,,,left_only
41014280,WATERSHED,0.5,42,D,TXFR,,,,,left_only
41014789,WATERSHED,0.5,42,D,TXFR,,,,,left_only
41014471,GRAYS FLAT,0.5,41,D,TXFR,,,,,left_only
41138818,COLUMBIA HILL,0.3,42,D,TXFR,,,,,left_only
41138819,COLUMBIA HILL,0.3,42,D,TXFR,,,,,left_only
41014196,ARANA,0.3,42,D,TXFR,,,,,left_only
41014221,ARANA,0.3,42,D,TXFR,,,,,left_only
41014235,ARANA,0.3,42,D,TXFR,,,,,left_only
41014953,TOCALOMA,0.3,42,D,TXFR,,,,,left_only
41013430,MERCY SPRINGS,0.3,42,D,TXFR,,,,,left_only
41013431,MERCY SPRINGS,0.3,42,D,TXFR,,,,,left_only
41013429,MERCY SPRINGS,0.3,42,D,TXFR,,,,,left_only
41013095,HAMILTON A,0.3,42,D,TXFR,,,,,left_only
41012235,HAMILTON A,0.3,42,D,TXFR,,,,,left_only
41013096,HAMILTON A,0.3,42,D,TXFR,,,,,left_only
41012234,HAMILTON A,0.3,42,D,TXFR,,,,,left_only
41015087,BERKELEY T,0.3,43,D,TXFR,,,,,left_only
41011899,RECLAMATION DIST#108,0.2,42,D,TXFR,,,,,left_only
41013827,RECLAMATION DIST#108,0.2,42,D,TXFR,,,,,left_only
41012313,IUKA,0.2,42,D,TXFR,,,,,left_only
41013185,IUKA,0.2,42,D,TXFR,,,,,left_only
41013184,IUKA,0.2,42,D,TXFR,,,,,left_only
41013183,IUKA,0.2,42,D,TXFR,,,,,left_only
41011900,RECLAMATION DIST#108,0.2,42,D,TXFR,,,,,left_only
41014067,SHREDDER,0.2,42,D,TXFR,,,,,left_only
41012450,MAINE PRAIRIE,0.2,42,D,TXFR,,,,,left_only
41014617,SHREDDER,0.2,42,D,TXFR,,,,,left_only
41012449,MAINE PRAIRIE,0.2,42,D,TXFR,,,,,left_only
41012451,MAINE PRAIRIE,0.2,42,D,TXFR,,,,,left_only
41012583,BIG RIVER,0.2,42,D,TXFR,,,,,left_only
41012585,BIG RIVER,0.2,42,D,TXFR,,,,,left_only
41012582,BIG RIVER,0.2,42,D,TXFR,,,,,left_only
41014145,RIDGE,0.2,42,D,TXFR,,,,,left_only
41014149,RIDGE,0.2,42,D,TXFR,,,,,left_only
41014150,RIDGE,0.2,42,D,TXFR,,,,,left_only
41014146,RIDGE,0.2,42,D,TXFR,,,,,left_only
41014396,RIDGE,0.2,42,D,TXFR,,,,,left_only
41014151,RIDGE,0.2,42,D,TXFR,,,,,left_only
41015088,BERKELEY T,0.8,52,D,TXFR,,,,,left_only
41013689,OROVILLE,0.2,42,D,TXFR,,,,,left_only
41015048,BECK,0.2,43,D,TXFR,,,,,left_only
41012081,FLORENCE,0.7,53,D,TXFR,,,,,left_only
41011985,EIGHTH AVE,0.403760500247393,43,D,TXFR,,,,,left_only
41012034,FAIRMOUNT,0.2,43,D,TXFR,,,,,left_only
41158253,HAAS PH,0.2,43,D,TXFR,,,,,left_only
41158254,HAAS PH,0.2,43,D,TXFR,,,,,left_only
41158251,HAAS PH,0.2,43,D,TXFR,,,,,left_only
41014218,TUDOR,0.2,42,D,TXFR,,,,,left_only
41013826,RECLAMATION DIST#108,0.2,42,D,TXFR,,,,,left_only
41013662,PETALUMA A,0.4068515603670968,42,D,TXFR,,,,,left_only
41013658,PETALUMA A,0.2,42,D,TXFR,,,,,left_only
41013665,PETALUMA A,0.2,42,D,TXFR,,,,,left_only
41013784,POINT ARENA,0.2,42,D,TXFR,,,,,left_only
41014668,CATLETT,0.2,42,D,TXFR,,,,,left_only
41013761,PITTSBURG,0.2,41,D,TXFR,,,,,left_only
41014595,WESTLAKE,0.2,43,D,TXFR,,,,,left_only
41014201,TOCALOMA,0.2,42,D,TXFR,,,,,left_only
41014665,CAMPHORA,0.2,42,D,TXFR,,,,,left_only
41014955,TOCALOMA,0.2,42,D,TXFR,,,,,left_only
41012664,CAMPHORA,0.2,42,D,TXFR,,,,,left_only
41012663,CAMPHORA,0.2,42,D,TXFR,,,,,left_only
41014954,TOCALOMA,0.2,42,D,TXFR,,,,,left_only
41012662,CAMPHORA,0.2,42,D,TXFR,,,,,left_only
41012869,DAIRYVILLE,0.2,42,D,TXFR,,,,,left_only
41014183,TERMINOUS,0.2,42,D,TXFR,,,,,left_only
41014781,TERMINOUS,0.2,42,D,TXFR,,,,,left_only
41012061,GRAYS FLAT,0.2,41,D,TXFR,,,,,left_only
41012060,GRAYS FLAT,0.2,41,D,TXFR,,,,,left_only
41013828,RECLAMATION DIST#1500,0.2,42,D,TXFR,,,,,left_only
41013829,RECLAMATION DIST#1500,0.2,42,D,TXFR,,,,,left_only
41013831,RECLAMATION DIST#1500,0.2,42,D,TXFR,,,,,left_only
41013747,PETALUMA A,0.2,42,D,TXFR,,,,,left_only
41013804,POINT ARENA,0.2,42,D,TXFR,,,,,left_only
41013473,OLETA,0.2,42,D,TXFR,,,,,left_only
41013472,OLETA,0.2,42,D,TXFR,,,,,left_only
41013474,OLETA,0.2,42,D,TXFR,,,,,left_only
41012473,ACTON,0.2,43,D,TXFR,,,,,left_only
41013274,LAYTONVILLE,0.2,42,D,TXFR,,,,,left_only
41013272,LAYTONVILLE,0.2,42,D,TXFR,,,,,left_only
41013275,LAYTONVILLE,0.2,42,D,TXFR,,,,,left_only
41012730,CHALLENGE,0.2,42,D,TXFR,,,,,left_only
41014427,CHALLENGE,0.2,42,D,TXFR,,,,,left_only
41012727,CHALLENGE,0.4079657047402801,42,D,TXFR,,,,,left_only
41013688,OROVILLE,0.2,42,D,TXFR,,,,,left_only
41013567,OROVILLE,0.2,42,D,TXFR,,,,,left_only
41013687,OROVILLE,0.2,42,D,TXFR,,,,,left_only
41011984,18th STREET,0.2,43,D,TXFR,,,,,left_only
41014932,BANCROFT,0.2,43,D,TXFR,,,,,left_only
41014567,SIXTH AVE,0.2,43,D,TXFR,,,,,left_only
41012710,CASTRO,0.2,43,D,TXFR,,,,,left_only
41012711,CASTRO,0.3,43,D,TXFR,,,,,left_only
41013302,OAKLAND K (CLAREMONT),0.2,43,D,TXFR,,,,,left_only
41013307,OAKLAND K (CLAREMONT),0.2,43,D,TXFR,,,,,left_only
41013306,OAKLAND K (CLAREMONT),0.2,43,D,TXFR,,,,,left_only
41014241,VALLEJO C,0.2,42,D,TXFR,,,,,left_only
41013811,POTTER VALLEY PH,0.2,42,D,TXFR,,,,,left_only
41013377,MARYSVILLE,0.2,43,D,TXFR,TXFR,2025-10-28,,JIT,both
41013378,MARYSVILLE,0.2,43,D,TXFR,TXFR,2025-10-28,,JIT,both
41014549,RECLAMATION DIST#2047,0.2,42,D,TXFR,,,,,left_only
41013099,HAMILTON A,0.2,42,D,TXFR,,,,,left_only
41013097,HAMILTON A,0.2,42,D,TXFR,,,,,left_only
41013098,HAMILTON A,0.2,42,D,TXFR,,,,,left_only
41012612,BUCKS CREEK,0.2,42,D,TXFR,,,,,left_only
41012018,BUCKS CREEK,0.2,42,D,TXFR,,,,,left_only
41012019,BUCKS CREEK,0.2,42,D,TXFR,,,,,left_only
41013310,OAK,0.2,43,D,TXFR,,,,,left_only
41015117,BROOKSIDE,0.2,43,D,TXFR,,,,,left_only
41014073,SIXTH AVE,0.2,43,D,TXFR,,,,,left_only
41014388,MIRA VISTA,0.2,43,D,TXFR,,,,,left_only
41014262,RUSSELL,0.2,43,D,TXFR,,,,,left_only
41014375,YOSEMITE,0.2,43,D,TXFR,,,,,left_only
41014843,CHICO C,0.43979787588437075,43,D,TXFR,,,,,left_only
41014224,TWENTY-FIRST AVE,0.2,43,D,TXFR,,,,,left_only
41012320,JUDAH,0.2,43,D,TXFR,,,,,left_only
41014524,NOVATO,0.40386368830252234,43,D,TXFR,,,,,left_only
41014904,TARAVAL,0.2,43,D,TXFR,,,,,left_only
41014903,TARAVAL,0.2,42,D,TXFR,,,,,left_only
41014928,SULLIVAN,0.2,42,D,TXFR,,,,,left_only
41013376,OCEAN AVE,0.2,42,D,TXFR,,,,,left_only
41015247,COPPERMINE,0.2,42,D,TXFR,,,,,left_only
41012645,CADET,0.2,42,D,TXFR,,,,,left_only
41015248,COPPERMINE,0.2,42,D,TXFR,TXFR,2025-09-17,79,JIT,both
41012644,CADET,0.2,42,D,TXFR,,,,,left_only
41015246,COPPERMINE,0.2,42,D,TXFR,TXFR,2025-09-17,79,JIT,both
41014416,CADET,0.2,42,D,TXFR,,,,,left_only
41015097,BIOLA,0.2,42,D,TXFR,TXFR,2025-01-24,79,JIT,both
41015098,BIOLA,0.2,42,D,TXFR,TXFR,2025-01-24,79,JIT,both
41015099,BIOLA,0.2,42,D,TXFR,TXFR,2025-01-24,79,JIT,both
41012589,BLUE LAKE,0.2,42,D,TXFR,,,,,left_only
45489572,AG WISHON PH,0.2,42,D,TXFR,,,,,left_only
45489574,AG WISHON PH,0.2,42,D,TXFR,,,,,left_only
45489575,AG WISHON PH,0.2,42,D,TXFR,,,,,left_only
41138820,COLUMBIA HILL,0.2,42,D,TXFR,,,,,left_only
41013791,POINT ARENA,0.2,42,D,TXFR,,,,,left_only
41012941,ELK CREEK,0.2,42,D,TXFR,TXFR,2025-11-20,79,JIT,both
41012943,ELK CREEK,0.2,42,D,TXFR,TXFR,2025-11-20,79,JIT,both
41011987,ELK CREEK,0.2,42,D,TXFR,TXFR,2025-11-20,79,JIT,both
41013503,ORICK,0.2,41,D,TXFR,,,,,left_only
41013669,ORICK,0.2,41,D,TXFR,,,,,left_only
41013670,ORICK,0.2,41,D,TXFR,,,,,left_only
41013504,ORICK,0.2,41,D,TXFR,,,,,left_only
41012860,CROWS LANDING,0.2,41,D,TXFR,,,,,left_only
41012862,CROWS LANDING,0.2,41,D,TXFR,,,,,left_only
41012859,CROWS LANDING,0.2,41,D,TXFR,,,,,left_only
41015254,COPUS,0.2,41,D,TXFR,,,,,left_only
41014406,WOOD,0.1,33,D,TXFR,,,,,left_only
41012269,HOLLYWOOD,0.14,33,D,TXFR,,,,,left_only
41013820,RANDOLPH,0.4175433646881992,43,D,TXFR,,,,,left_only
41013061,GONZALES,0.1,33,D,TXFR,,,,,left_only
41012321,JUDAH,0.1,33,D,TXFR,,,,,left_only
41012299,HARTLEY,0.14,33,D,TXFR,,,,,left_only
41015085,BERESFORD,0.12000000000000001,32,D,TXFR,,,,,left_only
41014144,STOCKTON ACRES,0.1,32,D,TXFR,,,,,left_only
41012536,AVENA,0.1,32,D,TXFR,,,,,left_only
41013432,MERCY SPRINGS,0.13,32,D,TXFR,,,,,left_only
41012384,LIVINGSTON,0.12000000000000001,32,D,TXFR,,,,,left_only
41014384,LIVINGSTON,0.12000000000000001,32,D,TXFR,,,,,left_only
41012383,LIVINGSTON,0.12000000000000001,32,D,TXFR,,,,,left_only
41012573,BIG BASIN,0.1,32,D,TXFR,,,,,left_only
41013262,LAURELES,0.12000000000000001,32,D,TXFR,,,,,left_only
41013264,LAURELES,0.16070693630262697,32,D,TXFR,,,,,left_only
41013263,LAURELES,0.15000000000000002,32,D,TXFR,,,,,left_only
41013265,LAURELES,0.1,32,D,TXFR,,,,,left_only
41012854,Salt Springs PH,0.1,32,D,TXFR,,,,,left_only
41013676,ORLAND B,0.4173048848474044,42,D,TXFR,,,,,left_only
41014821,ORLAND B,0.41178663423401785,42,D,TXFR,,,,,left_only
41012851,SALT SPRINGS PH,0.1,32,D,TXFR,,,,,left_only
41012853,SALT SPRINGS PH,0.1,32,D,TXFR,,,,,left_only
41013677,ORLAND B,0.19157985627078408,32,D,TXFR,,,,,left_only
41013182,INDUSTRIAL ACRES,0.1,32,D,TXFR,,,,,left_only
41014484,INDUSTRIAL ACRES,0.1,32,D,TXFR,,,,,left_only
41013180,INDUSTRIAL ACRES,0.1,32,D,TXFR,,,,,left_only
41013181,INDUSTRIAL ACRES,0.1,32,D,TXFR,,,,,left_only
41012581,BIG RIVER,0.1,32,D,TXFR,,,,,left_only
41012579,BIG RIVER,0.1,32,D,TXFR,,,,,left_only
41012584,BIG RIVER,0.1,32,D,TXFR,,,,,left_only
41013991,RADUM,0.11,32,D,TXFR,,,,,left_only
41014395,RADUM,0.1,32,D,TXFR,,,,,left_only
41013011,MERCED FALLS PH,0.1,32,D,TXFR,,,,,left_only
41013008,MERCED FALLS PH,0.1,32,D,TXFR,,,,,left_only
41013007,MERCED FALLS PH,0.1,32,D,TXFR,,,,,left_only
41011894,DOBBINS,0.1,32,D,TXFR,,,,,left_only
41012151,GEYSERVILLE,0.12000000000000001,32,D,TXFR,,,,,left_only
41013016,GERBER,0.14,32,D,TXFR,TXFR,2025-10-02,78,JIT,both
41013015,GERBER,0.40281712031081685,42,D,TXFR,TXFR,2025-10-02,78,JIT,both
41014689,GERBER,0.40095531092680714,42,D,TXFR,TXFR,2025-10-02,78,JIT,both
41013856,RIO BRAVO,0.1,32,D,TXFR,TXFR,2025-07-31,78,JIT,both
41013855,RIO BRAVO,0.12000000000000001,32,D,TXFR,TXFR,2025-07-31,78,JIT,both
41011892,DOBBINS,0.1,32,D,TXFR,,,,,left_only
41011895,DOBBINS,0.13,32,D,TXFR,,,,,left_only
41015269,CATLETT,0.1,32,D,TXFR,,,,,left_only
41015270,CATLETT,0.1,32,D,TXFR,,,,,left_only
41012870,DAIRYVILLE,0.1,32,D,TXFR,,,,,left_only
41012017,ESQUON,0.1,32,D,TXFR,,,,,left_only
41012953,ESQUON,0.1,32,D,TXFR,,,,,left_only
41012016,ESQUON,0.1,32,D,TXFR,,,,,left_only
41012333,KETTLEMAN HILLS,0.1,31,D,TXFR,,,,,left_only
41014078,SMYRNA,0.40539910486750175,41,D,TXFR,,,,,left_only
41014294,WELLFIELD,0.1,31,D,TXFR,,,,,left_only
41012332,KETTLEMAN HILLS,0.1,31,D,TXFR,,,,,left_only
41012334,KETTLEMAN HILLS,0.1,31,D,TXFR,,,,,left_only
41014222,TWENTY-FIRST AVE,0.47572048659050997,43,D,TXFR,,,,,left_only
41014302,WESTLAKE,0.1,33,D,TXFR,,,,,left_only
41014750,RANDOLPH,0.15000000000000002,33,D,TXFR,,,,,left_only
41013806,PORTOLA,0.1,33,D,TXFR,,,,,left_only
41013375,OCEAN AVE,0.1,32,D,TXFR,,,,,left_only
41014422,CAROLANDS,0.14,32,D,TXFR,,,,,left_only
41015212,CELERON HILL,0.13,32,D,TXFR,,,,,left_only
41015211,CELERON HILL,0.13,32,D,TXFR,,,,,left_only
41015213,CELERON HILL,0.13,32,D,TXFR,,,,,left_only
41014254,VASCO,0.1,32,D,TXFR,TXFR,2025-08-07,,JIT,both
41012594,MENDOCINO,0.14795197972808966,32,D,TXFR,,,,,left_only
41012587,MENDOCINO,0.12000000000000001,32,D,TXFR,TXFR,2025-06-04,77,JIT,both
41012596,MENDOCINO,0.12000000000000001,32,D,TXFR,,,,,left_only
41014663,BURNEY,0.1,32,D,TXFR,,,,,left_only
41012633,BURNEY,0.1,32,D,TXFR,,,,,left_only
41014410,AVENA,0.1,32,D,TXFR,,,,,left_only
41012535,AVENA,0.1,32,D,TXFR,,,,,left_only
41012534,AVENA,0.1,32,D,TXFR,,,,,left_only
41013909,SAN BRUNO,0.1,32,D,TXFR,,,,,left_only
41013908,SAN BRUNO,0.1,32,D,TXFR,,,,,left_only
41014555,SAN BRUNO,0.1,32,D,TXFR,,,,,left_only
41013874,ROCKLIN,0.1,32,D,TXFR,,,,,left_only
41012634,BURNEY,0.13,32,D,TXFR,,,,,left_only
41013568,NAPA,0.12000000000000001,32,D,TXFR,,,,,left_only
41015079,BELLE HAVEN,0.1,32,D,TXFR,,,,,left_only
41015071,BELLE HAVEN,0.4,42,D,TXFR,,,,,left_only
41015054,BELLE HAVEN,0.1,32,D,TXFR,,,,,left_only
41012557,BELLE HAVEN,0.1,32,D,TXFR,,,,,left_only
41013374,MARSH,0.1,32,D,TXFR,,,,,left_only
41014506,MERCY SPRINGS,0.15000000000000002,32,D,TXFR,,,,,left_only
41012647,CALAVERAS CEMENT,0.12000000000000001,32,D,TXFR,,,,,left_only
41012646,CALAVERAS CEMENT,0.13,32,D,TXFR,,,,,left_only
41014417,CALAVERAS CEMENT,0.1,32,D,TXFR,,,,,left_only
41014726,SAN BRUNO,0.1,32,D,TXFR,,,,,left_only
41014729,SAN BRUNO,0.13,32,D,TXFR,,,,,left_only
41014721,SAN BRUNO,0.1,32,D,TXFR,,,,,left_only
41014768,AUBURN,0.12000000000000001,32,D,TXFR,,,,,left_only
41012532,AUBURN,0.12000000000000001,32,D,TXFR,,,,,left_only
41014753,AUBURN,0.1,32,D,TXFR,,,,,left_only
41013268,LAYTONVILLE,0.1,32,D,TXFR,,,,,left_only
41013269,LAYTONVILLE,0.1,32,D,TXFR,,,,,left_only
41012312,INDIAN FLAT,0.13,32,D,TXFR,TXFR,2025-01-24,75,JIT,both
41014383,INDIAN FLAT,0.13,32,D,TXFR,TXFR,2025-01-24,75,JIT,both
41012311,INDIAN FLAT,0.13,32,D,TXFR,TXFR,2025-01-24,75,JIT,both
41012176,GIFFEN,0.14,31,D,TXFR,,,,,left_only
41012175,GIFFEN,0.13,31,D,TXFR,,,,,left_only
41012172,GIFFEN,0.13,31,D,TXFR,,,,,left_only
41012990,FRENCH GULCH,0.1,31,D,TXFR,,,,,left_only
41012992,FRENCH GULCH,0.1,31,D,TXFR,,,,,left_only
41015154,CALFLAX,0.25767727780486643,41,D,TXFR,TXFR,2025-07-31,75,JIT,both
41012991,FRENCH GULCH,0.1,31,D,TXFR,,,,,left_only
41013244,LAKEVIEW,0.13,31,D,TXFR,TXFR,2025-01-24,75,JIT,both
41013245,LAKEVIEW,0.31050988048357786,41,D,TXFR,TXFR,2025-01-24,75,JIT,both
41013246,LAKEVIEW,0.14,31,D,TXFR,TXFR,2025-01-24,75,JIT,both
41012453,MAPLE CREEK,0.1,31,D,TXFR,,,,,left_only
41014502,MAPLE CREEK,0.1,31,D,TXFR,,,,,left_only
41013368,MAPLE CREEK,0.1,31,D,TXFR,,,,,left_only
41012452,MAPLE CREEK,0.1,31,D,TXFR,,,,,left_only
41012932,EL CAPITAN,0.1,33,D,TXFR,,,,,left_only
41013291,OAKLAND X,0.12000000000000001,33,D,TXFR,,,,,left_only
41012013,ARLINGTON,0.12000000000000001,33,D,TXFR,,,,,left_only
41015010,WALL,0.15000000000000002,33,D,TXFR,,,,,left_only
41014841,SARANAP,0.13,33,D,TXFR,,,,,left_only
41012197,GILL,0.13,33,D,TXFR,,,,,left_only
41014376,YOSEMITE,0.1,33,D,TXFR,,,,,left_only
41015012,WALDO,0.8,53,D,TXFR,,,,,left_only
41014814,BANCROFT,0.13,33,D,TXFR,,,,,left_only
41013722,PARSONS,0.12000000000000001,33,D,TXFR,,,,,left_only
41011919,EAST GRAND,0.1,33,D,TXFR,,,,,left_only
41014929,BABEL,0.12000000000000001,33,D,TXFR,,,,,left_only
41012031,EAST GRAND,0.1,33,D,TXFR,,,,,left_only
41013111,HARDING,0.12000000000000001,33,D,TXFR,,,,,left_only
41012030,MIRA VISTA,0.1,33,D,TXFR,,,,,left_only
41012484,ALTO,0.18089318731970955,33,D,TXFR,,,,,left_only
41012483,ALTO,0.2647501166187886,43,D,TXFR,,,,,left_only
41012487,ALTO,0.25,43,D,TXFR,,,,,left_only
41012570,BEN LOMOND,0.1,32,D,TXFR,,,,,left_only
41013000,COTATI,0.1,33,D,TXFR,,,,,left_only
41013381,MARYSVILLE,0.15000000000000002,33,D,TXFR,TXFR,2025-10-28,,JIT,both
41013379,MARYSVILLE,0.12000000000000001,33,D,TXFR,TXFR,2025-10-28,,JIT,both
41331810,BALCH PH #2,0.1,32,D,TXFR,,,,,left_only
41013341,MABURY,0.1,32,D,TXFR,,,,,left_only
41012438,MABURY,0.1,32,D,TXFR,,,,,left_only
41013340,MABURY,0.1,32,D,TXFR,,,,,left_only
41013174,NAPA,0.1,32,D,TXFR,,,,,left_only
41013570,NAVY LAB,0.1,32,D,TXFR,,,,,left_only
41013573,NAVY SCHOOL,0.1,32,D,TXFR,,,,,left_only
41013072,GRASS VALLEY,0.4,42,D,TXFR,TXFR,2025-10-28,,JIT,both
41012820,CORDELIA,0.13,32,D,TXFR,,,,,left_only
41013572,NAVY SCHOOL,0.1,32,D,TXFR,,,,,left_only
41012206,GRASS VALLEY,0.70416841809242,52,D,TXFR,TXFR,2025-10-28,,JIT,both
41013569,NAVY LAB,0.1,32,D,TXFR,,,,,left_only
41013830,RECLAMATION DIST#1500,0.1,32,D,TXFR,,,,,left_only
41013571,NAVY LAB,0.1,32,D,TXFR,,,,,left_only
41013428,MERCY SPRINGS,0.1,32,D,TXFR,,,,,left_only
41014520,NAVY SCHOOL,0.1,32,D,TXFR,,,,,left_only
41013073,GRASS VALLEY,0.1,32,D,TXFR,TXFR,2025-10-28,,JIT,both
41014402,SAN BRUNO,0.1,32,D,TXFR,,,,,left_only
41012407,LIVERMORE,0.12000000000000001,32,D,TXFR,,,,,left_only
41012406,LIVERMORE,0.42567200596495797,42,D,TXFR,,,,,left_only
41014615,SHADY GLEN,0.13,32,D,TXFR,TXFR,2025-01-22,74,JIT,both
41014614,SHADY GLEN,0.17,32,D,TXFR,TXFR,2025-01-22,74,JIT,both
41330185,BALCH PH #1,0.14,32,D,TXFR,,,,,left_only
41330188,BALCH PH #2,0.13,32,D,TXFR,,,,,left_only
41330154,BALCH PH #1,0.13,32,D,TXFR,,,,,left_only
41013271,LAYTONVILLE,0.1,32,D,TXFR,,,,,left_only
41012400,LOYOLA,0.11534608942454473,32,D,TXFR,,,,,left_only
41012401,LOYOLA,0.14649481295159955,32,D,TXFR,,,,,left_only
41012402,LOYOLA,0.14538682891971488,32,D,TXFR,,,,,left_only
41012632,BURNEY,0.1,32,D,TXFR,,,,,left_only
41012152,GEYSERVILLE,0.1,32,D,TXFR,,,,,left_only
41012221,HOPLAND,0.1,32,D,TXFR,,,,,left_only
41012858,COVELO,0.1,32,D,TXFR,,,,,left_only
41015279,COVELO,0.1,32,D,TXFR,,,,,left_only
41015280,COVELO,0.13,32,D,TXFR,,,,,left_only
41014957,TAR FLAT,0.14,32,D,TXFR,,,,,left_only
41013854,RIO BRAVO,0.13,32,D,TXFR,TXFR,2025-07-31,74,JIT,both
41015259,CARLOTTA,0.4026044254501725,42,D,TXFR,,,,,left_only
41015258,CARLOTTA,0.1,32,D,TXFR,,,,,left_only
41015257,CARLOTTA,0.7014711374934183,52,D,TXFR,,,,,left_only
41012786,COLONY,0.14,32,D,TXFR,,,,,left_only
41012238,ORO LOMA,0.1,32,D,TXFR,,,,,left_only
41012788,COLONY,0.17,32,D,TXFR,,,,,left_only
41012789,COLONY,0.14,32,D,TXFR,,,,,left_only
41013668,OREGON TRAIL,0.1734391976833348,32,D,TXFR,,,,,left_only
41014174,TEJON,0.40440915552336515,42,D,TXFR,TXFR,2025-01-24,73,JIT,both
41013667,OREGON TRAIL,0.14,32,D,TXFR,,,,,left_only
41012240,ORO LOMA,0.1,32,D,TXFR,,,,,left_only
41012239,ORO LOMA,0.1,32,D,TXFR,,,,,left_only
41015151,FORT ROSS,0.1,32,D,TXFR,,,,,left_only
41012985,FORT ROSS,0.49160919544953063,42,D,TXFR,,,,,left_only
41012986,FORT ROSS,0.14,32,D,TXFR,,,,,left_only
41012082,FORT ROSS,0.15000000000000002,32,D,TXFR,,,,,left_only
41014182,TERMINOUS,0.12000000000000001,32,D,TXFR,,,,,left_only
41014077,SMYRNA,0.16,31,D,TXFR,,,,,left_only
41014079,SMYRNA,0.1,31,D,TXFR,,,,,left_only
41015155,CALFLAX,0.31050988048357786,41,D,TXFR,TXFR,2025-07-31,74,JIT,both
41014651,ANNAPOLIS,0.1,31,D,TXFR,,,,,left_only
41012497,ANNAPOLIS,0.1,31,D,TXFR,,,,,left_only
41013383,MAXWELL,0.1,31,D,TXFR,,,,,left_only
41012496,ANNAPOLIS,0.11,31,D,TXFR,,,,,left_only
41014498,LOS COCHES,0.12000000000000001,31,D,TXFR,,,,,left_only
41013326,LOS COCHES,0.12000000000000001,31,D,TXFR,,,,,left_only
41013633,OAKLAND I,0.25,43,D,TXFR,,,,,left_only
41014074,SIXTH AVE,0.1,33,D,TXFR,,,,,left_only
41013819,RANDOLPH,0.1,33,D,TXFR,,,,,left_only
41014924,STUART,0.15000000000000002,33,D,TXFR,,,,,left_only
41014840,SOQUEL,0.13,33,D,TXFR,,,,,left_only
41012510,ARANA,0.13,33,D,TXFR,,,,,left_only
41013695,PACIFIC GROVE,0.14,33,D,TXFR,,,,,left_only
41015265,CASSERLY,0.11,32,D,TXFR,,,,,left_only
41012123,WALNUT CREEK,0.1,32,D,TXFR,,,,,left_only
41015015,WALNUT CREEK,0.14,32,D,TXFR,,,,,left_only
41015041,WILLITS A,0.15000000000000002,33,D,TXFR,,,,,left_only
41014328,WILLITS A,0.1,33,D,TXFR,,,,,left_only
41015039,WILLITS A,0.12000000000000001,33,D,TXFR,,,,,left_only
41015040,WILLITS A,0.15000000000000002,33,D,TXFR,,,,,left_only
41012773,CLOVERDALE,0.15000000000000002,33,D,TXFR,,,,,left_only
41012771,CLOVERDALE,0.1,33,D,TXFR,,,,,left_only
41012772,CLOVERDALE,0.15000000000000002,33,D,TXFR,,,,,left_only
41012770,CLOVERDALE,0.12000000000000001,33,D,TXFR,,,,,left_only
41014131,REDWOOD CITY,0.1,32,D,TXFR,,,,,left_only
41014142,REDWOOD CITY,0.1,32,D,TXFR,,,,,left_only
41014121,REDWOOD CITY,0.1,32,D,TXFR,,,,,left_only
41012268,HILLSDALE,0.15000000000000002,32,D,TXFR,,,,,left_only
41012267,HILLSDALE,0.14,32,D,TXFR,,,,,left_only
41013147,HILLSDALE,0.14,32,D,TXFR,,,,,left_only
41012338,OLD KEARNEY,0.12000000000000001,32,D,TXFR,TXFR,2025-07-31,73,JIT,both
41012342,OLD KEARNEY,0.12000000000000001,32,D,TXFR,TXFR,2025-07-31,73,JIT,both
41012343,OLD KEARNEY,0.1480330372326706,32,D,TXFR,TXFR,2025-07-31,73,JIT,both
41014411,BIG MEADOWS,0.1,32,D,TXFR,,,,,left_only
41012577,BIG MEADOWS,0.1,32,D,TXFR,,,,,left_only
41012578,BIG MEADOWS,0.1,32,D,TXFR,,,,,left_only
41014274,WASCO,0.13,32,D,TXFR,,,,,left_only
41014273,WASCO,0.16,32,D,TXFR,TXFR,2025-10-01,73,JIT,both
41014272,WASCO,0.16,32,D,TXFR,TXFR,2025-10-01,73,JIT,both
41013417,ORLAND B,0.13,32,D,TXFR,,,,,left_only
41013418,ORLAND B,0.13,32,D,TXFR,,,,,left_only
41014057,SHADY GLEN,0.1,32,D,TXFR,,,,,left_only
41014006,RALSTON,0.13,32,D,TXFR,,,,,left_only
41014012,RALSTON,0.13,32,D,TXFR,,,,,left_only
41014010,RALSTON,0.13,32,D,TXFR,,,,,left_only
41013672,PHILO,0.15000000000000002,32,D,TXFR,TXFR,2025-01-10,73,JIT,both
41013678,PHILO,0.15000000000000002,32,D,TXFR,TXFR,2025-01-10,73,JIT,both
41014252,VASCO,0.1,32,D,TXFR,,,,,left_only
41014786,VASCO,0.4163832637715397,42,D,TXFR,,,,,left_only
41014251,VASCO,0.1,32,D,TXFR,,,,,left_only
41012636,BURNEY,0.13,32,D,TXFR,,,,,left_only
41012635,BURNEY,0.12000000000000001,32,D,TXFR,,,,,left_only
41013758,PINE GROVE,0.1,32,D,TXFR,,,,,left_only
41014742,PINE GROVE,0.1,32,D,TXFR,,,,,left_only
41013759,PINE GROVE,0.1,32,D,TXFR,,,,,left_only
41014979,UPPER LAKE,0.15000000000000002,32,D,TXFR,,,,,left_only
41014980,UPPER LAKE,0.15000000000000002,32,D,TXFR,,,,,left_only
41014981,UPPER LAKE,0.15000000000000002,32,D,TXFR,,,,,left_only
41015124,BARRY,0.1,32,D,TXFR,,,,,left_only
41015126,BARRY,0.1,32,D,TXFR,,,,,left_only
41015127,BARRY,0.1,32,D,TXFR,,,,,left_only
41014943,TEJON,0.13,32,D,TXFR,TXFR,2025-01-24,73,JIT,both
41014944,TEJON,0.13,32,D,TXFR,TXFR,2025-01-24,73,JIT,both
41014959,TAR FLAT,0.14,32,D,TXFR,,,,,left_only
41014958,TAR FLAT,0.14,32,D,TXFR,,,,,left_only
41012495,ANITA,0.1,32,D,TXFR,,,,,left_only
41013691,ANITA,0.4058990512400921,42,D,TXFR,,,,,left_only
41012493,ANITA,0.16,32,D,TXFR,,,,,left_only
41012863,CUYAMA,0.1,31,D,TXFR,,,,,left_only
41012864,CUYAMA,0.1,31,D,TXFR,,,,,left_only
41013325,LOS COCHES,0.1,31,D,TXFR,,,,,left_only
41012838,MENLO,0.14,33,D,TXFR,,,,,left_only
41014848,MAPLE,0.1,33,D,TXFR,,,,,left_only
41014940,TARAVAL,0.1,33,D,TXFR,,,,,left_only
41014695,HARDING,0.13,33,D,TXFR,,,,,left_only
41013805,PORTOLA,0.16261211843034298,33,D,TXFR,,,,,left_only
41012014,ERTA,0.1,33,D,TXFR,,,,,left_only
41012553,BEACH STREET,0.1,32,D,TXFR,,,,,left_only
41012084,SAN CARLOS,0.1,33,D,TXFR,,,,,left_only
41014732,SAN CARLOS,0.1,33,D,TXFR,,,,,left_only
41014735,SAN CARLOS,0.1,33,D,TXFR,,,,,left_only
41014657,BELLE HAVEN,0.14,33,D,TXFR,,,,,left_only
41012556,BELLE HAVEN,0.15000000000000002,33,D,TXFR,,,,,left_only
41012555,BELLE HAVEN,0.16102183460454056,33,D,TXFR,,,,,left_only
41013373,MARSH,0.1,32,D,TXFR,,,,,left_only
41012821,CORDELIA,0.12000000000000001,32,D,TXFR,,,,,left_only
41014717,MARSH,0.1,32,D,TXFR,,,,,left_only
41015244,CORDELIA,0.1,32,D,TXFR,,,,,left_only
41015243,CORDELIA,0.11,32,D,TXFR,,,,,left_only
41015242,CORDELIA,0.1,32,D,TXFR,,,,,left_only
41013425,ORLAND B,0.13,32,D,TXFR,,,,,left_only
41013988,RADUM,0.11,32,D,TXFR,,,,,left_only
41013981,RADUM,0.11,32,D,TXFR,,,,,left_only
41013982,RADUM,0.11,32,D,TXFR,,,,,left_only
41015023,WEIMAR,0.12000000000000001,32,D,TXFR,,,,,left_only
41015022,WEIMAR,0.12000000000000001,32,D,TXFR,,,,,left_only
41015021,WEIMAR,0.13,32,D,TXFR,,,,,left_only
41014290,WEIMAR,0.1,32,D,TXFR,,,,,left_only
41013638,PEACHTON,0.1,32,D,TXFR,,,,,left_only
41013640,PEACHTON,0.1,32,D,TXFR,,,,,left_only
41013639,PEACHTON,0.1,32,D,TXFR,,,,,left_only
41014961,TAR FLAT,0.12000000000000001,32,D,TXFR,,,,,left_only
41015186,CALFLAX,0.31050988048357786,41,D,TXFR,TXFR,2025-07-31,72,JIT,both
41013327,LOS COCHES,0.16,31,D,TXFR,,,,,left_only
41015086,BERESFORD,0.1,33,D,TXFR,,,,,left_only
41015316,HILLSDALE,0.1,32,D,TXFR,,,,,left_only
41012657,WEST POINT PH,0.1,32,D,TXFR,,,,,left_only
41013914,WEST POINT PH,0.1,32,D,TXFR,,,,,left_only
41012656,WEST POINT PH,0.1,32,D,TXFR,,,,,left_only
41013915,WEST POINT PH,0.1,32,D,TXFR,,,,,left_only
41013349,MADISON,0.1,33,D,TXFR,,,,,left_only
41013270,LAYTONVILLE,0.7017180335971337,52,D,TXFR,,,,,left_only
41013576,NEW HOPE,0.25,42,D,TXFR,,,,,left_only
41012116,FITCH MTN,0.1,33,D,TXFR,,,,,left_only
41012315,JANES CREEK,0.1,33,D,TXFR,,,,,left_only
41014871,OROVILLE,0.1,33,D,TXFR,,,,,left_only
41014984,URICH,0.1,32,D,TXFR,,,,,left_only
41014982,URICH,0.1,32,D,TXFR,,,,,left_only
41014983,URICH,0.1,32,D,TXFR,,,,,left_only
41014986,URICH,0.1,32,D,TXFR,,,,,left_only
41013823,RAWSON,0.1,32,D,TXFR,,,,,left_only
41013824,RAWSON,0.1,32,D,TXFR,,,,,left_only
41013825,RAWSON,0.1,32,D,TXFR,,,,,left_only
41015009,BASALT,0.15000000000000002,32,D,TXFR,,,,,left_only
41015291,BASALT,0.1,32,D,TXFR,,,,,left_only
41015013,BASALT,0.15000000000000002,32,D,TXFR,,,,,left_only
41011982,EEL RIVER,0.13,32,D,TXFR,,,,,left_only
41012928,EEL RIVER,0.1,32,D,TXFR,,,,,left_only
41011983,EEL RIVER,0.13,32,D,TXFR,,,,,left_only
41012103,FRUITVALE,0.14,32,D,TXFR,,,,,left_only
41012100,FRUITVALE,0.1,32,D,TXFR,,,,,left_only
41012101,FRUITVALE,0.16,32,D,TXFR,,,,,left_only
41013575,NEW HOPE,0.13,32,D,TXFR,,,,,left_only
41013574,NEW HOPE,0.11,32,D,TXFR,,,,,left_only
41014639,SAN FRAN P(HUNTERS POINT),0.1897140562335308,34,D,TXFR,,,,,left_only
41014697,SAN JOSE A,0.08,23,D,TXFR,,,,,left_only
41014703,SAN JOSE A,0.08,23,D,TXFR,,,,,left_only
41014113,STAUFFER,0.08,23,D,TXFR,,,,,left_only
41014783,VALLECITOS,0.12000000000000001,33,D,TXFR,,,,,left_only
41015264,CRUSHER,0.08,23,D,TXFR,,,,,left_only
41013411,MENDOCINO,0.08,22,D,TXFR,,,,,left_only
41013637,PEACHTON,0.16,32,D,TXFR,,,,,left_only
41013636,PEACHTON,0.14,32,D,TXFR,,,,,left_only
41013739,PEACHTON,0.14,32,D,TXFR,,,,,left_only
41013370,MARICOPA,0.19642259240842896,32,D,TXFR,,,,,left_only
41013369,MARICOPA,0.08,22,D,TXFR,,,,,left_only
41013371,MARICOPA,0.17670147133943628,32,D,TXFR,,,,,left_only
41012703,CARRIZO PLAINS,0.08,22,D,TXFR,,,,,left_only
41012026,SAN ANDREAS,0.08,23,D,TXFR,,,,,left_only
41012713,MIRABEL,0.14,33,D,TXFR,,,,,left_only
41012848,MONTICELLO,0.08,23,D,TXFR,,,,,left_only
41013199,JOLON,0.11,33,D,TXFR,,,,,left_only
41013798,PLAINFIELD,0.08,23,D,TXFR,,,,,left_only
41012843,MONTICELLO,0.08,22,D,TXFR,,,,,left_only
41013085,MARTELL,0.08,22,D,TXFR,,,,,left_only
41013081,MARTELL,0.40159841998744356,42,D,TXFR,,,,,left_only
41013178,NAPA,0.08,22,D,TXFR,,,,,left_only
41014385,LIVERMORE,0.08,22,D,TXFR,,,,,left_only
41015107,BLUE LAKE,0.08,22,D,TXFR,,,,,left_only
41015106,BLUE LAKE,0.08,22,D,TXFR,,,,,left_only
41015105,BLUE LAKE,0.08,22,D,TXFR,TXFR,2025-07-15,65,JIT,both
41012631,BURNEY,0.13,32,D,TXFR,,,,,left_only
41012511,ARBUCKLE,0.4000679303702598,42,D,TXFR,TXFR,2025-11-14,,JIT,both
41012868,DAIRYVILLE,0.11,32,D,TXFR,,,,,left_only
41012465,MAXWELL,0.08,21,D,TXFR,,,,,left_only
41012469,MAXWELL,0.08,21,D,TXFR,,,,,left_only
41012467,MAXWELL,0.08,21,D,TXFR,,,,,left_only
41014293,WELLFIELD,0.11,31,D,TXFR,,,,,left_only
41014292,WELLFIELD,0.08,21,D,TXFR,,,,,left_only
41014155,SYCAMORE CREEK,0.25,43,D,TXFR,,,,,left_only
41013092,GUSTINE,0.08,23,D,TXFR,,,,,left_only
41013093,GUSTINE,0.08,23,D,TXFR,,,,,left_only
41014737,OTTER,0.08,23,D,TXFR,,,,,left_only
41012855,COUNTRY CLUB,0.08,23,D,TXFR,,,,,left_only
41014734,OILFIELDS,0.08,22,D,TXFR,,,,,left_only
41013653,OILFIELDS,0.08,22,D,TXFR,,,,,left_only
41013654,OILFIELDS,0.08,22,D,TXFR,,,,,left_only
41014450,DUNBAR,0.08,22,D,TXFR,,,,,left_only
41012276,DUNBAR,0.08,22,D,TXFR,,,,,left_only
41012907,DUNBAR,0.08,22,D,TXFR,,,,,left_only
41012917,EAST QUINCY,0.08,22,D,TXFR,,,,,left_only
41012993,FROGTOWN,0.08,22,D,TXFR,,,,,left_only
41014687,FROGTOWN,0.08,22,D,TXFR,,,,,left_only
41012995,FROGTOWN,0.08,22,D,TXFR,,,,,left_only
41012058,EAST QUINCY,0.08,22,D,TXFR,,,,,left_only
41012057,EAST QUINCY,0.08,22,D,TXFR,,,,,left_only
41014692,GEYSERVILLE,0.08,22,D,TXFR,,,,,left_only
41014575,STELLING,0.07,23,D,TXFR,,,,,left_only
41012226,HALF MOON BAY,0.07,23,D,TXFR,,,,,left_only
41012856,COUNTRY CLUB,0.07,23,D,TXFR,,,,,left_only
41014677,COUNTRY CLUB,0.07,23,D,TXFR,,,,,left_only
41014511,MONARCH,0.07,23,D,TXFR,,,,,left_only
41013911,SAN CARLOS,0.07,23,D,TXFR,,,,,left_only
41013356,MANTECA,0.07,23,D,TXFR,,,,,left_only
41013364,MANTECA,0.07,23,D,TXFR,,,,,left_only
41013360,MANTECA,0.07,23,D,TXFR,,,,,left_only
41014501,MANTECA,0.07,23,D,TXFR,,,,,left_only
41014540,PETALUMA C,0.07,22,D,TXFR,,,,,left_only
41013748,PETALUMA C,0.07,22,D,TXFR,,,,,left_only
41013941,PETALUMA C,0.07,22,D,TXFR,,,,,left_only
41014139,STOCKTON A,0.07,22,D,TXFR,,,,,left_only
41012005,STOCKTON A,0.07,22,D,TXFR,,,,,left_only
41012004,STOCKTON A,0.07,22,D,TXFR,,,,,left_only
41014138,STOCKTON A,0.07,22,D,TXFR,,,,,left_only
41014133,STOCKTON A,0.07,22,D,TXFR,,,,,left_only
41014779,STOCKTON A,0.07,22,D,TXFR,,,,,left_only
41013904,SAN ARDO,0.07,22,D,TXFR,,,,,left_only
41013902,SAN ARDO,0.07,22,D,TXFR,,,,,left_only
41013903,SAN ARDO,0.07,22,D,TXFR,,,,,left_only
41014542,PITTSBURG,0.12000000000000001,31,D,TXFR,,,,,left_only
41014236,ROSSMOOR,0.07,24,D,TXFR,,,,,left_only
41013248,LAKEVILLE,0.08,23,D,TXFR,,,,,left_only
41013198,JESSUP,0.40603683234203675,43,D,TXFR,,,,,left_only
41012371,LOCKHEED #2,0.07,23,D,TXFR,,,,,left_only
41014373,WYANDOTTE,0.08,23,D,TXFR,,,,,left_only
41012877,NEWBURG,0.07,23,D,TXFR,,,,,left_only
41014440,COUNTRY CLUB,0.07,23,D,TXFR,,,,,left_only
41014304,WESTLANDS,0.07,23,D,TXFR,,,,,left_only
41014013,RALSTON,0.07,23,D,TXFR,,,,,left_only
41013454,METTLER,0.11,33,D,TXFR,,,,,left_only
41014276,WATERLOO,0.11,33,D,TXFR,,,,,left_only
41013348,MADISON,0.07,23,D,TXFR,,,,,left_only
41014850,ALPAUGH,0.07,23,D,TXFR,,,,,left_only
41014650,ALTO,0.07,23,D,TXFR,,,,,left_only
41013200,KANAKA,0.07,22,D,TXFR,,,,,left_only
41015268,COTATI,0.07,22,D,TXFR,,,,,left_only
41015267,COTATI,0.07,22,D,TXFR,,,,,left_only
41015266,COTATI,0.07,22,D,TXFR,,,,,left_only
41015111,BOGARD,0.07,22,D,TXFR,,,,,left_only
41012572,BIG BASIN,0.07,22,D,TXFR,,,,,left_only
41015090,BIG BASIN,0.07,22,D,TXFR,,,,,left_only
41015091,BIG BASIN,0.07,22,D,TXFR,,,,,left_only
41014341,WILLOWS A,0.07,22,D,TXFR,,,,,left_only
41014896,WILLOWS A,0.07,22,D,TXFR,,,,,left_only
41014602,WILLOWS A,0.07,22,D,TXFR,,,,,left_only
41014797,WILLOWS A,0.07,22,D,TXFR,,,,,left_only
41015145,RIO DELL,0.07,22,D,TXFR,,,,,left_only
41015143,RIO DELL,0.07,22,D,TXFR,,,,,left_only
41015144,RIO DELL,0.07,22,D,TXFR,,,,,left_only
41014591,VASCO,0.07,22,D,TXFR,TXFR,2025-08-07,,JIT,both
41014253,VASCO,0.07,22,D,TXFR,TXFR,2025-08-07,,JIT,both
41013989,RADUM,0.07,22,D,TXFR,,,,,left_only
41013905,SAN ARDO,0.07,22,D,TXFR,,,,,left_only
41013713,PANORAMA,0.11,33,D,TXFR,,,,,left_only
41014816,CANTUA,0.07,23,D,TXFR,,,,,left_only
41014490,KONOCTI,0.09400884713369664,23,D,TXFR,,,,,left_only
41014866,LIVE OAK,0.07,23,D,TXFR,,,,,left_only
41013838,RED BLUFF,0.07,23,D,TXFR,,,,,left_only
41013840,REDBUD,0.07,23,D,TXFR,,,,,left_only
41013839,REDBUD,0.07,23,D,TXFR,,,,,left_only
41014102,STAGG,0.07,22,D,TXFR,,,,,left_only
41014124,ARBUCKLE,0.07,22,D,TXFR,TXFR,2025-11-14,,JIT,both
41014066,ARBUCKLE,0.07,22,D,TXFR,TXFR,2025-11-14,,JIT,both
41014093,ARBUCKLE,0.07,22,D,TXFR,TXFR,2025-11-14,,JIT,both
41013738,PEACHTON,0.40699869937784067,42,D,TXFR,,,,,left_only
41013169,HUMBOLDT BAY,0.07,23,D,TXFR,,,,,left_only
41014875,DERRICK,0.10938366309581768,33,D,TXFR,,,,,left_only
41013067,GRAND ISLAND,0.07,23,D,TXFR,,,,,left_only
41013066,GRAND ISLAND,0.7018891274857888,53,D,TXFR,,,,,left_only
41013151,ALHAMBRA,0.07,23,D,TXFR,,,,,left_only
41014873,COALINGA #1,0.07,23,D,TXFR,,,,,left_only
41013696,PACIFIC GROVE,0.07,23,D,TXFR,,,,,left_only
41012751,WATSONVILLE,0.07,22,D,TXFR,,,,,left_only
41015200,CLEAR LAKE,0.07,22,D,TXFR,TXFR,2025-07-15,60,JIT,both
41015198,CLEAR LAKE,0.07,22,D,TXFR,,,,,left_only
41015199,CLEAR LAKE,0.07,22,D,TXFR,,,,,left_only
41013666,OREGON TRAIL,0.14,32,D,TXFR,,,,,left_only
41013760,PITTSBURG,0.13,31,D,TXFR,,,,,left_only
41013762,PITTSBURG,0.14,31,D,TXFR,,,,,left_only
41014034,REDBUD,0.07,23,D,TXFR,,,,,left_only
41014538,PEASE,0.07,23,D,TXFR,,,,,left_only
41012834,CORTINA,0.7,52,D,TXFR,,,,,left_only
41014327,SAN FRAN E,0.07,23,D,TXFR,,,,,left_only
41014312,SAN FRAN E,0.07,23,D,TXFR,,,,,left_only
41013913,SAN FRAN E,0.07,23,D,TXFR,,,,,left_only
41014310,SAN FRAN E,0.08,23,D,TXFR,,,,,left_only
41014317,SAN FRAN E,0.07,23,D,TXFR,,,,,left_only
41014309,SAN FRAN E,0.07,23,D,TXFR,,,,,left_only
41014323,SAN FRAN E,0.07,23,D,TXFR,,,,,left_only
41013878,BIG RIVER,0.07,22,D,TXFR,,,,,left_only
41013872,ROCKLIN,0.07,22,D,TXFR,,,,,left_only
41015032,WHEATLAND,0.07,22,D,TXFR,,,,,left_only
41015031,WHEATLAND,0.3812334986290557,42,D,TXFR,,,,,left_only
41014597,WHEATLAND,0.07,22,D,TXFR,,,,,left_only
41015033,WHEATLAND,0.07,22,D,TXFR,,,,,left_only
41014368,VACA DIXON,0.06,23,D,TXFR,,,,,left_only
41012165,WOODLAND,0.06,23,D,TXFR,,,,,left_only
41012007,BAYSHORE,0.07,23,D,TXFR,,,,,left_only
41015142,BAYSHORE,0.06,23,D,TXFR,,,,,left_only
41014070,SILVERADO,0.06,23,D,TXFR,,,,,left_only
41014464,GALLO,0.06,23,D,TXFR,,,,,left_only
41014165,TAFT,0.06,23,D,TXFR,,,,,left_only
41011912,BERRENDA A,0.06,23,D,TXFR,,,,,left_only
41012396,LOS ALTOS,0.06,23,D,TXFR,,,,,left_only
41014056,RESERVE OIL,0.06,23,D,TXFR,,,,,left_only
41012395,LOS ALTOS,0.06,23,D,TXFR,,,,,left_only
41012480,ALPINE,0.06,22,D,TXFR,,,,,left_only
41012479,ALPINE,0.06,22,D,TXFR,,,,,left_only
41012481,ALPINE,0.06,22,D,TXFR,,,,,left_only
41014649,ALPINE,0.06,22,D,TXFR,,,,,left_only
41012537,BAHIA,0.06,24,D,TXFR,,,,,left_only
41014942,BAHIA,0.060000000000000005,24,D,TXFR,,,,,left_only
41011945,BELLEVUE,0.19889295955457548,33,D,TXFR,,,,,left_only
41012968,FOOTHILL,0.06,23,D,TXFR,,,,,left_only
41012912,EAST MARYSVILLE,0.40490242588551634,43,D,TXFR,,,,,left_only
41013864,RIVER ROCK,0.06,23,D,TXFR,,,,,left_only
41012720,CAWELO C,0.07,23,D,TXFR,,,,,left_only
41012569,BELLRIDGE 1B,0.06,23,D,TXFR,,,,,left_only
41014978,UKIAH,0.06,23,D,TXFR,,,,,left_only
41013222,KING CITY,0.06,23,D,TXFR,,,,,left_only
41014110,STAGG,0.06,22,D,TXFR,,,,,left_only
41014107,STAGG,0.06,22,D,TXFR,,,,,left_only
41014775,STAGG,0.06,22,D,TXFR,,,,,left_only
41013942,PETALUMA C,0.06,22,D,TXFR,,,,,left_only
41014016,ROCKLIN,0.06,22,D,TXFR,,,,,left_only
41012818,MILPITAS,0.4058485432385833,43,D,TXFR,,,,,left_only
41014558,SAN LEANDRO U,0.06,23,D,TXFR,,,,,left_only
41014298,WEST SACRAMENTO,0.15397219004641052,33,D,TXFR,,,,,left_only
41011914,VALLEY VIEW,0.06,23,D,TXFR,,,,,left_only
41014097,STAFFORD,0.06,23,D,TXFR,,,,,left_only
41012702,CARQUINEZ,0.06,23,D,TXFR,,,,,left_only
41015292,BELLE HAVEN,0.06,23,D,TXFR,,,,,left_only
41013299,OAKLAND K (CLAREMONT),0.06,23,D,TXFR,,,,,left_only
41013869,RIVERBANK,0.06,23,D,TXFR,,,,,left_only
41013867,RIVERBANK,0.060000000000000005,23,D,TXFR,,,,,left_only
41013870,RIVERBANK,0.06,23,D,TXFR,,,,,left_only
41012447,MADERA,0.06,23,D,TXFR,,,,,left_only
41012446,MADERA,0.06,22,D,TXFR,,,,,left_only
41012445,MADERA,0.06,22,D,TXFR,,,,,left_only
41013423,STANISLAUS PH,0.06,22,D,TXFR,,,,,left_only
41013422,STANISLAUS PH,0.06,22,D,TXFR,,,,,left_only
41013421,STANISLAUS PH,0.06,22,D,TXFR,,,,,left_only
41013424,STANISLAUS PH,0.06,22,D,TXFR,,,,,left_only
41013990,SAN LEANDRO U,0.06,23,D,TXFR,,,,,left_only
41014776,STELLING,0.06,23,D,TXFR,,,,,left_only
41014216,ROB ROY,0.06,23,D,TXFR,,,,,left_only
41135834,KIRKER,0.06,23,D,TXFR,,,,,left_only
41014795,WESTPARK,0.11391963424560513,33,D,TXFR,,,,,left_only
41011997,EL CERRITO G,0.06,23,D,TXFR,,,,,left_only
41011998,EL CERRITO G,0.06,23,D,TXFR,,,,,left_only
41013476,MILLBRAE,0.06,23,D,TXFR,,,,,left_only
41012277,EL CAPITAN,0.06,23,D,TXFR,,,,,left_only
41013579,PACIFICA,0.06,23,D,TXFR,TXFR,2025-01-02,55,JIT,both
41012006,EL PECO,0.07,22,D,TXFR,,,,,left_only
41012519,ASHLAN AVE,0.06,24,D,TXFR,,,,,left_only
41012906,DUMBARTON,0.06,24,D,TXFR,,,,,left_only
41013493,VACA DIXON,0.06,23,D,TXFR,,,,,left_only
41014696,SAN JOSE A,0.06,23,D,TXFR,,,,,left_only
41014493,LAS POSITAS,0.8,53,D,TXFR,,,,,left_only
41012393,LOGAN CREEK,0.06,23,D,TXFR,,,,,left_only
41013912,AMES,0.06,23,D,TXFR,,,,,left_only
41014157,SYCAMORE CREEK,0.06,23,D,TXFR,,,,,left_only
41015051,WESTPARK,0.7135248812229485,53,D,TXFR,,,,,left_only
41015005,VACAVILLE,0.06,23,D,TXFR,,,,,left_only
41011928,EMBARCADERO,0.06,23,D,TXFR,,,,,left_only
41011926,SAN FRAN Z (EMBARCADERO),0.06,23,D,TXFR,,,,,left_only
41011954,EAST PORTAL,0.06,23,D,TXFR,,,,,left_only
41013258,OAKLAND D,0.06,23,D,TXFR,,,,,left_only
41015034,WHISMAN,0.06,23,D,TXFR,,,,,left_only
41131166,ROUND MTN,0.06,23,D,TXFR,,,,,left_only
41131168,ROUND MTN,0.06,23,D,TXFR,,,,,left_only
41131165,ROUND MTN,0.06,23,D,TXFR,,,,,left_only
41012576,MEADOW LANE,0.8,54,D,TXFR,,,,,left_only
41012531,MCKEE,0.05,24,D,TXFR,,,,,left_only
41013353,OAKLAND D,0.05,24,D,TXFR,,,,,left_only
41014733,OAKLAND D,0.05,23,D,TXFR,,,,,left_only
41014387,MALAGA,0.4262473649108527,43,D,TXFR,,,,,left_only
41014925,SUISUN,0.05,23,D,TXFR,,,,,left_only
41014565,SERRAMONTE,0.05,23,D,TXFR,,,,,left_only
41014318,WHISMAN,0.05,23,D,TXFR,,,,,left_only
41117001,FRUITVALE,0.05,23,D,TXFR,,,,,left_only
41013273,OAKLAND L,0.05,23,D,TXFR,,,,,left_only
41014931,SWIFT,0.05,23,D,TXFR,,,,,left_only
41015158,CARQUINEZ,0.0798761494889845,23,D,TXFR,,,,,left_only
41014941,TECUYA,0.05,23,D,TXFR,,,,,left_only
41015189,CHARCA,0.05,23,D,TXFR,,,,,left_only
41013612,OAKHURST,0.05,23,D,TXFR,,,,,left_only
41012796,MI WUK,0.05,23,D,TXFR,,,,,left_only
41012807,MI WUK,0.05,23,D,TXFR,,,,,left_only
41012802,MI WUK,0.05,23,D,TXFR,,,,,left_only
41013332,COTATI,0.05,23,D,TXFR,,,,,left_only
41013001,COTATI,0.05,23,D,TXFR,,,,,left_only
41012999,COTATI,0.05,23,D,TXFR,,,,,left_only
41012866,CUYAMA,0.14,31,D,TXFR,,,,,left_only
41012865,CUYAMA,0.060000000000000005,21,D,TXFR,,,,,left_only
41015253,COPUS,0.14,31,D,TXFR,,,,,left_only
41015255,COPUS,0.13,31,D,TXFR,,,,,left_only
41012360,LAKEWOOD,0.07,24,D,TXFR,TXFR,2025-07-23,52,JIT,both
41014518,MT. EDEN,0.05387133844001708,24,D,TXFR,,,,,left_only
41012931,EL CAPITAN,0.05,24,D,TXFR,,,,,left_only
41014358,WOLFE,0.0742703133894526,23,D,TXFR,,,,,left_only
41014988,VALLEY VIEW,0.060000000000000005,23,D,TXFR,,,,,left_only
41011908,DUMBARTON,0.05,23,D,TXFR,,,,,left_only
41014658,BELLRIDGE 1A,0.7029275234473857,53,D,TXFR,,,,,left_only
41012914,EAST MARYSVILLE,0.05,23,D,TXFR,,,,,left_only
41013745,PENNGROVE,0.05,23,D,TXFR,,,,,left_only
41013336,LUCERNE,0.11,33,D,TXFR,,,,,left_only
41015187,CHOLAME,0.05,23,D,TXFR,,,,,left_only
41015188,CHOLAME,0.05,23,D,TXFR,,,,,left_only
41013586,NEWHALL,0.05,23,D,TXFR,,,,,left_only
41014868,FAIRVIEW,0.11,33,D,TXFR,,,,,left_only
41014867,FAIRVIEW,0.05,23,D,TXFR,,,,,left_only
41014870,FAIRVIEW,0.05,23,D,TXFR,,,,,left_only
41014869,FAIRVIEW,0.05,23,D,TXFR,,,,,left_only
41013074,GRAYS FLAT,0.05,21,D,TXFR,,,,,left_only
41013137,HICKS,0.05,24,D,TXFR,,,,,left_only
41012420,LAWRENCE,0.05,23,D,TXFR,,,,,left_only
41012628,BULLARD,0.25,43,D,TXFR,,,,,left_only
41012607,BRITTON,0.16248975430868612,33,D,TXFR,,,,,left_only
41012756,CLAY,0.05,23,D,TXFR,,,,,left_only
41014202,TRACY,0.07391969501114615,23,D,TXFR,,,,,left_only
41012876,MOLINO,0.05,23,D,TXFR,,,,,left_only
41011902,RESERVE OIL,0.060000000000000005,23,D,TXFR,,,,,left_only
41012153,PEASE,0.170007776948291,33,D,TXFR,,,,,left_only
41013746,PENRYN,0.05,23,D,TXFR,,,,,left_only
41013907,PERRY,0.05,23,D,TXFR,,,,,left_only
41014220,TUPMAN,0.4039296520398479,43,D,TXFR,,,,,left_only
41012542,BALFOUR,0.05,22,D,TXFR,,,,,left_only
41013362,MANTECA,0.05,23,D,TXFR,,,,,left_only
41013357,MANTECA,0.05,23,D,TXFR,,,,,left_only
41013358,MANTECA,0.05,23,D,TXFR,,,,,left_only
41013078,GREEN VALLEY,0.05,23,D,TXFR,,,,,left_only
41012549,BAY MEADOWS,0.05,23,D,TXFR,,,,,left_only
41015192,CLAYTON,0.05,23,D,TXFR,,,,,left_only
41012785,WEST FRESNO,0.051477083703344625,23,D,TXFR,,,,,left_only
41012627,BULLARD,0.05958795121207172,23,D,TXFR,,,,,left_only
41014126,STOCKDALE,0.060000000000000005,23,D,TXFR,,,,,left_only
41014926,SANGER,0.05,23,D,TXFR,,,,,left_only
41013744,PLACERVILLE,0.05,23,D,TXFR,,,,,left_only
41013995,RAINBOW,0.05,23,D,TXFR,,,,,left_only
41012341,OLD KEARNEY,0.22113146561459127,43,D,TXFR,,,,,left_only
41014688,GABILAN,0.05,23,D,TXFR,,,,,left_only
41012629,BULLARD,0.05,23,D,TXFR,,,,,left_only
41014587,UKIAH,0.060000000000000005,23,D,TXFR,,,,,left_only
41013752,PETALUMA C,0.05,23,D,TXFR,,,,,left_only
41014499,MALAGA,0.4137213581839648,43,D,TXFR,,,,,left_only
41013996,SAN LUIS #3,0.09,23,D,TXFR,,,,,left_only
41012746,CHICO B,0.05,23,D,TXFR,,,,,left_only
41012867,CYMRIC,0.05,23,D,TXFR,,,,,left_only
41012745,CHICO B,0.05,23,D,TXFR,,,,,left_only
41012935,YOSEMITE PARK,0.05,23,D,TXFR,,,,,left_only
41013150,HONCUT,0.05,23,D,TXFR,,,,,left_only
41012610,HIGGINS,0.05,23,D,TXFR,,,,,left_only
41015157,CALPELLA,0.08,23,D,TXFR,,,,,left_only
41012880,DEL MAR,0.051110430814051935,23,D,TXFR,,,,,left_only
41014764,SAN LUIS 6,0.05,23,D,TXFR,,,,,left_only
41012571,BERRENDA C,0.05,23,D,TXFR,,,,,left_only
41178982,SAN JOAQUIN,0.05,23,D,TXFR,,,,,left_only
41013064,GOOSE LAKE,0.05,23,D,TXFR,,,,,left_only
41014065,SHREDDER,0.12000000000000001,32,D,TXFR,,,,,left_only
41014618,SHREDDER,0.13,32,D,TXFR,,,,,left_only
41014960,BAKERSFIELD,0.05,23,D,TXFR,,,,,left_only
41088864,HOWLAND,0.05,23,D,TXFR,,,,,left_only
41014344,WILSON,0.05,23,D,TXFR,,,,,left_only
41012793,COLUMBUS,0.05,23,D,TXFR,,,,,left_only
41015028,BAY MEADOWS,0.05,23,D,TXFR,,,,,left_only
41013967,PUEBLO,0.05,23,D,TXFR,,,,,left_only
41011952,LAS GALLINAS A,0.05,23,D,TXFR,,,,,left_only
41013589,NORD,0.21825410620036031,43,D,TXFR,,,,,left_only
41013877,ROSEDALE,0.05,23,D,TXFR,,,,,left_only
41013972,PUTAH CREEK,0.05,23,D,TXFR,,,,,left_only
41014098,STAFFORD,0.05,23,D,TXFR,,,,,left_only
41012749,CHOWCHILLA,0.7023546111684869,53,D,TXFR,,,,,left_only
41013333,OAKHURST,0.25,43,D,TXFR,,,,,left_only
41013009,GANSO,0.05,23,D,TXFR,,,,,left_only
41013588,NORCO,0.05,23,D,TXFR,,,,,left_only
41015103,BLACKWELL,0.10866076162964905,33,D,TXFR,,,,,left_only
41012719,CATLETT,0.05,22,D,TXFR,,,,,left_only
41013652,OILFIELDS,0.05,21,D,TXFR,,,,,left_only
41014529,OILFIELDS,0.05,21,D,TXFR,,,,,left_only
41013650,OILFIELDS,0.05,21,D,TXFR,,,,,left_only
41013651,OILFIELDS,0.05,21,D,TXFR,,,,,left_only
41014772,SONOMA A,0.04,23,D,TXFR,,,,,left_only
41015251,CLOVIS,0.11,33,D,TXFR,,,,,left_only
41013818,RACETRACK,0.060000000000000005,23,D,TXFR,,,,,left_only
41014063,SHINGLE SPRINGS,0.05,23,D,TXFR,,,,,left_only
41015084,BELLEVUE,0.136951968442166,33,D,TXFR,,,,,left_only
41014371,WRIGHT,0.05,23,D,TXFR,,,,,left_only
41013642,PEORIA,0.060000000000000005,22,D,TXFR,,,,,left_only
41013655,OILFIELDS,0.04,22,D,TXFR,,,,,left_only
41013330,LOS OSITOS,0.04,23,D,TXFR,,,,,left_only
41012508,APPLE HILL,0.04,23,D,TXFR,,,,,left_only
41013641,PEORIA,0.060000000000000005,22,D,TXFR,,,,,left_only
41014203,TRACY,0.05,23,D,TXFR,,,,,left_only
41012709,HAMMONDS,0.05,23,D,TXFR,,,,,left_only
41013644,PEORIA,0.13360333664013363,32,D,TXFR,,,,,left_only
41132278,HAMILTON BRANCH,0.05,22,D,TXFR,,,,,left_only
41132280,HAMILTON BRANCH,0.05,22,D,TXFR,,,,,left_only
41132281,HAMILTON BRANCH,0.05,22,D,TXFR,,,,,left_only
41132279,HAMILTON BRANCH,0.05,22,D,TXFR,,,,,left_only
41011917,POINT PINOLE,0.04,23,D,TXFR,,,,,left_only
41012541,BAKERSFIELD,0.04,23,D,TXFR,,,,,left_only
41014956,BAKERSFIELD,0.04,23,D,TXFR,,,,,left_only
41014213,TRIMBLE,0.1953811088882945,33,D,TXFR,,,,,left_only
41013976,RINCON,0.05,23,D,TXFR,,,,,left_only
41012934,EL DORADO PH,0.08,23,D,TXFR,,,,,left_only
41014064,SHINGLE SPRINGS,0.04,23,D,TXFR,,,,,left_only
41014214,ROSEDALE,0.08,23,D,TXFR,,,,,left_only
41014456,EL DORADO PH,0.04,23,D,TXFR,,,,,left_only
41012270,FROGTOWN,0.7185188483852359,53,D,TXFR,,,,,left_only
41013963,TRACY,0.0409152094847236,23,D,TXFR,,,,,left_only
41013140,HIGGINS,0.04,23,D,TXFR,,,,,left_only
41014616,SHINGLE SPRINGS,0.05,23,D,TXFR,,,,,left_only
41013952,APPLE HILL,0.05,23,D,TXFR,,,,,left_only
41013796,POSO MOUNTAIN,0.060000000000000005,23,D,TXFR,,,,,left_only
41014917,JACOBS CORNER,0.07,23,D,TXFR,,,,,left_only
44898700,NARROWS,0.4036516895546797,42,D,TXFR,,,,,left_only
44898704,NARROWS,0.04,22,D,TXFR,,,,,left_only
44898703,NARROWS,0.4022362292005945,42,D,TXFR,,,,,left_only
44898702,NARROWS,0.05,22,D,TXFR,,,,,left_only
41013528,MOSHER,0.05,24,D,TXFR,,,,,left_only
41012173,SAN JOSE B,0.05,23,D,TXFR,,,,,left_only
41013906,STOCKTON A,0.06,23,D,TXFR,,,,,left_only
41013859,RIPON,0.065674102522949,23,D,TXFR,,,,,left_only
41012509,APPLE HILL,0.05,23,D,TXFR,,,,,left_only
41015295,DIAMOND SPRINGS,0.13,33,D,TXFR,,,,,left_only
41015297,PRUNEDALE,0.05,23,D,TXFR,,,,,left_only
41013741,PLACERVILLE,0.05,23,D,TXFR,,,,,left_only
41012605,BRITTON,0.03,13,D,TXFR,,,,,left_only
41015165,CAWELO B,0.03,13,D,TXFR,,,,,left_only
41012919,EAST STOCKTON,0.05,23,D,TXFR,,,,,left_only
41014963,TRIMBLE,0.058157902198685135,23,D,TXFR,,,,,left_only
41012145,PEASE,0.05,23,D,TXFR,,,,,left_only
41013013,GARDNER,0.10157758709637989,33,D,TXFR,,,,,left_only
41015104,BLACKWELL,0.05,23,D,TXFR,,,,,left_only
41011904,TWISSELMAN,0.05,23,D,TXFR,,,,,left_only
41015278,CUYAMA,0.03,13,D,TXFR,,,,,left_only
41015077,NEWARK DIST,0.40482302130504244,44,D,TXFR,,,,,left_only
41014560,SAN MATEO,0.03,14,D,TXFR,,,,,left_only
41015078,NEWARK,0.03,14,D,TXFR,,,,,left_only
41012574,MEADOW LANE,0.0362423324140822,23,D,TXFR,,,,,left_only
41012554,BELL,0.03,13,D,TXFR,,,,,left_only
41011923,FOOTHILL,0.05,23,D,TXFR,,,,,left_only
41013477,MILPITAS,0.05,23,D,TXFR,,,,,left_only
41013172,IGNACIO,0.7535903549286682,53,D,TXFR,,,,,left_only
41012819,MILPITAS,0.05,23,D,TXFR,,,,,left_only
41012538,BAIR,0.05,23,D,TXFR,,,,,left_only
41014473,GREENBRAE,0.03,13,D,TXFR,,,,,left_only
41013079,GREENBRAE,0.03,13,D,TXFR,,,,,left_only
41013372,MARIPOSA,0.07,23,D,TXFR,,,,,left_only
41012052,FELLOWS,0.07973911095190399,23,D,TXFR,,,,,left_only
41012055,FELLOWS,0.45829737414677046,43,D,TXFR,,,,,left_only
41014503,MARIPOSA,0.04,23,D,TXFR,,,,,left_only
41014790,WATSONVILLE,0.05,23,D,TXFR,,,,,left_only
41013484,MONROE,0.2785774439456294,43,D,TXFR,,,,,left_only
41014945,TEMBLOR,0.03,13,D,TXFR,,,,,left_only
41014072,SISQUOC,0.030508978690130358,13,D,TXFR,,,,,left_only
41014714,SAN JOSE B,0.03,13,D,TXFR,,,,,left_only
41012561,BELLEVUE,0.036515272336836005,23,D,TXFR,,,,,left_only
41014135,STOCKTON A,0.03,13,D,TXFR,,,,,left_only
41011929,SAN FRAN Z (EMBARCADERO),0.05,23,D,TXFR,,,,,left_only
41011975,EDENVALE,0.05,23,D,TXFR,,,,,left_only
41013922,CLAYTON,0.03,13,D,TXFR,,,,,left_only
41013562,COPPERMINE,0.03,13,D,TXFR,,,,,left_only
41014249,OROSI,0.05,23,D,TXFR,,,,,left_only
42717808,SAN JOAQUIN #3,0.05,23,D,TXFR,,,,,left_only
41015140,BUELLTON,0.08618941482754458,23,D,TXFR,,,,,left_only
41013094,GUSTINE,0.4041765600681843,43,D,TXFR,,,,,left_only
41014023,SAN RAMON,0.05,24,D,TXFR,,,,,left_only
42753655,MILPITAS,0.03,13,D,TXFR,,,,,left_only
41014856,AVENAL,0.16333313214059803,33,D,TXFR,,,,,left_only
41013971,PURISIMA,0.03,13,D,TXFR,,,,,left_only
41014705,IONE,0.05,23,D,TXFR,,,,,left_only
41013351,MAGUNDEN,0.03,14,D,TXFR,,,,,left_only
41012344,KERN PP DIST,0.060000000000000005,23,D,TXFR,,,,,left_only
41014414,BRUNSWICK,0.060000000000000005,23,D,TXFR,,,,,left_only
41014724,MONTAGUE,0.05,23,D,TXFR,,,,,left_only
41013060,GOLDTREE,0.05,23,D,TXFR,,,,,left_only
41014770,SISQUOC,0.05,23,D,TXFR,,,,,left_only
41015139,BUELLTON,0.03,13,D,TXFR,,,,,left_only
41012202,GOOSE LAKE,0.03,13,D,TXFR,,,,,left_only
41014933,SANTA YNEZ,0.05,23,D,TXFR,,,,,left_only
41014267,VINEYARD,0.05,24,D,TXFR,,,,,left_only
41015049,WOODWARD,0.4782219988687653,43,D,TXFR,,,,,left_only
41015052,WATSONVILLE,0.29333828960299524,43,D,TXFR,,,,,left_only
41015082,ZACA,0.05,23,D,TXFR,,,,,left_only
41014582,TASSAJARA,0.025,14,D,TXFR,,,,,left_only
41014514,MORGAN HILL,0.05,23,D,TXFR,,,,,left_only
41014367,WOODLAND,0.025,13,D,TXFR,,,,,left_only
41012242,HARTER,0.025,13,D,TXFR,,,,,left_only
41013980,MIDWAY,0.060000000000000005,23,D,TXFR,,,,,left_only
41012903,DOLAN ROAD,0.025,13,D,TXFR,,,,,left_only
41014062,SHARON,0.060000000000000005,23,D,TXFR,,,,,left_only
41015053,BELLE HAVEN,0.025,13,D,TXFR,,,,,left_only
41014743,PINECREST,0.05,22,D,TXFR,,,,,left_only
41014678,DEL MAR,0.0251093261948746,14,D,TXFR,,,,,left_only
41015006,VACAVILLE,0.05,23,D,TXFR,,,,,left_only
41014194,TEVIS,0.07,23,D,TXFR,,,,,left_only
41015081,BELLE HAVEN,0.025,13,D,TXFR,,,,,left_only
41014566,SILVERADO,0.025,13,D,TXFR,,,,,left_only
41013250,NORD,0.1275053258004144,33,D,TXFR,,,,,left_only
41014233,EAST NICOLAUS,0.025,13,D,TXFR,,,,,left_only
41138817,COLUMBIA HILL,0.025,12,D,TXFR,,,,,left_only
41012839,COTTLE,0.05,24,D,TXFR,,,,,left_only
41014655,BARTON,0.43268111951807864,43,D,TXFR,,,,,left_only
41013203,KELSO,0.025,13,D,TXFR,,,,,left_only
41012372,SAN CARLOS,0.025,13,D,TXFR,,,,,left_only
41012392,LOCKHEED #2,0.05,23,D,TXFR,,,,,left_only
41012987,FRENCH CAMP,0.025,13,D,TXFR,,,,,left_only
41012988,FRENCH CAMP,0.05,23,D,TXFR,,,,,left_only
41014197,TIDEWATER,0.03,14,D,TXFR,,,,,left_only
41012929,EIGHT MILE,0.025,13,D,TXFR,,,,,left_only
41012319,JAMESON,0.05726109713441042,23,D,TXFR,,,,,left_only
41013509,MORGAN HILL,0.03,13,D,TXFR,,,,,left_only
41159717,PLUMAS,0.025,13,D,TXFR,,,,,left_only
41014916,JACALITOS,0.4059236601337673,43,D,TXFR,,,,,left_only
41012158,OLD RIVER,0.05,23,D,TXFR,,,,,left_only
41013100,MOUNTAIN VIEW,0.05,24,D,TXFR,,,,,left_only
41014370,WOODWARD,0.025,13,D,TXFR,,,,,left_only
41013363,MANTECA,0.051924912128104225,23,D,TXFR,,,,,left_only
41012128,CLARKSVILLE,0.03,13,D,TXFR,,,,,left_only
41014801,DIXON LANDING,0.05,23,D,TXFR,,,,,left_only
41011986,CASTRO VALLEY,0.103675030091403,33,D,TXFR,,,,,left_only
41011948,TRIMBLE,0.05,23,D,TXFR,,,,,left_only
41011909,CAMPHORA,0.025,12,D,TXFR,,,,,left_only
41012795,MI WUK,0.03,13,D,TXFR,,,,,left_only
41012025,HICKS,0.03,14,D,TXFR,,,,,left_only
41012288,FIGARDEN,0.05,24,D,TXFR,,,,,left_only
41012208,STOCKDALE,0.05,24,D,TXFR,,,,,left_only
41012198,VACAVILLE,0.07010545503560717,23,D,TXFR,,,,,left_only
41012199,CLARKSVILLE,0.025,13,D,TXFR,,,,,left_only
41012155,BRUNSWICK,0.025,13,D,TXFR,,,,,left_only
41012241,SOBRANTE,0.025,13,D,TXFR,,,,,left_only
41012214,BORDEN,0.8185202587092468,53,D,TXFR,,,,,left_only
41012117,TRIMBLE,0.025,13,D,TXFR,,,,,left_only
41012192,LAS PALMAS,0.025,13,D,TXFR,,,,,left_only
41012009,SAN JOSE A,0.025,13,D,TXFR,,,,,left_only
41012962,CABRILLO,0.05,23,D,TXFR,,,,,left_only
41012228,AUBERRY,0.03,13,D,TXFR,,,,,left_only
41013582,PIT #1 PH,0.025,13,D,TXFR,,,,,left_only
41012253,AUBERRY,0.025,13,D,TXFR,,,,,left_only
41012166,VINEYARD,0.05,24,D,TXFR,,,,,left_only
41013338,BAKERSFIELD,0.02,14,D,TXFR,,,,,left_only
41012287,FIGARDEN,0.05,24,D,TXFR,,,,,left_only
41012592,SALINAS,0.05064957165669816,24,D,TXFR,,,,,left_only
41012691,VIEJO,0.8,54,D,TXFR,,,,,left_only
41012164,CONTRA COSTA,0.11683890657002055,34,D,TXFR,,,,,left_only
41012167,TASSAJARA,0.02,14,D,TXFR,,,,,left_only
41012212,PAUL SWEET,0.05,24,D,TXFR,,,,,left_only
41012841,EL PATIO,0.03,14,D,TXFR,,,,,left_only
41012236,EVERGREEN,0.03031787257316651,14,D,TXFR,,,,,left_only
41012967,DAVIS,0.02,14,D,TXFR,,,,,left_only
41012434,SAN FRAN K,0.03,14,D,TXFR,,,,,left_only
41013287,VASONA,0.05,23,D,TXFR,,,,,left_only
41012969,DAVIS,0.02,13,D,TXFR,,,,,left_only
41012191,FREMONT,0.02,13,D,TXFR,,,,,left_only
41012251,BELMONT,0.05,23,D,TXFR,,,,,left_only
41012381,MT. EDEN,0.02,13,D,TXFR,,,,,left_only
41012562,RENFRO,0.05151811631897647,23,D,TXFR,,,,,left_only
41012529,MORGAN HILL,0.03,13,D,TXFR,,,,,left_only
41123445,EVERGREEN,0.05,23,D,TXFR,,,,,left_only
41012427,SAN LUIS OBISPO,0.22924535593984602,43,D,TXFR,,,,,left_only
41012559,VIERRA,0.04,23,D,TXFR,,,,,left_only
41012352,FULTON,0.05,23,D,TXFR,,,,,left_only
41012693,CLOVIS,0.05293037243369435,23,D,TXFR,,,,,left_only
41012256,FULTON,0.02,13,D,TXFR,,,,,left_only
41165884,CAYETANO,0.02,13,D,TXFR,,,,,left_only
41135837,CAMP EVERS,0.03,13,D,TXFR,,,,,left_only
41013491,REDWOOD CITY,0.024023266204661494,13,D,TXFR,,,,,left_only
41012168,MILPITAS,0.05,23,D,TXFR,,,,,left_only
41012254,FREMONT,0.048846662688869794,23,D,TXFR,,,,,left_only
41012289,WEBER,0.02,13,D,TXFR,,,,,left_only
41012468,MERCED,0.02,13,D,TXFR,,,,,left_only
41012433,SAN FRAN K,0.05,23,D,TXFR,,,,,left_only
41012494,HORSESHOE,0.02,13,D,TXFR,,,,,left_only
41012292,MONROE,0.02,13,D,TXFR,,,,,left_only
41088869,MANTECA,0.05,23,D,TXFR,,,,,left_only
41012404,RIVER OAKS,0.02041191656103893,13,D,TXFR,,,,,left_only
41012203,BUTTE,0.02,13,D,TXFR,,,,,left_only
41012169,DIXON LANDING,0.02,13,D,TXFR,,,,,left_only
41220081,BRUNSWICK,0.05,23,D,TXFR,,,,,left_only
41012921,HIGHLANDS,0.02,13,D,TXFR,,,,,left_only
41013469,FMC,0.04,23,D,TXFR,,,,,left_only
41012436,HARTER,0.05,23,D,TXFR,,,,,left_only
41012156,WEST SACRAMENTO,0.033436681773680824,23,D,TXFR,,,,,left_only
41012426,LINCOLN,0.03,13,D,TXFR,,,,,left_only
41012207,FAMOSO,0.05,23,D,TXFR,,,,,left_only
41014291,WELLFIELD,0.05,23,D,TXFR,,,,,left_only
41013391,ROCKLIN,0.03,13,D,TXFR,,,,,left_only
41013935,OREGON TRAIL,0.02,13,D,TXFR,,,,,left_only
41012380,SAN CARLOS,0.05,23,D,TXFR,,,,,left_only
41012255,MONROE,0.02,13,D,TXFR,,,,,left_only
41012461,COARSEGOLD,0.05,23,D,TXFR,,,,,left_only
41013342,ORLAND B,0.02,13,D,TXFR,,,,,left_only
41012215,MIDDLETOWN,0.060000000000000005,23,D,TXFR,,,,,left_only
41138804,BANGOR,0.05,23,D,TXFR,,,,,left_only
41012649,PLUMAS,0.02,13,D,TXFR,,,,,left_only
41012926,NEWHALL,0.02,13,D,TXFR,,,,,left_only
41012147,WILLIAMS,0.02,12,D,TXFR,,,,,left_only
41012690,LOYOLA,0.02,13,D,TXFR,,,,,left_only
41013625,TRINIDAD,0.03,12,D,TXFR,,,,,left_only
41013623,TRINIDAD,0.02,12,D,TXFR,,,,,left_only
41013624,TRINIDAD,0.02,12,D,TXFR,,,,,left_only
41013626,TRINIDAD,0.02,12,D,TXFR,,,,,left_only
41012218,HOPLAND,0.04,22,D,TXFR,,,,,left_only
41012219,HOPLAND,0.04,22,D,TXFR,,,,,left_only
41012220,HOPLAND,0.02,12,D,TXFR,,,,,left_only
41012385,JARVIS,0.05,24,D,TXFR,,,,,left_only
41012457,SANTA ROSA A,0.03,14,D,TXFR,,,,,left_only
41012975,SAN LUIS OBISPO,0.02,14,D,TXFR,,,,,left_only
41106467,IGNACIO,0.02,13,D,TXFR,,,,,left_only
41012857,MILPITAS,0.02,13,D,TXFR,,,,,left_only
41012766,BELL,0.02,13,D,TXFR,,,,,left_only
41012432,RESEARCH,0.02,13,D,TXFR,,,,,left_only
41013485,MOLINO,0.02,13,D,TXFR,,,,,left_only
41012683,CLOVIS,0.05,23,D,TXFR,,,,,left_only
41012558,RENFRO,0.02,13,D,TXFR,,,,,left_only
41012471,LAS POSITAS,0.03,13,D,TXFR,,,,,left_only
41012514,EDENVALE,0.02,13,D,TXFR,,,,,left_only
41013124,DUMBARTON,0.05,23,D,TXFR,,,,,left_only
41012454,WOODWARD,0.02,13,D,TXFR,,,,,left_only
41012422,PARKWAY,0.02,13,D,TXFR,,,,,left_only
41012643,BAY MEADOWS,0.05,23,D,TXFR,,,,,left_only
41013188,STAGG,0.05,23,D,TXFR,,,,,left_only
41012405,EAST GRAND,0.02,13,D,TXFR,,,,,left_only
41012787,REEDLEY,0.02,13,D,TXFR,,,,,left_only
41013382,CORONA,0.03,13,D,TXFR,,,,,left_only
41012095,OAKLAND C,0.02,13,D,TXFR,,,,,left_only
41012418,PLACERVILLE,0.05,23,D,TXFR,,,,,left_only
41012748,WAHTOKE,0.07729782880194415,23,D,TXFR,,,,,left_only
41012408,RIVER OAKS,0.04063691776502625,23,D,TXFR,,,,,left_only
41014041,BASALT,0.02,13,D,TXFR,,,,,left_only
41013516,PASO ROBLES,0.02,13,D,TXFR,,,,,left_only
41013038,LOS GATOS,0.02516455088554028,13,D,TXFR,,,,,left_only
41013146,OROVILLE,0.7032134823675072,53,D,TXFR,,,,,left_only
41012423,NOVATO,0.02,13,D,TXFR,,,,,left_only
41013239,LAWNDALE,0.05,23,D,TXFR,,,,,left_only
41159718,VASCO,0.02,13,D,TXFR,,,,,left_only
41013238,LAWNDALE,0.4,43,D,TXFR,,,,,left_only
41012979,LOS GATOS,0.02,13,D,TXFR,,,,,left_only
41013276,YOSEMITE PARK,0.05,23,D,TXFR,,,,,left_only
41013475,MONTE RIO,0.02,13,D,TXFR,,,,,left_only
41013171,BEAR VALLEY,0.03,13,D,TXFR,,,,,left_only
41013328,DOS PALOS,0.05,23,D,TXFR,,,,,left_only
41012411,CORRAL,0.02,13,D,TXFR,,,,,left_only
41013035,GANSNER,0.03,13,D,TXFR,,,,,left_only
41013970,COLUSA JUNCT,0.02,13,D,TXFR,,,,,left_only
41013039,ELK HILLS,0.02,13,D,TXFR,,,,,left_only
41013069,SUNOL,0.02,13,D,TXFR,,,,,left_only
41012978,LOYOLA,0.05,23,D,TXFR,,,,,left_only
41012974,LOYOLA,0.02727632237726281,12,D,TXFR,,,,,left_only
41012977,LOYOLA,0.03266295434883913,12,D,TXFR,,,,,left_only
41012684,ENCINAL,0.05,22,D,TXFR,,,,,left_only
41012685,ENCINAL,0.05,22,D,TXFR,,,,,left_only
41012688,ENCINAL,0.03,12,D,TXFR,,,,,left_only
41012686,ENCINAL,0.02,12,D,TXFR,,,,,left_only
41013347,CALISTOGA,0.02,12,D,TXFR,,,,,left_only
41013346,CALISTOGA,0.05,22,D,TXFR,,,,,left_only
41013344,CALISTOGA,0.02,12,D,TXFR,,,,,left_only
41013345,CALISTOGA,0.05,22,D,TXFR,,,,,left_only
41012698,LODI,0.05,22,D,TXFR,,,,,left_only
41012700,LODI,0.12000000000000001,32,D,TXFR,,,,,left_only
41012699,LODI,0.02,12,D,TXFR,,,,,left_only
41012697,LODI,0.05,22,D,TXFR,,,,,left_only
41012759,SALMON CREEK,0.02,12,D,TXFR,,,,,left_only
41012757,SALMON CREEK,0.02,12,D,TXFR,,,,,left_only
41012760,SALMON CREEK,0.02,12,D,TXFR,,,,,left_only
41012758,SALMON CREEK,0.02,12,D,TXFR,,,,,left_only
41013580,NEWMAN,0.02,12,D,TXFR,,,,,left_only
41013583,NEWMAN,0.02,12,D,TXFR,,,,,left_only
41013581,NEWMAN,0.02,12,D,TXFR,,,,,left_only
41013584,NEWMAN,0.02,12,D,TXFR,,,,,left_only
41012428,CLARK ROAD,0.02,12,D,TXFR,,,,,left_only
41012431,CLARK ROAD,0.02,12,D,TXFR,,,,,left_only
41012429,CLARK ROAD,0.02,12,D,TXFR,,,,,left_only
41012430,CLARK ROAD,0.02,12,D,TXFR,,,,,left_only
41013936,MCKEE,0.03,14,D,TXFR,,,,,left_only
41013843,EL PATIO,0.02,13,D,TXFR,,,,,left_only
41015317,STOREY,0.02,13,D,TXFR,,,,,left_only
41113994,HOLLISTER,0.02,13,D,TXFR,,,,,left_only
41014455,EL CAPITAN,0.03,13,D,TXFR,,,,,left_only
41013599,FRANKLIN,0.02,13,D,TXFR,,,,,left_only
41013932,SAN JOSE B,0.6893366904176174,53,D,TXFR,,,,,left_only
41014122,EDES,0.05,23,D,TXFR,,,,,left_only
41013753,KERN OIL,0.02,13,D,TXFR,,,,,left_only
41088022,NORTECH,0.05,23,D,TXFR,,,,,left_only
41013921,ALHAMBRA,0.02,13,D,TXFR,,,,,left_only
41083659,HARRIS,0.02,13,D,TXFR,,,,,left_only
41013735,CARNERAS,0.05,23,D,TXFR,,,,,left_only
41088873,CHESTER,0.05,23,D,TXFR,,,,,left_only
41013517,PASO ROBLES,0.05,23,D,TXFR,,,,,left_only
41013355,PINE GROVE,0.02,13,D,TXFR,,,,,left_only
41130147,EUREKA A,0.05,23,D,TXFR,,,,,left_only
41169020,RANCHERS COTTON,0.08497743784737218,23,D,TXFR,,,,,left_only
41199082,22nd AVENUE,0.02,13,D,TXFR,,,,,left_only
41012920,EAST STOCKTON,0.02,13,D,TXFR,,,,,left_only
41014028,DESCHUTES,0.05214098216969014,23,D,TXFR,,,,,left_only
41013490,SAN JOAQUIN,0.060000000000000005,23,D,TXFR,,,,,left_only
41013962,WESTLEY,0.05,23,D,TXFR,,,,,left_only
41013213,EMERALD LAKE,0.05,23,D,TXFR,,,,,left_only
41013631,DAYTON ROAD,0.05,22,D,TXFR,,,,,left_only
41013499,DUNBAR,0.05,23,D,TXFR,,,,,left_only
41013500,DUNBAR,0.05,23,D,TXFR,,,,,left_only
41013502,DUNBAR,0.02,13,D,TXFR,,,,,left_only
41013501,DUNBAR,0.05,23,D,TXFR,,,,,left_only
41013685,DRUM PH #1,0.02,12,D,TXFR,,,,,left_only
41013684,DRUM PH #1,0.02,12,D,TXFR,,,,,left_only
41013686,DRUM PH #1,0.02,12,D,TXFR,,,,,left_only
41203051,SARATOGA,0.02,14,D,TXFR,,,,,left_only
42677407,TEMPLETON,0.05,24,D,TXFR,,,,,left_only
41013965,LAKEWOOD,0.05,24,D,TXFR,,,,,left_only
41111141,EL PATIO,0.03,14,D,TXFR,,,,,left_only
41089371,SWIFT,0.03,13,D,TXFR,,,,,left_only
41013977,CLAYTON,0.182810182543225,33,D,TXFR,,,,,left_only
41210449,CURTIS,0.05249394951445883,23,D,TXFR,,,,,left_only
41087897,STOREY,0.05,23,D,TXFR,,,,,left_only
41109079,WOLFE,0.02,13,D,TXFR,,,,,left_only
41013979,OAKLAND C ,0.4,43,D,TXFR,,,,,left_only
41152390,WEST SACRAMENTO,0.02,13,D,TXFR,,,,,left_only
41109094,PINEDALE,0.02,13,D,TXFR,,,,,left_only
41088020,PINEDALE,0.05,23,D,TXFR,,,,,left_only
41013964,MOSHER,0.02,13,D,TXFR,,,,,left_only
41013959,PARADISE,0.05,23,D,TXFR,,,,,left_only
41014045,EAST GRAND,0.05,23,D,TXFR,,,,,left_only
41013961,CANAL,0.05,23,D,TXFR,,,,,left_only
41113644,CORNING,0.02146788798791595,13,D,TXFR,,,,,left_only
41189052,TRIMBLE,0.2874968118110291,43,D,TXFR,,,,,left_only
41013934,CMC,0.056912759403698644,23,D,TXFR,,,,,left_only
41013968,MT. QUARRIES,0.03,13,D,TXFR,,,,,left_only
41013894,SAN FRAN J,0.02,13,D,TXFR,,,,,left_only
41013957,COALINGA #1,0.02,13,D,TXFR,,,,,left_only
41100953,GLENWOOD,0.02,13,D,TXFR,,,,,left_only
41013944,BONITA,0.05,23,D,TXFR,,,,,left_only
41013893,SAN FRAN J,0.02,13,D,TXFR,,,,,left_only
41122169,GEYSERVILLE,0.05,23,D,TXFR,,,,,left_only
41013992,OAKLAND D,0.02,13,D,TXFR,,,,,left_only
42626838,LONETREE,0.03,14,D,TXFR,,,,,left_only
42689627,MCMULLIN,0.014843686645654419,14,D,TXFR,,,,,left_only
41103077,VINEYARD,0.05115773828123666,24,D,TXFR,,,,,left_only
41109980,STAGG,0.014436634075870062,14,D,TXFR,,,,,left_only
41155816,SAN RAMON,0.05,24,D,TXFR,,,,,left_only
41101685,EMBARCADERO,0.053134168801153105,24,D,TXFR,,,,,left_only
41195076,HICKS,0.02,14,D,TXFR,,,,,left_only
41103878,SANTA ROSA A,0.02,14,D,TXFR,,,,,left_only
41120700,DALY CITY,0.05399413046134372,24,D,TXFR,,,,,left_only
41116175,SAN JOSE B,0.02222871927641721,14,D,TXFR,,,,,left_only
41130189,HICKS,0.02,14,D,TXFR,,,,,left_only
41101686,EMBARCADERO,0.033345976937860844,23,D,TXFR,,,,,left_only
41176801,BULLARD,0.05,23,D,TXFR,,,,,left_only
41368207,VASONA,0.03,13,D,TXFR,,,,,left_only
41114895,EDES,0.05,23,D,TXFR,,,,,left_only
41089360,PLEASANT GROVE,0.018060713133494628,13,D,TXFR,,,,,left_only
41365038,MAGUNDEN,0.017104301113625892,13,D,TXFR,,,,,left_only
41130506,MILPITAS,0.38024625728110883,43,D,TXFR,,,,,left_only
41128136,OAKLAND L,0.01754670144451651,13,D,TXFR,,,,,left_only
41184728,KINGSBURG,0.021104511232368683,13,D,TXFR,,,,,left_only
41173745,COTTONWOOD,0.015093363602076871,13,D,TXFR,,,,,left_only
42615546,MCDONALD-MCDONALDISLAND,0.05,23,D,TXFR,,,,,left_only
45274076,COLUMBUS,0.03,13,D,TXFR,,,,,left_only
41169025,HARDWICK,0.017104301113625892,13,D,TXFR,,,,,left_only
41138802,CHANNEL,0.01583583263470101,13,D,TXFR,,,,,left_only
41128691,TIVY VALLEY,0.02,13,D,TXFR,,,,,left_only
41169107,EL NIDO,0.015607983900962099,13,D,TXFR,,,,,left_only
41161297,GONZALES,0.02015347700377118,13,D,TXFR,,,,,left_only
41126466,MORAGA,0.016965267988733213,14,D,TXFR,,,,,left_only
41152367,DAVIS,0.016276829114747707,14,D,TXFR,,,,,left_only
41153210,KINGSBURG,0.0465819487262858,23,D,TXFR,,,,,left_only
41127133,SANGER,0.05,23,D,TXFR,,,,,left_only
41189498,STELLING,0.02,13,D,TXFR,,,,,left_only
41209254,ATASCADERO,0.7,53,D,TXFR,,,,,left_only
41131755,WEST LANE,0.05,23,D,TXFR,,,,,left_only
41167598,CAL WATER,0.05,23,D,TXFR,,,,,left_only
41119858,PARADISE,0.01504770155746191,13,D,TXFR,,,,,left_only
41169027,CORCORAN,0.014,13,D,TXFR,,,,,left_only
41156972,BERKELEY F,0.014710126660352495,13,D,TXFR,,,,,left_only
41157390,BERKELEY F,0.01504770155746191,13,D,TXFR,,,,,left_only
41123629,TEJON,0.015539544509761005,13,D,TXFR,,,,,left_only
41144937,GIRVAN,0.5202555121775229,43,D,TXFR,,,,,left_only
41164982,ELECTRA,0.02,13,D,TXFR,,,,,left_only
41180099,ROUGH & READY,0.05,23,D,TXFR,,,,,left_only
41169088,OLETA,0.015539544509761005,13,D,TXFR,,,,,left_only
44739512,HATTON,0.014057751103203578,13,D,TXFR,,,,,left_only
41135766,HATTON,0.014564969571460083,13,D,TXFR,,,,,left_only
41135767,HATTON,0.02,13,D,TXFR,,,,,left_only
41135765,HATTON,0.014333985843058936,13,D,TXFR,,,,,left_only
41146728,MILLBRAE,0.014115795581309095,12,D,TXFR,,,,,left_only
41146726,MILLBRAE,0.01557322065658943,12,D,TXFR,,,,,left_only
41146727,MILLBRAE,0.0157907162016137,12,D,TXFR,,,,,left_only
41146725,MILLBRAE,0.02,12,D,TXFR,,,,,left_only
41142534,MCARTHUR,0.014086736566316758,12,D,TXFR,,,,,left_only
41142533,MCARTHUR,0.014333985843058936,12,D,TXFR,,,,,left_only
41142530,MCARTHUR,0.014333985843058936,12,D,TXFR,,,,,left_only
41142532,MCARTHUR,0.014642977605362404,12,D,TXFR,,,,,left_only
41172059,SAN RAMON,0.05,24,D,TXFR,,,,,left_only
41207392,EDENVALE,0.05,24,D,TXFR,,,,,left_only
41327468,MOUNTAIN VIEW,0.05,23,D,TXFR,,,,,left_only
41215842,DEL MONTE,0.02,13,D,TXFR,,,,,left_only
41176251,CLOVIS,0.014,13,D,TXFR,,,,,left_only
41176253,BOGUE,0.05,23,D,TXFR,,,,,left_only
41167573,GRANT,0.01590658403776621,13,D,TXFR,,,,,left_only
41176918,LAMMERS,0.015678747969030033,13,D,TXFR,,,,,left_only
41210105,FAIRWAY,0.017226276401355725,13,D,TXFR,,,,,left_only
41167578,MONTAGUE,0.05,23,D,TXFR,,,,,left_only
41195173,MENLO,0.05,23,D,TXFR,,,,,left_only
41330084,MORMON,0.05,23,D,TXFR,,,,,left_only
41186681,BURLINGAME,0.015471463702918171,13,D,TXFR,,,,,left_only
41186679,BURLINGAME,0.019556541225955203,13,D,TXFR,,,,,left_only
41323005,TAFT,0.01590658403776621,13,D,TXFR,,,,,left_only
41359899,CARNATION,0.02039917070707516,13,D,TXFR,,,,,left_only
41186680,BURLINGAME,0.014524126349305248,13,D,TXFR,,,,,left_only
41013916,PALO SECO,0.014034554341567512,13,D,TXFR,,,,,left_only
41216309,DEL MONTE,0.02,13,D,TXFR,,,,,left_only
41200156,MADISON,0.01513683763175171,13,D,TXFR,,,,,left_only
41197460,FAIRHAVEN,0.014239022477778064,13,D,TXFR,,,,,left_only
41176895,SAUSALITO,0.02,13,D,TXFR,,,,,left_only
41176894,SAUSALITO,0.02,13,D,TXFR,,,,,left_only
45652584,CHICO A,0.014166826470732726,13,D,TXFR,,,,,left_only
42707090,MARTELL,0.05,22,D,TXFR,,,,,left_only
41186614,TEMBLOR,0.014364557873760272,12,D,TXFR,,,,,left_only
41194272,LAGUNITAS,0.014283444159525859,12,D,TXFR,,,,,left_only
41194274,LAGUNITAS,0.014283444159525859,12,D,TXFR,,,,,left_only
41194273,LAGUNITAS,0.014283444159525859,12,D,TXFR,,,,,left_only
41186608,TEMBLOR,0.016873000353876805,12,D,TXFR,,,,,left_only
41186611,TEMBLOR,0.014615472037169161,12,D,TXFR,,,,,left_only
41186612,TEMBLOR,0.015944405690602535,12,D,TXFR,,,,,left_only
46040104,ROCKLIN,0.014474960748470662,12,D,TXFR,,,,,left_only
41180092,PHILO,0.014319875513957636,12,D,TXFR,TXFR,2025-01-10,22,JIT,both
41173740,CEDAR CREEK,0.014319875513957636,12,D,TXFR,,,,,left_only
41173739,CEDAR CREEK,0.014474960748470662,12,D,TXFR,,,,,left_only
41173738,CEDAR CREEK,0.014474960748470662,12,D,TXFR,,,,,left_only
41173737,CEDAR CREEK,0.014417585273448668,12,D,TXFR,,,,,left_only
41217335,MIDDLE RIVER,0.014166826470732726,11,D,TXFR,,,,,left_only
41360041,MAGUNDEN,0.05,23,D,TXFR,,,,,left_only
41218545,WYANDOTTE,0.018006491001876516,13,D,TXFR,,,,,left_only
41203501,CAMP EVERS,0.015403739421917946,13,D,TXFR,,,,,left_only
41204608,CALIFORNIA AVE,0.02336573247000363,13,D,TXFR,,,,,left_only
41234312,CALIFORNIA AVE,0.02207729770214809,13,D,TXFR,,,,,left_only
41234271,HIGHWAY,0.015235619260508133,13,D,TXFR,,,,,left_only
41364676,DEEPWATER,0.02,13,D,TXFR,,,,,left_only
41201740,LINCOLN,0.014739276163196835,13,D,TXFR,,,,,left_only
41211277,CANAL,0.05,23,D,TXFR,,,,,left_only
41217328,HAMMER,0.014840008115930817,13,D,TXFR,,,,,left_only
41176882,OLIVEHURST,0.02,13,D,TXFR,,,,,left_only
41373021,MENDOTA,0.05,23,D,TXFR,,,,,left_only
41219031,MARYSVILLE,0.017068669286655267,13,D,TXFR,,,,,left_only
41343865,SCHINDLER,0.016070951411389055,13,D,TXFR,,,,,left_only
41187330,FITCH MOUNTAIN,0.015600904106584374,13,D,TXFR,,,,,left_only
41336763,CAYUCOS,0.014649318905883784,13,D,TXFR,,,,,left_only
41235172,NORIEGA,0.05,23,D,TXFR,,,,,left_only
41219100,FAIRMOUNT,0.05,23,D,TXFR,,,,,left_only
41219012,CONCORD,0.014339623975218322,13,D,TXFR,,,,,left_only
41304027,BARRETT,0.014,13,D,TXFR,,,,,left_only
41219011,CONCORD,0.014437078852941241,13,D,TXFR,,,,,left_only
41015886,ACTON,0.014500852089775055,13,D,TXFR,,,,,left_only
41191659,GLENWOOD,0.015235619260508133,13,D,TXFR,,,,,left_only
41180110,CLAYTON,0.04,23,D,TXFR,,,,,left_only
41336504,CAYUCOS,0.03,13,D,TXFR,,,,,left_only
41215839,TWISSELMAN,0.05,23,D,TXFR,,,,,left_only
41176896,SAUSALITO,0.02,13,D,TXFR,,,,,left_only
41176893,SAUSALITO,0.014516831869780929,13,D,TXFR,,,,,left_only
41220659,CHICO A,0.11,33,D,TXFR,,,,,left_only
41220658,CHICO A,0.03,13,D,TXFR,,,,,left_only
41220657,CHICO A,0.016110504633632682,13,D,TXFR,,,,,left_only
41202575,MIDDLETOWN,0.03,12,D,TXFR,,,,,left_only
41202576,MIDDLETOWN,0.014399113739873378,12,D,TXFR,,,,,left_only
41202577,MIDDLETOWN,0.014305782244375901,12,D,TXFR,,,,,left_only
41202574,MIDDLETOWN,0.02,12,D,TXFR,,,,,left_only
41220120,LOS MOLINOS,0.014759854937749905,12,D,TXFR,,,,,left_only
41223557,LOS MOLINOS,0.05,22,D,TXFR,,,,,left_only
41219127,LOS MOLINOS,0.014759854937749905,12,D,TXFR,,,,,left_only
41219106,LOS MOLINOS,0.014979162666615293,12,D,TXFR,,,,,left_only
41197151,AUBURN,0.03,12,D,TXFR,,,,,left_only
41194268,SAND CREEK,0.014399113739873378,12,D,TXFR,,,,,left_only
41194271,SAND CREEK,0.014270974615362078,12,D,TXFR,,,,,left_only
41194270,SAND CREEK,0.014516831869780929,12,D,TXFR,,,,,left_only
41194269,SAND CREEK,0.014079483313198716,12,D,TXFR,,,,,left_only
41201442,SUMMIT,0.014079483313198716,12,D,TXFR,,,,,left_only
41201440,SUMMIT,0.03,12,D,TXFR,,,,,left_only
41201441,SUMMIT,0.03,12,D,TXFR,,,,,left_only
41201017,SUMMIT,0.014182493504081416,12,D,TXFR,,,,,left_only
41220656,ARVIN,0.018060720987148886,12,D,TXFR,,,,,left_only
41220654,ARVIN,0.017554945224933102,12,D,TXFR,,,,,left_only
41220653,ARVIN,0.014305782244375901,12,D,TXFR,,,,,left_only
41220655,ARVIN,0.018060720987148886,12,D,TXFR,,,,,left_only
41217334,MIDDLE RIVER,0.014979162666615293,11,D,TXFR,,,,,left_only
41217332,MIDDLE RIVER,0.07,21,D,TXFR,,,,,left_only
41217333,MIDDLE RIVER,0.05,21,D,TXFR,,,,,left_only
41223545,MCCALL,0.017324932175738487,14,D,TXFR,,,,,left_only
41235910,SANTA ROSA A,0.015969177674852498,14,D,TXFR,,,,,left_only
41224359,KERN PP DIST,0.018980310604423314,13,D,TXFR,,,,,left_only
41332593,KIRKER,0.014,13,D,TXFR,,,,,left_only
41218148,NOTRE DAME,0.08406817719464751,23,D,TXFR,,,,,left_only
41361681,COARSEGOLD,0.016556155177929518,13,D,TXFR,,,,,left_only
41335712,LEMOORE,0.014,13,D,TXFR,,,,,left_only
41365036,PEORIA,0.015969177674852498,13,D,TXFR,,,,,left_only
41324948,REDWOOD CITY,0.01533636962128013,13,D,TXFR,,,,,left_only
41360116,WEEDPATCH,0.016556155177929518,13,D,TXFR,,,,,left_only
41359871,RED BLUFF,0.015969177674852498,13,D,TXFR,,,,,left_only
41366375,MENLO,0.015969177674852498,13,D,TXFR,,,,,left_only
41223552,DAIRYLAND,0.015969177674852498,13,D,TXFR,,,,,left_only
41218480,HARTLEY,0.015969177674852498,13,D,TXFR,,,,,left_only
41236357,LIVE OAK,0.015176682974001649,13,D,TXFR,,,,,left_only
41236355,TRES VIAS,0.015176682974001649,13,D,TXFR,,,,,left_only
41332471,SANTA NELLA,0.01552352185590645,13,D,TXFR,,,,,left_only
41236343,JACINTO,0.01503368503309575,13,D,TXFR,,,,,left_only
41223547,EL PECO,0.7,53,D,TXFR,,,,,left_only
42623760,ARBUCKLE,0.01779694270611179,13,D,TXFR,,,,,left_only
41328319,TWISSELMAN,0.016556155177929518,13,D,TXFR,,,,,left_only
41339150,ELK,0.05,22,D,TXFR,,,,,left_only
41339155,ELK,0.02,12,D,TXFR,,,,,left_only
41339149,ELK,0.05,22,D,TXFR,,,,,left_only
41339151,ELK,0.05,22,D,TXFR,,,,,left_only
42703368,STROUD,0.05,21,D,TXFR,,,,,left_only
42703367,STROUD,0.015365134333137872,11,D,TXFR,,,,,left_only
42703365,STROUD,0.015365134333137872,11,D,TXFR,,,,,left_only
41374121,PIKE CITY,0.01410125686678193,11,D,TXFR,,,,,left_only
41374118,PIKE CITY,0.05,21,D,TXFR,,,,,left_only
41374119,PIKE CITY,0.09000000000000001,21,D,TXFR,,,,,left_only
41374120,PIKE CITY,0.07,21,D,TXFR,,,,,left_only
42710823,SAN FRAN H (MARTIN),0.03,14,D,TXFR,,,,,left_only
41335661,BARTON,0.016124666902652973,14,D,TXFR,,,,,left_only
42549662,NARROWS,0.0369532670946397,24,D,TXFR,,,,,left_only
41238635,MONROE,0.015446598217755977,14,D,TXFR,,,,,left_only
41238380,NORTH DUBLIN,0.015269352268468433,14,D,TXFR,,,,,left_only
41339026,LOS OSITOS,0.04,23,D,TXFR,,,,,left_only
41370339,ATWATER,0.05,23,D,TXFR,,,,,left_only
41372989,PETALUMA C,0.018699712087691805,13,D,TXFR,,,,,left_only
41326380,PLEASANT GROVE,0.7,53,D,TXFR,,,,,left_only
42688520,RENFRO,0.02,13,D,TXFR,,,,,left_only
41370409,SHINGLE SPRINGS,0.014982424891130051,13,D,TXFR,,,,,left_only
41327381,DIAMOND SPRINGS,0.05,23,D,TXFR,,,,,left_only
41331566,CLARKSVILLE,0.05,23,D,TXFR,,,,,left_only
41366058,WOODLAND,0.015640992163409802,13,D,TXFR,,,,,left_only
42596489,HIGGINS,0.05,23,D,TXFR,,,,,left_only
42737489,WEBER,0.014982424891130051,13,D,TXFR,,,,,left_only
42625948,WESTPARK,0.05,23,D,TXFR,,,,,left_only
41368005,WAHTOKE,0.023587848815395412,13,D,TXFR,,,,,left_only
41347482,SAN FRAN L,0.014233774267850427,13,D,TXFR,,,,,left_only
41326841,SAN FRAN G,0.014454438028133725,13,D,TXFR,,,,,left_only
41326843,SAN FRAN G,0.03,13,D,TXFR,,,,,left_only
41364776,SAN MIGUEL,0.05,23,D,TXFR,,,,,left_only
42622738,DIXON,0.01586817211080179,13,D,TXFR,,,,,left_only
42618093,LAMONT,0.05,23,D,TXFR,,,,,left_only
41365571,CORRAL,0.05,23,D,TXFR,,,,,left_only
41341946,FIREBAUGH,0.01642239970888808,13,D,TXFR,,,,,left_only
41362825,KERMAN,0.018105803054890846,13,D,TXFR,,,,,left_only
42596359,WHEATLAND,0.014982424891130051,13,D,TXFR,,,,,left_only
41360628,PRUNEDALE,0.05,23,D,TXFR,,,,,left_only
41340842,NORIEGA,0.014308341813670383,13,D,TXFR,,,,,left_only
41347481,SAN FRAN L,0.014159674482304456,13,D,TXFR,,,,,left_only
41373389,LAS PULGAS,0.014454438028133725,13,D,TXFR,,,,,left_only
41372421,LAS PULGAS,0.014454438028133725,13,D,TXFR,,,,,left_only
41365578,JACOBS CORNER,0.05,23,D,TXFR,,,,,left_only
41346332,ANTLER,0.014186674976720309,12,D,TXFR,,,,,left_only
41346329,ANTLER,0.014886748090449967,12,D,TXFR,,,,,left_only
41346331,ANTLER,0.014779995233679791,12,D,TXFR,,,,,left_only
41346330,ANTLER,0.014886748090449967,12,D,TXFR,,,,,left_only
41327965,RISING RIVER,0.014277646791425295,12,D,TXFR,,,,,left_only
41327968,RISING RIVER,0.014110254850458552,12,D,TXFR,,,,,left_only
41327964,RISING RIVER,0.014246075632800217,12,D,TXFR,,,,,left_only
41327966,RISING RIVER,0.01431635059813501,12,D,TXFR,,,,,left_only
42570160,LARKIN,0.02,14,D,TXFR,,,,,left_only
42624453,PANAMA,0.01906988523664545,14,D,TXFR,,,,,left_only
42567816,DEL MAR,0.015553641353273284,14,D,TXFR,,,,,left_only
41364872,PENRYN,0.015370130214388524,14,D,TXFR,,,,,left_only
42677463,STAGG,0.05,24,D,TXFR,,,,,left_only
42553632,SAN FRAN H (MARTIN),0.05234710895852178,24,D,TXFR,,,,,left_only
42683919,BRENTWOOD,0.014431298037052552,14,D,TXFR,,,,,left_only
42666805,OAKLAND J,0.4083072768287276,44,D,TXFR,,,,,left_only
42690938,BRENTWOOD,0.014558672737077491,14,D,TXFR,,,,,left_only
42568092,BAY MEADOWS,0.05,24,D,TXFR,,,,,left_only
42563278,MT. EDEN,0.030831316576826792,14,D,TXFR,,,,,left_only
42549364,GRANT,0.016970393370759108,14,D,TXFR,,,,,left_only
42615185,SAN RAMON,0.015553641353273284,14,D,TXFR,,,,,left_only
42704626,LAKEWOOD,0.03,14,D,TXFR,,,,,left_only
42568508,STONE,0.05,24,D,TXFR,,,,,left_only
42596870,NORTH TOWER,0.3,43,D,TXFR,,,,,left_only
41368058,AIRWAYS,0.018423996895339443,13,D,TXFR,,,,,left_only
42561948,MERCED,0.03,13,D,TXFR,,,,,left_only
42553767,MANCHESTER,0.03,13,D,TXFR,,,,,left_only
42553773,MANCHESTER,0.02,13,D,TXFR,,,,,left_only
42568878,PINEDALE,0.015767928364434358,13,D,TXFR,,,,,left_only
42632793,TEVIS,0.02,13,D,TXFR,,,,,left_only
42553765,MANCHESTER,0.02,13,D,TXFR,,,,,left_only
41015146,WILLOW PASS,0.08123566935593947,23,D,TXFR,,,,,left_only
41367440,LAMMERS,0.03,13,D,TXFR,,,,,left_only
42604373,MALAGA,0.01660602302255621,13,D,TXFR,,,,,left_only
42615561,MCDONALD-MCDONALDISLAND,0.0146467338243561,13,D,TXFR,,,,,left_only
42612077,LOS ALTOS,0.014931374262765881,13,D,TXFR,,,,,left_only
42747145,SAN BENITO,0.015202685343799588,13,D,TXFR,,,,,left_only
42641898,DINUBA,0.04,23,D,TXFR,,,,,left_only
42560401,HARRIS,0.05,23,D,TXFR,,,,,left_only
42560907,MONTE RIO,0.014635746642215558,13,D,TXFR,,,,,left_only
41351277,BUENA VISTA,0.016289929021652695,13,D,TXFR,,,,,left_only
42579730,LUCERNE,0.014931374262765881,13,D,TXFR,,,,,left_only
42838668,SMYRNA,0.01660602302255621,13,D,TXFR,,,,,left_only
42566495,WILLIAMS,0.02,13,D,TXFR,,,,,left_only
42594840,CHICO A,0.02,13,D,TXFR,,,,,left_only
42569331,GARBERVILLE,0.014574332395857002,12,D,TXFR,,,,,left_only
42569332,GARBERVILLE,0.014104716794291186,12,D,TXFR,,,,,left_only
42569328,GARBERVILLE,0.01465330855665309,12,D,TXFR,,,,,left_only
42569330,GARBERVILLE,0.014574332395857002,12,D,TXFR,,,,,left_only
42684651,KESWICK,0.014233646162303167,12,D,TXFR,,,,,left_only
42684647,KESWICK,0.014574332395857002,12,D,TXFR,,,,,left_only
42684648,KESWICK,0.01465330855665309,12,D,TXFR,,,,,left_only
42684649,KESWICK,0.014739748265178402,12,D,TXFR,,,,,left_only
42645233,MISSION,0.02,14,D,TXFR,,,,,left_only
42614669,PLUMAS,0.03,14,D,TXFR,,,,,left_only
42618108,STOCKDALE,0.05,24,D,TXFR,,,,,left_only
42675958,VIEJO,0.3,44,D,TXFR,,,,,left_only
42716327,SAN LEANDRO U,0.05,24,D,TXFR,,,,,left_only
42696106,BELMONT,0.05,24,D,TXFR,,,,,left_only
42610600,LARKIN,0.031141477339234405,14,D,TXFR,,,,,left_only
42625950,MISSION,0.05,24,D,TXFR,,,,,left_only
42604409,HICKS,0.014777182834454825,14,D,TXFR,,,,,left_only
43686523,ROSSMOOR,0.05,23,D,TXFR,,,,,left_only
42746592,OAKLAND C,0.014186645124153721,13,D,TXFR,,,,,left_only
42566712,SUISUN,0.01679635806013211,13,D,TXFR,,,,,left_only
42633401,SAN FRAN H (MARTIN),0.014,13,D,TXFR,,,,,left_only
42624367,RIVERBANK,0.016158729585242896,13,D,TXFR,,,,,left_only
42635138,SANTA MARIA,0.014,13,D,TXFR,,,,,left_only
42645664,PUEBLO,0.05,23,D,TXFR,,,,,left_only
42613708,NAPA,0.015466873265718722,13,D,TXFR,,,,,left_only
42619249,VIERRA,0.03,13,D,TXFR,,,,,left_only
42747618,MORRO BAY,0.015895597885655744,13,D,TXFR,,,,,left_only
42748561,BELMONT,0.014777182834454825,13,D,TXFR,,,,,left_only
42685139,MONROE,0.01452860731828936,13,D,TXFR,,,,,left_only
42683933,IMHOFF,0.01468286188245138,13,D,TXFR,,,,,left_only
42630299,STOCKTON A,0.05,23,D,TXFR,,,,,left_only
42667727,CHOWCHILLA,0.05,23,D,TXFR,,,,,left_only
42630945,WEST FRESNO,0.015136366840353242,13,D,TXFR,,,,,left_only
42683501,FRANKLIN,0.014880532210343718,13,D,TXFR,,,,,left_only
44248335,OAKLAND C,0.05,23,D,TXFR,,,,,left_only
42607124,SAN FRAN H (MARTIN),0.014,13,D,TXFR,,,,,left_only
42607285,CLAY,0.015136366840353242,13,D,TXFR,,,,,left_only
42637242,GRAND ISLAND,0.03,13,D,TXFR,,,,,left_only
42625281,ALMADEN,0.03,13,D,TXFR,,,,,left_only
42676400,PASO ROBLES,0.015136366840353242,13,D,TXFR,,,,,left_only
42617458,CALIFORNIA AVE,0.015466873265718722,13,D,TXFR,,,,,left_only
42595708,PLACER,0.015466873265718722,13,D,TXFR,,,,,left_only
42605851,PLAINFIELD,0.014880532210343718,13,D,TXFR,,,,,left_only
42709532,LERDO,0.01679635806013211,13,D,TXFR,,,,,left_only
42622514,PASO ROBLES,0.02,13,D,TXFR,,,,,left_only
42703300,WOODSIDE,0.01468286188245138,13,D,TXFR,,,,,left_only
43688193,TRACY,0.03,13,D,TXFR,,,,,left_only
42623784,NEWMAN,0.02,13,D,TXFR,,,,,left_only
42567958,CAMDEN,0.01763595494009851,13,D,TXFR,,,,,left_only
42707332,VICTOR,0.01446424146365959,13,D,TXFR,,,,,left_only
43591409,REDWOOD CITY,0.014210186149224336,13,D,TXFR,,,,,left_only
42677541,TULUCAY,0.014356400374437384,13,D,TXFR,,,,,left_only
42603252,DESCHUTES,0.02,13,D,TXFR,,,,,left_only
42595909,PASO ROBLES,0.05,23,D,TXFR,,,,,left_only
42716314,SRI,0.014777182834454825,13,D,TXFR,,,,,left_only
42618435,CHEROKEE,0.01763595494009851,13,D,TXFR,,,,,left_only
42570393,CUYAMA,0.05,23,D,TXFR,,,,,left_only
42673455,COPUS,0.015895597885655744,13,D,TXFR,,,,,left_only
42599536,VOLTA #1 PH,0.02,12,D,TXFR,,,,,left_only
42599533,VOLTA #1 PH,0.014478891031630131,12,D,TXFR,,,,,left_only
42599534,VOLTA #1 PH,0.23169314248911976,42,D,TXFR,,,,,left_only
42599535,VOLTA #1 PH,0.16472534821427193,32,D,TXFR,,,,,left_only
42598773,PIT #5 PH,0.014478891031630131,11,D,TXFR,,,,,left_only
42598771,PIT #5 PH,0.014478891031630131,11,D,TXFR,,,,,left_only
42598774,PIT #5 PH,0.02,11,D,TXFR,,,,,left_only
42598772,PIT #5 PH,0.014478891031630131,11,D,TXFR,,,,,left_only
42712528,MCKEE,0.06439028700347704,24,D,TXFR,,,,,left_only
42672830,SAN FRAN A (POTRERO PP),0.014643888185894264,14,D,TXFR,,,,,left_only
42703622,CASSIDY,0.014829897800829876,14,D,TXFR,,,,,left_only
42686979,CASTRO VALLEY,0.05,24,D,TXFR,,,,,left_only
42669196,OAKLAND J,0.03,14,D,TXFR,,,,,left_only
42696058,STOCKDALE,0.05,24,D,TXFR,,,,,left_only
42676884,BARTON,0.05,24,D,TXFR,,,,,left_only
42770667,DALY CITY,0.03,14,D,TXFR,,,,,left_only
42737592,PEABODY,0.03,14,D,TXFR,,,,,left_only
42684671,FIGARDEN,0.014643888185894264,14,D,TXFR,,,,,left_only
42715002,DALY CITY,0.05,24,D,TXFR,,,,,left_only
42688079,SAN LEANDRO U,0.05,24,D,TXFR,,,,,left_only
42696015,EDENVALE,0.05,24,D,TXFR,,,,,left_only
42747632,OCEANO,0.05,24,D,TXFR,,,,,left_only
43177341,SWIFT,0.03,14,D,TXFR,,,,,left_only
42731662,CLAYTON,0.05,23,D,TXFR,,,,,left_only
42625034,SAN FRAN P(HUNTERS POINT),0.03,13,D,TXFR,,,,,left_only
42741564,EDENVALE,0.03,13,D,TXFR,,,,,left_only
42627025,AIRWAYS,0.05,23,D,TXFR,,,,,left_only
42628192,GATES,0.05038249881342533,23,D,TXFR,,,,,left_only
42626752,EIGHT MILE,0.03,13,D,TXFR,,,,,left_only
42690514,SONOMA A,0.03,13,D,TXFR,,,,,left_only
42623631,PLEASANT GROVE,0.015380683642043291,13,D,TXFR,,,,,left_only
44445135,TRACY,0.03,13,D,TXFR,,,,,left_only
42695860,CURTIS,0.11704378525870682,33,D,TXFR,,,,,left_only
42705786,LINCOLN,0.014829897800829876,13,D,TXFR,,,,,left_only
42687386,7TH STANDARD,0.017886845002657716,13,D,TXFR,,,,,left_only
42672334,ATWATER,0.7012319277860999,53,D,TXFR,,,,,left_only
42671266,ALMADEN,0.015380683642043291,13,D,TXFR,,,,,left_only
42683687,SOLEDAD,0.03,13,D,TXFR,,,,,left_only
43198909,POSO MOUNTAIN,0.05,23,D,TXFR,,,,,left_only
42677353,LAWRENCE,0.053419211750795115,23,D,TXFR,,,,,left_only
42731152,EAST GRAND,0.051382958817513584,23,D,TXFR,,,,,left_only
42626963,CORCORAN,0.015218549307480332,13,D,TXFR,,,,,left_only
42626026,OAKHURST,0.014567212365103442,13,D,TXFR,,,,,left_only
42630916,TUPMAN,0.014943653716509627,13,D,TXFR,,,,,left_only
43600957,SCHINDLER,0.0549563015524053,23,D,TXFR,,,,,left_only
42635749,CHARCA,0.015070394763882522,13,D,TXFR,,,,,left_only
41353660,OAKLAND J,0.05,23,D,TXFR,,,,,left_only
42676890,CARUTHERS,0.014943653716509627,13,D,TXFR,,,,,left_only
42706752,TULARE LAKE,0.015782520660820344,13,D,TXFR,,,,,left_only
42634475,LIVERMORE,0.014498616545325546,13,D,TXFR,,,,,left_only
42685631,OAKLAND J,0.01438515166358938,13,D,TXFR,,,,,left_only
42624617,WESTLEY,0.03,13,D,TXFR,,,,,left_only
42686889,BOLINAS,0.014261572537544568,13,D,TXFR,,,,,left_only
43687366,TAMARACK,0.01438515166358938,13,D,TXFR,,,,,left_only
42631508,FORESTHILL,0.014451763060387568,12,D,TXFR,,,,,left_only
42631510,FORESTHILL,0.014093648700225885,12,D,TXFR,,,,,left_only
42631507,FORESTHILL,0.014,12,D,TXFR,,,,,left_only
42631509,FORESTHILL,0.014582801301944354,12,D,TXFR,,,,,left_only
42731156,MISSION,0.03,14,D,TXFR,,,,,left_only
42703042,MESA,0.014246023718504646,14,D,TXFR,,,,,left_only
42712315,MISSION,0.01427758067418325,14,D,TXFR,,,,,left_only
42677938,LARKIN,0.02,14,D,TXFR,,,,,left_only
42681801,OAKLAND X,0.09654096531166718,23,D,TXFR,,,,,left_only
42675629,BRITTON,0.03,13,D,TXFR,,,,,left_only
42673632,SUISUN,0.03,13,D,TXFR,,,,,left_only
42683683,STONE,0.02,13,D,TXFR,,,,,left_only
42683077,LONETREE,0.05515255769899481,23,D,TXFR,,,,,left_only
42665516,DELEVAN,0.014779470105791195,13,D,TXFR,,,,,left_only
42665484,DELEVAN,0.05,23,D,TXFR,,,,,left_only
42739648,LAS GALLINAS A,0.02,13,D,TXFR,,,,,left_only
42681886,WOLFE,0.11190836176647799,33,D,TXFR,,,,,left_only
42696026,ARCATA,0.05,23,D,TXFR,,,,,left_only
42688728,ARCATA,0.02,13,D,TXFR,,,,,left_only
42683565,BURNS,0.0154717053500225,13,D,TXFR,,,,,left_only
42690927,HIGHLANDS,0.015143430554399508,13,D,TXFR,,,,,left_only
42692028,BAIR,0.01427758067418325,13,D,TXFR,,,,,left_only
42711369,CAROLANDS,0.05,23,D,TXFR,,,,,left_only
42734515,BELMONT,0.05,23,D,TXFR,,,,,left_only
42677863,BUENA VISTA,0.02,13,D,TXFR,,,,,left_only
42705328,HENRIETTA,0.014688309977214332,13,D,TXFR,,,,,left_only
42729853,KONOCTI,0.014886068508923588,13,D,TXFR,,,,,left_only
42671373,HERDLYN,0.01427758067418325,13,D,TXFR,,,,,left_only
42682155,STONE CORRAL,0.015295068257870607,13,D,TXFR,,,,,left_only
42693736,ZAMORA,0.014362145093551198,13,D,TXFR,,,,,left_only
42690503,BAYWOOD,0.01427758067418325,13,D,TXFR,,,,,left_only
42708932,MCKITTRICK,0.05,21,D,TXFR,,,,,left_only
42708929,MCKITTRICK,0.014547703735569822,11,D,TXFR,,,,,left_only
42708931,MCKITTRICK,0.014481750242083851,11,D,TXFR,,,,,left_only
42708930,MCKITTRICK,0.014547703735569822,11,D,TXFR,,,,,left_only
42745063,FORT ORD,0.05,24,D,TXFR,,,,,left_only
42729076,NEWARK,0.01493948197771604,14,D,TXFR,,,,,left_only
42731766,CASTRO VALLEY,0.01493948197771604,14,D,TXFR,,,,,left_only
42757659,CONTRA COSTA,0.0811848181917818,24,D,TXFR,,,,,left_only
42731774,TASSAJARA,0.02,14,D,TXFR,,,,,left_only
43176981,CONTRA COSTA,0.01433918280990085,14,D,TXFR,,,,,left_only
42748048,OAKLAND X,0.03,14,D,TXFR,,,,,left_only
42733575,MERCED,0.03,14,D,TXFR,,,,,left_only
42703423,VACA DIXON,0.03,13,D,TXFR,,,,,left_only
42761242,MOSHER,0.014644114417578461,13,D,TXFR,,,,,left_only
42735237,HIGHWAY,0.014438858126140342,13,D,TXFR,,,,,left_only
42730460,COTTONWOOD,0.01433918280990085,13,D,TXFR,,,,,left_only
42753613,EAST GRAND,0.01601216104211855,13,D,TXFR,,,,,left_only
42731617,SAN PABLO,0.03,13,D,TXFR,,,,,left_only
42731572,WYANDOTTE,0.01493948197771604,13,D,TXFR,,,,,left_only
43593565,WEST FRESNO,0.05084321347929065,23,D,TXFR,,,,,left_only
42742282,LIVINGSTON,0.0148287494247168,13,D,TXFR,,,,,left_only
42728604,LAMONT,0.015068755736687213,13,D,TXFR,,,,,left_only
42704616,LOCKEFORD,0.014644114417578461,13,D,TXFR,,,,,left_only
42737061,KERN OIL,0.05,23,D,TXFR,,,,,left_only
42732327,PIT #3 PH,0.03,13,D,TXFR,,,,,left_only
42728548,HORSESHOE,0.014499063621045924,13,D,TXFR,,,,,left_only
42740993,HALF MOON BAY,0.014230495320275415,13,D,TXFR,,,,,left_only
42708547,HAMMER,0.05,23,D,TXFR,,,,,left_only
42709431,MADERA,0.015210022922843828,13,D,TXFR,,,,,left_only
42707935,GLENN,0.01433918280990085,13,D,TXFR,,,,,left_only
42705784,LINCOLN,0.01433918280990085,13,D,TXFR,,,,,left_only
43686975,BOWLES,0.014566313173295346,13,D,TXFR,,,,,left_only
43146752,FORT BRAGG A,0.10643693350234182,33,D,TXFR,,,,,left_only
42743427,BELMONT,0.014135800637136105,13,D,TXFR,,,,,left_only
42708685,CARUTHERS,0.03,13,D,TXFR,,,,,left_only
44437798,CRESSEY,0.014644114417578461,13,D,TXFR,,,,,left_only
43189126,ORTIGA,0.014385594532264692,13,D,TXFR,,,,,left_only
42732322,PIT #3 PH,0.03,13,D,TXFR,,,,,left_only
42726353,PUTAH CREEK,0.015068755736687213,13,D,TXFR,,,,,left_only
42710034,WILLOW CREEK,0.014236446006033446,12,D,TXFR,,,,,left_only
42710035,WILLOW CREEK,0.01410852392065471,12,D,TXFR,,,,,left_only
42710032,WILLOW CREEK,0.01427062355434374,12,D,TXFR,,,,,left_only
42710033,WILLOW CREEK,0.05,22,D,TXFR,,,,,left_only
43686972,WILKINS SLOUGH,0.014184061378734507,12,D,TXFR,,,,,left_only
43686970,WILKINS SLOUGH,0.014184061378734507,12,D,TXFR,,,,,left_only
43686971,WILKINS SLOUGH,0.05,22,D,TXFR,,,,,left_only
43686969,WILKINS SLOUGH,0.014349880383556689,12,D,TXFR,,,,,left_only
43686966,COALINGA #2,0.01624566985330617,12,D,TXFR,,,,,left_only
43686967,COALINGA #2,0.014746142199481347,12,D,TXFR,,,,,left_only
42728587,BRIDGEVILLE,0.01410852392065471,11,D,TXFR,,,,,left_only
43686750,COALINGA #2,0.01508805686530347,11,D,TXFR,,,,,left_only
42728586,BRIDGEVILLE,0.014184061378734507,11,D,TXFR,,,,,left_only
42728584,BRIDGEVILLE,0.01427062355434374,11,D,TXFR,,,,,left_only
42728585,BRIDGEVILLE,0.014236446006033446,11,D,TXFR,,,,,left_only
42759142,MISSION,0.03,14,D,TXFR,,,,,left_only
43147666,SALINAS,0.050618040694742586,24,D,TXFR,,,,,left_only
42741611,LEMOORE,0.014600078590162475,14,D,TXFR,,,,,left_only
42740935,DIXON,0.014409090076069822,14,D,TXFR,,,,,left_only
42744837,EMBARCADERO,0.05,24,D,TXFR,,,,,left_only
43135138,PAUL SWEET,0.05,24,D,TXFR,,,,,left_only
42744388,PEABODY,0.03,14,D,TXFR,,,,,left_only
42835903,OAKLAND D,0.05,24,D,TXFR,,,,,left_only
42757624,OAKLAND X,0.05,24,D,TXFR,,,,,left_only
43686752,TEMPLETON,0.014,14,D,TXFR,,,,,left_only
42768831,MISSION,0.4,44,D,TXFR,,,,,left_only
43228956,SAN RAFAEL,0.014214987313512515,14,D,TXFR,,,,,left_only
43687361,SWIFT,0.03,14,D,TXFR,,,,,left_only
42820486,BAKERSFIELD,0.01467923116825855,13,D,TXFR,,,,,left_only
43145766,EL PATIO,0.4001845926723185,43,D,TXFR,,,,,left_only
43131376,RICHMOND R,0.05,23,D,TXFR,,,,,left_only
42828489,LAKEVILLE,0.014276264120742378,13,D,TXFR,,,,,left_only
43195954,BOGUE,0.05,23,D,TXFR,,,,,left_only
43599060,KERN OIL,0.0503167323222618,23,D,TXFR,,,,,left_only
42769178,JARVIS,0.015277918507669696,13,D,TXFR,,,,,left_only
42820506,NORTH TOWER,0.014465133081723303,13,D,TXFR,,,,,left_only
42831509,MCFARLAND,0.034572549560713296,23,D,TXFR,,,,,left_only
42758277,MCFARLAND,0.02,13,D,TXFR,,,,,left_only
42741738,PARLIER,0.03,13,D,TXFR,,,,,left_only
42743400,DEEPWATER,0.05,23,D,TXFR,,,,,left_only
43176274,STOCKDALE,0.05,23,D,TXFR,,,,,left_only
42762933,REEDLEY,0.06,23,D,TXFR,,,,,left_only
43239339,RIO BRAVO,0.014072230190709837,13,D,TXFR,,,,,left_only
42735161,JAMESON,0.014214987313512515,13,D,TXFR,,,,,left_only
43600980,DINUBA,0.02,13,D,TXFR,,,,,left_only
42757444,OROSI,0.05,23,D,TXFR,,,,,left_only
42743474,JANES CREEK,0.014409090076069822,13,D,TXFR,,,,,left_only
43686528,HAMMER,0.01487453734209867,13,D,TXFR,,,,,left_only
42742957,KERMAN,0.018624228383953296,13,D,TXFR,,,,,left_only
42769090,GUERNSEY,0.05,23,D,TXFR,,,,,left_only
42833144,MISSION,0.019709579401628086,13,D,TXFR,,,,,left_only
43686544,WINTERS,0.014465133081723303,13,D,TXFR,,,,,left_only
42684148,UPPER LAKE,0.014067404764683298,12,D,TXFR,,,,,left_only
42744278,MERIDIAN,0.014171698377634226,12,D,TXFR,,,,,left_only
42744275,MERIDIAN,0.014286783350199967,12,D,TXFR,,,,,left_only
42744276,MERIDIAN,0.014326223049554991,12,D,TXFR,,,,,left_only
42744277,MERIDIAN,0.014286783350199967,12,D,TXFR,,,,,left_only
43160467,MEADOW LANE,0.014379395864121326,14,D,TXFR,,,,,left_only
42768829,MCCALL,0.05,24,D,TXFR,,,,,left_only
42840005,NEWARK,0.014556201863101689,14,D,TXFR,,,,,left_only
42833857,LARKIN,0.02,14,D,TXFR,,,,,left_only
43228352,ALTO,0.05,23,D,TXFR,,,,,left_only
43149885,RICHMOND R,0.014431298037052552,13,D,TXFR,,,,,left_only
43183861,ORO LOMA,0.014556201863101689,13,D,TXFR,,,,,left_only
43186625,WHISMAN,0.014809931281439693,13,D,TXFR,,,,,left_only
44206462,LERDO,0.05,23,D,TXFR,,,,,left_only
43182820,SANTA YNEZ,0.01429339072884228,13,D,TXFR,,,,,left_only
43208015,KING CITY,0.05,23,D,TXFR,,,,,left_only
43239398,WOODSIDE,0.014333449147799817,13,D,TXFR,,,,,left_only
43175318,ANITA,0.02,13,D,TXFR,,,,,left_only
43135201,EUREKA E,0.014031245530700603,13,D,TXFR,,,,,left_only
43135198,EUREKA E,0.7,53,D,TXFR,,,,,left_only
43135199,EUREKA E,0.02,13,D,TXFR,,,,,left_only
43135200,EUREKA E,0.4,43,D,TXFR,,,,,left_only
43686963,LINDEN,0.03,12,D,TXFR,,,,,left_only
42832547,WHITMORE,0.05,22,D,TXFR,,,,,left_only
42832549,WHITMORE,0.01404690047459023,12,D,TXFR,,,,,left_only
42832546,WHITMORE,0.014443031159957334,12,D,TXFR,,,,,left_only
42832548,WHITMORE,0.014266060726645996,12,D,TXFR,,,,,left_only
43601823,SAN FRAN A (POTRERO PP),0.014207568156047836,14,D,TXFR,,,,,left_only
43595611,PANOCHE,0.014579808061339369,14,D,TXFR,,,,,left_only
43201240,EMBARCADERO,0.015583343278766095,14,D,TXFR,,,,,left_only
44319983,BRENTWOOD,0.4,44,D,TXFR,,,,,left_only
43592874,LARKIN,0.03,14,D,TXFR,,,,,left_only
43683088,MABURY,0.03,14,D,TXFR,,,,,left_only
43598149,DIVIDE,0.014184032357240486,13,D,TXFR,,,,,left_only
43686507,DIXON LANDING,0.05,23,D,TXFR,,,,,left_only
43688599,NORTECH,0.014349775289877402,13,D,TXFR,,,,,left_only
43686517,LOCKHEED #1,0.03,13,D,TXFR,,,,,left_only
43685820,LOCKHEED #1,0.03,13,D,TXFR,,,,,left_only
43242345,FORT BRAGG A,0.014658375485873279,13,D,TXFR,,,,,left_only
43173269,OLIVEHURST,0.01423639808140612,13,D,TXFR,,,,,left_only
43183089,DAIRYLAND,0.05,23,D,TXFR,,,,,left_only
43687372,FLINT,0.014270560745513998,13,D,TXFR,,,,,left_only
44184181,SAN FRAN N,0.014,13,D,TXFR,,,,,left_only
43240043,SAN FRAN N,0.014270560745513998,13,D,TXFR,,,,,left_only
44192228,EEL RIVER,0.014124098510987226,13,D,TXFR,,,,,left_only
44356571,ANTELOPE,0.014658375485873279,13,D,TXFR,,,,,left_only
43173379,DALY CITY,0.4,43,D,TXFR,,,,,left_only
43686962,LINDEN,0.014165782758610747,12,D,TXFR,,,,,left_only
43686965,LINDEN,0.05,22,D,TXFR,,,,,left_only
43686964,LINDEN,0.02,12,D,TXFR,,,,,left_only
43703934,FORT SEWARD,0.06,21,D,TXFR,,,,,left_only
43703933,FORT SEWARD,0.014317055496019285,11,D,TXFR,,,,,left_only
43703935,FORT SEWARD,0.014147012097748496,11,D,TXFR,,,,,left_only
43703932,FORT SEWARD,0.7,51,D,TXFR,,,,,left_only
44843167,EMBARCADERO,0.016051884667834655,14,D,TXFR,,,,,left_only
44206521,FREMONT,0.02,14,D,TXFR,,,,,left_only
44198539,SAN RAFAEL,0.03,14,D,TXFR,,,,,left_only
44229399,EL CERRITO G,0.03,14,D,TXFR,,,,,left_only
44815492,OCEANO,0.05,24,D,TXFR,,,,,left_only
44921632,OAKLAND L,0.03,14,D,TXFR,,,,,left_only
44163186,OAKLAND J,0.03,14,D,TXFR,,,,,left_only
45320888,PLACER,0.05,23,D,TXFR,,,,,left_only
44137183,SHEPHERD,0.01487545944081658,13,D,TXFR,,,,,left_only
44215716,RIPON,0.05,23,D,TXFR,,,,,left_only
44187481,MIDWAY,0.01446892319634383,13,D,TXFR,,,,,left_only
44197830,CORDELIA,0.01446892319634383,13,D,TXFR,,,,,left_only
44171259,BERRENDA A,0.05,23,D,TXFR,,,,,left_only
44151373,LAS GALLINAS A,0.014412640584281962,13,D,TXFR,,,,,left_only
43683895,OLD RIVER,0.014216515366643638,13,D,TXFR,,,,,left_only
44155540,JOLON,0.014320228153519826,13,D,TXFR,,,,,left_only
43687328,VALLEY HOME,0.01446892319634383,13,D,TXFR,,,,,left_only
43683830,ALPAUGH,0.014320228153519826,13,D,TXFR,,,,,left_only
44201146,GUERNSEY,0.03,13,D,TXFR,,,,,left_only
43694109,CATLETT,0.014216515366643638,13,D,TXFR,,,,,left_only
43685830,LAKEVIEW,0.05,23,D,TXFR,,,,,left_only
44286982,LAKEWOOD,0.05,24,D,TXFR,,,,,left_only
44218506,LARKIN,0.01405154720943089,14,D,TXFR,,,,,left_only
44658306,EL CERRITO G,0.014196666106164072,14,D,TXFR,,,,,left_only
44193220,SANTA MARIA,0.014618125287916266,14,D,TXFR,,,,,left_only
44321786,LLAGAS,0.05,23,D,TXFR,,,,,left_only
44337915,MENLO,0.02,13,D,TXFR,,,,,left_only
44220165,NAPA,0.014290754255827657,13,D,TXFR,,,,,left_only
44448416,WINDSOR,0.05,23,D,TXFR,,,,,left_only
44440867,LE GRAND,0.014618125287916266,13,D,TXFR,,,,,left_only
44205480,SHAFTER,0.014,13,D,TXFR,,,,,left_only
44310930,HENRIETTA,0.05,23,D,TXFR,,,,,left_only
44231160,MAXWELL,0.05,23,D,TXFR,,,,,left_only
44358078,NORTH TOWER,0.014290754255827657,13,D,TXFR,,,,,left_only
44358073,NORTH TOWER,0.014374527737653249,13,D,TXFR,,,,,left_only
44377772,ALLEGHANY,0.01422503243007513,13,D,TXFR,,,,,left_only
44358558,LOW GAP,0.03,12,D,TXFR,,,,,left_only
44287642,WILDWOOD,0.05,22,D,TXFR,,,,,left_only
44442709,SAN MATEO,0.014072234653810935,13,D,TXFR,,,,,left_only
44442706,SAN MATEO,0.05,23,D,TXFR,,,,,left_only
44442707,SAN MATEO,0.014137985280478965,13,D,TXFR,,,,,left_only
44442708,SAN MATEO,0.014157088833302115,13,D,TXFR,,,,,left_only
44374795,COTTLE,0.01438227341722901,14,D,TXFR,,,,,left_only
44693336,EMBARCADERO,0.03315538502226183,23,D,TXFR,,,,,left_only
44627639,OAKLAND C,0.05,23,D,TXFR,,,,,left_only
44692363,SAN FRAN H (MARTIN),0.014137752127887485,13,D,TXFR,,,,,left_only
44625914,VALLEJO B,0.014432187212003515,13,D,TXFR,,,,,left_only
44448845,WHEELER RIDGE,0.014554854326212494,13,D,TXFR,,,,,left_only
44828351,REDWOOD CITY,0.014137752127887485,13,D,TXFR,,,,,left_only
44693357,SAN FRAN H (MARTIN),0.038804233715293984,23,D,TXFR,,,,,left_only
45244993,CAMDEN,0.05,23,D,TXFR,,,,,left_only
44625917,VALLEJO B,0.014261353398175218,13,D,TXFR,,,,,left_only
44627503,SAN FRAN M,0.014,13,D,TXFR,,,,,left_only
44625889,VALLEJO B,0.01438227341722901,13,D,TXFR,,,,,left_only
44891337,GUALALA,0.014296906937610748,13,D,TXFR,,,,,left_only
44625919,VALLEJO B,0.014336536161188346,13,D,TXFR,,,,,left_only
44416494,SPAULDING PH #2,0.014081290541908112,12,D,TXFR,,,,,left_only
44723706,OLEMA,0.05,22,D,TXFR,,,,,left_only
44723681,OLEMA,0.014083627466559617,12,D,TXFR,,,,,left_only
44723679,OLEMA,0.014083627466559617,12,D,TXFR,,,,,left_only
44723682,OLEMA,0.05,22,D,TXFR,,,,,left_only
45005137,DUNLAP,0.05,22,D,TXFR,,,,,left_only
45005139,DUNLAP,0.014161608855443302,12,D,TXFR,,,,,left_only
44368647,FRENCH GULCH,0.014043285888475553,11,D,TXFR,,,,,left_only
44634812,COTTLE,0.03,14,D,TXFR,,,,,left_only
44991677,LAS POSITAS,0.05,24,D,TXFR,,,,,left_only
44664685,SAN RAFAEL,0.014204078402637633,13,D,TXFR,,,,,left_only
44724589,PUEBLO,0.01423202538253017,13,D,TXFR,,,,,left_only
45039575,PIERCY,0.02,13,D,TXFR,,,,,left_only
44702064,SHAFTER,0.05,23,D,TXFR,,,,,left_only
44992148,SAN FRAN M,0.014434855132479687,13,D,TXFR,,,,,left_only
44701511,SPENCE,0.01433918280990085,13,D,TXFR,,,,,left_only
44775476,STUART,0.014137968980244052,13,D,TXFR,,,,,left_only
45005236,CONTRA COSTA,0.014260915131606515,14,D,TXFR,,,,,left_only
44897830,SARATOGA,0.014202770011451506,14,D,TXFR,,,,,left_only
45101814,EL CERRITO G,0.014106999772037372,14,D,TXFR,,,,,left_only
44974539,LAKEWOOD,0.02,13,D,TXFR,,,,,left_only
44799003,LAKEWOOD,0.014106999772037372,13,D,TXFR,,,,,left_only
44773606,MARINA,0.05,23,D,TXFR,,,,,left_only
44889184,MARINA,0.3422044486626095,43,D,TXFR,,,,,left_only
45035831,FMC,0.014296247569111272,13,D,TXFR,,,,,left_only
44918680,PIT #1 PH,0.014106999772037372,13,D,TXFR,,,,,left_only
44990119,RESERVATION ROAD,0.03,13,D,TXFR,,,,,left_only
44930971,EL NIDO,0.014795721963578062,13,D,TXFR,,,,,left_only
45245950,SANTA RITA,0.014063176870610457,13,D,TXFR,,,,,left_only
44762447,WEST POINT PH,0.03758679008508368,23,D,TXFR,,,,,left_only
44868174,RICE,0.02,13,D,TXFR,,,,,left_only
44868171,RICE,0.03,13,D,TXFR,,,,,left_only
44802610,POINT MORETTI,0.01417837335176475,13,D,TXFR,,,,,left_only
45042181,WILSON,0.03,14,D,TXFR,,,,,left_only
45042183,WILSON,0.03,14,D,TXFR,,,,,left_only
45137427,DOLAN RD,0.05,23,D,TXFR,,,,,left_only
45036962,BELLEVUE,0.014223284838958194,13,D,TXFR,,,,,left_only
45335258,BAY MEADOWS,0.014091653846164981,13,D,TXFR,,,,,left_only
44922450,GATES,0.014103323561021078,13,D,TXFR,,,,,left_only
45259394,RINCON,0.08,23,D,TXFR,,,,,left_only
45005199,LLAGAS,0.014103323561021078,13,D,TXFR,,,,,left_only
45023978,FAIRWAY,0.014766209847905621,13,D,TXFR,,,,,left_only
45571049,SYCAMORE CREEK,0.01415272435330621,13,D,TXFR,,,,,left_only
45066962,SOLEDAD,0.014117602377263252,13,D,TXFR,,,,,left_only
44898280,BUTTE,0.03,13,D,TXFR,,,,,left_only
44978933,HALF MOON BAY,0.05,23,D,TXFR,,,,,left_only
45090161,SANTA TERESA,0.014134499823740132,13,D,TXFR,,,,,left_only
45145459,COLUSA,0.014367008171574614,13,D,TXFR,,,,,left_only
45371826,KNIGHTS LANDING,0.01415272435330621,13,D,TXFR,,,,,left_only
45017779,TULARE LAKE,0.7,53,D,TXFR,,,,,left_only
45320495,STILLWATER,0.014286361435736871,13,D,TXFR,,,,,left_only
45005136,DUNLAP,0.05,22,D,TXFR,,,,,left_only
45005133,DUNLAP,0.014107485488129822,12,D,TXFR,,,,,left_only
45005610,FRUITLAND,0.014122032102398832,12,D,TXFR,,,,,left_only
45004286,FRUITLAND,0.014107485488129822,12,D,TXFR,,,,,left_only
45004288,FRUITLAND,0.014157436464328528,12,D,TXFR,,,,,left_only
45004287,FRUITLAND,0.04,22,D,TXFR,,,,,left_only
45131447,TIDEWATER,0.03,14,D,TXFR,,,,,left_only
45490410,MARYSVILLE STORAGE,0.01405154720943089,14,D,TXFR,,,,,left_only
45263172,ASHLAN AVE,0.014086039248222637,14,D,TXFR,,,,,left_only
45143412,SAN FRAN A (POTRERO PP),0.05,24,D,TXFR,,,,,left_only
45104745,JARVIS,0.014305042161617728,14,D,TXFR,,,,,left_only
45143378,JARVIS,0.01439002412186141,13,D,TXFR,,,,,left_only
45238223,PUEBLO,0.02,13,D,TXFR,,,,,left_only
45263175,ASHLAN AVE,0.02,13,D,TXFR,,,,,left_only
45238845,CALFLAX,0.03,13,D,TXFR,,,,,left_only
45248440,COLUSA,0.014086039248222637,13,D,TXFR,,,,,left_only
45251812,WOODACRE,0.014076328049740088,13,D,TXFR,,,,,left_only
45238236,SANTA NELLA,0.014034339400930058,13,D,TXFR,,,,,left_only
45053985,TYLER,0.03,13,D,TXFR,,,,,left_only
45275090,PERRY,0.014111975308855681,13,D,TXFR,,,,,left_only
45071979,VINA,0.014086039248222637,13,D,TXFR,,,,,left_only
45104660,SMARTVILLE,0.02,13,D,TXFR,,,,,left_only
45187973,SALT SPRINGS PH,0.03,12,D,TXFR,,,,,left_only
45403114,ASHLAN AVE,0.014190129715822928,14,D,TXFR,,,,,left_only
45330769,EMBARCADERO,0.03,14,D,TXFR,,,,,left_only
45274594,PIT #1 PH,0.014,14,D,TXFR,,,,,left_only
45247388,PIT #1 PH,0.05,24,D,TXFR,,,,,left_only
45335261,OAKLAND K (CLAREMONT),0.014061022353879163,13,D,TXFR,,,,,left_only
45299762,SNEATH LANE,0.03,13,D,TXFR,,,,,left_only
45359046,HAAS PH,0.05,23,D,TXFR,,,,,left_only
45397538,MADERA,0.014115437800033173,13,D,TXFR,,,,,left_only
45250793,VALLEY SPRINGS,0.014068780478122746,13,D,TXFR,,,,,left_only
45381987,ANDERSON,0.01413103169358414,13,D,TXFR,,,,,left_only
45359048,HAAS PH,0.014068780478122746,13,D,TXFR,,,,,left_only
45323250,DIVIDE,0.014061022353879163,13,D,TXFR,,,,,left_only
45310348,HURON,0.014215423879923639,13,D,TXFR,,,,,left_only
45306609,ORO FINO,0.03,13,D,TXFR,,,,,left_only
45352822,DUNNIGAN,0.014089494066043845,13,D,TXFR,,,,,left_only
45344130,HOOPA,0.014062576914802073,12,D,TXFR,,,,,left_only
45344132,HOOPA,0.014042597525641702,12,D,TXFR,,,,,left_only
45344131,HOOPA,0.014048794286067406,12,D,TXFR,,,,,left_only
45344129,HOOPA,0.014062576914802073,12,D,TXFR,,,,,left_only
45488223,BONNIE NOOK,0.4,42,D,TXFR,,,,,left_only
45488208,BONNIE NOOK,0.014028838983649332,12,D,TXFR,,,,,left_only
45488214,BONNIE NOOK,0.014037092117320201,12,D,TXFR,,,,,left_only
45488220,BONNIE NOOK,0.014037092117320201,12,D,TXFR,,,,,left_only
45541849,KIRKER,0.014034769286176762,14,D,TXFR,,,,,left_only
45545336,PAUL SWEET,0.014076112337067124,14,D,TXFR,,,,,left_only
45402250,SNEATH LANE,0.05,24,D,TXFR,,,,,left_only
45522805,MOUNTAIN VIEW,0.7,54,D,TXFR,,,,,left_only
45529561,DUMBARTON,0.014126048053931507,14,D,TXFR,,,,,left_only
45482944,LAKEWOOD,0.014086471044568867,13,D,TXFR,,,,,left_only
41014055,STOCKDALE,0.014001285896475113,13,D,TXFR,,,,,left_only
45423726,NEWBURG,0.05,23,D,TXFR,,,,,left_only
45469783,GOOSE LAKE,0.014142306869682033,13,D,TXFR,,,,,left_only
45542985,GLENWOOD,0.014076112337067124,13,D,TXFR,,,,,left_only
45528494,PALMER,0.03,13,D,TXFR,,,,,left_only
45455167,BROWNS VALLEY,0.05,22,D,TXFR,,,,,left_only
45605603,LLAGAS,0.014026604182527103,14,D,TXFR,,,,,left_only
45640134,MONTAGUE,0.05,24,D,TXFR,,,,,left_only
45571570,HOLLISTER,0.014020591457815914,13,D,TXFR,,,,,left_only
45605615,LAWRENCE,0.02,13,D,TXFR,,,,,left_only
45579543,San Joaquin #3 PH,0.014030471148543158,13,D,TXFR,,,,,left_only
45609316,Rio Dell,0.014,13,D,TXFR,,,,,left_only
45566648,CORNING,0.7,53,D,TXFR,,,,,left_only
45661592,Castroville,0.014034339400930058,13,D,TXFR,,,,,left_only
45579101,RED BLUFF,0.7,53,D,TXFR,,,,,left_only
45570134,VALLEY HOME,0.014023167958939672,13,D,TXFR,,,,,left_only
45673851,Big Lagoon,0.014,13,D,TXFR,,,,,left_only
45568601,CAPAY,0.05,23,D,TXFR,,,,,left_only
45717657,PANOCHE,0.014009004269223744,14,D,TXFR,,,,,left_only
45740591,SARATOGA,0.7,54,D,TXFR,,,,,left_only
45717659,PANOCHE,0.014005144441196157,14,D,TXFR,,,,,left_only
45735860,WEBER,0.014004501261303412,14,D,TXFR,,,,,left_only
45783178,FORT ORD,0.014004501261303412,14,D,TXFR,,,,,left_only
45685404,GREEN VALLEY,0.7,54,D,TXFR,,,,,left_only
45719291,DEL MONTE,0.03,14,D,TXFR,,,,,left_only
45568600,BAKERSFIELD,0.014011578201087461,13,D,TXFR,,,,,left_only
45651883,WHEELER RIDGE,0.03,13,D,TXFR,,,,,left_only
45658503,COLUMBUS,0.014076975211683797,13,D,TXFR,,,,,left_only
45764348,SANTA TERESA,0.014,13,D,TXFR,,,,,left_only
45692345,SPENCE,0.03,13,D,TXFR,,,,,left_only
45685053,MONTEREY,0.02,13,D,TXFR,,,,,left_only
41012337,CARBONA,0.7,53,D,TXFR,,,,,left_only
45627919,PACIFICA,0.014041864686990682,13,D,TXFR,,,,,left_only
45638649,MIDWAY,0.01401329447271271,13,D,TXFR,,,,,left_only
45751667,ZAMORA,0.01400407249451129,13,D,TXFR,,,,,left_only
45633036,SAN BERNARD,0.014025315479634383,13,D,TXFR,,,,,left_only
45822699,Gualala,0.1,33,D,TXFR,,,,,left_only
45616247,CARBONA,0.014006859761858859,13,D,TXFR,,,,,left_only
45781882,WILDWOOD,0.11,33,D,TXFR,,,,,left_only
45658645,KERCKHOFF #1 PH,0.03,13,D,TXFR,,,,,left_only
42735572,ARCO SUB,0.014276264120742378,14,T,TXFR,,,,,left_only
43144204,ARCO SUB,0.02,14,T,TXFR,,,,,left_only
42553779,BRIDGEVILLE SUB,0.0709820939784114,24,T,TXFR,,,,,left_only
42734697,BUTTE SUB,0.05,24,T,TXFR,,,,,left_only
41184033,CHRISTIE SUB,0.014207568156047836,14,T,TXFR,,,,,left_only
40989612,COBURN SUB,0.025,14,T,TXFR,,,,,left_only
42686386,CONTRA COSTA SUB,0.05,24,T,TXFR,,,,,left_only
42686875,CORTINA SUB,0.01427758067418325,14,T,TXFR,,,,,left_only
40989631,EAGLE ROCK SUB,0.04,24,T,TXFR,,,,,left_only
42692025,GATES SUB,0.02,14,T,TXFR,,,,,left_only
40989656,GOLD HILL SUB,0.07,24,T,TXFR,,,,,left_only
42626324,HENRIETTA SUB,0.014567212365103442,14,T,TXFR,,,,,left_only
44611881,KASSON SUB,0.014554854326212494,14,T,TXFR,,,,,left_only
40989714,MENDOCINO SUB,0.1,34,T,TXFR,,,,,left_only
42695718,MENDOTA SUB,0.05,24,T,TXFR,,,,,left_only
40989681,NEW KEARNEY SUB,0.07,24,T,TXFR,,,,,left_only
42710844,PLACER SUB,0.03,14,T,TXFR,,,,,left_only
40989524,SOBRANTE SUB,0.030800838784043452,14,T,TXFR,,,,,left_only
40989800,VALLEY SPRINGS SUB,0.05,24,T,TXFR,,,,,left_only
42735593,ARCO SUB,0.01422157958592968,14,T,TXFR,,,,,left_only
42735586,ARCO SUB,0.014547703735569822,14,T,TXFR,,,,,left_only
43144171,ARCO SUB,0.014477819006338953,14,T,TXFR,,,,,left_only
42735592,ARCO SUB,0.05,24,T,TXFR,,,,,left_only
43144172,ARCO SUB,0.014540517049038961,14,T,TXFR,,,,,left_only
42735589,ARCO SUB,0.05,24,T,TXFR,,,,,left_only
43144170,ARCO SUB,0.014540517049038961,14,T,TXFR,,,,,left_only
41014631,ATLANTIC SUB,0.04,23,T,TXFR,,,,,left_only
41014619,ATLANTIC SUB,0.7,53,T,TXFR,,,,,left_only
41012527,ATLANTIC SUB,0.04,23,T,TXFR,,,,,left_only
42704633,ATLANTIC SUB,0.014601431163084044,14,T,TXFR,,,,,left_only
42704631,ATLANTIC SUB,0.04,24,T,TXFR,,,,,left_only
41015282,BAIR SUB,0.1,33,T,TXFR,,,,,left_only
41014946,BAIR SUB,0.1,33,T,TXFR,,,,,left_only
41014947,BAIR SUB,0.1,33,T,TXFR,,,,,left_only
42707082,BELLOTA SUB,0.03,14,T,TXFR,,,,,left_only
42630400,BELLOTA SUB,0.03,14,T,TXFR,,,,,left_only
41234815,BORDEN SUB,0.3,44,T,TXFR,,,,,left_only
41210005,BORDEN SUB,0.014840008115930817,14,T,TXFR,,,,,left_only
42753803,BRIDGEVILLE SUB,0.014252382996003333,13,T,TXFR,,,,,left_only
42753756,BRIDGEVILLE SUB,0.03,13,T,TXFR,,,,,left_only
42753802,BRIDGEVILLE SUB,0.03,13,T,TXFR,,,,,left_only
42753804,BRIDGEVILLE SUB,0.4,43,T,TXFR,,,,,left_only
42641306,BRIGHTON SUB,0.01468286188245138,14,T,TXFR,,,,,left_only
41209640,BRIGHTON SUB,0.3,44,T,TXFR,,,,,left_only
45488239,BUCKS CREEK PH,0.01415272435330621,13,T,TXFR,,,,,left_only
44145401,BUTTE SUB,0.03,13,T,TXFR,,,,,left_only
41305331,BUTTE SUB,0.03,13,T,TXFR,,,,,left_only
41305330,BUTTE SUB,0.03,13,T,TXFR,,,,,left_only
41304932,BUTTE SUB,0.04,23,T,TXFR,,,,,left_only
41012681,CARIBOU PH #2,0.05493219712749018,23,T,TXFR,TXFR,2025-01-24,0,JIT,both
41012053,CARIBOU PH #2,0.4018104645127237,43,T,TXFR,TXFR,2025-01-24,0,JIT,both
41012054,CARIBOU PH #2,0.051017829676756346,23,T,TXFR,TXFR,2025-01-24,0,JIT,both
45278026,CASCADE SUB,0.02,14,T,TXFR,,,,,left_only
42693062,CHRISTIE SUB,0.014123071852014453,13,T,TXFR,,,,,left_only
42693051,CHRISTIE SUB,0.014397339162629747,13,T,TXFR,,,,,left_only
42693059,CHRISTIE SUB,0.014397339162629747,13,T,TXFR,,,,,left_only
42693054,CHRISTIE SUB,0.014451763060387568,13,T,TXFR,,,,,left_only
44414360,CHRISTIE SUB,0.014307461816832793,14,T,TXFR,,,,,left_only
41012778,COBURN SUB,0.03,13,T,TXFR,,,,,left_only
41012780,COBURN SUB,0.03,13,T,TXFR,,,,,left_only
41014672,COBURN SUB,0.03,13,T,TXFR,,,,,left_only
41012775,COBURN SUB,0.06,23,T,TXFR,,,,,left_only
41012777,COBURN SUB,0.06,23,T,TXFR,,,,,left_only
41012776,COBURN SUB,0.06,23,T,TXFR,,,,,left_only
41358360,COLGATE PH,0.03,13,T,TXFR,,,,,left_only
41358358,COLGATE PH,0.014636457395722455,13,T,TXFR,,,,,left_only
41358359,COLGATE PH,0.014724234280309908,13,T,TXFR,,,,,left_only
41335023,COLGATE PH,0.014533334718022851,13,T,TXFR,,,,,left_only
42717692,CONTRA COSTA SUB,0.014095550268409217,13,T,TXFR,,,,,left_only
42717682,CONTRA COSTA SUB,0.014307542970920876,13,T,TXFR,,,,,left_only
42717638,CONTRA COSTA SUB,0.014184061378734507,13,T,TXFR,,,,,left_only
42717686,CONTRA COSTA SUB,0.01427062355434374,13,T,TXFR,,,,,left_only
41015172,CONTRA COSTA SUB,0.11,33,T,TXFR,,,,,left_only
41015169,CONTRA COSTA SUB,0.1,33,T,TXFR,,,,,left_only
41015171,CONTRA COSTA SUB,0.1,33,T,TXFR,,,,,left_only
41368659,CONTRA COSTA SUB,0.014840802662081924,13,T,TXFR,,,,,left_only
41368660,CONTRA COSTA SUB,0.03,13,T,TXFR,,,,,left_only
41368661,CONTRA COSTA SUB,0.03,13,T,TXFR,,,,,left_only
41368658,CONTRA COSTA SUB,0.03,13,T,TXFR,,,,,left_only
42748559,COOLEY LANDING SUB,0.014312742775801007,14,T,TXFR,,,,,left_only
44726981,COOLEY LANDING SUB,0.014092949905903441,14,T,TXFR,,,,,left_only
42833270,CORCORAN SUB,0.014171698377634226,13,T,TXFR,,,,,left_only
42833268,CORCORAN SUB,0.014420429629537126,13,T,TXFR,,,,,left_only
42833267,CORCORAN SUB,0.014420429629537126,13,T,TXFR,,,,,left_only
42833269,CORCORAN SUB,0.014540517049038961,13,T,TXFR,,,,,left_only
43195560,CORTINA SUB,0.05,24,T,TXFR,,,,,left_only
41012836,CORTINA SUB,0.06366176717798933,23,T,TXFR,,,,,left_only
41015250,CORTINA SUB,0.06,23,T,TXFR,,,,,left_only
41015249,CORTINA SUB,0.06,23,T,TXFR,,,,,left_only
41339637,CORTINA SUB,0.4,44,T,TXFR,,,,,left_only
41202294,COTTONWOOD SUB,0.02792583128720817,14,T,TXFR,,,,,left_only
42674100,COTTONWOOD SUB,0.03,14,T,TXFR,,,,,left_only
41191641,COTTONWOOD SUB,0.4,44,T,TXFR,,,,,left_only
41191643,COTTONWOOD SUB,0.014860893913916158,14,T,TXFR,,,,,left_only
41191642,COTTONWOOD SUB,0.014759854937749905,14,T,TXFR,,,,,left_only
41191644,COTTONWOOD SUB,0.03,14,T,TXFR,,,,,left_only
45565002,COTTONWOOD SUB,0.014970107209125838,14,T,TXFR,,,,,left_only
41335703,DEL MONTE SUB,0.03,14,T,TXFR,,,,,left_only
42566567,DEL MONTE SUB,0.04,24,T,TXFR,,,,,left_only
41015303,DIVIDE SUB,0.06,23,T,TXFR,,,,,left_only
41015309,DIVIDE SUB,0.06,23,T,TXFR,,,,,left_only
41015307,DIVIDE SUB,0.06,23,T,TXFR,,,,,left_only
41012901,DIVIDE SUB,0.08,23,T,TXFR,,,,,left_only
41015308,DIVIDE SUB,0.08,23,T,TXFR,,,,,left_only
41015301,DIVIDE SUB,0.08,23,T,TXFR,,,,,left_only
41013698,DRUM 1 & 2 PH,0.12000000000000001,33,T,TXFR,,,,,left_only
41013699,DRUM 1 & 2 PH,0.04,23,T,TXFR,,,,,left_only
41012113,EAGLE ROCK SUB,0.2,43,T,TXFR,,,,,left_only
41012114,EAGLE ROCK SUB,0.2,43,T,TXFR,,,,,left_only
41012115,EAGLE ROCK SUB,0.2,43,T,TXFR,,,,,left_only
41014462,EAGLE ROCK SUB,0.2,43,T,TXFR,,,,,left_only
43601770,EAST NICOLAUS SUB,0.014199499668918057,14,T,TXFR,,,,,left_only
43180520,EAST NICOLAUS SUB,0.01433918280990085,14,T,TXFR,,,,,left_only
42703629,EASTSHORE SUB,0.03,14,T,TXFR,,,,,left_only
42563831,EASTSHORE SUB,0.04,24,T,TXFR,,,,,left_only
41012958,EVERGREEN SUB,0.1,33,T,TXFR,,,,,left_only
41012956,EVERGREEN SUB,0.1,33,T,TXFR,,,,,left_only
41012959,EVERGREEN SUB,0.1,33,T,TXFR,,,,,left_only
41012957,EVERGREEN SUB,0.1,33,T,TXFR,,,,,left_only
44424731,EXCHEQUER PH,0.014408202613516816,14,T,TXFR,,,,,left_only
41013253,FULTON SUB,0.02,14,T,TXFR,,,,,left_only
41013254,FULTON SUB,0.02,14,T,TXFR,,,,,left_only
41013004,FULTON SUB,0.04,24,T,TXFR,,,,,left_only
41014463,FULTON SUB,0.04,24,T,TXFR,,,,,left_only
41013003,FULTON SUB,0.04,24,T,TXFR,,,,,left_only
41013005,FULTON SUB,0.04,24,T,TXFR,,,,,left_only
41012443,FULTON SUB,0.02,14,T,TXFR,,,,,left_only
42691204,GATES SUB,0.014582801301944354,14,T,TXFR,,,,,left_only
42691208,GATES SUB,0.014582801301944354,14,T,TXFR,,,,,left_only
42691207,GATES SUB,0.014749431832214556,14,T,TXFR,,,,,left_only
42691209,GATES SUB,0.02,14,T,TXFR,,,,,left_only
45310346,GATES SUB,0.05,24,T,TXFR,,,,,left_only
44896942,GATES SUB,0.014866994762507961,14,T,TXFR,,,,,left_only
44896943,GATES SUB,0.014866994762507961,14,T,TXFR,,,,,left_only
44896944,GATES SUB,0.014866994762507961,14,T,TXFR,,,,,left_only
45310347,GATES SUB,0.05,24,T,TXFR,,,,,left_only
45310350,GATES SUB,0.05,24,T,TXFR,,,,,left_only
41158732,GATES SUB,0.025,14,T,TXFR,,,,,left_only
45021875,GLENN SUB,0.014120633457882233,14,T,TXFR,,,,,left_only
41013488,GLENN SUB,0.02,14,T,TXFR,,,,,left_only
42707423,GOLD HILL SUB,0.014364557873760272,14,T,TXFR,,,,,left_only
41013053,GOLD HILL SUB,0.11,34,T,TXFR,,,,,left_only
41012162,GOLD HILL SUB,0.1,34,T,TXFR,,,,,left_only
41164927,GOLD HILL SUB,0.06419360548924548,24,T,TXFR,,,,,left_only
41012624,GOLD HILL SUB,0.07320683679563886,24,T,TXFR,,,,,left_only
41013075,GREEN VALLEY SUB,0.1,33,T,TXFR,,,,,left_only
41013076,GREEN VALLEY SUB,0.1,33,T,TXFR,,,,,left_only
41014472,GREEN VALLEY SUB,0.1,33,T,TXFR,,,,,left_only
41158252,HAAS PH,0.2,44,T,TXFR,,,,,left_only
45591712,HELM SUB,0.014111975308855681,14,T,TXFR,,,,,left_only
43688195,HENRIETTA SUB,0.014829897800829876,14,T,TXFR,,,,,left_only
42615239,HENRIETTA SUB,0.03,14,T,TXFR,,,,,left_only
42626322,HENRIETTA SUB,0.05,23,T,TXFR,,,,,left_only
42626323,HENRIETTA SUB,0.03,13,T,TXFR,,,,,left_only
42626321,HENRIETTA SUB,0.014533334718022851,13,T,TXFR,,,,,left_only
42626320,HENRIETTA SUB,0.05,23,T,TXFR,,,,,left_only
41218569,HERDLYN SUB,0.014417585273448668,13,T,TXFR,,,,,left_only
41367945,HERDLYN SUB,0.014277646791425295,13,T,TXFR,,,,,left_only
41014907,HERDLYN SUB,0.07,23,T,TXFR,,,,,left_only
41014908,HERDLYN SUB,0.07,23,T,TXFR,,,,,left_only
43146314,HERNDON SUB,0.014359493340877758,14,T,TXFR,,,,,left_only
41012784,HERNDON SUB,0.02,14,T,TXFR,,,,,left_only
41363439,HERNDON SUB,0.04,24,T,TXFR,,,,,left_only
41013152,HOPLAND SUB,0.428155982989718,43,T,TXFR,TXFR,2025-01-24,0,JIT,both
42836055,HUMBOLDT SUB,0.014144910373625143,14,T,TXFR,,,,,left_only
42748982,HUMBOLDT SUB,0.014144910373625143,14,T,TXFR,,,,,left_only
41367946,IGNACIO SUB,0.014348009222415206,14,T,TXFR,,,,,left_only
43198412,IGNACIO SUB,0.014316264719353869,14,T,TXFR,,,,,left_only
41012304,IGNACIO SUB,0.0511700983699987,24,T,TXFR,,,,,left_only
41014482,IGNACIO SUB,0.05,24,T,TXFR,,,,,left_only
41012309,IGNACIO SUB,0.05,24,T,TXFR,,,,,left_only
41012303,IGNACIO SUB,0.05,24,T,TXFR,,,,,left_only
41160285,IGNACIO SUB,0.04,24,T,TXFR,,,,,left_only
41345207,JEFFERSON SUB,0.014911706068427814,14,T,TXFR,,,,,left_only
42630904,JEFFERSON SUB,0.02,14,T,TXFR,,,,,left_only
44761997,KASSON SUB,0.014097797983153542,13,T,TXFR,,,,,left_only
44761995,KASSON SUB,0.014210398637028583,13,T,TXFR,,,,,left_only
44761979,KASSON SUB,0.014210398637028583,13,T,TXFR,,,,,left_only
44761989,KASSON SUB,0.014210398637028583,13,T,TXFR,,,,,left_only
42645052,KERN PP,0.01446424146365959,14,T,TXFR,,,,,left_only
42627132,KERN PP,0.03,14,T,TXFR,,,,,left_only
42742998,KERN PP,0.4,44,T,TXFR,,,,,left_only
41359886,KERN PP,0.04,24,T,TXFR,,,,,left_only
41210098,KERN PP,0.04,24,T,TXFR,,,,,left_only
41158196,KINGSBURG SUB,0.014190857965097087,13,T,TXFR,,,,,left_only
41158197,KINGSBURG SUB,0.014283444159525859,13,T,TXFR,,,,,left_only
41158194,KINGSBURG SUB,0.015025633302123222,13,T,TXFR,,,,,left_only
41158195,KINGSBURG SUB,0.03,13,T,TXFR,,,,,left_only
43139167,LAKEVILLE SUB,0.014333449147799817,14,T,TXFR,,,,,left_only
41209234,LAKEVILLE SUB,0.044427628460068494,24,T,TXFR,,,,,left_only
41013083,LAKEVILLE SUB,0.02,14,T,TXFR,,,,,left_only
41177215,LAKEVILLE SUB,0.03,14,T,TXFR,,,,,left_only
41013261,LAS POSITAS SUB,0.03,13,T,TXFR,,,,,left_only
41014819,LAS POSITAS SUB,0.025,13,T,TXFR,,,,,left_only
41014820,LAS POSITAS SUB,0.025,13,T,TXFR,,,,,left_only
41013304,LOCKEFORD SUB,0.1,33,T,TXFR,,,,,left_only
41013305,LOCKEFORD SUB,0.1,33,T,TXFR,,,,,left_only
41013297,LOCKEFORD SUB,0.15000000000000002,33,T,TXFR,,,,,left_only
41014713,LOCKEFORD SUB,0.1,33,T,TXFR,,,,,left_only
42677602,LOCKEFORD SUB,0.014880532210343718,14,T,TXFR,,,,,left_only
41186539,LOCKEFORD SUB,0.04141472079293366,24,T,TXFR,,,,,left_only
42691424,LOS BANOS SUB,0.03,14,T,TXFR,,,,,left_only
41239449,LOS BANOS SUB,0.05,24,T,TXFR,,,,,left_only
41239450,LOS BANOS SUB,0.014589111855847528,14,T,TXFR,,,,,left_only
41183543,LOS BANOS SUB,0.017718398927850456,14,T,TXFR,,,,,left_only
42624468,LOS BANOS SUB,0.020045609753188358,14,T,TXFR,,,,,left_only
42624466,LOS BANOS SUB,0.03,14,T,TXFR,,,,,left_only
42624467,LOS BANOS SUB,0.03,14,T,TXFR,,,,,left_only
42624470,LOS BANOS SUB,0.04,24,T,TXFR,,,,,left_only
41165881,LOS ESTEROS SUB,0.02,14,T,TXFR,,,,,left_only
41165882,LOS ESTEROS SUB,0.014547445554322096,14,T,TXFR,,,,,left_only
44336461,MANTECA SUB,0.014116303582896193,14,T,TXFR,,,,,left_only
44336499,MANTECA SUB,0.014255657198230605,14,T,TXFR,,,,,left_only
41013386,MCCALL SUB,0.060000000000000005,24,T,TXFR,,,,,left_only
41013387,MCCALL SUB,0.05,24,T,TXFR,,,,,left_only
41014718,MCCALL SUB,0.07033692349879425,24,T,TXFR,,,,,left_only
42613060,MCCALL SUB,0.03,14,T,TXFR,,,,,left_only
41013437,MCCALL SUB,0.02,14,T,TXFR,,,,,left_only
41013416,MENDOCINO SUB,0.11,33,T,TXFR,,,,,left_only
41013415,MENDOCINO SUB,0.11,33,T,TXFR,,,,,left_only
41013413,MENDOCINO SUB,0.1,33,T,TXFR,,,,,left_only
41013412,MENDOCINO SUB,0.1,33,T,TXFR,,,,,left_only
41221119,MENDOCINO SUB,0.014,14,T,TXFR,,,,,left_only
44604228,MENDOTA SUB,0.4,43,T,TXFR,,,,,left_only
42695721,MENDOTA SUB,0.06,23,T,TXFR,,,,,left_only
42695722,MENDOTA SUB,0.07,23,T,TXFR,,,,,left_only
42695720,MENDOTA SUB,0.08,23,T,TXFR,,,,,left_only
41011991,MERCED SUB,0.4,43,T,TXFR,,,,,left_only
41011988,MERCED SUB,0.025,13,T,TXFR,,,,,left_only
41011990,MERCED SUB,0.025,13,T,TXFR,,,,,left_only
41011989,MERCED SUB,0.025,13,T,TXFR,,,,,left_only
41352963,MESA SUB,0.03,14,T,TXFR,,,,,left_only
41369336,MESA SUB,0.04,24,T,TXFR,,,,,left_only
41179422,METCALF SUB,0.02,14,T,TXFR,,,,,left_only
41179423,METCALF SUB,0.0204757738228581,14,T,TXFR,,,,,left_only
41179424,METCALF SUB,0.05,24,T,TXFR,,,,,left_only
42743966,METCALF SUB,0.05,24,T,TXFR,,,,,left_only
42698791,METCALF SUB,0.016280777605881674,14,T,TXFR,,,,,left_only
42743965,METCALF SUB,0.02,14,T,TXFR,,,,,left_only
42743964,METCALF SUB,0.015585533346271822,14,T,TXFR,,,,,left_only
42743963,METCALF SUB,0.01579846700003747,14,T,TXFR,,,,,left_only
41013444,METCALF SUB,0.04,24,T,TXFR,,,,,left_only
41013443,METCALF SUB,0.04,24,T,TXFR,,,,,left_only
43699065,METCALF SUB,0.014729248201369885,14,T,TXFR,,,,,left_only
43689813,METCALF SUB,0.01738572075024191,14,T,TXFR,,,,,left_only
43689812,METCALF SUB,0.014511972785180488,14,T,TXFR,,,,,left_only
43222873,METCALF SUB,0.03,14,T,TXFR,,,,,left_only
41177631,METCALF SUB,0.03,14,T,TXFR,,,,,left_only
43689810,METCALF SUB,0.014041184582316272,14,T,TXFR,,,,,left_only
43689809,METCALF SUB,0.04,24,T,TXFR,,,,,left_only
41177629,METCALF SUB,0.03,14,T,TXFR,,,,,left_only
41177628,METCALF SUB,0.03,14,T,TXFR,,,,,left_only
41177630,METCALF SUB,0.03,14,T,TXFR,,,,,left_only
41013442,METCALF SUB,0.5,44,T,TXFR,,,,,left_only
42724274,MIDWAY SUB,0.014777182834454825,14,T,TXFR,,,,,left_only
42630915,MIDWAY SUB,0.014777182834454825,14,T,TXFR,,,,,left_only
41335133,MIDWAY SUB,0.01503368503309575,14,T,TXFR,,,,,left_only
41158721,MIDWAY SUB,0.03,14,T,TXFR,,,,,left_only
43600226,MIDWAY SUB,0.015793109495547762,14,T,TXFR,,,,,left_only
41170888,MIDWAY SUB,0.025,14,T,TXFR,,,,,left_only
44219531,MIDWAY SUB,0.03,14,T,TXFR,,,,,left_only
41158723,MIDWAY SUB,0.03,14,T,TXFR,,,,,left_only
41212520,MIDWAY SUB,0.025,14,T,TXFR,,,,,left_only
41166988,MIDWAY SUB,0.025,14,T,TXFR,,,,,left_only
41166989,MIDWAY SUB,0.025,14,T,TXFR,,,,,left_only
41012729,MIDWAY SUB,0.5,44,T,TXFR,,,,,left_only
41012732,MIDWAY SUB,0.5,44,T,TXFR,,,,,left_only
41012716,MIDWAY SUB,0.5,44,T,TXFR,,,,,left_only
41188556,MILLBRAE SUB,0.014031589364603723,13,T,TXFR,,,,,left_only
41188557,MILLBRAE SUB,0.014190857965097087,13,T,TXFR,,,,,left_only
41188555,MILLBRAE SUB,0.01408310936533783,13,T,TXFR,,,,,left_only
41188558,MILLBRAE SUB,0.014043457985671257,13,T,TXFR,,,,,left_only
44690580,MONTA VISTA SUB,0.03,14,T,TXFR,,,,,left_only
42625019,MONTA VISTA SUB,0.03,14,T,TXFR,,,,,left_only
41334061,MONTA VISTA SUB,0.04,24,T,TXFR,,,,,left_only
41012416,MONTA VISTA SUB,0.8,54,T,TXFR,,,,,left_only
42625354,MONTA VISTA SUB,0.03,14,T,TXFR,,,,,left_only
41014123,MORAGA SUB,0.02,14,T,TXFR,,,,,left_only
41223566,MORAGA SUB,0.04,24,T,TXFR,,,,,left_only
41223564,MORAGA SUB,0.05,24,T,TXFR,,,,,left_only
41223565,MORAGA SUB,0.02,14,T,TXFR,,,,,left_only
44170393,MORAGA SUB,0.04,24,T,TXFR,,,,,left_only
42756450,MORAGA SUB,0.04,24,T,TXFR,,,,,left_only
41012998,MORRO BAY SW STA,0.08012673986051236,24,T,TXFR,,,,,left_only
41012265,MORRO BAY SW STA,0.03,14,T,TXFR,,,,,left_only
41013524,MORRO BAY SW STA,0.0666731978535011,24,T,TXFR,,,,,left_only
41012266,MORRO BAY SW STA,0.1686666666666667,34,T,TXFR,,,,,left_only
43207714,MOSS LANDING PP,0.014333449147799817,14,T,TXFR,,,,,left_only
43197688,MOSS LANDING PP,0.014276264120742378,14,T,TXFR,,,,,left_only
41013632,MOSS LANDING PP,0.03,14,T,TXFR,,,,,left_only
41013162,MOSS LANDING PP,0.02,14,T,TXFR,,,,,left_only
41014137,MOSS LANDING PP,0.05,24,T,TXFR,,,,,left_only
41013557,MOSS LANDING PP,0.5,44,T,TXFR,,,,,left_only
41013558,MOSS LANDING PP,0.5,44,T,TXFR,,,,,left_only
41013560,MOSS LANDING PP,0.5,44,T,TXFR,,,,,left_only
41012340,NEW KEARNEY SUB,0.11,34,T,TXFR,,,,,left_only
41013202,NEW KEARNEY SUB,0.08,24,T,TXFR,,,,,left_only
41364059,NEW KEARNEY SUB,0.014380671256571931,14,T,TXFR,,,,,left_only
43221326,NEW KEARNEY SUB,0.01429339072884228,14,T,TXFR,,,,,left_only
41015056,NEWARK SUB,0.1,33,T,TXFR,,,,,left_only
41015057,NEWARK SUB,0.1,33,T,TXFR,,,,,left_only
41015068,NEWARK SUB,0.1,33,T,TXFR,,,,,left_only
41015061,NEWARK SUB,0.06,24,T,TXFR,,,,,left_only
41015075,NEWARK SUB,0.08621064577179015,24,T,TXFR,,,,,left_only
41015074,NEWARK SUB,0.06707525225376132,24,T,TXFR,,,,,left_only
41015073,NEWARK SUB,0.07414170686589913,24,T,TXFR,,,,,left_only
41015076,NEWARK SUB,0.03,14,T,TXFR,,,,,left_only
41015064,NEWARK SUB,0.708974579862335,54,T,TXFR,,,,,left_only
41015062,NEWARK SUB,0.07,24,T,TXFR,,,,,left_only
41305398,NEWARK SUB,0.01586817211080179,14,T,TXFR,,,,,left_only
44847864,ORO LOMA SUB,0.03,14,T,TXFR,,,,,left_only
44712576,ORO LOMA SUB,0.01433477205551461,14,T,TXFR,,,,,left_only
44635544,PALERMO SUB,0.05,24,T,TXFR,,,,,left_only
45415210,PALERMO SUB,0.02,14,T,TXFR,,,,,left_only
42576318,PALERMO SUB,0.04,24,T,TXFR,,,,,left_only
42741529,PANOCHE SUB,0.014644114417578461,14,T,TXFR,,,,,left_only
41237180,PANOCHE SUB,0.03,14,T,TXFR,,,,,left_only
45002028,PEASE SUB,0.05,24,T,TXFR,,,,,left_only
45143236,PEASE SUB,0.05,24,T,TXFR,,,,,left_only
44857983,PIT #1 PH,0.05,24,T,TXFR,,,,,left_only
41159780,PITTSBURG PP,0.058114190805516476,24,T,TXFR,,,,,left_only
41181044,PITTSBURG PP,0.04,24,T,TXFR,,,,,left_only
41013721,PLACER SUB,0.4,43,T,TXFR,,,,,left_only
41013731,PLACER SUB,0.07,23,T,TXFR,,,,,left_only
41013727,PLACER SUB,0.07,23,T,TXFR,,,,,left_only
41014004,RAVENSWOOD SUB,0.060000000000000005,24,T,TXFR,,,,,left_only
41014001,RAVENSWOOD SUB,0.06,24,T,TXFR,,,,,left_only
41014002,RAVENSWOOD SUB,0.06,24,T,TXFR,,,,,left_only
41013821,RAVENSWOOD SUB,0.07,24,T,TXFR,,,,,left_only
41186564,RAVENSWOOD SUB,0.04,24,T,TXFR,,,,,left_only
45238240,REEDLEY SUB,0.014144476416174405,14,T,TXFR,,,,,left_only
41212105,REEDLEY SUB,0.02,14,T,TXFR,,,,,left_only
45412049,RIO OSO SUB,0.014061022353879163,14,T,TXFR,,,,,left_only
45400398,RIO OSO SUB,0.03,14,T,TXFR,,,,,left_only
41203091,ROUND MTN SUB,0.0537294737196888,24,T,TXFR,,,,,left_only
41181467,ROUND MTN SUB,0.05,24,T,TXFR,,,,,left_only
41167163,ROUND MTN SUB,0.03,14,T,TXFR,,,,,left_only
41161700,ROUND MTN SUB,0.5,44,T,TXFR,,,,,left_only
43201887,SALADO SUB,0.014629418091675376,14,T,TXFR,,,,,left_only
43696429,SALADO SUB,0.014168585349274551,14,T,TXFR,,,,,left_only
42626340,SALINAS SUB,0.014295148703006688,14,T,TXFR,,,,,left_only
41201005,SALINAS SUB,0.03,14,T,TXFR,,,,,left_only
44235789,SAN FRAN A (POTRERO PP) SUB,0.03,14,T,TXFR,,,,,left_only
42700559,SAN FRAN H (MARTIN) SUB,0.014186645124153721,14,T,TXFR,,,,,left_only
41339677,SAN FRAN H (MARTIN) SUB,0.014339623975218322,14,T,TXFR,,,,,left_only
45027839,SAN FRAN H (MARTIN) SUB,0.014622189489733758,14,T,TXFR,,,,,left_only
42833070,SAN LUIS OBISPO SUB,0.01429339072884228,13,T,TXFR,,,,,left_only
44444283,SAN MATEO SUB,0.02,14,T,TXFR,,,,,left_only
41322593,SAN MATEO SUB,0.02,14,T,TXFR,,,,,left_only
42747950,SAN MATEO SUB,0.04,24,T,TXFR,,,,,left_only
41012588,SAN MATEO SUB,0.02,14,T,TXFR,,,,,left_only
41012551,SAN MATEO SUB,0.02,14,T,TXFR,,,,,left_only
42690456,SAN RAMON SUB,0.03,13,T,TXFR,,,,,left_only
42690482,SAN RAMON SUB,0.014057751103203578,13,T,TXFR,,,,,left_only
42690481,SAN RAMON SUB,0.014373585718211013,13,T,TXFR,,,,,left_only
42690455,SAN RAMON SUB,0.02,13,T,TXFR,,,,,left_only
41359347,SCHINDLER SUB,0.014165782758610747,13,T,TXFR,,,,,left_only
41359344,SCHINDLER SUB,0.014277646791425295,13,T,TXFR,,,,,left_only
41359345,SCHINDLER SUB,0.014277646791425295,13,T,TXFR,,,,,left_only
41359346,SCHINDLER SUB,0.01431635059813501,13,T,TXFR,,,,,left_only
41166469,SEMITROPIC SUB,0.014078447509256216,13,T,TXFR,,,,,left_only
41166466,SEMITROPIC SUB,0.014642977605362404,13,T,TXFR,,,,,left_only
41166467,SEMITROPIC SUB,0.4,43,T,TXFR,,,,,left_only
41166464,SEMITROPIC SUB,0.014174135103557917,13,T,TXFR,,,,,left_only
41014806,SOBRANTE SUB,0.07,24,T,TXFR,,,,,left_only
41014807,SOBRANTE SUB,0.07,24,T,TXFR,,,,,left_only
41014809,SOBRANTE SUB,0.07,24,T,TXFR,,,,,left_only
41014808,SOBRANTE SUB,0.07,24,T,TXFR,,,,,left_only
44368447,SOBRANTE SUB,0.014296906937610748,14,T,TXFR,,,,,left_only
41014084,SOLEDAD SUB,0.08,23,T,TXFR,,,,,left_only
41014771,SOLEDAD SUB,0.08,23,T,TXFR,,,,,left_only
41014569,SOLEDAD SUB,0.1,33,T,TXFR,,,,,left_only
41014083,SOLEDAD SUB,0.1,33,T,TXFR,,,,,left_only
41014082,SOLEDAD SUB,0.1,33,T,TXFR,,,,,left_only
41014085,SOLEDAD SUB,0.1,33,T,TXFR,,,,,left_only
42604974,STAGG SUB,0.014490572017469831,14,T,TXFR,,,,,left_only
42617511,STAGG SUB,0.014558672737077491,14,T,TXFR,,,,,left_only
41014951,TABLE MTN SUB,0.06,23,T,TXFR,,,,,left_only
41014949,TABLE MTN SUB,0.06,23,T,TXFR,,,,,left_only
41014160,TABLE MTN SUB,0.4182666541951817,43,T,TXFR,,,,,left_only
41014950,TABLE MTN SUB,0.06,23,T,TXFR,,,,,left_only
41324451,TABLE MTN SUB,0.04,24,T,TXFR,,,,,left_only
41012680,TABLE MTN SUB,0.08298675760899382,24,T,TXFR,,,,,left_only
45159272,TABLE MTN SUB,0.014045873831827786,14,T,TXFR,,,,,left_only
45159270,TABLE MTN SUB,0.014531740881008498,14,T,TXFR,,,,,left_only
45159269,TABLE MTN SUB,0.014468644564933018,14,T,TXFR,,,,,left_only
45159271,TABLE MTN SUB,0.02,14,T,TXFR,,,,,left_only
41014935,TAFT SUB,0.1,33,T,TXFR,TXFR,2025-03-06,0,JIT,both
41014166,TAFT SUB,0.1,33,T,TXFR,TXFR,2025-03-06,0,JIT,both
41014936,TAFT SUB,0.1,33,T,TXFR,TXFR,2025-03-06,0,JIT,both
41209686,TAFT SUB,0.02,14,T,TXFR,,,,,left_only
41013683,TEMPLETON SUB,0.02,14,T,TXFR,,,,,left_only
41176923,TESLA SUB,0.03,14,T,TXFR,,,,,left_only
41195079,TESLA SUB,0.014540876279897435,14,T,TXFR,,,,,left_only
41176924,TESLA SUB,0.014,14,T,TXFR,,,,,left_only
41181416,TESLA SUB,0.0355312407105447,24,T,TXFR,,,,,left_only
41181417,TESLA SUB,0.022159220419966874,14,T,TXFR,,,,,left_only
41176925,TESLA SUB,0.014,14,T,TXFR,,,,,left_only
41181418,TESLA SUB,0.025020299151736,14,T,TXFR,,,,,left_only
41234839,TESLA SUB,0.05,24,T,TXFR,,,,,left_only
41185273,TESLA SUB,0.025,14,T,TXFR,,,,,left_only
41234838,TESLA SUB,0.05,24,T,TXFR,,,,,left_only
41234841,TESLA SUB,0.05,24,T,TXFR,,,,,left_only
41110542,TESLA SUB,0.04,24,T,TXFR,,,,,left_only
41110543,TESLA SUB,0.04,24,T,TXFR,,,,,left_only
41011994,TESLA SUB,0.3,44,T,TXFR,,,,,left_only
41013354,TESLA SUB,0.3,44,T,TXFR,,,,,left_only
41011993,TESLA SUB,0.3,44,T,TXFR,,,,,left_only
41011992,TESLA SUB,0.3,44,T,TXFR,,,,,left_only
41157366,TESLA SUB,0.5,44,T,TXFR,,,,,left_only
41178839,TIGER CREEK PH,0.03,11,T,TXFR,,,,,left_only
41178838,TIGER CREEK PH,0.03,11,T,TXFR,,,,,left_only
41178836,TIGER CREEK PH,0.03,12,T,TXFR,,,,,left_only
41178837,TIGER CREEK PH,0.03,12,T,TXFR,,,,,left_only
42550092,TRINITY SUB,0.014362257772378484,13,T,TXFR,,,,,left_only
42550094,TRINITY SUB,0.014362257772378484,13,T,TXFR,,,,,left_only
42550095,TRINITY SUB,0.02,13,T,TXFR,,,,,left_only
42550093,TRINITY SUB,0.01431635059813501,13,T,TXFR,,,,,left_only
42609839,TULUCAY SUB,0.016758562804660353,14,T,TXFR,,,,,left_only
42609837,TULUCAY SUB,0.03,14,T,TXFR,,,,,left_only
41360630,VACA DIXON SUB,0.014674338866757636,14,T,TXFR,,,,,left_only
45203550,VACA DIXON SUB,0.014345802006111737,14,T,TXFR,,,,,left_only
43688205,VACA DIXON SUB,0.05,24,T,TXFR,,,,,left_only
41324933,VACA DIXON SUB,0.02,14,T,TXFR,,,,,left_only
41012435,VACA DIXON SUB,0.03,14,T,TXFR,,,,,left_only
42564067,VACA DIXON SUB,0.01827078920881823,14,T,TXFR,,,,,left_only
42564070,VACA DIXON SUB,0.018891365712290036,14,T,TXFR,,,,,left_only
42564069,VACA DIXON SUB,0.017732635268699608,14,T,TXFR,,,,,left_only
41324928,VACA DIXON SUB,0.025,14,T,TXFR,,,,,left_only
41324930,VACA DIXON SUB,0.03,14,T,TXFR,,,,,left_only
41324927,VACA DIXON SUB,0.025,14,T,TXFR,,,,,left_only
41324929,VACA DIXON SUB,0.025,14,T,TXFR,,,,,left_only
41014248,VALLEY SPRINGS SUB,0.05,23,T,TXFR,,,,,left_only
41014785,VALLEY SPRINGS SUB,0.054304690288309795,23,T,TXFR,,,,,left_only
41014246,VALLEY SPRINGS SUB,0.05,23,T,TXFR,,,,,left_only
41014590,VALLEY SPRINGS SUB,0.05,23,T,TXFR,,,,,left_only
42838431,VALLEY SPRINGS SUB,0.014644114417578461,14,T,TXFR,,,,,left_only
44171624,WEBER SUB,0.014958265813005902,14,T,TXFR,,,,,left_only
41013635,WEBER SUB,0.02,14,T,TXFR,,,,,left_only
41015026,WHEELER RIDGE SUB,0.11,33,T,TXFR,,,,,left_only
41015027,WHEELER RIDGE SUB,0.11,33,T,TXFR,,,,,left_only
41015025,WHEELER RIDGE SUB,0.12000000000000001,33,T,TXFR,,,,,left_only
41014313,WHEELER RIDGE SUB,0.1,33,T,TXFR,,,,,left_only
42758069,WHEELER RIDGE SUB,0.0154717053500225,14,T,TXFR,,,,,left_only
43598233,WHEELER RIDGE SUB,0.015125543480321933,14,T,TXFR,,,,,left_only
41014343,WILSON SUB,0.04,23,T,TXFR,,,,,left_only
41012122,WILSON SUB,0.04,23,T,TXFR,,,,,left_only
41012121,WILSON SUB,0.04,23,T,TXFR,,,,,left_only
41013950,WILSON SUB,0.04,23,T,TXFR,,,,,left_only
41183050,WILSON SUB,0.014679684948529873,14,T,TXFR,,,,,left_only
