Equipment,Substation Name,"Reliability Risk Matrix (PoF,CoF)",line,type,Equipment Type,Date,Age,Failure Type,_merge
42757556,PAUL SWEET SUB,23,D,BRKR,,,,,left_only
43163754,SWIFT SUB,23,D,BRKR,,,,,left_only
42757558,PAUL SWEET SUB,23,D,BRKR,,,,,left_only
44641543,EDENVALE SUB,13,D,BRKR,,,,,left_only
42604437,HICKS SUB,23,D,BRKR,,,,,left_only
42757560,PAUL SWEET SUB,23,D,BRKR,,,,,left_only
43134859,PAUL SWEET SUB,23,D,BRKR,,,,,left_only
42708698,HICKS SUB,23,D,BRKR,,,,,left_only
44609455,SWIFT SUB,23,D,BRKR,,,,,left_only
42748473,HALF MOON BAY SUB,23,D,BRKR,,,,,left_only
44166173,OAKLAND J SUB,43,D,BRKR,,,,,left_only
43209709,MCKEE SUB,23,D,BRKR,,,,,left_only
42604435,HICKS SUB,23,D,BRKR,,,,,left_only
44181045,BAY MEADOWS SUB,23,D,BRKR,,,,,left_only
44152687,LOS OSITOS SUB,23,D,BRKR,,,,,left_only
42707963,SAN JOSE A SUB,23,D,BRKR,,,,,left_only
45671451,GATES SUB,13,D,BRKR,,,,,left_only
45671449,GATES SUB,13,D,BRKR,,,,,left_only
44615597,SAN JOSE A SUB,23,D,BRKR,,,,,left_only
42685099,FIGARDEN SUB,23,D,BRKR,,,,,left_only
42627121,BULLARD SUB,23,D,BRKR,,,,,left_only
42705240,SONOMA A SUB,23,D,BRKR,,,,,left_only
42745921,SUISUN SUB,23,D,BRKR,,,,,left_only
42688662,COLUMBUS SUB,23,D,BRKR,,,,,left_only
43182384,DAIRYLAND SUB,23,D,BRKR,,,,,left_only
42707426,CHOWCHILLA SUB,33,D,BRKR,,,,,left_only
42745980,HALF MOON BAY SUB,23,D,BRKR,,,,,left_only
44192852,MANCHESTER SUB,23,D,BRKR,,,,,left_only
42707428,MADERA SUB,23,D,BRKR,,,,,left_only
44192853,MANCHESTER SUB,23,D,BRKR,,,,,left_only
42723291,WAHTOKE SUB,23,D,BRKR,,,,,left_only
42700274,SANTA ROSA A SUB,23,D,BRKR,,,,,left_only
44192854,MANCHESTER SUB,22,D,BRKR,,,,,left_only
44192855,MANCHESTER SUB,22,D,BRKR,,,,,left_only
44192856,MANCHESTER SUB,22,D,BRKR,,,,,left_only
44170288,EUREKA E SUB,22,D,BRKR,,,,,left_only
44182449,KINGSBURG SUB,22,D,BRKR,,,,,left_only
42708066,LINCOLN SUB,22,D,BRKR,,,,,left_only
43164197,CRESSEY SUB,22,D,BRKR,,,,,left_only
44438098,COLUMBUS SUB,22,D,BRKR,,,,,left_only
42684105,ORO FINO SUB,22,D,BRKR,,,,,left_only
40991534,PARADISE SUB,32,D,BRKR,,,,,left_only
42704043,LOCKHEED #2 SUB,22,D,BRKR,,,,,left_only
44226109,COTTLE SUB,22,D,BRKR,,,,,left_only
42620231,FRUITVALE SUB,22,D,BRKR,,,,,left_only
44170297,SHAFTER SUB,22,D,BRKR,,,,,left_only
44448375,TRACY SUB,22,D,BRKR,,,,,left_only
42712111,BUTTE SUB,22,D,BRKR,,,,,left_only
44152547,STILLWATER SUB,22,D,BRKR,,,,,left_only
44197854,MALAGA SUB,22,D,BRKR,,,,,left_only
43182383,DAIRYLAND SUB,22,D,BRKR,,,,,left_only
43203391,DAIRYLAND SUB,22,D,BRKR,,,,,left_only
44170093,LAWRENCE SUB,22,D,BRKR,,,,,left_only
43182382,DAIRYLAND SUB,22,D,BRKR,,,,,left_only
42673410,LINDEN SUB,22,D,BRKR,,,,,left_only
42744273,MERIDIAN SUB,22,D,BRKR,,,,,left_only
42744274,MERIDIAN SUB,22,D,BRKR,,,,,left_only
42834671,SAN BRUNO SUB,22,D,BRKR,,,,,left_only
44170299,PARLIER SUB,22,D,BRKR,,,,,left_only
42842018,SAN BRUNO SUB,22,D,BRKR,,,,,left_only
42837771,SAN BRUNO SUB,22,D,BRKR,,,,,left_only
42761002,CHICO A SUB,22,D,BRKR,,,,,left_only
42673601,TRACY SUB,22,D,BRKR,,,,,left_only
45469844,CONTRA COSTA SUB,13,D,BRKR,,,,,left_only
45592413,MONTAGUE SUB,13,D,BRKR,,,,,left_only
45458190,ROSSMOOR SUB,23,D,BRKR,,,,,left_only
45541733,PRUNEDALE SUB,23,D,BRKR,,,,,left_only
45268499,COLUSA SUB,22,D,BRKR,,,,,left_only
45268497,COLUSA SUB,22,D,BRKR,,,,,left_only
40991863,LAS POSITAS SUB,53,D,BRKR,,,,,left_only
40991862,LAS POSITAS SUB,43,D,BRKR,,,,,left_only
40990059,NEWARK SUB,43,D,BRKR,,,,,left_only
40990060,NEWARK SUB,43,D,BRKR,,,,,left_only
40990061,NEWARK SUB,43,D,BRKR,,,,,left_only
40991300,WEIMAR SUB,32,D,BRKR,,,,,left_only
41340176,FAIRWAY SUB,23,D,BRKR,,,,,left_only
41340169,FAIRWAY SUB,23,D,BRKR,,,,,left_only
41333381,BRITTON SUB,32,D,BRKR,,,,,left_only
43210209,EL PATIO SUB,22,D,BRKR,,,,,left_only
44076578,SALINAS SUB,23,D,BRKR,,,,,left_only
45247494,PLACERVILLE SUB,13,D,BRKR,,,,,left_only
44228643,COTTLE SUB,23,D,BRKR,,,,,left_only
44369037,CLAYTON SUB,23,D,BRKR,,,,,left_only
44702235,COTTLE SUB,13,D,BRKR,,,,,left_only
44188133,SANTA ROSA A SUB,23,D,BRKR,,,,,left_only
45666886,FIGARDEN SUB,13,D,BRKR,,,,,left_only
43703281,PEABODY SUB,23,D,BRKR,,,,,left_only
44310694,HENRIETTA SUB,23,D,BRKR,,,,,left_only
44614781,BUCKS CREEK PH,13,D,BRKR,,,,,left_only
45179781,MONTAGUE SUB,13,D,BRKR,,,,,left_only
45372177,LLAGAS SUB,13,D,BRKR,,,,,left_only
44152571,SANTA MARIA SUB,23,D,BRKR,,,,,left_only
45330180,MOUNTAIN VIEW SUB,23,D,BRKR,,,,,left_only
45400396,PLACER SUB,23,D,BRKR,,,,,left_only
44308862,VINEYARD SUB,23,D,BRKR,,,,,left_only
42704660,PEORIA SUB,23,D,BRKR,,,,,left_only
45170524,VALLEY SPRINGS SUB,23,D,BRKR,,,,,left_only
43225157,BARTON SUB,23,D,BRKR,,,,,left_only
45204829,SAN FRAN A (POTRERO PP) SUB,13,D,BRKR,,,,,left_only
45628493,MCCALL SUB,13,D,BRKR,,,,,left_only
44294388,MANCHESTER SUB,23,D,BRKR,,,,,left_only
42714910,EAST GRAND SUB,23,D,BRKR,,,,,left_only
43222589,BRUNSWICK SUB,23,D,BRKR,,,,,left_only
44160981,SANTA MARIA SUB,23,D,BRKR,,,,,left_only
43683774,ALPAUGH SUB,23,D,BRKR,,,,,left_only
45756062,ROSSMOOR SUB,13,D,BRKR,,,,,left_only
44156089,JOLON SUB,23,D,BRKR,,,,,left_only
45170528,VALLEY SPRINGS SUB,23,D,BRKR,,,,,left_only
45170526,VALLEY SPRINGS SUB,23,D,BRKR,,,,,left_only
45612077,ROSSMOOR SUB,13,D,BRKR,,,,,left_only
45707352,OAKLAND J SUB,13,D,BRKR,,,,,left_only
44294384,MANCHESTER SUB,23,D,BRKR,,,,,left_only
44197873,CORDELIA SUB,23,D,BRKR,,,,,left_only
42706745,TULARE LAKE SUB,23,D,BRKR,,,,,left_only
45297040,MILPITAS SUB,22,D,BRKR,,,,,left_only
45618745,CAPAY SUB,12,D,BRKR,,,,,left_only
45464214,SYCAMORE CREEK SUB,22,D,BRKR,,,,,left_only
45021246,PARADISE SUB,12,D,BRKR,,,,,left_only
45397625,PLACER SUB,22,D,BRKR,,,,,left_only
43226525,CORCORAN SUB,22,D,BRKR,,,,,left_only
43226524,CORCORAN SUB,22,D,BRKR,,,,,left_only
45397623,PLACER SUB,22,D,BRKR,,,,,left_only
43226544,CORCORAN SUB,22,D,BRKR,,,,,left_only
42709198,SCHINDLER SUB,22,D,BRKR,,,,,left_only
43705223,LAWRENCE SUB,22,D,BRKR,,,,,left_only
42709194,SCHINDLER SUB,22,D,BRKR,,,,,left_only
43591391,REDWOOD CITY SUB,22,D,BRKR,,,,,left_only
42709196,SCHINDLER SUB,22,D,BRKR,,,,,left_only
44294389,MANCHESTER SUB,22,D,BRKR,,,,,left_only
45427193,FMC SUB,12,D,BRKR,,,,,left_only
44223715,DOLAN RD SUB,22,D,BRKR,,,,,left_only
44170296,CORDELIA SUB,22,D,BRKR,,,,,left_only
45324531,BRITTON SUB,22,D,BRKR,,,,,left_only
45477023,LAURELES SUB,12,D,BRKR,,,,,left_only
44156088,JOLON SUB,22,D,BRKR,,,,,left_only
42706748,TULARE LAKE SUB,22,D,BRKR,,,,,left_only
45220145,ALPAUGH SUB,22,D,BRKR,,,,,left_only
44680010,INDIAN FLAT SUB,22,D,BRKR,,,,,left_only
45610620,RALSTON SUB,12,D,BRKR,,,,,left_only
43183755,GATES SUB,22,D,BRKR,,,,,left_only
44197871,CORDELIA SUB,22,D,BRKR,,,,,left_only
44676304,JANES CREEK SUB,22,D,BRKR,,,,,left_only
45235447,ELK SUB,12,D,BRKR,,,,,left_only
42691680,MOUNTAIN VIEW SUB,22,D,BRKR,,,,,left_only
45141854,MADISON SUB,22,D,BRKR,,,,,left_only
44170294,EAST MARYSVILLE SUB,22,D,BRKR,,,,,left_only
44162711,WEEDPATCH SUB,22,D,BRKR,,,,,left_only
45547891,FRUITLAND SUB,22,D,BRKR,,,,,left_only
43207716,WRIGHT SUB,22,D,BRKR,,,,,left_only
44162064,TAMARACK SUB,22,D,BRKR,,,,,left_only
43683795,ALPAUGH SUB,22,D,BRKR,,,,,left_only
45298579,EAST GRAND SUB,22,D,BRKR,,,,,left_only
43232107,HAMMONDS SUB,22,D,BRKR,,,,,left_only
45547889,FRUITLAND SUB,22,D,BRKR,,,,,left_only
43683786,ALPAUGH SUB,22,D,BRKR,,,,,left_only
44162066,TAMARACK SUB,22,D,BRKR,,,,,left_only
40991420,DIXON LANDING SUB,33,D,BRKR,,,,,left_only
40991419,DIXON LANDING SUB,33,D,BRKR,,,,,left_only
40991418,DIXON LANDING SUB,33,D,BRKR,,,,,left_only
40991104,OAKLAND C (OAKLAND PP) SUB,53,D,BRKR,,,,,left_only
40991105,OAKLAND C (OAKLAND PP) SUB,52,D,BRKR,,,,,left_only
41084490,BIG BASIN SUB,32,D,BRKR,,,,,left_only
41084499,BIG BASIN SUB,32,D,BRKR,,,,,left_only
41333996,COARSEGOLD SUB,33,D,BRKR,,,,,left_only
41361600,COARSEGOLD SUB,33,D,BRKR,,,,,left_only
40991299,HORSESHOE SUB,32,D,BRKR,,,,,left_only
40991645,CURTIS SUB,33,D,BRKR,,,,,left_only
40991634,CURTIS SUB,33,D,BRKR,,,,,left_only
40991644,CURTIS SUB,33,D,BRKR,,,,,left_only
45562755,GREEN VALLEY SUB,23,D,BRKR,,,,,left_only
45469808,VIEJO SUB,23,D,BRKR,,,,,left_only
45487356,SARATOGA SUB,23,D,BRKR,,,,,left_only
45619979,STOCKDALE SUB,23,D,BRKR,,,,,left_only
45064014,COTTONWOOD SUB,23,D,BRKR,,,,,left_only
45689359,KERN PP DIST SUB,23,D,BRKR,,,,,left_only
45155550,BRENTWOOD SUB,23,D,BRKR,,,,,left_only
45064043,SOLEDAD SUB,23,D,BRKR,,,,,left_only
45090443,SANTA TERESA SUB,23,D,BRKR,,,,,left_only
45636656,ALHAMBRA SUB,23,D,BRKR,,,,,left_only
45064012,COTTONWOOD SUB,23,D,BRKR,,,,,left_only
45183691,ROSSMOOR SUB,23,D,BRKR,,,,,left_only
45427208,SARATOGA SUB,23,D,BRKR,,,,,left_only
45168208,WHISMAN SUB,23,D,BRKR,,,,,left_only
45759041,ZAMORA SUB,23,D,BRKR,,,,,left_only
45759039,ZAMORA SUB,23,D,BRKR,,,,,left_only
45090440,SANTA TERESA SUB,23,D,BRKR,,,,,left_only
44974188,RESERVATION ROAD,23,D,BRKR,,,,,left_only
43702081,MADERA SUB,23,D,BRKR,,,,,left_only
45427116,MALAGA SUB,23,D,BRKR,,,,,left_only
45064048,SOLEDAD SUB,23,D,BRKR,,,,,left_only
45308311,TYLER SUB,23,D,BRKR,,,,,left_only
45592501,HOOPA SUB,23,D,BRKR,,,,,left_only
45673866,BIG LAGOON SUB,23,D,BRKR,,,,,left_only
45238843,STELLING SUB,23,D,BRKR,,,,,left_only
42742960,MORRO BAY DIST SUB,23,D,BRKR,,,,,left_only
41340859,CAMP EVERS SUB,33,D,BRKR,,,,,left_only
42626127,MORAGA SUB,23,D,BRKR,,,,,left_only
45267809,TIVY VALLEY SUB,23,D,BRKR,,,,,left_only
41201470,LINCOLN SUB,33,D,BRKR,,,,,left_only
41201464,LINCOLN SUB,33,D,BRKR,,,,,left_only
42739595,ORLAND B SUB,22,D,BRKR,,,,,left_only
41345378,UKIAH SUB,22,D,BRKR,,,,,left_only
41184734,LLAGAS SUB,32,D,BRKR,,,,,left_only
43155165,UPPER LAKE SUB,22,D,BRKR,,,,,left_only
42712105,PARADISE SUB,22,D,BRKR,,,,,left_only
45725572,PARADISE SUB,23,D,BRKR,,,,,left_only
45249498,MORGAN HILL SUB,23,D,BRKR,,,,,left_only
45090445,SANTA TERESA SUB,23,D,BRKR,,,,,left_only
44949682,HALF MOON BAY SUB,23,D,BRKR,,,,,left_only
45309648,JANES CREEK SUB,23,D,BRKR,,,,,left_only
41088866,STOREY SUB,33,D,BRKR,,,,,left_only
42764292,GUERNSEY SUB,23,D,BRKR,,,,,left_only
42764282,GUERNSEY SUB,23,D,BRKR,,,,,left_only
42764281,GUERNSEY SUB,23,D,BRKR,,,,,left_only
41201476,LINCOLN SUB,32,D,BRKR,,,,,left_only
40990815,FELLOWS SUB,42,D,BRKR,,,,,left_only
42764288,GUERNSEY SUB,22,D,BRKR,,,,,left_only
42764289,GUERNSEY SUB,22,D,BRKR,,,,,left_only
42764290,GUERNSEY SUB,22,D,BRKR,,,,,left_only
42764291,GUERNSEY SUB,22,D,BRKR,,,,,left_only
42764287,GUERNSEY SUB,22,D,BRKR,,,,,left_only
40993649,SPRING GAP PH,43,D,BRKR,,,,,left_only
43599280,LAKEWOOD SUB,23,D,BRKR,,,,,left_only
43184501,CALPELLA SUB,23,D,BRKR,,,,,left_only
43157492,MIRABEL SUB,23,D,BRKR,,,,,left_only
43171374,FORT BRAGG A SUB,23,D,BRKR,,,,,left_only
43163588,MIRABEL SUB,22,D,BRKR,,,,,left_only
44890248,EMERALD LAKE SUB,22,D,BRKR,,,,,left_only
42710841,MADISON SUB,22,D,BRKR,,,,,left_only
40994917,WATSONVILLE SUB,42,D,BRKR,,,,,left_only
40996201,INDUSTRIAL ACRES SUB,52,D,BRKR,,,,,left_only
40997206,SAN JOSE A SUB,52,D,BRKR,,,,,left_only
40997205,SAN JOSE A SUB,52,D,BRKR,,,,,left_only
40997210,SAN JOSE A SUB,52,D,BRKR,,,,,left_only
40997202,SAN JOSE A SUB,52,D,BRKR,,,,,left_only
40997209,SAN JOSE A SUB,52,D,BRKR,,,,,left_only
40996200,INDUSTRIAL ACRES SUB,52,D,BRKR,,,,,left_only
40996126,HOPLAND SUB,42,D,BRKR,,,,,left_only
40995863,EAST GRAND SUB,52,D,BRKR,,,,,left_only
40995861,EAST GRAND SUB,42,D,BRKR,,,,,left_only
40995862,EAST GRAND SUB,52,D,BRKR,,,,,left_only
40995507,BORONDA SUB,42,D,BRKR,,,,,left_only
40996369,LOYOLA SUB,52,D,BRKR,,,,,left_only
40996370,LOYOLA SUB,52,D,BRKR,,,,,left_only
40996368,LOYOLA SUB,52,D,BRKR,,,,,left_only
44196275,WEST SACRAMENTO SUB,23,D,BRKR,,,,,left_only
40991209,PLYMOUTH SUB,42,D,BRKR,,,,,left_only
40992610,JUDAH SUB,52,D,BRKR,,,,,left_only
40991687,WOOD SUB,52,D,BRKR,,,,,left_only
40991245,RANDOLPH SUB,52,D,BRKR,,,,,left_only
40990584,BANCROFT SUB,52,D,BRKR,,,,,left_only
40990777,EIGHTH AVE SUB,52,D,BRKR,,,,,left_only
40991244,RANDOLPH SUB,52,D,BRKR,,,,,left_only
40993229,OCEAN AVE SUB,52,D,BRKR,,,,,left_only
40993495,SIXTH AVE SUB,42,D,BRKR,,,,,left_only
40990453,ACTON SUB,42,D,BRKR,,,,,left_only
40992611,JUDAH SUB,52,D,BRKR,,,,,left_only
40992436,FELTON SUB,52,D,BRKR,,,,,left_only
40992012,BEN LOMOND SUB,52,D,BRKR,,,,,left_only
40991786,HOLLYWOOD SUB,52,D,BRKR,,,,,left_only
40989966,WESTLAKE SUB,52,D,BRKR,,,,,left_only
40993496,SIXTH AVE SUB,42,D,BRKR,,,,,left_only
40992956,MIRA VISTA SUB,52,D,BRKR,,,,,left_only
41117742,SAN JOAQUIN SUB,32,D,BRKR,,,,,left_only
40991895,ACTON SUB,52,D,BRKR,,,,,left_only
40993415,RUSSELL SUB,52,D,BRKR,,,,,left_only
40989892,TWENTY-FIRST AVE SUB,52,D,BRKR,,,,,left_only
40993228,OCEAN AVE SUB,52,D,BRKR,,,,,left_only
40993338,PORTOLA SUB,42,D,BRKR,,,,,left_only
40993406,RANDOLPH SUB,52,D,BRKR,,,,,left_only
40993176,OAK SUB,52,D,BRKR,,,,,left_only
40989942,WALL SUB,52,D,BRKR,,,,,left_only
40990201,WALDO SUB,52,D,BRKR,,,,,left_only
40992054,BROOKSIDE SUB,52,D,BRKR,,,,,left_only
40990585,BANCROFT SUB,52,D,BRKR,,,,,left_only
40989891,TWENTY-FIRST AVE SUB,52,D,BRKR,,,,,left_only
40993752,TARAVAL SUB,52,D,BRKR,,,,,left_only
40989967,WESTLAKE SUB,52,D,BRKR,,,,,left_only
43598849,TWISSELMAN SUB,23,D,BRKR,,,,,left_only
43598852,TWISSELMAN SUB,23,D,BRKR,,,,,left_only
40992388,ESTUDILLO SUB,52,D,BRKR,,,,,left_only
40993335,PARSONS SUB,42,D,BRKR,,,,,left_only
40990696,CHICO C SUB,52,D,BRKR,,,,,left_only
40996892,RACETRACK SUB,43,D,BRKR,,,,,left_only
40995040,COLONY SUB,52,D,BRKR,,,,,left_only
43198901,POSO MTN SUB,23,D,BRKR,,,,,left_only
43198903,POSO MTN SUB,23,D,BRKR,,,,,left_only
40991922,ARLINGTON SUB,52,D,BRKR,,,,,left_only
40993497,SIXTH AVE SUB,52,D,BRKR,,,,,left_only
40990690,CASTRO SUB,52,D,BRKR,,,,,left_only
40990595,BEACH ST,42,D,BRKR,,,,,left_only
40993753,TARAVAL SUB,42,D,BRKR,,,,,left_only
40990950,MAPLE SUB,52,D,BRKR,,,,,left_only
40993337,PORTOLA SUB,52,D,BRKR,,,,,left_only
40990691,CASTRO SUB,52,D,BRKR,,,,,left_only
40992958,MIRA VISTA SUB,52,D,BRKR,,,,,left_only
40990053,YOSEMITE SUB,52,D,BRKR,,,,,left_only
40992509,GILL SUB,52,D,BRKR,,,,,left_only
40992245,CASSERLY SUB,52,D,BRKR,,,,,left_only
40991923,ARANA SUB,52,D,BRKR,,,,,left_only
40991765,SULLIVAN SUB,52,D,BRKR,,,,,left_only
40991548,SARANAP SUB,42,D,BRKR,,,,,left_only
40990808,FLORENCE SUB,52,D,BRKR,,,,,left_only
40991948,BABEL SUB,52,D,BRKR,,,,,left_only
40990796,FIGARDEN SUB,43,D,BRKR,,,,,left_only
40991784,FIGARDEN SUB,43,D,BRKR,,,,,left_only
40991702,FIGARDEN SUB,43,D,BRKR,,,,,left_only
40990798,FIGARDEN SUB,43,D,BRKR,,,,,left_only
40990800,FIGARDEN SUB,43,D,BRKR,,,,,left_only
40990799,FIGARDEN SUB,53,D,BRKR,,,,,left_only
40990477,ASHLAN AVE SUB,43,D,BRKR,,,,,left_only
40990478,ASHLAN AVE SUB,43,D,BRKR,,,,,left_only
40990476,ASHLAN AVE SUB,43,D,BRKR,,,,,left_only
41024905,ASHLAN AVE SUB,43,D,BRKR,,,,,left_only
40991926,ASHLAN AVE SUB,53,D,BRKR,,,,,left_only
40991925,ASHLAN AVE SUB,53,D,BRKR,,,,,left_only
40991929,ASHLAN AVE SUB,53,D,BRKR,,,,,left_only
40991928,ASHLAN AVE SUB,53,D,BRKR,,,,,left_only
40991924,ASHLAN AVE SUB,43,D,BRKR,,,,,left_only
40991927,ASHLAN AVE SUB,43,D,BRKR,,,,,left_only
41024906,ASHLAN AVE SUB,43,D,BRKR,,,,,left_only
40990475,ASHLAN AVE SUB,43,D,BRKR,,,,,left_only
40995161,BARTON SUB,43,D,BRKR,,,,,left_only
40990245,BARTON SUB,43,D,BRKR,,,,,left_only
40992068,BARTON SUB,43,D,BRKR,,,,,left_only
40990246,BULLARD SUB,43,D,BRKR,,,,,left_only
40991118,GRANT SUB,43,D,BRKR,,,,,left_only
40990247,BULLARD SUB,43,D,BRKR,,,,,left_only
40995791,DAVIS SUB,43,D,BRKR,,,,,left_only
40995788,DAVIS SUB,43,D,BRKR,,,,,left_only
40995300,STELLING SUB,43,D,BRKR,,,,,left_only
40990217,VACA DIXON SUB,33,D,BRKR,,,,,left_only
40994890,WOLFE SUB,43,D,BRKR,,,,,left_only
40995647,CHARCA SUB,43,D,BRKR,,,,,left_only
40997355,SUISUN SUB,43,D,BRKR,,,,,left_only
40997270,STOCKTON A SUB,43,D,BRKR,,,,,left_only
40996553,MALAGA SUB,43,D,BRKR,,,,,left_only
40996387,LAWRENCE SUB,43,D,BRKR,,,,,left_only
40996555,MALAGA SUB,43,D,BRKR,,,,,left_only
40997364,SYCAMORE CREEK SUB,42,D,BRKR,,,,,left_only
40996449,MCMULLIN SUB,42,D,BRKR,,,,,left_only
40996773,OREGON TRAIL SUB,42,D,BRKR,,,,,left_only
40994842,WEST SACRAMENTO SUB,42,D,BRKR,,,,,left_only
40996225,KERMAN SUB,42,D,BRKR,,,,,left_only
40992572,HOLLISTER SUB,43,D,BRKR,,,,,left_only
40992868,MANTECA SUB,43,D,BRKR,,,,,left_only
40992519,GRAND ISLAND SUB,43,D,BRKR,,,,,left_only
40992520,GRAND ISLAND SUB,53,D,BRKR,,,,,left_only
40992869,MANTECA SUB,43,D,BRKR,,,,,left_only
40992571,HOLLISTER SUB,43,D,BRKR,,,,,left_only
40993476,SALT SPRINGS PH,43,D,BRKR,,,,,left_only
40992783,LLAGAS SUB,53,D,BRKR,,,,,left_only
40993475,SALT SPRINGS PH,42,D,BRKR,,,,,left_only
40995298,STAGG SUB,43,D,BRKR,,,,,left_only
40996572,MOLINO SUB,43,D,BRKR,,,,,left_only
40996882,PETALUMA C SUB,43,D,BRKR,,,,,left_only
40997265,SAN RAFAEL SUB,43,D,BRKR,,,,,left_only
40992780,LIVINGSTON SUB,43,D,BRKR,,,,,left_only
40996571,MOLINO SUB,43,D,BRKR,,,,,left_only
40996839,POINT PINOLE SUB,43,D,BRKR,,,,,left_only
40995584,CARQUINEZ SUB,43,D,BRKR,,,,,left_only
40992765,LAS GALLINAS A SUB,43,D,BRKR,,,,,left_only
40992763,LAS GALLINAS A SUB,43,D,BRKR,,,,,left_only
40992764,LAS GALLINAS A SUB,43,D,BRKR,,,,,left_only
40992762,LAS GALLINAS A SUB,43,D,BRKR,,,,,left_only
40992587,JANES CREEK SUB,43,D,BRKR,,,,,left_only
40992198,CORNING SUB,43,D,BRKR,,,,,left_only
40992484,GANSO SUB,42,D,BRKR,,,,,left_only
40994853,WELLFIELD SUB,52,D,BRKR,,,,,left_only
40992109,CARNERAS SUB,52,D,BRKR,,,,,left_only
40995932,EL PECO SUB,52,D,BRKR,,,,,left_only
40994852,WELLFIELD SUB,42,D,BRKR,,,,,left_only
40992236,COPUS SUB,52,D,BRKR,,,,,left_only
40992513,GRANT SUB,42,D,BRKR,,,,,left_only
40992196,CORNING SUB,42,D,BRKR,,,,,left_only
40996925,RED BLUFF SUB,42,D,BRKR,,,,,left_only
40990037,WESTPARK SUB,42,D,BRKR,,,,,left_only
40989895,TYLER SUB,42,D,BRKR,,,,,left_only
40992373,ELK HILLS SUB,42,D,BRKR,,,,,left_only
40989896,TYLER SUB,42,D,BRKR,,,,,left_only
40996752,OLD RIVER SUB,42,D,BRKR,,,,,left_only
40993358,RADUM SUB,43,D,BRKR,,,,,left_only
40992460,FREMONT SUB,43,D,BRKR,,,,,left_only
40993681,STOREY SUB,43,D,BRKR,,,,,left_only
40993089,NOVATO SUB,53,D,BRKR,,,,,left_only
40993414,RUSSELL SUB,43,D,BRKR,,,,,left_only
40991690,YOSEMITE SUB,43,D,BRKR,,,,,left_only
40992362,EL CAPITAN SUB,43,D,BRKR,,,,,left_only
40992456,FREMONT SUB,43,D,BRKR,,,,,left_only
40994898,WESTPARK SUB,53,D,BRKR,,,,,left_only
40994897,WESTPARK SUB,53,D,BRKR,,,,,left_only
40989974,WEEDPATCH SUB,43,D,BRKR,,,,,left_only
40993091,NOVATO SUB,53,D,BRKR,,,,,left_only
40992957,MIRA VISTA SUB,42,D,BRKR,,,,,left_only
40996681,NORCO SUB,42,D,BRKR,,,,,left_only
40992013,DOS PALOS SUB,42,D,BRKR,,,,,left_only
40995168,SAN FRAN E SUB,42,D,BRKR,,,,,left_only
40995368,SAN FRAN E SUB,42,D,BRKR,,,,,left_only
40994773,TRACY SUB,42,D,BRKR,,,,,left_only
40995163,ROCKLIN SUB,42,D,BRKR,,,,,left_only
40994899,WESTPARK SUB,52,D,BRKR,,,,,left_only
40989973,WEEDPATCH SUB,42,D,BRKR,,,,,left_only
40993478,SAUSALITO SUB,42,D,BRKR,,,,,left_only
40996946,RIDGE SUB,52,D,BRKR,,,,,left_only
40993383,RIDGE SUB,52,D,BRKR,,,,,left_only
40995334,EL PATIO SUB,53,D,BRKR,,,,,left_only
40995927,EL PATIO SUB,53,D,BRKR,,,,,left_only
40995488,BELMONT SUB,53,D,BRKR,,,,,left_only
40995303,STELLING SUB,43,D,BRKR,,,,,left_only
40994794,VALLEY VIEW SUB,43,D,BRKR,,,,,left_only
40995490,BELMONT SUB,53,D,BRKR,,,,,left_only
40995304,STELLING SUB,43,D,BRKR,,,,,left_only
40995926,EL PATIO SUB,53,D,BRKR,,,,,left_only
40992535,HARRIS SUB,43,D,BRKR,,,,,left_only
40991636,CURTIS SUB,33,D,BRKR,,,,,left_only
40995491,BELMONT SUB,43,D,BRKR,,,,,left_only
40995311,STOCKTON A SUB,43,D,BRKR,,,,,left_only
40996837,PINE GROVE SUB,53,D,BRKR,,,,,left_only
40995358,STOCKTON A SUB,53,D,BRKR,,,,,left_only
40995464,BAY MEADOWS SUB,53,D,BRKR,,,,,left_only
40995299,STELLING SUB,43,D,BRKR,,,,,left_only
40995051,EL PATIO SUB,53,D,BRKR,,,,,left_only
40995388,BAY MEADOWS SUB,53,D,BRKR,,,,,left_only
40995056,FAMOSO SUB,53,D,BRKR,,,,,left_only
40996391,MABURY SUB,53,D,BRKR,,,,,left_only
40995305,STELLING SUB,43,D,BRKR,,,,,left_only
40995951,FAMOSO SUB,53,D,BRKR,,,,,left_only
40995506,BLUE LAKE SUB,42,D,BRKR,,,,,left_only
40989982,WHISMAN SUB,42,D,BRKR,,,,,left_only
40995928,EL PATIO SUB,42,D,BRKR,,,,,left_only
40995301,STELLING SUB,42,D,BRKR,,,,,left_only
40989983,WHISMAN SUB,42,D,BRKR,,,,,left_only
40995489,BELMONT SUB,42,D,BRKR,,,,,left_only
40996048,GOOSE LAKE SUB,42,D,BRKR,,,,,left_only
40995302,STELLING SUB,42,D,BRKR,,,,,left_only
40993680,STELLING SUB,42,D,BRKR,,,,,left_only
40995952,FAMOSO SUB,42,D,BRKR,,,,,left_only
40995950,FAMOSO SUB,52,D,BRKR,,,,,left_only
40993093,NEWHALL SUB,42,D,BRKR,,,,,left_only
40997086,SALINAS SUB,53,D,BRKR,,,,,left_only
40995465,BAY MEADOWS SUB,53,D,BRKR,,,,,left_only
40993063,MT EDEN SUB,43,D,BRKR,,,,,left_only
40996914,ROUND MTN SUB,43,D,BRKR,,,,,left_only
40993343,PETALUMA C SUB,43,D,BRKR,,,,,left_only
40993611,SAN RAFAEL SUB,43,D,BRKR,,,,,left_only
40993015,MOLINO SUB,43,D,BRKR,,,,,left_only
40995466,BAY MEADOWS SUB,53,D,BRKR,,,,,left_only
40992461,FREMONT SUB,43,D,BRKR,,,,,left_only
40992249,COTATI SUB,43,D,BRKR,,,,,left_only
40996546,MILLBRAE SUB,43,D,BRKR,,,,,left_only
40992947,MAGUNDEN SUB,43,D,BRKR,,,,,left_only
40996544,MILLBRAE SUB,53,D,BRKR,,,,,left_only
40993646,SONOMA A SUB,43,D,BRKR,,,,,left_only
40995165,SALINAS SUB,43,D,BRKR,,,,,left_only
40993612,SAN RAFAEL SUB,43,D,BRKR,,,,,left_only
40996203,JANES CREEK SUB,53,D,BRKR,,,,,left_only
40997226,SAN CARLOS SUB,53,D,BRKR,,,,,left_only
40995335,KERN OIL SUB,53,D,BRKR,,,,,left_only
40995332,CLAYTON SUB,43,D,BRKR,,,,,left_only
40995036,CLAYTON SUB,53,D,BRKR,,,,,left_only
40993378,REEDLEY SUB,43,D,BRKR,,,,,left_only
40995698,COLUMBUS SUB,53,D,BRKR,,,,,left_only
40995071,KERN OIL SUB,43,D,BRKR,,,,,left_only
40996881,PETALUMA C SUB,53,D,BRKR,,,,,left_only
40991988,BELLE HAVEN SUB,43,D,BRKR,,,,,left_only
40993227,OCEANO SUB,43,D,BRKR,,,,,left_only
40996144,HATTON SUB,43,D,BRKR,,,,,left_only
40996952,RIO BRAVO SUB,53,D,BRKR,,,,,left_only
40997378,TAFT SUB,42,D,BRKR,,,,,left_only
40996682,NORCO SUB,42,D,BRKR,,,,,left_only
40995699,COLUMBUS SUB,52,D,BRKR,,,,,left_only
40995292,SHADY GLEN SUB,42,D,BRKR,,,,,left_only
40992605,JESSUP SUB,42,D,BRKR,,,,,left_only
40995389,ALHAMBRA SUB,52,D,BRKR,,,,,left_only
40995037,CLAYTON SUB,42,D,BRKR,,,,,left_only
40996222,KERN OIL SUB,42,D,BRKR,,,,,left_only
40995697,COLUMBUS SUB,42,D,BRKR,,,,,left_only
40996247,OLD KEARNEY SUB,42,D,BRKR,,,,,left_only
40995844,DESCHUTES SUB,42,D,BRKR,,,,,left_only
40995162,ROCKLIN SUB,52,D,BRKR,,,,,left_only
40995565,BULLARD SUB,42,D,BRKR,,,,,left_only
40996949,RIO BRAVO SUB,42,D,BRKR,,,,,left_only
40996541,MILLBRAE SUB,42,D,BRKR,,,,,left_only
40997379,TAFT SUB,42,D,BRKR,,,,,left_only
40997380,TAFT SUB,52,D,BRKR,,,,,left_only
40994915,WATSONVILLE SUB,52,D,BRKR,,,,,left_only
40995072,KERN OIL SUB,42,D,BRKR,,,,,left_only
40989889,TUPMAN SUB,42,D,BRKR,,,,,left_only
40992260,CUYAMA SUB,42,D,BRKR,,,,,left_only
40992454,FRUITVALE SUB,42,D,BRKR,,,,,left_only
40990088,ZACA SUB,42,D,BRKR,,,,,left_only
40996950,RIO BRAVO SUB,42,D,BRKR,,,,,left_only
40996824,PETALUMA A SUB,42,D,BRKR,,,,,left_only
40996202,INDUSTRIAL ACRES SUB,52,D,BRKR,,,,,left_only
40996197,INDUSTRIAL ACRES SUB,52,D,BRKR,,,,,left_only
40993016,MOLINO SUB,43,D,BRKR,,,,,left_only
40989901,VALLEY VIEW SUB,43,D,BRKR,,,,,left_only
40992595,JARVIS SUB,53,D,BRKR,,,,,left_only
40992314,DUMBARTON SUB,43,D,BRKR,,,,,left_only
40997356,SUISUN SUB,53,D,BRKR,,,,,left_only
40994995,DIVIDE SUB,53,D,BRKR,,,,,left_only
40996124,HAMMER SUB,53,D,BRKR,,,,,left_only
40995559,BUELLTON SUB,43,D,BRKR,,,,,left_only
40992014,DOS PALOS SUB,43,D,BRKR,,,,,left_only
40995851,DUNBAR SUB,43,D,BRKR,,,,,left_only
40992534,HAMMONDS SUB,43,D,BRKR,,,,,left_only
40990010,WOODLAND SUB,43,D,BRKR,BRKR,2026-03-30,,Catastrophic,both
40993346,PUEBLO SUB,43,D,BRKR,,,,,left_only
40992593,JARVIS SUB,53,D,BRKR,,,,,left_only
40995687,COALINGA #1 SUB,52,D,BRKR,,,,,left_only
40996998,ROUGH & READY SUB,52,D,BRKR,,,,,left_only
40991246,EDES SUB,42,D,BRKR,,,,,left_only
40996125,HAMMER SUB,52,D,BRKR,,,,,left_only
40995688,COALINGA #1 SUB,52,D,BRKR,,,,,left_only
40995043,COUNTRY CLUB SUB,42,D,BRKR,,,,,left_only
40992600,JARVIS SUB,52,D,BRKR,,,,,left_only
40992596,JARVIS SUB,52,D,BRKR,,,,,left_only
40992207,CORCORAN SUB,42,D,BRKR,,,,,left_only
40992235,CHOWCHILLA SUB,42,D,BRKR,,,,,left_only
40992778,LIVINGSTON SUB,42,D,BRKR,,,,,left_only
40995686,COALINGA #1 SUB,52,D,BRKR,,,,,left_only
40995558,BUENA VISTA SUB,42,D,BRKR,,,,,left_only
41159283,EDES SUB,32,D,BRKR,,,,,left_only
40995691,COALINGA #2 SUB,42,D,BRKR,,,,,left_only
40995690,COALINGA #2 SUB,42,D,BRKR,,,,,left_only
40996990,ROSEDALE SUB,43,D,BRKR,,,,,left_only
40993751,TARAVAL SUB,42,D,BRKR,,,,,left_only
40990596,BECK SUB,52,D,BRKR,,,,,left_only
40996231,KIRKER SUB,43,D,BRKR,,,,,left_only
40996230,KIRKER SUB,43,D,BRKR,,,,,left_only
40996114,HICKS SUB,43,D,BRKR,,,,,left_only
40990773,EDENVALE SUB,43,D,BRKR,,,,,left_only
40994833,VIEJO SUB,43,D,BRKR,,,,,left_only
40997358,SWIFT SUB,43,D,BRKR,,,,,left_only
40992923,MEADOW LANE SUB,43,D,BRKR,,,,,left_only
40992917,MEADOW LANE SUB,43,D,BRKR,,,,,left_only
40992651,LAKEWOOD SUB,43,D,BRKR,,,,,left_only
40992304,DEL MONTE SUB,43,D,BRKR,,,,,left_only
40992785,LLAGAS SUB,43,D,BRKR,,,,,left_only
40996308,LAS POSITAS SUB,43,D,BRKR,,,,,left_only
40996307,LAS POSITAS SUB,43,D,BRKR,,,,,left_only
40992665,LAS POSITAS SUB,43,D,BRKR,,,,,left_only
40996987,RIPON SUB,43,D,BRKR,,,,,left_only
40992919,MEADOW LANE SUB,43,D,BRKR,,,,,left_only
40992922,MEADOW LANE SUB,43,D,BRKR,,,,,left_only
40993344,PETALUMA C SUB,53,D,BRKR,,,,,left_only
40993756,TEJON SUB,52,D,BRKR,,,,,left_only
40991912,ANTELOPE SUB,52,D,BRKR,,,,,left_only
40993755,TEJON SUB,52,D,BRKR,,,,,left_only
40996060,GREEN VALLEY SUB,43,D,BRKR,,,,,left_only
40996059,GREEN VALLEY SUB,43,D,BRKR,,,,,left_only
40992191,CAMP EVERS SUB,53,D,BRKR,,,,,left_only
40993416,RUSSELL SUB,52,D,BRKR,,,,,left_only
40992269,DAVIS SUB,43,D,BRKR,,,,,left_only
40992959,MIRA VISTA SUB,52,D,BRKR,,,,,left_only
40990052,YOSEMITE SUB,42,D,BRKR,,,,,left_only
40990051,YOSEMITE SUB,42,D,BRKR,,,,,left_only
40992629,KIRKER SUB,53,D,BRKR,,,,,left_only
40990685,KIRKER SUB,43,D,BRKR,,,,,left_only
40992626,KIRKER SUB,43,D,BRKR,,,,,left_only
40993802,TEVIS SUB,43,D,BRKR,,,,,left_only
40993800,TEVIS SUB,43,D,BRKR,,,,,left_only
40990444,TEVIS SUB,42,D,BRKR,,,,,left_only
40992148,CEDAR CREEK SUB,42,D,BRKR,,,,,left_only
40992529,GREEN VALLEY SUB,43,D,BRKR,,,,,left_only
40993672,STAGG SUB,43,D,BRKR,,,,,left_only
40993706,SWIFT SUB,43,D,BRKR,,,,,left_only
40997343,STAGG SUB,43,D,BRKR,,,,,left_only
40990082,NEWARK DIST SUB,43,D,BRKR,,,,,left_only
40990257,FIGARDEN SUB,43,D,BRKR,,,,,left_only
40991766,SWIFT SUB,43,D,BRKR,,,,,left_only
40992554,HICKS SUB,43,D,BRKR,,,,,left_only
40993307,PEABODY SUB,43,D,BRKR,,,,,left_only
40992440,FIGARDEN SUB,43,D,BRKR,,,,,left_only
40990742,DEL MONTE SUB,43,D,BRKR,,,,,left_only
40989937,VIEJO SUB,43,D,BRKR,,,,,left_only
40993447,SALINAS SUB,43,D,BRKR,,,,,left_only
40992341,EDENVALE SUB,43,D,BRKR,,,,,left_only
40992561,HICKS SUB,43,D,BRKR,,,,,left_only
40993021,MONROE SUB,43,D,BRKR,,,,,left_only
40993661,SAN RAMON SUB,43,D,BRKR,,,,,left_only
40992233,CLOVIS SUB,43,D,BRKR,,,,,left_only
40993310,PEABODY SUB,43,D,BRKR,,,,,left_only
40993762,TEMPLETON SUB,43,D,BRKR,,,,,left_only
40993037,MORRO BAY DIST SUB,43,D,BRKR,,,,,left_only
40992442,FIGARDEN SUB,43,D,BRKR,,,,,left_only
40990083,NEWARK DIST SUB,43,D,BRKR,,,,,left_only
40993452,SALINAS SUB,43,D,BRKR,,,,,left_only
42740504,STAGG SUB,23,D,BRKR,,,,,left_only
40991041,MONTAGUE SUB,43,D,BRKR,,,,,left_only
40993658,SAN RAMON SUB,43,D,BRKR,,,,,left_only
40995077,LAS POSITAS SUB,43,D,BRKR,,,,,left_only
40993014,MORGAN HILL SUB,43,D,BRKR,,,,,left_only
40995110,MORGAN HILL SUB,43,D,BRKR,,,,,left_only
40993493,SILVERADO SUB,43,D,BRKR,,,,,left_only
40992564,HICKS SUB,43,D,BRKR,,,,,left_only
40990080,NEWARK DIST SUB,43,D,BRKR,,,,,left_only
40993403,RIPON SUB,43,D,BRKR,,,,,left_only
40990616,BELLEVUE SUB,43,D,BRKR,,,,,left_only
40992224,COTTLE SUB,43,D,BRKR,,,,,left_only
40993659,SAN RAMON SUB,43,D,BRKR,,,,,left_only
40993654,SAN RAMON SUB,43,D,BRKR,,,,,left_only
40989876,TRIMBLE SUB,43,D,BRKR,,,,,left_only
40993309,PEABODY SUB,43,D,BRKR,,,,,left_only
40993596,SAN JOSE B SUB,43,D,BRKR,,,,,left_only
40992459,FREMONT SUB,43,D,BRKR,,,,,left_only
40992258,CURTIS SUB,43,D,BRKR,,,,,left_only
40992308,DUMBARTON SUB,53,D,BRKR,,,,,left_only
40991851,NEWARK DIST SUB,43,D,BRKR,,,,,left_only
40992597,JARVIS SUB,43,D,BRKR,,,,,left_only
40993731,SANTA ROSA A SUB,43,D,BRKR,,,,,left_only
40992447,FAIRWAY SUB,43,D,BRKR,,,,,left_only
40993712,SANTA MARIA SUB,43,D,BRKR,,,,,left_only
40993738,SANTA ROSA A SUB,43,D,BRKR,,,,,left_only
40991042,MONTAGUE SUB,43,D,BRKR,,,,,left_only
40993593,SAN JOSE A SUB,43,D,BRKR,,,,,left_only
40989875,TRIMBLE SUB,43,D,BRKR,,,,,left_only
40989877,TRIMBLE SUB,43,D,BRKR,,,,,left_only
40990828,GRANT SUB,43,D,BRKR,,,,,left_only
40992998,MILPITAS SUB,43,D,BRKR,,,,,left_only
40991719,MONTAGUE SUB,43,D,BRKR,,,,,left_only
40992599,JARVIS SUB,53,D,BRKR,,,,,left_only
40992457,FREMONT SUB,53,D,BRKR,,,,,left_only
40992904,MCCALL SUB,43,D,BRKR,,,,,left_only
40990623,MORGAN HILL SUB,33,D,BRKR,,,,,left_only
40993032,MONTAGUE SUB,43,D,BRKR,,,,,left_only
40992899,MCKEE SUB,43,D,BRKR,,,,,left_only
40990763,DUMBARTON SUB,43,D,BRKR,,,,,left_only
40992275,DAVIS SUB,43,D,BRKR,,,,,left_only
40991869,NARROWS SUB,43,D,BRKR,,,,,left_only
42647897,BRITTON SUB,23,D,BRKR,,,,,left_only
40992897,MCKEE SUB,43,D,BRKR,,,,,left_only
40992553,HICKS SUB,43,D,BRKR,,,,,left_only
40993390,RIVERBANK SUB,43,D,BRKR,,,,,left_only
40991768,TRACY SUB,43,D,BRKR,,,,,left_only
40993732,SANTA ROSA A SUB,43,D,BRKR,,,,,left_only
40993734,SANTA ROSA A SUB,43,D,BRKR,,,,,left_only
40992276,DAVIS SUB,53,D,BRKR,,,,,left_only
40991201,PLACERVILLE SUB,43,D,BRKR,,,,,left_only
40992565,HICKS SUB,43,D,BRKR,,,,,left_only
40992309,DUMBARTON SUB,43,D,BRKR,,,,,left_only
40993739,SANTA ROSA A SUB,43,D,BRKR,,,,,left_only
40991601,STAGG SUB,53,D,BRKR,,,,,left_only
40992294,DIAMOND SPRINGS SUB,43,D,BRKR,,,,,left_only
40992075,BRUNSWICK SUB,43,D,BRKR,,,,,left_only
40992076,BRUNSWICK SUB,43,D,BRKR,,,,,left_only
40992567,HAMILTON BRANCH SUB,43,D,BRKR,,,,,left_only
40993718,SANTA MARIA SUB,33,D,BRKR,,,,,left_only
40990006,WOODLAND SUB,43,D,BRKR,,,,,left_only
40991202,PLACERVILLE SUB,43,D,BRKR,,,,,left_only
40992347,EDENVALE SUB,43,D,BRKR,,,,,left_only
40992041,BRITTON SUB,43,D,BRKR,,,,,left_only
40990337,TRIMBLE SUB,33,D,BRKR,,,,,left_only
40993677,STAGG SUB,43,D,BRKR,,,,,left_only
40990707,SWIFT SUB,43,D,BRKR,,,,,left_only
40992351,EDES SUB,43,D,BRKR,,,,,left_only
40993701,SUISUN SUB,43,D,BRKR,,,,,left_only
40993017,MONROE SUB,43,D,BRKR,,,,,left_only
40992618,KETTLEMAN HILLS SUB,43,D,BRKR,,,,,left_only
40993042,MERCED FALLS SUB,43,D,BRKR,,,,,left_only
40993696,SUISUN SUB,43,D,BRKR,,,,,left_only
40993299,PASO ROBLES SUB,43,D,BRKR,,,,,left_only
40992481,GABILAN SUB,43,D,BRKR,,,,,left_only
40992293,DIAMOND SPRINGS SUB,43,D,BRKR,,,,,left_only
40993334,PERRY SUB,43,D,BRKR,,,,,left_only
40993628,STOCKTON A SUB,43,D,BRKR,,,,,left_only
40993702,SUISUN SUB,43,D,BRKR,,,,,left_only
40991203,PLACERVILLE SUB,43,D,BRKR,,,,,left_only
40992071,BARTON SUB,53,D,BRKR,,,,,left_only
40992987,MALAGA SUB,43,D,BRKR,,,,,left_only
40993083,NORD SUB,43,D,BRKR,,,,,left_only
40992560,HICKS SUB,43,D,BRKR,,,,,left_only
40991986,BAY MEADOWS SUB,43,D,BRKR,,,,,left_only
40993733,SANTA ROSA A SUB,43,D,BRKR,,,,,left_only
40993726,SYCAMORE CREEK SUB,43,D,BRKR,,,,,left_only
40992993,MILPITAS SUB,33,D,BRKR,,,,,left_only
40992204,CORCORAN SUB,43,D,BRKR,,,,,left_only
40992037,BOGUE SUB,43,D,BRKR,,,,,left_only
40990338,TRIMBLE SUB,43,D,BRKR,,,,,left_only
40990009,WOODLAND SUB,43,D,BRKR,,,,,left_only
40992227,CLOVIS SUB,43,D,BRKR,,,,,left_only
40992480,GABILAN SUB,43,D,BRKR,,,,,left_only
40992053,BRITTON SUB,43,D,BRKR,,,,,left_only
40992617,KETTLEMAN HILLS SUB,43,D,BRKR,,,,,left_only
40993703,SUISUN SUB,53,D,BRKR,,,,,left_only
40992642,KONOCTI SUB,43,D,BRKR,,,,,left_only
40992550,HICKS SUB,43,D,BRKR,,,,,left_only
40993598,SAN JOSE B SUB,43,D,BRKR,,,,,left_only
40992455,FREMONT SUB,43,D,BRKR,,,,,left_only
40992009,BELMONT SUB,43,D,BRKR,,,,,left_only
40991672,WEBER SUB,43,D,BRKR,,,,,left_only
40992558,HICKS SUB,43,D,BRKR,,,,,left_only
40993723,SYCAMORE CREEK SUB,43,D,BRKR,,,,,left_only
40990004,WOODLAND SUB,53,D,BRKR,,,,,left_only
40991677,WHISMAN SUB,43,D,BRKR,,,,,left_only
40992353,EDES SUB,43,D,BRKR,,,,,left_only
40990025,WOLFE SUB,43,D,BRKR,,,,,left_only
40992230,CLOVIS SUB,43,D,BRKR,,,,,left_only
40993724,SYCAMORE CREEK SUB,43,D,BRKR,,,,,left_only
40989984,WHISMAN SUB,43,D,BRKR,,,,,left_only
40990007,WOODLAND SUB,53,D,BRKR,,,,,left_only
40992289,DEL MAR SUB,43,D,BRKR,,,,,left_only
40992067,BARTON SUB,43,D,BRKR,,,,,left_only
40990027,WOLFE SUB,43,D,BRKR,,,,,left_only
41186167,SALINAS SUB,33,D,BRKR,,,,,left_only
40992274,DAVIS SUB,33,D,BRKR,,,,,left_only
40989861,TRACY SUB,43,D,BRKR,,,,,left_only
42635145,SANTA MARIA SUB,23,D,BRKR,,,,,left_only
40992038,BOGUE SUB,43,D,BRKR,,,,,left_only
44913328,KINGSBURG SUB,23,D,BRKR,,,,,left_only
40992497,GREENBRAE SUB,43,D,BRKR,,,,,left_only
40992215,COPPERMINE SUB,43,D,BRKR,,,,,left_only
40992205,CORCORAN SUB,43,D,BRKR,,,,,left_only
40993597,SAN JOSE B SUB,53,D,BRKR,,,,,left_only
40990028,WOLFE SUB,43,D,BRKR,,,,,left_only
40992229,CLOVIS SUB,53,D,BRKR,,,,,left_only
40993352,PURISIMA SUB,43,D,BRKR,,,,,left_only
40993595,SAN JOSE A SUB,43,D,BRKR,,,,,left_only
40992045,BRITTON SUB,43,D,BRKR,,,,,left_only
40989870,TRIMBLE SUB,43,D,BRKR,,,,,left_only
40991955,BAIR SUB,43,D,BRKR,,,,,left_only
40992352,EDES SUB,43,D,BRKR,,,,,left_only
40989878,TRIMBLE SUB,43,D,BRKR,,,,,left_only
40989869,TRIMBLE SUB,43,D,BRKR,,,,,left_only
40989880,TRIMBLE SUB,43,D,BRKR,,,,,left_only
40992515,GRANT SUB,53,D,BRKR,,,,,left_only
40991954,BAIR SUB,43,D,BRKR,,,,,left_only
40990029,WOLFE SUB,43,D,BRKR,,,,,left_only
40992538,HALSEY PH,43,D,BRKR,,,,,left_only
40990026,WOLFE SUB,43,D,BRKR,,,,,left_only
40992322,EAST MARYSVILLE SUB,43,D,BRKR,,,,,left_only
40993298,PASO ROBLES SUB,43,D,BRKR,,,,,left_only
40992531,GUSTINE SUB,43,D,BRKR,,,,,left_only
40993266,OLEMA SUB,43,D,BRKR,,,,,left_only
40992050,BRITTON SUB,43,D,BRKR,,,,,left_only
40992099,BULLARD SUB,43,D,BRKR,,,,,left_only
40993362,RAINBOW SUB,43,D,BRKR,,,,,left_only
40989933,VACAVILLE SUB,43,D,BRKR,,,,,left_only
40992028,BELL SUB,43,D,BRKR,,,,,left_only
40992552,HICKS SUB,43,D,BRKR,,,,,left_only
40992539,HALSEY PH,43,D,BRKR,,,,,left_only
40992046,BRITTON SUB,43,D,BRKR,,,,,left_only
40991998,BELLEVUE SUB,43,D,BRKR,,,,,left_only
40989858,TRACY SUB,43,D,BRKR,,,,,left_only
40990011,WOODLAND SUB,42,D,BRKR,,,,,left_only
40991173,PANORAMA SUB,42,D,BRKR,,,,,left_only
40992164,CHICO B SUB,42,D,BRKR,,,,,left_only
40989945,WAHTOKE SUB,42,D,BRKR,,,,,left_only
40989944,WAHTOKE SUB,42,D,BRKR,,,,,left_only
40992818,LOS GATOS SUB,42,D,BRKR,,,,,left_only
40993376,RED BLUFF SUB,42,D,BRKR,,,,,left_only
40992226,CLOVIS SUB,42,D,BRKR,,,,,left_only
40993676,STAGG SUB,42,D,BRKR,,,,,left_only
40990033,WRIGHT SUB,42,D,BRKR,,,,,left_only
40992120,CARQUINEZ SUB,42,D,BRKR,,,,,left_only
40990618,BLACKWELL SUB,42,D,BRKR,,,,,left_only
40989979,WHEATLAND SUB,42,D,BRKR,,,,,left_only
40992181,CLARK RD SUB,42,D,BRKR,,,,,left_only
40991704,FRENCH GULCH SUB,42,D,BRKR,,,,,left_only
40992160,CHANNEL SUB,42,D,BRKR,,,,,left_only
40990848,HIGGINS SUB,42,D,BRKR,,,,,left_only
40990737,CROWS LANDING SUB,42,D,BRKR,,,,,left_only
40992210,CORDELIA SUB,42,D,BRKR,,,,,left_only
40992541,HARTER SUB,42,D,BRKR,BRKR,2026-04-23,,JIT,both
40992209,CORDELIA SUB,42,D,BRKR,,,,,left_only
40991185,PENRYN SUB,42,D,BRKR,,,,,left_only
40992213,COPPERMINE SUB,42,D,BRKR,,,,,left_only
40993694,SUISUN SUB,42,D,BRKR,,,,,left_only
40992532,GUSTINE SUB,42,D,BRKR,,,,,left_only
40992231,CLOVIS SUB,52,D,BRKR,,,,,left_only
40992101,BULLARD SUB,42,D,BRKR,,,,,left_only
40990199,SAN JOSE A SUB,42,D,BRKR,,,,,left_only
40992355,EDES SUB,42,D,BRKR,,,,,left_only
41131004,SILVERADO SUB,32,D,BRKR,,,,,left_only
40993602,SAND CREEK SUB,42,D,BRKR,,,,,left_only
41164506,HAMMONDS SUB,32,D,BRKR,,,,,left_only
40992615,KERMAN SUB,42,D,BRKR,,,,,left_only
40992100,BULLARD SUB,42,D,BRKR,,,,,left_only
40991943,AUBERRY SUB,42,D,BRKR,,,,,left_only
40991706,HAMMER SUB,42,D,BRKR,,,,,left_only
40991760,SHINGLE SPRINGS SUB,42,D,BRKR,,,,,left_only
40992044,BRITTON SUB,42,D,BRKR,,,,,left_only
40991802,PENRYN SUB,42,D,BRKR,,,,,left_only
44974191,RESERVATION ROAD,22,D,BRKR,,,,,left_only
40990012,WOODLAND SUB,42,D,BRKR,,,,,left_only
40993700,SUISUN SUB,42,D,BRKR,,,,,left_only
40993741,SANTA YNEZ SUB,52,D,BRKR,,,,,left_only
40990834,HAMMER SUB,42,D,BRKR,,,,,left_only
40992503,GLENWOOD SUB,42,D,BRKR,,,,,left_only
40991642,PUEBLO SUB,32,D,BRKR,,,,,left_only
40992098,BULLARD SUB,42,D,BRKR,,,,,left_only
40990569,APPLE HILL SUB,42,D,BRKR,,,,,left_only
40990854,HORSESHOE SUB,42,D,BRKR,,,,,left_only
40992151,CHEROKEE SUB,42,D,BRKR,,,,,left_only
40990852,HORSESHOE SUB,42,D,BRKR,,,,,left_only
40993054,MARTELL SUB,42,D,BRKR,,,,,left_only
40993055,MARTELL SUB,42,D,BRKR,,,,,left_only
40992094,BULLARD SUB,52,D,BRKR,,,,,left_only
40992586,IONE SUB,42,D,BRKR,,,,,left_only
40991822,SAN JOSE B SUB,42,D,BRKR,,,,,left_only
40991192,PHILO SUB,42,D,BRKR,,,,,left_only
40992354,EDES SUB,42,D,BRKR,,,,,left_only
40993624,STOCKTON A SUB,42,D,BRKR,,,,,left_only
40989881,TRIMBLE SUB,42,D,BRKR,,,,,left_only
40992150,CHEROKEE SUB,42,D,BRKR,,,,,left_only
40992214,COPPERMINE SUB,42,D,BRKR,,,,,left_only
40990984,METTLER SUB,42,D,BRKR,,,,,left_only
40990896,LAWRENCE SUB,42,D,BRKR,,,,,left_only
40993699,SUISUN SUB,42,D,BRKR,,,,,left_only
40993333,PARLIER SUB,42,D,BRKR,,,,,left_only
40993592,SAN JOSE A SUB,42,D,BRKR,,,,,left_only
40989954,WATERLOO SUB,42,D,BRKR,,,,,left_only
40992091,BUENA VISTA SUB,42,D,BRKR,,,,,left_only
40992206,CORCORAN SUB,42,D,BRKR,,,,,left_only
40992161,CHANNEL SUB,42,D,BRKR,,,,,left_only
40991252,ROCKLIN SUB,42,D,BRKR,,,,,left_only
40989927,VACAVILLE SUB,42,D,BRKR,,,,,left_only
40989955,WATERLOO SUB,42,D,BRKR,,,,,left_only
40990983,METTLER SUB,42,D,BRKR,,,,,left_only
40990005,WOODLAND SUB,42,D,BRKR,,,,,left_only
40992077,BROWNS VALLEY SUB,42,D,BRKR,,,,,left_only
40992606,JOLON SUB,42,D,BRKR,,,,,left_only
42570402,CUYAMA SUB,22,D,BRKR,,,,,left_only
40992119,CALPELLA SUB,42,D,BRKR,,,,,left_only
40992019,BIOLA SUB,42,D,BRKR,,,,,left_only
40991623,STOCKTON A SUB,42,D,BRKR,,,,,left_only
40991680,WHITMORE SUB,42,D,BRKR,,,,,left_only
42637867,CARUTHERS SUB,22,D,BRKR,,,,,left_only
40992021,BIOLA SUB,42,D,BRKR,,,,,left_only
40989865,TRIMBLE SUB,42,D,BRKR,,,,,left_only
40992399,FAMOSO SUB,52,D,BRKR,,,,,left_only
40995070,HARTER SUB,42,D,BRKR,,,,,left_only
40992449,FOOTHILL SUB,52,D,BRKR,,,,,left_only
40989868,TRIMBLE SUB,42,D,BRKR,,,,,left_only
40992052,BRITTON SUB,42,D,BRKR,,,,,left_only
40992823,LAWRENCE SUB,42,D,BRKR,,,,,left_only
40992616,KERMAN SUB,42,D,BRKR,,,,,left_only
40989985,WHISMAN SUB,42,D,BRKR,,,,,left_only
40992623,KING CITY SUB,42,D,BRKR,,,,,left_only
40992499,GIFFEN SUB,42,D,BRKR,,,,,left_only
40990813,FRENCH GULCH SUB,42,D,BRKR,,,,,left_only
40992212,COPPERMINE SUB,42,D,BRKR,,,,,left_only
40991781,CROWS LANDING SUB,42,D,BRKR,,,,,left_only
40991676,WHISMAN SUB,42,D,BRKR,,,,,left_only
40992022,BIOLA SUB,42,D,BRKR,,,,,left_only
40992511,GOOSE LAKE SUB,42,D,BRKR,,,,,left_only
40992500,GIFFEN SUB,42,D,BRKR,,,,,left_only
40993632,STONE CORRAL SUB,52,D,BRKR,,,,,left_only
40989893,TWISSELMAN SUB,42,D,BRKR,,,,,left_only
40991652,CLARK RD SUB,32,D,BRKR,,,,,left_only
40991625,STOCKTON ACRES SUB,52,D,BRKR,,,,,left_only
40991763,STOCKTON ACRES SUB,52,D,BRKR,,,,,left_only
40991970,BAKERSFIELD SUB,43,D,BRKR,,,,,left_only
40991975,BAKERSFIELD SUB,23,D,BRKR,,,,,left_only
40991968,BAKERSFIELD SUB,23,D,BRKR,,,,,left_only
40990642,BRENTWOOD SUB,43,D,BRKR,,,,,left_only
40992146,CONTRA COSTA SUB,43,D,BRKR,,,,,left_only
40990873,KERN PP DIST SUB,43,D,BRKR,,,,,left_only
40990872,KERN PP DIST SUB,43,D,BRKR,,,,,left_only
40990886,KIRKER SUB,43,D,BRKR,,,,,left_only
40992010,BELMONT SUB,43,D,BRKR,,,,,left_only
40992578,HARTLEY SUB,53,D,BRKR,,,,,left_only
40990738,CUYAMA SUB,42,D,BRKR,,,,,left_only
40991973,BAKERSFIELD SUB,43,D,BRKR,,,,,left_only
40991733,ROSEDALE SUB,43,D,BRKR,,,,,left_only
40995617,CONTRA COSTA SUB,53,D,BRKR,,,,,left_only
40995293,SHINGLE SPRINGS SUB,43,D,BRKR,,,,,left_only
40996814,PEABODY SUB,43,D,BRKR,,,,,left_only
40996452,MEADOW LANE SUB,43,D,BRKR,,,,,left_only
40996378,LOS OSITOS SUB,43,D,BRKR,,,,,left_only
40995740,CLOVIS SUB,43,D,BRKR,,,,,left_only
40995294,SHINGLE SPRINGS SUB,43,D,BRKR,,,,,left_only
40995560,BULLARD SUB,43,D,BRKR,,,,,left_only
40996292,LAKEVILLE SUB,43,D,BRKR,,,,,left_only
40996285,LAKEVILLE SUB,43,D,BRKR,,,,,left_only
40995883,EDES SUB,53,D,BRKR,,,,,left_only
40995327,APPLE HILL SUB,43,D,BRKR,,,,,left_only
40995295,SHINGLE SPRINGS SUB,43,D,BRKR,,,,,left_only
40996717,OAKLAND C (OAKLAND PP) SUB,43,D,BRKR,,,,,left_only
40996716,OAKLAND C (OAKLAND PP) SUB,43,D,BRKR,,,,,left_only
40991659,TIDEWATER SUB,43,D,BRKR,,,,,left_only
40991660,TIDEWATER SUB,43,D,BRKR,,,,,left_only
40993460,SAN MATEO SUB,43,D,BRKR,,,,,left_only
40991661,TIDEWATER SUB,43,D,BRKR,,,,,left_only
40993637,STOCKDALE SUB,43,D,BRKR,,,,,left_only
40993636,STOCKDALE SUB,43,D,BRKR,,,,,left_only
40993461,SAN MATEO SUB,43,D,BRKR,,,,,left_only
40992648,LAKEWOOD SUB,43,D,BRKR,,,,,left_only
40992437,FELLOWS SUB,43,D,BRKR,,,,,left_only
40990081,NEWARK DIST SUB,43,D,BRKR,,,,,left_only
40992655,LAKEWOOD SUB,43,D,BRKR,,,,,left_only
40992400,FAIRVIEW SUB,43,D,BRKR,,,,,left_only
40992650,LAKEWOOD SUB,43,D,BRKR,,,,,left_only
40992921,MEADOW LANE SUB,43,D,BRKR,,,,,left_only
40992438,FELLOWS SUB,43,D,BRKR,,,,,left_only
40992653,LAKEWOOD SUB,43,D,BRKR,,,,,left_only
40993655,SAN RAMON SUB,43,D,BRKR,,,,,left_only
40991600,STAGG SUB,43,D,BRKR,,,,,left_only
40992368,EL CAPITAN SUB,43,D,BRKR,,,,,left_only
40993357,RACETRACK SUB,43,D,BRKR,,,,,left_only
40992363,EL CAPITAN SUB,43,D,BRKR,,,,,left_only
40992855,MARIPOSA SUB,33,D,BRKR,,,,,left_only
40990186,NEWHALL SUB,42,D,BRKR,,,,,left_only
40996450,MEADOW LANE SUB,43,D,BRKR,,,,,left_only
40991598,STAGG SUB,43,D,BRKR,,,,,left_only
40997250,SAN LEANDRO U SUB,53,D,BRKR,,,,,left_only
40993375,RED BLUFF SUB,43,D,BRKR,,,,,left_only
43680524,MCCALL SUB,23,D,BRKR,,,,,left_only
44175581,LAKEVIEW SUB,22,D,BRKR,,,,,left_only
44175580,LAKEVIEW SUB,22,D,BRKR,,,,,left_only
40993568,SAN FRAN Z (EMBARCADERO) SUB,43,D,BRKR,,,,,left_only
40993566,SAN FRAN Z (EMBARCADERO) SUB,43,D,BRKR,,,,,left_only
40993567,SAN FRAN Z (EMBARCADERO) SUB,43,D,BRKR,,,,,left_only
40993573,SAN FRAN Z (EMBARCADERO) SUB,43,D,BRKR,,,,,left_only
40989976,WHEELER RIDGE SUB,43,D,BRKR,,,,,left_only
41180579,WELLFIELD SUB,32,D,BRKR,BRKR,2026-01-31,,JIT,both
40992344,EDENVALE SUB,43,D,BRKR,,,,,left_only
40991823,SAN RAMON SUB,43,D,BRKR,,,,,left_only
40992340,EDENVALE SUB,43,D,BRKR,,,,,left_only
40992343,EDENVALE SUB,43,D,BRKR,,,,,left_only
40992291,DEL MAR SUB,43,D,BRKR,,,,,left_only
40989874,TRIMBLE SUB,43,D,BRKR,,,,,left_only
40991688,WOODWARD SUB,43,D,BRKR,,,,,left_only
40993056,MOSHER SUB,43,D,BRKR,,,,,left_only
40991094,TIDEWATER SUB,43,D,BRKR,,,,,left_only
40993763,TEMPLETON SUB,43,D,BRKR,,,,,left_only
41088876,MOSHER SUB,43,D,BRKR,,,,,left_only
40990726,COTTLE SUB,43,D,BRKR,,,,,left_only
40993764,TEMPLETON SUB,43,D,BRKR,,,,,left_only
40993494,SILVERADO SUB,43,D,BRKR,,,,,left_only
40993031,MONTAGUE SUB,43,D,BRKR,,,,,left_only
40992786,LLAGAS SUB,43,D,BRKR,,,,,left_only
40993663,SAN RAMON SUB,43,D,BRKR,,,,,left_only
40991656,TASSAJARA SUB,43,D,BRKR,,,,,left_only
40993664,SAN RAMON SUB,43,D,BRKR,,,,,left_only
40991655,TASSAJARA SUB,43,D,BRKR,,,,,left_only
40992168,CLARKSVILLE SUB,43,D,BRKR,,,,,left_only
40991181,PAUL SWEET SUB,43,D,BRKR,,,,,left_only
40990020,WOODWARD SUB,43,D,BRKR,,,,,left_only
40990774,EIGHT MILE SUB,43,D,BRKR,,,,,left_only
40990775,EIGHT MILE SUB,43,D,BRKR,,,,,left_only
40991093,TIDEWATER SUB,43,D,BRKR,,,,,left_only
40990021,WOODWARD SUB,43,D,BRKR,,,,,left_only
40992169,CLARKSVILLE SUB,43,D,BRKR,,,,,left_only
40991048,MORGAN HILL SUB,43,D,BRKR,,,,,left_only
40992167,CLARKSVILLE SUB,43,D,BRKR,,,,,left_only
40991036,MONTAGUE SUB,43,D,BRKR,,,,,left_only
40993657,SAN RAMON SUB,43,D,BRKR,,,,,left_only
40990814,FROGTOWN SUB,43,D,BRKR,,,,,left_only
40991159,PAUL SWEET SUB,33,D,BRKR,,,,,left_only
40992872,MANTECA SUB,43,D,BRKR,,,,,left_only
40992166,CLARKSVILLE SUB,43,D,BRKR,,,,,left_only
40992246,COTATI SUB,43,D,BRKR,,,,,left_only
40993223,OCEANO SUB,43,D,BRKR,,,,,left_only
40991689,WOODWARD SUB,43,D,BRKR,,,,,left_only
40993224,OCEANO SUB,43,D,BRKR,,,,,left_only
40992795,LOGAN CREEK SUB,43,D,BRKR,,,,,left_only
40991035,MONTAGUE SUB,43,D,BRKR,,,,,left_only
40990022,WOODWARD SUB,43,D,BRKR,,,,,left_only
40993402,RIPON SUB,43,D,BRKR,,,,,left_only
40992787,LLAGAS SUB,43,D,BRKR,,,,,left_only
40992290,DEL MAR SUB,43,D,BRKR,,,,,left_only
41349585,BRENTWOOD SUB,23,D,BRKR,,,,,left_only
40992342,EDENVALE SUB,43,D,BRKR,,,,,left_only
40990948,MANTECA SUB,43,D,BRKR,,,,,left_only
40992871,MANTECA SUB,43,D,BRKR,,,,,left_only
40993662,SAN RAMON SUB,43,D,BRKR,,,,,left_only
40991424,LLAGAS SUB,33,D,BRKR,,,,,left_only
40992870,MANTECA SUB,43,D,BRKR,,,,,left_only
40992234,CLOVIS SUB,43,D,BRKR,,,,,left_only
40992468,FROGTOWN SUB,43,D,BRKR,,,,,left_only
40992339,EDENVALE SUB,43,D,BRKR,,,,,left_only
40990427,PEABODY SUB,43,D,BRKR,,,,,left_only
40990937,VINEYARD SUB,43,D,BRKR,,,,,left_only
40993020,MONROE SUB,43,D,BRKR,,,,,left_only
40990939,VINEYARD SUB,33,D,BRKR,,,,,left_only
40990210,DEL MONTE SUB,53,D,BRKR,,,,,left_only
40992149,CRESCENT MILLS SUB,43,D,BRKR,,,,,left_only
40990938,VINEYARD SUB,33,D,BRKR,,,,,left_only
40991720,MONTAGUE SUB,43,D,BRKR,,,,,left_only
40990890,LAS POSITAS SUB,33,D,BRKR,,,,,left_only
40991425,LLAGAS SUB,33,D,BRKR,,,,,left_only
40990361,CLARKSVILLE SUB,43,D,BRKR,,,,,left_only
40990619,WOODWARD SUB,33,D,BRKR,,,,,left_only
40990561,HOLLISTER SUB,33,D,BRKR,,,,,left_only
40990863,TASSAJARA SUB,33,D,BRKR,,,,,left_only
40989946,WAHTOKE SUB,43,D,BRKR,,,,,left_only
40993491,SILVERADO SUB,43,D,BRKR,,,,,left_only
40991200,PLACERVILLE SUB,43,D,BRKR,,,,,left_only
40990989,BRENTWOOD SUB,43,D,BRKR,,,,,left_only
40992467,FROGTOWN SUB,43,D,BRKR,,,,,left_only
40992110,CALAVERAS CEMENT SUB,43,D,BRKR,,,,,left_only
40993740,SANTA ROSA A SUB,53,D,BRKR,,,,,left_only
41361641,COARSEGOLD SUB,23,D,BRKR,,,,,left_only
40990582,EVERGREEN SUB,33,D,BRKR,,,,,left_only
40991037,HOLLISTER SUB,43,D,BRKR,,,,,left_only
41220663,BRENTWOOD SUB,33,D,BRKR,,,,,left_only
40991017,CONTRA COSTA SUB,43,D,BRKR,,,,,left_only
40990615,TASSAJARA SUB,33,D,BRKR,,,,,left_only
40992248,COTATI SUB,43,D,BRKR,,,,,left_only
41220662,BRENTWOOD SUB,33,D,BRKR,,,,,left_only
40993220,OCEANO SUB,43,D,BRKR,,,,,left_only
40990481,FIGARDEN SUB,43,D,BRKR,,,,,left_only
40991061,PUEBLO SUB,43,D,BRKR,,,,,left_only
40992247,COTATI SUB,43,D,BRKR,,,,,left_only
40991976,BANGOR SUB,43,D,BRKR,,,,,left_only
40993332,PARLIER SUB,43,D,BRKR,,,,,left_only
41088881,LOCKEFORD SUB,33,D,BRKR,,,,,left_only
40990295,TASSAJARA SUB,43,D,BRKR,,,,,left_only
40991197,EL DORADO PH,43,D,BRKR,,,,,left_only
40990910,NEWARK DIST SUB,43,D,BRKR,,,,,left_only
40993012,MONTICELLO SUB,43,D,BRKR,,,,,left_only
40990560,HOLLISTER SUB,43,D,BRKR,,,,,left_only
40990718,COLONY SUB,43,D,BRKR,,,,,left_only
41139762,RIVERBANK SUB,33,D,BRKR,,,,,left_only
40991782,EAST STOCKTON SUB,43,D,BRKR,,,,,left_only
40992175,CALIFORNIA AVE SUB,43,D,BRKR,,,,,left_only
40990621,WOODWARD SUB,33,D,BRKR,,,,,left_only
40991081,NEWMAN SUB,43,D,BRKR,,,,,left_only
40992176,CALIFORNIA AVE SUB,43,D,BRKR,,,,,left_only
40990248,CURTIS SUB,43,D,BRKR,,,,,left_only
40991082,NEWMAN SUB,43,D,BRKR,,,,,left_only
41238376,MONROE SUB,33,D,BRKR,,,,,left_only
40990620,WOODWARD SUB,33,D,BRKR,,,,,left_only
40990153,TRIMBLE SUB,43,D,BRKR,,,,,left_only
42618569,CALIFORNIA AVE SUB,33,D,BRKR,,,,,left_only
40990861,JACINTO SUB,43,D,BRKR,,,,,left_only
40990516,AVENAL SUB,42,D,BRKR,,,,,left_only
40990654,EAST STOCKTON SUB,42,D,BRKR,,,,,left_only
41134761,CALIFORNIA AVE SUB,32,D,BRKR,,,,,left_only
41148221,LIVINGSTON SUB,32,D,BRKR,,,,,left_only
40991663,TRACY SUB,42,D,BRKR,,,,,left_only
41088928,OLD KEARNEY SUB,32,D,BRKR,,,,,left_only
40990197,OTTER SUB,32,D,BRKR,,,,,left_only
41088943,CALIFORNIA AVE SUB,32,D,BRKR,,,,,left_only
41366006,EL PECO SUB,22,D,BRKR,,,,,left_only
41366008,EL PECO SUB,22,D,BRKR,,,,,left_only
40992882,MAXWELL SUB,42,D,BRKR,,,,,left_only
40991972,BAKERSFIELD SUB,43,D,BRKR,,,,,left_only
40990891,LAMONT SUB,43,D,BRKR,,,,,left_only
40993363,RAWSON SUB,43,D,BRKR,,,,,left_only
40990663,BURNEY SUB,43,D,BRKR,,,,,left_only
40992910,MCARTHUR SUB,43,D,BRKR,,,,,left_only
40992502,GIRVAN SUB,43,D,BRKR,,,,,left_only
40992501,GIRVAN SUB,43,D,BRKR,,,,,left_only
40991249,RISING RIVER SUB,43,D,BRKR,,,,,left_only
40991778,BURNEY SUB,43,D,BRKR,,,,,left_only
40992909,MCARTHUR SUB,43,D,BRKR,,,,,left_only
40991767,TIDEWATER SUB,43,D,BRKR,,,,,left_only
40992523,GREEN VALLEY SUB,43,D,BRKR,,,,,left_only
40992170,CLAYTON SUB,43,D,BRKR,,,,,left_only
40992528,GREEN VALLEY SUB,43,D,BRKR,,,,,left_only
40991710,KERN PP DIST SUB,43,D,BRKR,,,,,left_only
40991715,MAGUNDEN SUB,43,D,BRKR,,,,,left_only
40993384,RIO BRAVO SUB,43,D,BRKR,,,,,left_only
40989989,WILLOW CREEK SUB,43,D,BRKR,,,,,left_only
40989988,WILLOW CREEK SUB,43,D,BRKR,,,,,left_only
40992588,JANES CREEK SUB,43,D,BRKR,,,,,left_only
40991773,WILLOW CREEK SUB,43,D,BRKR,,,,,left_only
40991604,STOCKDALE SUB,43,D,BRKR,,,,,left_only
40991974,BAKERSFIELD SUB,43,D,BRKR,,,,,left_only
43117475,SALINAS SUB,23,D,BRKR,,,,,left_only
42841399,SALINAS SUB,23,D,BRKR,,,,,left_only
44202772,SHAFTER SUB,23,D,BRKR,,,,,left_only
43117473,SALINAS SUB,22,D,BRKR,,,,,left_only
44171578,SHAFTER SUB,22,D,BRKR,,,,,left_only
42832322,LAWRENCE SUB,22,D,BRKR,,,,,left_only
45505677,HUMBOLDT BAY PP,22,D,BRKR,,,,,left_only
43694028,CATLETT SUB,22,D,BRKR,,,,,left_only
40996745,OAKLAND J SUB,43,D,BRKR,,,,,left_only
40995016,OAKLAND J SUB,43,D,BRKR,,,,,left_only
40997133,SARATOGA SUB,43,D,BRKR,,,,,left_only
40996740,OAKLAND J SUB,53,D,BRKR,,,,,left_only
40997137,SARATOGA SUB,53,D,BRKR,,,,,left_only
40997131,SARATOGA SUB,53,D,BRKR,,,,,left_only
40995426,ASHLAN AVE SUB,43,D,BRKR,,,,,left_only
40996954,RIVERBANK SUB,43,D,BRKR,,,,,left_only
40997132,SARATOGA SUB,53,D,BRKR,,,,,left_only
40995422,ASHLAN AVE SUB,43,D,BRKR,,,,,left_only
40995436,ASHLAN AVE SUB,43,D,BRKR,,,,,left_only
40994886,WOODLAND SUB,43,D,BRKR,,,,,left_only
40994885,WOODLAND SUB,43,D,BRKR,,,,,left_only
40997135,SARATOGA SUB,43,D,BRKR,,,,,left_only
40997129,SARATOGA SUB,43,D,BRKR,,,,,left_only
40994772,TRACY SUB,43,D,BRKR,,,,,left_only
40994774,TRACY SUB,43,D,BRKR,,,,,left_only
40997139,SARATOGA SUB,43,D,BRKR,,,,,left_only
40995430,ASHLAN AVE SUB,43,D,BRKR,,,,,left_only
41162799,SAN FRAN P(HUNTERS POINT) SUB,33,D,BRKR,,,,,left_only
40995423,ASHLAN AVE SUB,43,D,BRKR,,,,,left_only
40995427,ASHLAN AVE SUB,43,D,BRKR,,,,,left_only
40997242,SAN LEANDRO U SUB,53,D,BRKR,,,,,left_only
40995802,DALY CITY SUB,43,D,BRKR,,,,,left_only
40993466,SAN PABLO SUB,43,D,BRKR,,,,,left_only
40995855,EAST GRAND SUB,43,D,BRKR,,,,,left_only
40995807,DALY CITY SUB,43,D,BRKR,,,,,left_only
40992445,FAIRWAY SUB,43,D,BRKR,,,,,left_only
40995138,OAKLAND J SUB,43,D,BRKR,,,,,left_only
40993467,SAN PABLO SUB,43,D,BRKR,,,,,left_only
40995858,EAST GRAND SUB,43,D,BRKR,,,,,left_only
40990871,KERN OIL SUB,43,D,BRKR,,,,,left_only
40993377,RED BLUFF SUB,43,D,BRKR,,,,,left_only
40990485,RED BLUFF SUB,43,D,BRKR,,,,,left_only
40992374,ELK HILLS SUB,42,D,BRKR,,,,,left_only
40992953,MIDDLETOWN SUB,43,D,BRKR,,,,,left_only
40990335,MIDDLETOWN SUB,32,D,BRKR,,,,,left_only
40995141,OAKLAND J SUB,43,D,BRKR,,,,,left_only
40993683,STOREY SUB,43,D,BRKR,,,,,left_only
40995340,OAKLAND J SUB,43,D,BRKR,,,,,left_only
40991940,ATWATER SUB,43,D,BRKR,,,,,left_only
40990967,MENLO SUB,53,D,BRKR,,,,,left_only
40993009,MENLO SUB,43,D,BRKR,,,,,left_only
40992775,LIVINGSTON SUB,43,D,BRKR,,,,,left_only
40992268,DAIRYLAND SUB,43,D,BRKR,,,,,left_only
40992585,INDIAN FLAT SUB,43,D,BRKR,,,,,left_only
40990267,WILLIAMS SUB,42,D,BRKR,,,,,left_only
40991906,ANDERSON SUB,43,D,BRKR,,,,,left_only
40991907,ANDERSON SUB,43,D,BRKR,,,,,left_only
40991905,ANDERSON SUB,43,D,BRKR,,,,,left_only
40990079,NEWARK DIST SUB,43,D,BRKR,,,,,left_only
40991657,TASSAJARA SUB,43,D,BRKR,,,,,left_only
40991987,BAY MEADOWS SUB,43,D,BRKR,,,,,left_only
40990762,DUMBARTON SUB,43,D,BRKR,,,,,left_only
41146590,BAY MEADOWS SUB,33,D,BRKR,,,,,left_only
40992165,CLARKSVILLE SUB,43,D,BRKR,,,,,left_only
41370658,VINEYARD SUB,33,D,BRKR,,,,,left_only
40991983,BAY MEADOWS SUB,53,D,BRKR,,,,,left_only
40991205,PLEASANT GROVE SUB,43,D,BRKR,,,,,left_only
40991827,TRIMBLE SUB,43,D,BRKR,,,,,left_only
40991208,PAUL SWEET SUB,33,D,BRKR,,,,,left_only
40990686,TEMPLETON SUB,33,D,BRKR,,,,,left_only
40993614,SAN RAFAEL SUB,43,D,BRKR,,,,,left_only
40991481,LAKEWOOD SUB,33,D,BRKR,,,,,left_only
40993609,SAN RAFAEL SUB,43,D,BRKR,,,,,left_only
40991265,JARVIS SUB,33,D,BRKR,,,,,left_only
41353484,SAN RAMON SUB,33,D,BRKR,,,,,left_only
40993468,SARATOGA SUB,43,D,BRKR,,,,,left_only
40993471,SARATOGA SUB,43,D,BRKR,,,,,left_only
40993610,SAN RAFAEL SUB,43,D,BRKR,,,,,left_only
40993472,SARATOGA SUB,43,D,BRKR,,,,,left_only
40991482,LAKEWOOD SUB,33,D,BRKR,,,,,left_only
40990783,EL PATIO SUB,43,D,BRKR,,,,,left_only
40990307,PEABODY SUB,33,D,BRKR,,,,,left_only
40995286,SAN JOSE B SUB,43,D,BRKR,,,,,left_only
41178987,LAKEWOOD SUB,33,D,BRKR,,,,,left_only
41202592,STOCKDALE SUB,33,D,BRKR,,,,,left_only
41156560,LAKEWOOD SUB,33,D,BRKR,,,,,left_only
40991076,JARVIS SUB,33,D,BRKR,,,,,left_only
40990957,PEABODY SUB,33,D,BRKR,,,,,left_only
40993608,SAN RAFAEL SUB,43,D,BRKR,,,,,left_only
40989936,VIEJO SUB,43,D,BRKR,,,,,left_only
41157073,SAN RAMON SUB,33,D,BRKR,,,,,left_only
40990784,EL PATIO SUB,43,D,BRKR,,,,,left_only
40990502,ROB ROY SUB,33,D,BRKR,,,,,left_only
40993736,SANTA ROSA A SUB,43,D,BRKR,,,,,left_only
41364043,SAN RAMON SUB,33,D,BRKR,,,,,left_only
40993167,OAKLAND K (CLAREMONT) SUB,53,D,BRKR,,,,,left_only
40990223,TRIMBLE SUB,43,D,BRKR,,,,,left_only
40991999,BELLEVUE SUB,43,D,BRKR,,,,,left_only
40993171,OAKLAND K (CLAREMONT) SUB,53,D,BRKR,,,,,left_only
40992049,BRITTON SUB,43,D,BRKR,,,,,left_only
40989866,TRIMBLE SUB,43,D,BRKR,,,,,left_only
40990313,EVERGREEN SUB,33,D,BRKR,,,,,left_only
41117744,MILPITAS SUB,33,D,BRKR,,,,,left_only
40990655,SALINAS SUB,43,D,BRKR,,,,,left_only
42561866,SARATOGA SUB,23,D,BRKR,,,,,left_only
40990699,MT EDEN SUB,43,D,BRKR,,,,,left_only
40990971,BELMONT SUB,43,D,BRKR,,,,,left_only
42561884,MCKEE SUB,23,D,BRKR,,,,,left_only
40989960,WEST SACRAMENTO SUB,43,D,BRKR,,,,,left_only
41352727,SAN RAMON SUB,43,D,BRKR,,,,,left_only
41367517,MOSHER SUB,23,D,BRKR,,,,,left_only
41089368,SWIFT SUB,33,D,BRKR,,,,,left_only
40990448,TASSAJARA SUB,33,D,BRKR,,,,,left_only
40990318,MILPITAS SUB,43,D,BRKR,,,,,left_only
40991016,EDENVALE SUB,43,D,BRKR,,,,,left_only
41360160,BAKERSFIELD SUB,33,D,BRKR,,,,,left_only
40990327,CONTRA COSTA SUB,43,D,BRKR,,,,,left_only
40990296,TASSAJARA SUB,43,D,BRKR,,,,,left_only
40990951,STOCKDALE SUB,43,D,BRKR,,,,,left_only
41360157,BAKERSFIELD SUB,33,D,BRKR,,,,,left_only
40990909,NEWARK DIST SUB,43,D,BRKR,,,,,left_only
41193836,SAN RAMON SUB,33,D,BRKR,,,,,left_only
40991615,NEWARK DIST SUB,33,D,BRKR,,,,,left_only
40990702,BAY MEADOWS SUB,43,D,BRKR,,,,,left_only
43192816,CLAYTON SUB,33,D,BRKR,,,,,left_only
42617524,SAN RAMON SUB,23,D,BRKR,,,,,left_only
40990326,PAUL SWEET SUB,43,D,BRKR,,,,,left_only
40990460,FIGARDEN SUB,33,D,BRKR,,,,,left_only
40991859,COTTONWOOD SUB,53,D,BRKR,,,,,left_only
42645851,MOUNTAIN VIEW SUB,23,D,BRKR,,,,,left_only
41363223,MORGAN HILL SUB,33,D,BRKR,,,,,left_only
40992062,BARTON SUB,43,D,BRKR,,,,,left_only
40990433,CLAYTON SUB,43,D,BRKR,,,,,left_only
40990866,MT EDEN SUB,33,D,BRKR,,,,,left_only
41215748,MCKEE SUB,33,D,BRKR,,,,,left_only
40991762,STELLING SUB,43,D,BRKR,,,,,left_only
41137122,MEADOW LANE SUB,33,D,BRKR,,,,,left_only
40990435,CLAYTON SUB,33,D,BRKR,,,,,left_only
40991307,CONTRA COSTA SUB,33,D,BRKR,,,,,left_only
40991182,PAUL SWEET SUB,43,D,BRKR,,,,,left_only
40991044,VACA DIXON SUB,43,D,BRKR,,,,,left_only
40990947,VACA DIXON SUB,43,D,BRKR,,,,,left_only
40990687,TEMPLETON SUB,33,D,BRKR,,,,,left_only
40991536,STAGG SUB,33,D,BRKR,,,,,left_only
41326345,MANTECA SUB,23,D,BRKR,,,,,left_only
41326404,BRENTWOOD SUB,23,D,BRKR,,,,,left_only
40991308,CONTRA COSTA SUB,33,D,BRKR,,,,,left_only
40990946,VACA DIXON SUB,43,D,BRKR,,,,,left_only
40990270,STOCKDALE SUB,43,D,BRKR,,,,,left_only
41370666,STOCKDALE SUB,23,D,BRKR,,,,,left_only
40990583,BAHIA SUB,43,D,BRKR,,,,,left_only
40995515,BOGUE SUB,43,D,BRKR,,,,,left_only
40989959,WEST SACRAMENTO SUB,43,D,BRKR,,,,,left_only
41331594,CLARKSVILLE SUB,23,D,BRKR,,,,,left_only
40990446,MERCED SUB,33,D,BRKR,,,,,left_only
40991530,SAN JOSE B SUB,43,D,BRKR,,,,,left_only
40990467,CALIFORNIA AVE SUB,43,D,BRKR,,,,,left_only
40990466,CALIFORNIA AVE SUB,43,D,BRKR,,,,,left_only
40991649,KIRKER SUB,33,D,BRKR,,,,,left_only
40990152,TRIMBLE SUB,43,D,BRKR,,,,,left_only
40990695,MORGAN HILL SUB,43,D,BRKR,,,,,left_only
40990404,PLEASANT GROVE SUB,33,D,BRKR,,,,,left_only
41178468,EL CAPITAN SUB,33,D,BRKR,,,,,left_only
40990787,VIEJO SUB,33,D,BRKR,,,,,left_only
41332732,HOLLISTER SUB,33,D,BRKR,,,,,left_only
41348670,CAMP EVERS SUB,33,D,BRKR,,,,,left_only
41123463,EVERGREEN SUB,33,D,BRKR,,,,,left_only
40990372,FIGARDEN SUB,43,D,BRKR,,,,,left_only
40991692,ATWATER SUB,43,D,BRKR,,,,,left_only
40990963,CLARKSVILLE SUB,43,D,BRKR,,,,,left_only
41156976,DUMBARTON SUB,33,D,BRKR,,,,,left_only
40989996,WILSON SUB,43,D,BRKR,,,,,left_only
40990225,SANTA ROSA A SUB,43,D,BRKR,,,,,left_only
41301632,STANISLAUS PH,33,D,BRKR,,,,,left_only
41089366,SWIFT SUB,33,D,BRKR,,,,,left_only
41134067,SAN RAMON SUB,33,D,BRKR,,,,,left_only
41143703,VINEYARD SUB,33,D,BRKR,,,,,left_only
41179444,SERRAMONTE SUB,33,D,BRKR,,,,,left_only
41348777,HOLLISTER SUB,33,D,BRKR,,,,,left_only
41088891,PLEASANT GROVE SUB,33,D,BRKR,,,,,left_only
40990668,CANAL SUB,43,D,BRKR,,,,,left_only
40995514,BOGUE SUB,43,D,BRKR,,,,,left_only
40991089,FRANKLIN SUB,33,D,BRKR,,,,,left_only
40995516,BOGUE SUB,43,D,BRKR,,,,,left_only
40991700,EL PATIO SUB,43,D,BRKR,,,,,left_only
41200157,GRANT SUB,23,D,BRKR,,,,,left_only
40992039,BRITTON SUB,43,D,BRKR,,,,,left_only
40993201,OAKHURST SUB,53,D,BRKR,,,,,left_only
40993074,NAPA SUB,43,D,BRKR,,,,,left_only
41363228,VACA DIXON SUB,33,D,BRKR,,,,,left_only
40991627,STOREY SUB,43,D,BRKR,,,,,left_only
40992073,BRUNSWICK SUB,43,D,BRKR,,,,,left_only
40992184,CLOVERDALE SUB,43,D,BRKR,,,,,left_only
40990431,CONTRA COSTA SUB,43,D,BRKR,,,,,left_only
40990669,CANAL SUB,43,D,BRKR,,,,,left_only
41162218,MONROE SUB,33,D,BRKR,,,,,left_only
40991483,LAKEWOOD SUB,33,D,BRKR,,,,,left_only
41343284,CLAYTON SUB,33,D,BRKR,,,,,left_only
40991956,BAKERSFIELD SUB,53,D,BRKR,,,,,left_only
41332621,VALLEY VIEW SUB,33,D,BRKR,,,,,left_only
40990571,ASHLAN AVE SUB,43,D,BRKR,,,,,left_only
40992313,DUMBARTON SUB,43,D,BRKR,,,,,left_only
40997212,SAN JOSE B SUB,43,D,BRKR,,,,,left_only
40993445,SANGER SUB,43,D,BRKR,,,,,left_only
40991757,SANGER SUB,43,D,BRKR,,,,,left_only
40990575,ASHLAN AVE SUB,43,D,BRKR,,,,,left_only
40990574,ASHLAN AVE SUB,43,D,BRKR,,,,,left_only
40990572,ASHLAN AVE SUB,43,D,BRKR,,,,,left_only
40995323,WEBER SUB,53,D,BRKR,,,,,left_only
41130172,MORGAN HILL SUB,33,D,BRKR,,,,,left_only
40992292,DIAMOND SPRINGS SUB,43,D,BRKR,,,,,left_only
40992063,BARTON SUB,43,D,BRKR,,,,,left_only
40991951,BAHIA SUB,43,D,BRKR,,,,,left_only
40992111,CANAL SUB,43,D,BRKR,,,,,left_only
40993469,SARATOGA SUB,43,D,BRKR,,,,,left_only
41335727,MILLBRAE SUB,33,D,BRKR,,,,,left_only
40995322,WEBER SUB,53,D,BRKR,,,,,left_only
41130598,WOLFE SUB,33,D,BRKR,,,,,left_only
40992452,FRANKLIN SUB,33,D,BRKR,,,,,left_only
40992066,BARTON SUB,43,D,BRKR,,,,,left_only
40990578,EDENVALE SUB,33,D,BRKR,,,,,left_only
40992866,MADERA SUB,43,D,BRKR,,,,,left_only
40990534,ATWATER SUB,43,D,BRKR,,,,,left_only
41117741,MILPITAS SUB,33,D,BRKR,,,,,left_only
40991242,TASSAJARA SUB,33,D,BRKR,,,,,left_only
40991650,CONTRA COSTA SUB,33,D,BRKR,,,,,left_only
40990576,EDENVALE SUB,43,D,BRKR,,,,,left_only
40990286,VINEYARD SUB,43,D,BRKR,,,,,left_only
41181051,LOCKEFORD SUB,33,D,BRKR,,,,,left_only
41224357,KERN PP DIST SUB,33,D,BRKR,,,,,left_only
41339132,STOCKDALE SUB,33,D,BRKR,,,,,left_only
40991256,PAUL SWEET SUB,33,D,BRKR,,,,,left_only
40989995,WILSON SUB,43,D,BRKR,,,,,left_only
40991587,SONOMA A SUB,43,D,BRKR,,,,,left_only
41182003,MOSHER SUB,33,D,BRKR,,,,,left_only
40990377,FREMONT SUB,43,D,BRKR,,,,,left_only
40993735,SANTA ROSA A SUB,43,D,BRKR,,,,,left_only
40989958,WEST SACRAMENTO SUB,43,D,BRKR,,,,,left_only
40992466,FRENCH CAMP SUB,43,D,BRKR,,,,,left_only
40993648,SONOMA A SUB,43,D,BRKR,,,,,left_only
40991613,TASSAJARA SUB,33,D,BRKR,,,,,left_only
40993606,SAN MIGUEL SUB,43,D,BRKR,,,,,left_only
40990403,PLEASANT GROVE SUB,33,D,BRKR,,,,,left_only
40991638,SAN RAMON SUB,33,D,BRKR,,,,,left_only
40991241,PUEBLO SUB,43,D,BRKR,,,,,left_only
40993442,SANGER SUB,43,D,BRKR,,,,,left_only
41123470,EVERGREEN SUB,33,D,BRKR,,,,,left_only
41140116,GATES SUB,33,D,BRKR,,,,,left_only
41355819,VACA DIXON SUB,23,D,BRKR,,,,,left_only
41128892,WOLFE SUB,33,D,BRKR,,,,,left_only
40991679,WHISMAN SUB,43,D,BRKR,,,,,left_only
40992867,MADERA SUB,43,D,BRKR,,,,,left_only
40991045,VACA DIXON SUB,43,D,BRKR,,,,,left_only
40993737,SANTA ROSA A SUB,43,D,BRKR,,,,,left_only
40992113,CANAL SUB,43,D,BRKR,,,,,left_only
41114351,MORAGA SUB,33,D,BRKR,,,,,left_only
40990024,WOLFE SUB,43,D,BRKR,,,,,left_only
41110536,BELMONT SUB,33,D,BRKR,,,,,left_only
40993725,SYCAMORE CREEK SUB,43,D,BRKR,,,,,left_only
40993693,SUISUN SUB,43,D,BRKR,,,,,left_only
40992824,LAWRENCE SUB,43,D,BRKR,,,,,left_only
40991046,WOODWARD SUB,43,D,BRKR,,,,,left_only
40995287,SAN JOSE B SUB,43,D,BRKR,,,,,left_only
40989931,VACAVILLE SUB,43,D,BRKR,,,,,left_only
40990315,DEL MAR SUB,43,D,BRKR,,,,,left_only
40992072,BARTON SUB,43,D,BRKR,,,,,left_only
40991088,FRANKLIN SUB,43,D,BRKR,,,,,left_only
40990030,WOLFE SUB,43,D,BRKR,,,,,left_only
40991894,SCHINDLER SUB,43,D,BRKR,,,,,left_only
40991769,TRIMBLE SUB,43,D,BRKR,,,,,left_only
40990660,BULLARD SUB,43,D,BRKR,,,,,left_only
40992986,MALAGA SUB,43,D,BRKR,,,,,left_only
40991664,TRIMBLE SUB,43,D,BRKR,,,,,left_only
40993270,ORO LOMA SUB,43,D,BRKR,,,,,left_only
40991158,ORO LOMA SUB,43,D,BRKR,,,,,left_only
40992482,GALLO SUB,43,D,BRKR,,,,,left_only
40993269,ORO LOMA SUB,43,D,BRKR,,,,,left_only
40990592,BARTON SUB,43,D,BRKR,,,,,left_only
40992023,BIG RIVER SUB,43,D,BRKR,,,,,left_only
40991335,LAS POSITAS SUB,33,D,BRKR,,,,,left_only
41236704,IGNACIO SUB,33,D,BRKR,,,,,left_only
40993232,OIL FIELDS SUB,43,D,BRKR,,,,,left_only
41180096,EIGHT MILE SUB,33,D,BRKR,,,,,left_only
41114346,FAIRVIEW SUB,33,D,BRKR,,,,,left_only
40992061,BARTON SUB,43,D,BRKR,,,,,left_only
40990278,BRENTWOOD SUB,43,D,BRKR,,,,,left_only
41086270,HARRIS SUB,33,D,BRKR,,,,,left_only
41177612,KIRKER SUB,33,D,BRKR,,,,,left_only
40992065,BARTON SUB,43,D,BRKR,,,,,left_only
41364041,SAN RAMON SUB,33,D,BRKR,,,,,left_only
40992112,CANAL SUB,43,D,BRKR,,,,,left_only
41088880,PLEASANT GROVE SUB,33,D,BRKR,,,,,left_only
41143112,MILPITAS SUB,33,D,BRKR,,,,,left_only
41134058,MORAGA SUB,33,D,BRKR,,,,,left_only
40990656,SALINAS SUB,43,D,BRKR,,,,,left_only
40993086,NORD SUB,43,D,BRKR,,,,,left_only
40991363,MCKEE SUB,33,D,BRKR,,,,,left_only
40990700,MT EDEN SUB,33,D,BRKR,,,,,left_only
40993444,SANGER SUB,43,D,BRKR,,,,,left_only
41191679,OCEANO SUB,33,D,BRKR,,,,,left_only
40989857,TRACY SUB,43,D,BRKR,,,,,left_only
40990254,CLARKSVILLE SUB,33,D,BRKR,,,,,left_only
40991364,MCKEE SUB,33,D,BRKR,,,,,left_only
40992817,LOS GATOS SUB,43,D,BRKR,,,,,left_only
40992026,BELL SUB,43,D,BRKR,,,,,left_only
41165472,MILPITAS SUB,33,D,BRKR,,,,,left_only
41112969,MT EDEN SUB,33,D,BRKR,,,,,left_only
40992985,MALAGA SUB,43,D,BRKR,,,,,left_only
40991977,BASALT SUB,33,D,BRKR,,,,,left_only
41355817,VACA DIXON SUB,23,D,BRKR,,,,,left_only
41148251,MARIPOSA SUB,33,D,BRKR,,,,,left_only
40991520,RINCON SUB,33,D,BRKR,,,,,left_only
40990895,LAWRENCE SUB,43,D,BRKR,,,,,left_only
40991591,SAN RAFAEL SUB,43,D,BRKR,,,,,left_only
40989987,WILLITS A SUB,43,D,BRKR,,,,,left_only
40992102,CALISTOGA SUB,43,D,BRKR,,,,,left_only
42562563,BRUNSWICK SUB,33,D,BRKR,,,,,left_only
41111101,MOUNTAIN VIEW SUB,33,D,BRKR,,,,,left_only
41105322,MORAGA SUB,33,D,BRKR,,,,,left_only
40993443,SANGER SUB,43,D,BRKR,,,,,left_only
40992093,BUELLTON SUB,43,D,BRKR,,,,,left_only
40992060,BARTON SUB,43,D,BRKR,,,,,left_only
41350648,NAPA SUB,23,D,BRKR,,,,,left_only
40990713,SAN LUIS OBISPO SUB,33,D,BRKR,,,,,left_only
40992188,CLAY SUB,43,D,BRKR,,,,,left_only
40991857,DEVILS DEN SUB,33,D,BRKR,,,,,left_only
40992069,BARTON SUB,43,D,BRKR,,,,,left_only
40992544,HARTER SUB,43,D,BRKR,,,,,left_only
40990580,MORGAN HILL SUB,43,D,BRKR,,,,,left_only
40993318,PIKE CITY SUB,33,D,BRKR,,,,,left_only
40992788,LOCKHEED #2 SUB,43,D,BRKR,,,,,left_only
40993231,OIL FIELDS SUB,53,D,BRKR,,,,,left_only
40993297,PASO ROBLES SUB,43,D,BRKR,,,,,left_only
40991850,CLEAR LAKE SUB,43,D,BRKR,,,,,left_only
40992465,FRENCH CAMP SUB,43,D,BRKR,,,,,left_only
40990050,YOSEMITE PARK SUB,43,D,BRKR,,,,,left_only
41234274,HIGHWAY SUB,33,D,BRKR,,,,,left_only
40991978,BASALT SUB,43,D,BRKR,,,,,left_only
40992540,HARTER SUB,43,D,BRKR,,,,,left_only
40992543,HARTER SUB,43,D,BRKR,,,,,left_only
41088888,PLEASANT GROVE SUB,33,D,BRKR,,,,,left_only
40990712,SAN LUIS OBISPO SUB,33,D,BRKR,,,,,left_only
40989963,WEST SACRAMENTO SUB,43,D,BRKR,,,,,left_only
40990493,MONROE SUB,33,D,BRKR,,,,,left_only
40993076,NAPA SUB,43,D,BRKR,,,,,left_only
42641865,MAGUNDEN SUB,23,D,BRKR,,,,,left_only
41152398,DAVIS SUB,33,D,BRKR,,,,,left_only
40990960,MARYSVILLE SUB,33,D,BRKR,,,,,left_only
41204228,WYANDOTTE SUB,33,D,BRKR,,,,,left_only
40992187,CLAY SUB,43,D,BRKR,,,,,left_only
41100973,SONOMA A SUB,33,D,BRKR,,,,,left_only
40992103,CALISTOGA SUB,43,D,BRKR,,,,,left_only
40989925,VASCO SUB,33,D,BRKR,,,,,left_only
41339689,DALY CITY SUB,33,D,BRKR,,,,,left_only
40991770,VASCO SUB,43,D,BRKR,,,,,left_only
40990604,SAN RAMON SUB,33,D,BRKR,,,,,left_only
40991866,OLIVEHURST SUB,43,D,BRKR,,,,,left_only
40990320,MILPITAS SUB,43,D,BRKR,,,,,left_only
40989962,WEST SACRAMENTO SUB,43,D,BRKR,,,,,left_only
40991110,BELL SUB,43,D,BRKR,,,,,left_only
40993084,NORD SUB,43,D,BRKR,,,,,left_only
44434382,DAVIS SUB,23,D,BRKR,,,,,left_only
40991532,SAN JOSE B SUB,43,D,BRKR,,,,,left_only
40992059,BARTON SUB,43,D,BRKR,,,,,left_only
41368019,STOREY SUB,23,D,BRKR,,,,,left_only
41336781,CAYUCOS SUB,33,D,BRKR,,,,,left_only
40991459,WESTPARK SUB,33,D,BRKR,,,,,left_only
40993262,ORLAND B SUB,43,D,BRKR,,,,,left_only
40990180,ATWATER SUB,43,D,BRKR,,,,,left_only
40990258,WEST FRESNO SUB,43,D,BRKR,,,,,left_only
42559828,COARSEGOLD SUB,23,D,BRKR,,,,,left_only
40991614,LAS POSITAS SUB,33,D,BRKR,,,,,left_only
40990955,STOCKDALE SUB,43,D,BRKR,,,,,left_only
40990425,ATWATER SUB,43,D,BRKR,,,,,left_only
40989997,WILSON SUB,43,D,BRKR,,,,,left_only
40990498,JARVIS SUB,43,D,BRKR,,,,,left_only
41233508,STOREY SUB,23,D,BRKR,,,,,left_only
40990701,BAY MEADOWS SUB,43,D,BRKR,,,,,left_only
40989859,TRACY SUB,43,D,BRKR,,,,,left_only
41155156,DIAMOND SPRINGS SUB,33,D,BRKR,,,,,left_only
40992365,EL CAPITAN SUB,43,D,BRKR,,,,,left_only
40992609,JAMESON SUB,43,D,BRKR,,,,,left_only
40993281,OROVILLE SUB,43,D,BRKR,,,,,left_only
41362055,MT EDEN SUB,23,D,BRKR,,,,,left_only
41187694,PLEASANT GROVE SUB,33,D,BRKR,,,,,left_only
40990851,HORSESHOE SUB,43,D,BRKR,,,,,left_only
40991590,SAN RAFAEL SUB,33,D,BRKR,,,,,left_only
40990539,MOUNTAIN VIEW SUB,33,D,BRKR,,,,,left_only
40990221,SAN JOSE B SUB,43,D,BRKR,,,,,left_only
41088875,MOSHER SUB,33,D,BRKR,,,,,left_only
40992381,EL PATIO SUB,43,D,BRKR,,,,,left_only
40993274,OREGON TRAIL SUB,43,D,BRKR,,,,,left_only
40990357,SAN JOSE B SUB,33,D,BRKR,,,,,left_only
40990492,DAVIS SUB,33,D,BRKR,,,,,left_only
40990780,EDENVALE SUB,33,D,BRKR,,,,,left_only
41367534,BOGUE SUB,23,D,BRKR,,,,,left_only
40990388,EL PATIO SUB,33,D,BRKR,,,,,left_only
40990386,EDENVALE SUB,33,D,BRKR,,,,,left_only
40989932,VACAVILLE SUB,43,D,BRKR,,,,,left_only
40990877,DUMBARTON SUB,43,D,BRKR,,,,,left_only
40990222,SAN JOSE B SUB,43,D,BRKR,,,,,left_only
40990781,EL PATIO SUB,33,D,BRKR,,,,,left_only
40990208,SAN MIGUEL SUB,43,D,BRKR,,,,,left_only
40990356,FREMONT SUB,43,D,BRKR,,,,,left_only
41223591,CLAYTON SUB,33,D,BRKR,,,,,left_only
41367482,STOCKTON A SUB,23,D,BRKR,,,,,left_only
40991365,MCKEE SUB,33,D,BRKR,,,,,left_only
40989986,WILLITS A SUB,43,D,BRKR,,,,,left_only
40990782,EL PATIO SUB,43,D,BRKR,,,,,left_only
40991529,SAN JOSE B SUB,43,D,BRKR,,,,,left_only
41219065,BRUNSWICK SUB,33,D,BRKR,,,,,left_only
41372406,FOOTHILL SUB,33,D,BRKR,,,,,left_only
40991867,OLIVEHURST SUB,33,D,BRKR,,,,,left_only
40990962,REEDLEY SUB,43,D,BRKR,,,,,left_only
41211687,KERN OIL SUB,33,D,BRKR,,,,,left_only
41366434,HIGGINS SUB,23,D,BRKR,,,,,left_only
40992182,COLUMBIA HILL SUB,43,D,BRKR,,,,,left_only
40990959,MARYSVILLE SUB,33,D,BRKR,,,,,left_only
40992058,BARTON SUB,43,D,BRKR,,,,,left_only
40993267,OLETA SUB,43,D,BRKR,,,,,left_only
41236702,IGNACIO SUB,33,D,BRKR,,,,,left_only
41363279,HIGHLANDS SUB,23,D,BRKR,,,,,left_only
41136890,LEMOORE SUB,33,D,BRKR,,,,,left_only
40990973,SAN LUIS OBISPO SUB,33,D,BRKR,,,,,left_only
41340872,SAN FRAN A (POTRERO PP) SUB,33,D,BRKR,,,,,left_only
40992380,EL NIDO SUB,43,D,BRKR,,,,,left_only
41204227,WYANDOTTE SUB,33,D,BRKR,,,,,left_only
40992542,HARTER SUB,43,D,BRKR,,,,,left_only
40992766,LAYTONVILLE SUB,43,D,BRKR,,,,,left_only
41364057,MANCHESTER SUB,33,D,BRKR,,,,,left_only
42707430,MERCED SUB,43,D,BRKR,,,,,left_only
40992767,LAYTONVILLE SUB,43,D,BRKR,,,,,left_only
40990319,MILPITAS SUB,43,D,BRKR,,,,,left_only
40993607,SAN MIGUEL SUB,43,D,BRKR,,,,,left_only
40993271,ORO LOMA SUB,43,D,BRKR,,,,,left_only
40991322,SAN JOSE B SUB,33,D,BRKR,,,,,left_only
41364781,ATASCADERO SUB,23,D,BRKR,,,,,left_only
40992495,GREENBRAE SUB,43,D,BRKR,,,,,left_only
41342567,SAN LEANDRO U SUB,23,D,BRKR,,,,,left_only
40991160,OROVILLE SUB,43,D,BRKR,,,,,left_only
40990638,BORONDA SUB,43,D,BRKR,,,,,left_only
41366432,HIGGINS SUB,23,D,BRKR,,,,,left_only
40996712,OAKLAND K (CLAREMONT) SUB,53,D,BRKR,,,,,left_only
41333234,LEMOORE SUB,33,D,BRKR,,,,,left_only
40991294,SANGER SUB,43,D,BRKR,,,,,left_only
40992360,ELK CREEK SUB,43,D,BRKR,,,,,left_only
41103892,BASALT SUB,33,D,BRKR,,,,,left_only
40990658,CLOVIS SUB,43,D,BRKR,,,,,left_only
40991059,WAHTOKE SUB,43,D,BRKR,,,,,left_only
41202539,DUMBARTON SUB,23,D,BRKR,,,,,left_only
40991861,GERBER SUB,43,D,BRKR,,,,,left_only
40990339,PEASE SUB,33,D,BRKR,,,,,left_only
40993268,ORO LOMA SUB,43,D,BRKR,,,,,left_only
40991546,SANGER SUB,33,D,BRKR,,,,,left_only
40989975,WEIMAR SUB,43,D,BRKR,,,,,left_only
41088872,MANTECA SUB,33,D,BRKR,,,,,left_only
40990008,WOODLAND SUB,43,D,BRKR,,,,,left_only
40990371,WOODWARD SUB,33,D,BRKR,,,,,left_only
40991161,OROVILLE SUB,43,D,BRKR,,,,,left_only
40990661,CLOVIS SUB,33,D,BRKR,,,,,left_only
42562004,CLEAR LAKE SUB,23,D,BRKR,,,,,left_only
41333485,CANAL SUB,23,D,BRKR,,,,,left_only
41204229,WYANDOTTE SUB,33,D,BRKR,,,,,left_only
40990309,VACAVILLE SUB,33,D,BRKR,,,,,left_only
40990565,MERCED SUB,33,D,BRKR,,,,,left_only
41353855,WOODLAND SUB,33,D,BRKR,,,,,left_only
40991091,FRANKLIN SUB,33,D,BRKR,,,,,left_only
40990733,SAN LUIS OBISPO SUB,43,D,BRKR,,,,,left_only
40991469,CANAL SUB,33,D,BRKR,,,,,left_only
40990379,MALAGA SUB,43,D,BRKR,,,,,left_only
40990933,BELL SUB,43,D,BRKR,,,,,left_only
41171415,GRANT SUB,33,D,BRKR,,,,,left_only
40991033,REDWOOD CITY SUB,33,D,BRKR,,,,,left_only
40990610,EAST GRAND SUB,33,D,BRKR,,,,,left_only
41340874,MILLBRAE SUB,23,D,BRKR,,,,,left_only
40990405,VACAVILLE SUB,43,D,BRKR,,,,,left_only
41114897,EDES SUB,33,D,BRKR,,,,,left_only
41217320,HAMMER SUB,23,D,BRKR,,,,,left_only
41235153,STELLING SUB,23,D,BRKR,,,,,left_only
40991190,KERN OIL SUB,43,D,BRKR,,,,,left_only
41268886,PUEBLO SUB,23,D,BRKR,,,,,left_only
40990491,BRUNSWICK SUB,33,D,BRKR,,,,,left_only
41350654,NAPA SUB,23,D,BRKR,,,,,left_only
41202252,CORCORAN SUB,33,D,BRKR,,,,,left_only
40990609,EAST GRAND SUB,33,D,BRKR,,,,,left_only
41219066,BRUNSWICK SUB,23,D,BRKR,,,,,left_only
40990899,BELL SUB,43,D,BRKR,,,,,left_only
41333903,BOGUE SUB,33,D,BRKR,,,,,left_only
40990256,ATWATER SUB,43,D,BRKR,,,,,left_only
41324981,REDWOOD CITY SUB,33,D,BRKR,,,,,left_only
40990390,WEST SACRAMENTO SUB,33,D,BRKR,,,,,left_only
40990424,BRUNSWICK SUB,33,D,BRKR,,,,,left_only
41306459,TAFT SUB,23,D,BRKR,,,,,left_only
40990598,REEDLEY SUB,43,D,BRKR,,,,,left_only
40990261,CALIFORNIA AVE SUB,43,D,BRKR,,,,,left_only
41204612,CALIFORNIA AVE SUB,33,D,BRKR,,,,,left_only
40992156,CHALLENGE SUB,43,D,BRKR,,,,,left_only
40990349,PASO ROBLES SUB,33,D,BRKR,,,,,left_only
40990342,AUBERRY SUB,43,D,BRKR,,,,,left_only
41268888,IGNACIO SUB,33,D,BRKR,,,,,left_only
41352933,DEEPWATER SUB,23,D,BRKR,,,,,left_only
41220670,REEDLEY SUB,33,D,BRKR,,,,,left_only
40992107,CAPAY SUB,43,D,BRKR,,,,,left_only
40992591,JACOBS CORNER SUB,43,D,BRKR,,,,,left_only
40989968,WESTLEY SUB,43,D,BRKR,,,,,left_only
41353008,MADISON SUB,33,D,BRKR,,,,,left_only
41190239,EL PATIO SUB,33,D,BRKR,,,,,left_only
41215339,KIRKER SUB,33,D,BRKR,,,,,left_only
40991693,BAHIA SUB,43,D,BRKR,,,,,left_only
41328013,WILLITS A SUB,23,D,BRKR,,,,,left_only
41218146,HARTLEY SUB,33,D,BRKR,,,,,left_only
40990426,ATWATER SUB,33,D,BRKR,,,,,left_only
41112976,MT EDEN SUB,33,D,BRKR,,,,,left_only
41331642,DIAMOND SPRINGS SUB,23,D,BRKR,,,,,left_only
40990351,SOBRANTE SUB,43,D,BRKR,,,,,left_only
41340834,OLIVEHURST SUB,33,D,BRKR,,,,,left_only
41185158,CLOVIS SUB,33,D,BRKR,,,,,left_only
40994889,WOLFE SUB,43,D,BRKR,,,,,left_only
40993697,SUISUN SUB,43,D,BRKR,,,,,left_only
40991549,MT EDEN SUB,33,D,BRKR,,,,,left_only
40992106,CAPAY SUB,43,D,BRKR,,,,,left_only
40992826,LAWRENCE SUB,43,D,BRKR,,,,,left_only
40990577,EDENVALE SUB,43,D,BRKR,,,,,left_only
41113632,CORNING SUB,33,D,BRKR,,,,,left_only
41211265,LAS POSITAS SUB,33,D,BRKR,,,,,left_only
41335674,MIDWAY SUB,33,D,BRKR,,,,,left_only
41363262,VACAVILLE SUB,23,D,BRKR,,,,,left_only
40990442,LOYOLA SUB,43,D,BRKR,,,,,left_only
42561632,CARQUINEZ SUB,33,D,BRKR,,,,,left_only
40993317,PIKE CITY SUB,43,D,BRKR,,,,,left_only
40990002,WINTERS SUB,43,D,BRKR,,,,,left_only
40993729,SANTA RITA SUB,43,D,BRKR,,,,,left_only
40991709,JACINTO SUB,43,D,BRKR,,,,,left_only
40990970,BELMONT SUB,43,D,BRKR,,,,,left_only
41136869,LEMOORE SUB,33,D,BRKR,,,,,left_only
40990370,WOODWARD SUB,43,D,BRKR,,,,,left_only
41363281,HIGHLANDS SUB,23,D,BRKR,,,,,left_only
40991633,SYCAMORE CREEK SUB,43,D,BRKR,,,,,left_only
40991115,LEMOORE SUB,33,D,BRKR,,,,,left_only
41216310,FAIRWAY SUB,33,D,BRKR,,,,,left_only
41173759,PITTSBURG SUB,33,D,BRKR,,,,,left_only
40990352,SOBRANTE SUB,43,D,BRKR,,,,,left_only
42561874,MCKEE SUB,23,D,BRKR,,,,,left_only
40992211,CORDELIA SUB,43,D,BRKR,,,,,left_only
40992387,ESQUON SUB,43,D,BRKR,,,,,left_only
40992638,OLD KEARNEY SUB,33,D,BRKR,,,,,left_only
40992104,CAMPHORA SUB,43,D,BRKR,,,,,left_only
41152402,DAVIS SUB,33,D,BRKR,,,,,left_only
40990332,BORDEN SUB,33,D,BRKR,,,,,left_only
40991297,BRUNSWICK SUB,33,D,BRKR,,,,,left_only
40991032,REDWOOD CITY SUB,43,D,BRKR,,,,,left_only
41218543,ASHLAN AVE SUB,33,D,BRKR,,,,,left_only
40991406,BELMONT SUB,33,D,BRKR,,,,,left_only
41117028,SAN FRAN Z (EMBARCADERO) SUB,33,D,BRKR,,,,,left_only
40990952,STOCKDALE SUB,43,D,BRKR,,,,,left_only
41117757,MILPITAS SUB,33,D,BRKR,,,,,left_only
41117030,SAN FRAN Z (EMBARCADERO) SUB,33,D,BRKR,,,,,left_only
45094344,DOLAN RD SUB,23,D,BRKR,,,,,left_only
40990906,EL PATIO SUB,33,D,BRKR,,,,,left_only
41118173,SAN RAMON SUB,33,D,BRKR,,,,,left_only
41165890,SAN FRAN Z (EMBARCADERO) SUB,33,D,BRKR,,,,,left_only
40990537,MT EDEN SUB,33,D,BRKR,,,,,left_only
40990662,HORSESHOE SUB,43,D,BRKR,,,,,left_only
40990869,DUMBARTON SUB,43,D,BRKR,,,,,left_only
40990664,DUMBARTON SUB,33,D,BRKR,,,,,left_only
40991324,SAN JOSE B SUB,33,D,BRKR,,,,,left_only
41362835,KERMAN SUB,33,D,BRKR,,,,,left_only
40990410,SAN MATEO SUB,43,D,BRKR,,,,,left_only
42630911,HARTLEY SUB,23,D,BRKR,,,,,left_only
41349753,HARRIS SUB,33,D,BRKR,,,,,left_only
41363283,HIGHLANDS SUB,23,D,BRKR,,,,,left_only
40993230,OIL FIELDS SUB,43,D,BRKR,,,,,left_only
41118144,MORAGA SUB,33,D,BRKR,,,,,left_only
40991950,BAHIA SUB,33,D,BRKR,,,,,left_only
41364812,PENRYN SUB,23,D,BRKR,,,,,left_only
41358479,RED BLUFF SUB,33,D,BRKR,,,,,left_only
42563983,FRUITVALE SUB,23,D,BRKR,,,,,left_only
41352934,DEEPWATER SUB,33,D,BRKR,,,,,left_only
41088897,PASO ROBLES SUB,32,D,BRKR,,,,,left_only
41364682,WYANDOTTE SUB,22,D,BRKR,,,,,left_only
41209673,VOLTA #1 PH,22,D,BRKR,,,,,left_only
42559659,KINGSBURG SUB,22,D,BRKR,,,,,left_only
41353852,WOODLAND SUB,22,D,BRKR,,,,,left_only
40990932,LOS COCHES SUB,42,D,BRKR,,,,,left_only
40990497,JARVIS SUB,32,D,BRKR,,,,,left_only
40990630,STOREY SUB,32,D,BRKR,,,,,left_only
41176937,SEMITROPIC SUB,32,D,BRKR,,,,,left_only
40990857,BEAR VALLEY SUB,32,D,BRKR,,,,,left_only
42688051,KINGSBURG SUB,22,D,BRKR,,,,,left_only
40993320,PLAINFIELD SUB,42,D,BRKR,,,,,left_only
40991519,RINCON SUB,32,D,BRKR,,,,,left_only
41138775,CALIFORNIA AVE SUB,32,D,BRKR,,,,,left_only
41137709,CALIFORNIA AVE SUB,32,D,BRKR,,,,,left_only
41352931,DEEPWATER SUB,22,D,BRKR,,,,,left_only
41216893,KINGSBURG SUB,32,D,BRKR,,,,,left_only
40990509,MT EDEN SUB,42,D,BRKR,,,,,left_only
41088053,MANTECA SUB,32,D,BRKR,,,,,left_only
42597383,LIVE OAK SUB,22,D,BRKR,,,,,left_only
40990566,LAS POSITAS SUB,42,D,BRKR,,,,,left_only
42561822,PETALUMA C SUB,22,D,BRKR,,,,,left_only
41145515,KINGSBURG SUB,32,D,BRKR,,,,,left_only
41199076,EAST GRAND SUB,32,D,BRKR,,,,,left_only
40992483,GALLO SUB,22,D,BRKR,,,,,left_only
42598252,BALCH #1 PH,42,D,BRKR,,,,,left_only
41350279,NAPA SUB,32,D,BRKR,,,,,left_only
40990228,MADERA SUB,32,D,BRKR,,,,,left_only
42566518,WILLIAMS SUB,22,D,BRKR,,,,,left_only
41359828,SCHINDLER SUB,22,D,BRKR,,,,,left_only
41234273,HIGHWAY SUB,32,D,BRKR,,,,,left_only
41358318,PLACER SUB,22,D,BRKR,,,,,left_only
41100968,REDWOOD CITY SUB,32,D,BRKR,,,,,left_only
40993075,NAPA SUB,22,D,BRKR,,,,,left_only
40990953,STOCKDALE SUB,42,D,BRKR,,,,,left_only
41130597,WOLFE SUB,32,D,BRKR,,,,,left_only
40990312,CALIFORNIA AVE SUB,42,D,BRKR,,,,,left_only
41331651,DIAMOND SPRINGS SUB,32,D,BRKR,,,,,left_only
40990535,VALLEY VIEW SUB,42,D,BRKR,,,,,left_only
40990402,HIGGINS SUB,42,D,BRKR,,,,,left_only
41204230,WYANDOTTE SUB,32,D,BRKR,,,,,left_only
42563985,FRUITVALE SUB,22,D,BRKR,,,,,left_only
40990304,JAMESON SUB,42,D,BRKR,,,,,left_only
42738969,STANISLAUS PH,42,D,BRKR,,,,,left_only
40990387,LOS GATOS SUB,32,D,BRKR,,,,,left_only
40990380,MALAGA SUB,42,D,BRKR,,,,,left_only
41100924,JAMESON SUB,32,D,BRKR,,,,,left_only
42596275,FRUITVALE SUB,22,D,BRKR,,,,,left_only
40990954,STOCKDALE SUB,42,D,BRKR,,,,,left_only
41352461,UKIAH SUB,22,D,BRKR,,,,,left_only
40990858,BEAR VALLEY SUB,32,D,BRKR,,,,,left_only
41119541,SAN JOSE B SUB,32,D,BRKR,,,,,left_only
40990331,BORDEN SUB,32,D,BRKR,,,,,left_only
41364806,PENRYN SUB,22,D,BRKR,,,,,left_only
40990411,SAN MATEO SUB,42,D,BRKR,,,,,left_only
40991635,LAMONT SUB,32,D,BRKR,,,,,left_only
41141164,MT EDEN SUB,32,D,BRKR,,,,,left_only
41088871,HIGGINS SUB,32,D,BRKR,,,,,left_only
41204226,WYANDOTTE SUB,32,D,BRKR,,,,,left_only
41103871,SONOMA A SUB,32,D,BRKR,,,,,left_only
40990792,CABRILLO SUB,32,D,BRKR,,,,,left_only
40990306,OAKHURST SUB,42,D,BRKR,,,,,left_only
40990244,ASHLAN AVE SUB,42,D,BRKR,,,,,left_only
41365540,CORRAL SUB,22,D,BRKR,,,,,left_only
40990317,BUTTE SUB,42,D,BRKR,,,,,left_only
40991593,REDWOOD CITY SUB,32,D,BRKR,,,,,left_only
40990659,CLOVIS SUB,42,D,BRKR,,,,,left_only
42594845,CHICO A SUB,22,D,BRKR,,,,,left_only
40991058,WAHTOKE SUB,42,D,BRKR,,,,,left_only
41365506,CORRAL SUB,32,D,BRKR,,,,,left_only
41371697,FIREBAUGH SUB,22,D,BRKR,,,,,left_only
41359337,LOS OSITOS SUB,32,D,BRKR,,,,,left_only
40990711,SAN LUIS OBISPO SUB,32,D,BRKR,,,,,left_only
41140758,HAMMER SUB,32,D,BRKR,,,,,left_only
41113631,CORNING SUB,32,D,BRKR,,,,,left_only
41364800,PENRYN SUB,22,D,BRKR,,,,,left_only
40990969,LAWRENCE SUB,42,D,BRKR,,,,,left_only
41110622,BAY MEADOWS SUB,32,D,BRKR,,,,,left_only
40990376,FREMONT SUB,42,D,BRKR,,,,,left_only
41351358,BUENA VISTA SUB,22,D,BRKR,,,,,left_only
42567982,EAST GRAND SUB,32,D,BRKR,,,,,left_only
40990269,DEVILS DEN SUB,32,D,BRKR,,,,,left_only
41204598,SALMON CREEK SUB,32,D,BRKR,,,,,left_only
42644053,ROUGH & READY SUB,22,D,BRKR,,,,,left_only
41130930,LOCKHEED #2 SUB,22,D,BRKR,,,,,left_only
41168036,WEEDPATCH SUB,32,D,BRKR,,,,,left_only
41165489,CHOWCHILLA SUB,32,D,BRKR,,,,,left_only
41215827,LINDEN SUB,32,D,BRKR,,,,,left_only
40991569,BASALT SUB,32,D,BRKR,,,,,left_only
42566551,KNIGHTS LANDING SUB,22,D,BRKR,,,,,left_only
41130929,LOCKHEED #2 SUB,22,D,BRKR,,,,,left_only
41209262,ATASCADERO SUB,32,D,BRKR,,,,,left_only
40993759,TEMBLOR SUB,42,D,BRKR,,,,,left_only
42594843,CHICO A SUB,22,D,BRKR,,,,,left_only
40990287,HURON SUB,32,D,BRKR,,,,,left_only
41212525,MIDDLE RIVER SUB,32,D,BRKR,,,,,left_only
41136853,CALFLAX SUB,32,D,BRKR,,,,,left_only
41360614,COPUS SUB,22,D,BRKR,,,,,left_only
41151758,CANTUA SUB,32,D,BRKR,,,,,left_only
41371721,BUENA VISTA SUB,22,D,BRKR,,,,,left_only
42566509,WILLIAMS SUB,22,D,BRKR,,,,,left_only
43159709,WHISMAN SUB,22,D,BRKR,,,,,left_only
41167581,CALFLAX SUB,22,D,BRKR,,,,,left_only
40990369,ARBUCKLE SUB,32,D,BRKR,,,,,left_only
40990288,HURON SUB,32,D,BRKR,,,,,left_only
41167583,CALFLAX SUB,32,D,BRKR,,,,,left_only
41360241,SAN BERNARD SUB,32,D,BRKR,,,,,left_only
41360242,SAN BERNARD SUB,32,D,BRKR,,,,,left_only
41113633,CORNING SUB,32,D,BRKR,,,,,left_only
41212521,MIDDLE RIVER SUB,32,D,BRKR,,,,,left_only
41184065,MANCHESTER SUB,32,D,BRKR,,,,,left_only
41334300,SANTA NELLA SUB,32,D,BRKR,,,,,left_only
40991336,CMC SUB,32,D,BRKR,,,,,left_only
41349507,OLIVEHURST SUB,32,D,BRKR,,,,,left_only
41333277,OLETA SUB,32,D,BRKR,,,,,left_only
42624364,MERCED FALLS SUB,22,D,BRKR,,,,,left_only
40990447,BUTTE SUB,32,D,BRKR,,,,,left_only
40990321,MILPITAS SUB,42,D,BRKR,,,,,left_only
40990353,SOBRANTE SUB,32,D,BRKR,,,,,left_only
40991449,BUTTE SUB,32,D,BRKR,,,,,left_only
40993704,SUISUN SUB,42,D,BRKR,,,,,left_only
42686980,LEMOORE SUB,22,D,BRKR,,,,,left_only
41365501,PARLIER SUB,32,D,BRKR,,,,,left_only
41234275,HIGHWAY SUB,32,D,BRKR,,,,,left_only
40990409,SAN MATEO SUB,42,D,BRKR,,,,,left_only
41370336,BIOLA SUB,22,D,BRKR,,,,,left_only
40991293,SANGER SUB,42,D,BRKR,,,,,left_only
40991323,SAN JOSE B SUB,32,D,BRKR,,,,,left_only
40993319,PLAINFIELD SUB,42,D,BRKR,,,,,left_only
41140122,GATES SUB,22,D,BRKR,,,,,left_only
40990234,SAN MIGUEL SUB,42,D,BRKR,,,,,left_only
41367524,HORSESHOE SUB,32,D,BRKR,,,,,left_only
40990515,COALINGA #1 SUB,42,D,BRKR,,,,,left_only
40990394,LOS GATOS SUB,32,D,BRKR,,,,,left_only
40991031,MILPITAS SUB,32,D,BRKR,,,,,left_only
41130539,CAMDEN SUB,32,D,BRKR,,,,,left_only
40990903,COLUMBUS SUB,42,D,BRKR,,,,,left_only
40990209,LAURELES SUB,42,D,BRKR,,,,,left_only
41345361,UKIAH SUB,22,D,BRKR,,,,,left_only
41218516,FREMONT SUB,32,D,BRKR,,,,,left_only
41351745,UKIAH SUB,22,D,BRKR,,,,,left_only
40996383,LAWRENCE SUB,52,D,BRKR,,,,,left_only
40993353,PUTAH CREEK SUB,42,D,BRKR,,,,,left_only
41361687,CAMDEN SUB,22,D,BRKR,,,,,left_only
41186174,RADUM SUB,32,D,BRKR,,,,,left_only
40990408,SAN MATEO SUB,42,D,BRKR,,,,,left_only
41364747,COUNTRY CLUB SUB,22,D,BRKR,,,,,left_only
41153657,CRESSEY SUB,32,D,BRKR,,,,,left_only
41364185,HONCUT SUB,22,D,BRKR,,,,,left_only
40990090,SCHINDLER SUB,32,D,BRKR,,,,,left_only
40990289,HURON SUB,32,D,BRKR,,,,,left_only
40990536,WEST SACRAMENTO SUB,42,D,BRKR,,,,,left_only
41349505,OLIVEHURST SUB,22,D,BRKR,,,,,left_only
40991339,VALLEY HOME SUB,32,D,BRKR,,,,,left_only
40990305,JAMESON SUB,32,D,BRKR,,,,,left_only
40992159,CHICO A SUB,42,D,BRKR,,,,,left_only
42716167,LIVINGSTON SUB,22,D,BRKR,,,,,left_only
41209671,VOLTA #1 PH,22,D,BRKR,,,,,left_only
41336702,LOS MOLINOS SUB,32,D,BRKR,,,,,left_only
41342565,SAN LEANDRO U SUB,22,D,BRKR,,,,,left_only
40990455,SAN JOSE B SUB,32,D,BRKR,,,,,left_only
40990089,SCHINDLER SUB,42,D,BRKR,,,,,left_only
40993485,SISQUOC SUB,42,D,BRKR,,,,,left_only
41130173,SAN JOSE B SUB,32,D,BRKR,,,,,left_only
40993484,SISQUOC SUB,42,D,BRKR,,,,,left_only
41122168,GEYSERVILLE SUB,32,D,BRKR,,,,,left_only
40990224,DAVIS SUB,42,D,BRKR,,,,,left_only
40990398,LOS GATOS SUB,32,D,BRKR,,,,,left_only
41338352,CHICO A SUB,32,D,BRKR,,,,,left_only
41365447,BORDEN SUB,22,D,BRKR,,,,,left_only
41366029,TRES VIAS SUB,22,D,BRKR,,,,,left_only
41184621,RAINBOW SUB,32,D,BRKR,,,,,left_only
41223998,DEL MAR SUB,32,D,BRKR,,,,,left_only
41359335,LOS OSITOS SUB,32,D,BRKR,,,,,left_only
41163290,LIVERMORE SUB,32,D,BRKR,,,,,left_only
42596376,WHEATLAND SUB,22,D,BRKR,,,,,left_only
41371696,FIREBAUGH SUB,32,D,BRKR,,,,,left_only
40990867,MT EDEN SUB,42,D,BRKR,,,,,left_only
40991682,WILLOWS A SUB,42,D,BRKR,,,,,left_only
40993002,MENDOTA SUB,42,D,BRKR,,,,,left_only
41186175,RADUM SUB,32,D,BRKR,,,,,left_only
40990308,OAKHURST SUB,42,D,BRKR,,,,,left_only
41360217,POSO MTN SUB,22,D,BRKR,,,,,left_only
40995081,LAWRENCE SUB,52,D,BRKR,,,,,left_only
41111104,CHOWCHILLA SUB,32,D,BRKR,,,,,left_only
43152713,KINGSBURG SUB,22,D,BRKR,,,,,left_only
40991290,WESTLEY SUB,32,D,BRKR,,,,,left_only
41336700,LOS MOLINOS SUB,32,D,BRKR,,,,,left_only
41357711,BOWLES SUB,32,D,BRKR,,,,,left_only
41363235,HIGHWAY SUB,22,D,BRKR,,,,,left_only
41113634,PEACHTON SUB,32,D,BRKR,,,,,left_only
40993411,WILKINS SLOUGH SUB,32,D,BRKR,,,,,left_only
42642544,MOUNTAIN VIEW SUB,32,D,BRKR,,,,,left_only
41334303,SANTA NELLA SUB,32,D,BRKR,,,,,left_only
42630309,KING CITY SUB,22,D,BRKR,,,,,left_only
41197461,WESTPARK SUB,32,D,BRKR,,,,,left_only
42641866,MAGUNDEN SUB,22,D,BRKR,,,,,left_only
41163291,LIVERMORE SUB,32,D,BRKR,,,,,left_only
41173760,PITTSBURG SUB,32,D,BRKR,,,,,left_only
41150875,MILLBRAE SUB,32,D,BRKR,,,,,left_only
41345853,ANTLER SUB,22,D,BRKR,,,,,left_only
40990935,DUNLAP SUB,32,D,BRKR,,,,,left_only
42620806,LINDEN SUB,22,D,BRKR,,,,,left_only
41330122,STOCKTON A SUB,22,D,BRKR,,,,,left_only
40990505,BURLINGAME SUB,42,D,BRKR,,,,,left_only
44168606,LIVINGSTON SUB,22,D,BRKR,,,,,left_only
41143024,LIVERMORE SUB,32,D,BRKR,,,,,left_only
41325572,MILLBRAE SUB,22,D,BRKR,,,,,left_only
40991133,OAKLAND I SUB,52,D,BRKR,,,,,left_only
42691702,MCMULLIN SUB,32,D,BRKR,,,,,left_only
40991077,MT EDEN SUB,32,D,BRKR,,,,,left_only
41168050,WHEELER RIDGE SUB,32,D,BRKR,,,,,left_only
40990302,WHISMAN SUB,42,D,BRKR,,,,,left_only
41268560,NORD SUB,32,D,BRKR,,,,,left_only
40991021,MONARCH SUB,42,D,BRKR,,,,,left_only
41370694,GRANT SUB,32,D,BRKR,,,,,left_only
40993591,SAN JOAQUIN SUB,32,D,BRKR,,,,,left_only
41357709,BOWLES SUB,22,D,BRKR,,,,,left_only
45111929,DOLAN RD SUB,22,D,BRKR,,,,,left_only
41150985,MILLBRAE SUB,32,D,BRKR,,,,,left_only
40990094,BURLINGAME SUB,42,D,BRKR,,,,,left_only
42677606,LAMONT SUB,22,D,BRKR,,,,,left_only
40990487,DAIRYVILLE SUB,42,D,BRKR,,,,,left_only
45100025,DOLAN RD SUB,22,D,BRKR,,,,,left_only
41325575,MILLBRAE SUB,32,D,BRKR,,,,,left_only
41131765,MALAGA SUB,32,D,BRKR,,,,,left_only
41360585,TEJON SUB,32,D,BRKR,,,,,left_only
40989990,WILLOWS A SUB,42,D,BRKR,,,,,left_only
40990462,MCMULLIN SUB,42,D,BRKR,,,,,left_only
40990506,BURLINGAME SUB,42,D,BRKR,,,,,left_only
40990934,DUNLAP SUB,32,D,BRKR,,,,,left_only
40990195,PEACHTON SUB,42,D,BRKR,,,,,left_only
40990359,ARBUCKLE SUB,32,D,BRKR,,,,,left_only
41217702,WESTPARK SUB,32,D,BRKR,,,,,left_only
42626967,CORCORAN SUB,22,D,BRKR,,,,,left_only
42596378,WHEATLAND SUB,22,D,BRKR,,,,,left_only
40990358,ARBUCKLE SUB,42,D,BRKR,,,,,left_only
40990272,REDWOOD CITY SUB,32,D,BRKR,,,,,left_only
40992448,FORT ROSS SUB,42,D,BRKR,,,,,left_only
42563314,GRANT SUB,22,D,BRKR,,,,,left_only
41342004,WEST FRESNO SUB,32,D,BRKR,,,,,left_only
41161702,BELLE HAVEN SUB,32,D,BRKR,,,,,left_only
40990507,BURLINGAME SUB,42,D,BRKR,,,,,left_only
40990430,HAMILTON A SUB,42,D,BRKR,,,,,left_only
40990429,HAMILTON A SUB,42,D,BRKR,,,,,left_only
41357712,BOWLES SUB,22,D,BRKR,,,,,left_only
40991075,ALPAUGH SUB,32,D,BRKR,,,,,left_only
41371698,FIREBAUGH SUB,22,D,BRKR,,,,,left_only
40990527,WHISMAN SUB,32,D,BRKR,,,,,left_only
40991186,MARICOPA SUB,42,D,BRKR,,,,,left_only
41357710,BOWLES SUB,32,D,BRKR,,,,,left_only
41178980,SAN JOAQUIN SUB,32,D,BRKR,,,,,left_only
41088900,SISQUOC SUB,32,D,BRKR,,,,,left_only
40991136,WHEELER RIDGE SUB,42,D,BRKR,,,,,left_only
40990281,TRACY SUB,32,D,BRKR,,,,,left_only
41338404,SAN CARLOS SUB,32,D,BRKR,,,,,left_only
41136313,CALIFORNIA AVE SUB,32,D,BRKR,,,,,left_only
40990259,CALIFORNIA AVE SUB,32,D,BRKR,,,,,left_only
40990290,HURON SUB,32,D,BRKR,,,,,left_only
41205105,ARVIN SUB,32,D,BRKR,,,,,left_only
41328354,TUPMAN SUB,22,D,BRKR,,,,,left_only
40990504,BURLINGAME SUB,42,D,BRKR,,,,,left_only
41324983,REDWOOD CITY SUB,22,D,BRKR,,,,,left_only
40991060,MALAGA SUB,42,D,BRKR,,,,,left_only
40991570,BASALT SUB,32,D,BRKR,,,,,left_only
40991703,FRENCH CAMP SUB,42,D,BRKR,,,,,left_only
41354330,WINTERS SUB,22,D,BRKR,,,,,left_only
41195518,SUMMIT SUB,32,D,BRKR,,,,,left_only
41156041,ANNAPOLIS SUB,32,D,BRKR,,,,,left_only
41347426,ESQUON SUB,32,D,BRKR,,,,,left_only
42573690,CANTUA SUB,32,D,BRKR,,,,,left_only
40990833,HILLSDALE SUB,42,D,BRKR,,,,,left_only
41353903,WILKINS SLOUGH SUB,32,D,BRKR,,,,,left_only
41347431,ESQUON SUB,32,D,BRKR,,,,,left_only
42549379,SAN ARDO SUB,22,D,BRKR,,,,,left_only
41353905,WILKINS SLOUGH SUB,32,D,BRKR,,,,,left_only
40990283,STROUD SUB,32,D,BRKR,,,,,left_only
41205341,ANTELOPE SUB,32,D,BRKR,,,,,left_only
41351353,BUENA VISTA SUB,22,D,BRKR,,,,,left_only
40990393,LOS COCHES SUB,42,D,BRKR,,,,,left_only
41360225,SAN BERNARD SUB,32,D,BRKR,,,,,left_only
41205109,ARVIN SUB,22,D,BRKR,,,,,left_only
41212523,MIDDLE RIVER SUB,32,D,BRKR,,,,,left_only
41205107,ARVIN SUB,32,D,BRKR,,,,,left_only
40990878,HILLSDALE SUB,32,D,BRKR,,,,,left_only
40991020,MONARCH SUB,42,D,BRKR,,,,,left_only
40990831,HILLSDALE SUB,42,D,BRKR,,,,,left_only
40991019,MONARCH SUB,42,D,BRKR,,,,,left_only
40990812,HILLSDALE SUB,42,D,BRKR,,,,,left_only
40992158,CHICO A SUB,42,D,BRKR,,,,,left_only
41233510,SAN JOSE A SUB,32,D,BRKR,,,,,left_only
40991966,BAKERSFIELD SUB,43,D,BRKR,,,,,left_only
40991962,BAKERSFIELD SUB,43,D,BRKR,,,,,left_only
40991960,BAKERSFIELD SUB,43,D,BRKR,,,,,left_only
40991958,BAKERSFIELD SUB,43,D,BRKR,,,,,left_only
40991967,BAKERSFIELD SUB,43,D,BRKR,,,,,left_only
40991959,BAKERSFIELD SUB,43,D,BRKR,,,,,left_only
40991957,BAKERSFIELD SUB,43,D,BRKR,,,,,left_only
40991965,BAKERSFIELD SUB,43,D,BRKR,,,,,left_only
40991964,BAKERSFIELD SUB,43,D,BRKR,,,,,left_only
40990870,KERN OIL SUB,43,D,BRKR,,,,,left_only
40991961,BAKERSFIELD SUB,43,D,BRKR,,,,,left_only
40991963,BAKERSFIELD SUB,42,D,BRKR,,,,,left_only
40992949,MAGUNDEN SUB,43,D,BRKR,,,,,left_only
40992948,MAGUNDEN SUB,43,D,BRKR,,,,,left_only
40995957,FORT ORD SUB,43,D,BRKR,,,,,left_only
40995096,MILLBRAE SUB,53,D,BRKR,,,,,left_only
40989897,UKIAH SUB,43,D,BRKR,,,,,left_only
40993645,SONOMA A SUB,43,D,BRKR,,,,,left_only
40996221,KERN OIL SUB,43,D,BRKR,,,,,left_only
40993647,SONOMA A SUB,43,D,BRKR,,,,,left_only
40995809,DALY CITY SUB,53,D,BRKR,,,,,left_only
40995073,KERN OIL SUB,53,D,BRKR,,,,,left_only
41368012,TAFT SUB,33,D,BRKR,,,,,left_only
40995112,MT EDEN SUB,43,D,BRKR,,,,,left_only
40995115,MT EDEN SUB,43,D,BRKR,,,,,left_only
40989951,WASCO SUB,43,D,BRKR,,,,,left_only
40989950,WASCO SUB,33,D,BRKR,,,,,left_only
40991828,WASCO SUB,43,D,BRKR,,,,,left_only
40991662,TIDEWATER SUB,43,D,BRKR,,,,,left_only
40992272,DAVIS SUB,43,D,BRKR,,,,,left_only
40997349,STOREY SUB,43,D,BRKR,,,,,left_only
40989961,WEST SACRAMENTO SUB,43,D,BRKR,,,,,left_only
40992514,GRANT SUB,43,D,BRKR,,,,,left_only
40990968,MENLO SUB,53,D,BRKR,,,,,left_only
40993008,MENLO SUB,53,D,BRKR,,,,,left_only
40993245,OAKLAND J SUB,43,D,BRKR,,,,,left_only
40991594,STAGG SUB,43,D,BRKR,,,,,left_only
40991596,STAGG SUB,43,D,BRKR,,,,,left_only
40991825,STAGG SUB,43,D,BRKR,,,,,left_only
40990803,FIGARDEN SUB,43,D,BRKR,,,,,left_only
40990804,FIGARDEN SUB,43,D,BRKR,,,,,left_only
40990797,FIGARDEN SUB,43,D,BRKR,,,,,left_only
40996747,OAKLAND J SUB,53,D,BRKR,,,,,left_only
44826268,SAN FRAN P(HUNTERS POINT) SUB,23,D,BRKR,,,,,left_only
43702757,DIVIDE SUB,23,D,BRKR,,,,,left_only
44216811,LAKEWOOD SUB,23,D,BRKR,,,,,left_only
40991226,SAN FRAN A (POTRERO PP) SUB,43,D,BRKR,,,,,left_only
40991807,SAN FRAN A (POTRERO PP) SUB,43,D,BRKR,,,,,left_only
42735884,TEMPLETON SUB,33,D,BRKR,,,,,left_only
45003759,CONTRA COSTA SUB,13,D,BRKR,,,,,left_only
43177407,CONTRA COSTA SUB,23,D,BRKR,,,,,left_only
40991228,SAN FRAN A (POTRERO PP) SUB,43,D,BRKR,,,,,left_only
43601529,EVERGREEN SUB,23,D,BRKR,,,,,left_only
42761228,MOSHER SUB,23,D,BRKR,,,,,left_only
44778006,LAKEWOOD SUB,13,D,BRKR,,,,,left_only
45133995,LLAGAS SUB,13,D,BRKR,,,,,left_only
42731812,TASSAJARA SUB,23,D,BRKR,,,,,left_only
45412790,STOCKDALE SUB,13,D,BRKR,,,,,left_only
40992556,HICKS SUB,43,D,BRKR,,,,,left_only
40992557,HICKS SUB,43,D,BRKR,,,,,left_only
45472136,STAGG SUB,23,D,BRKR,,,,,left_only
45071953,PAUL SWEET SUB,13,D,BRKR,,,,,left_only
42696060,TIDEWATER SUB,23,D,BRKR,,,,,left_only
40991227,SAN FRAN A (POTRERO PP) SUB,43,D,BRKR,,,,,left_only
44741416,DEL MONTE SUB,13,D,BRKR,,,,,left_only
43144900,MEADOW LANE SUB,23,D,BRKR,,,,,left_only
45597688,MONTAGUE SUB,13,D,BRKR,,,,,left_only
41371708,EVERGREEN SUB,23,D,BRKR,,,,,left_only
44170912,ROB ROY SUB,23,D,BRKR,,,,,left_only
42690518,SAN LEANDRO U SUB,23,D,BRKR,,,,,left_only
42759001,CONTRA COSTA SUB,23,D,BRKR,,,,,left_only
44856145,BELLEVUE SUB,13,D,BRKR,,,,,left_only
44842247,EL PATIO SUB,23,D,BRKR,,,,,left_only
42623676,PANAMA SUB,23,D,BRKR,,,,,left_only
45193672,CAMP EVERS SUB,13,D,BRKR,,,,,left_only
43215591,HOLLISTER SUB,23,D,BRKR,,,,,left_only
42710006,FREMONT SUB,23,D,BRKR,,,,,left_only
40992097,BULLARD SUB,43,D,BRKR,,,,,left_only
42714917,MOUNTAIN VIEW SUB,23,D,BRKR,,,,,left_only
44216807,LAKEWOOD SUB,23,D,BRKR,,,,,left_only
45360004,CONTRA COSTA SUB,13,D,BRKR,,,,,left_only
44736561,HICKS SUB,13,D,BRKR,,,,,left_only
42706068,WILLOW PASS SUB,23,D,BRKR,,,,,left_only
42718059,MOUNTAIN VIEW SUB,23,D,BRKR,,,,,left_only
44375937,IGNACIO SUB,23,D,BRKR,,,,,left_only
43249020,OCEANO SUB,23,D,BRKR,,,,,left_only
45239326,ASHLAN AVE SUB,13,D,BRKR,,,,,left_only
42685147,FIGARDEN SUB,23,D,BRKR,,,,,left_only
42708561,NEWARK DIST SUB,23,D,BRKR,,,,,left_only
42731816,TASSAJARA SUB,23,D,BRKR,,,,,left_only
45330244,PAUL SWEET SUB,13,D,BRKR,,,,,left_only
42757657,CONTRA COSTA SUB,23,D,BRKR,,,,,left_only
42828542,BAKERSFIELD SUB,23,D,BRKR,,,,,left_only
42731576,CLAYTON SUB,23,D,BRKR,,,,,left_only
42626744,EIGHT MILE SUB,23,D,BRKR,,,,,left_only
42635939,EIGHT MILE SUB,23,D,BRKR,,,,,left_only
42640847,FIGARDEN SUB,33,D,BRKR,,,,,left_only
45022330,FIGARDEN SUB,13,D,BRKR,,,,,left_only
45260800,ASHLAN AVE SUB,13,D,BRKR,,,,,left_only
45530611,BRENTWOOD SUB,13,D,BRKR,,,,,left_only
45636652,CLAYTON SUB,13,D,BRKR,,,,,left_only
44574403,BRENTWOOD SUB,13,D,BRKR,,,,,left_only
43186397,MERCED SUB,23,D,BRKR,,,,,left_only
42828544,BAKERSFIELD SUB,23,D,BRKR,,,,,left_only
42764611,MOSHER SUB,23,D,BRKR,,,,,left_only
45640079,TEMPLETON SUB,13,D,BRKR,,,,,left_only
45570066,STAGG SUB,13,D,BRKR,,,,,left_only
42705798,LINCOLN SUB,23,D,BRKR,,,,,left_only
43702759,DIVIDE SUB,23,D,BRKR,,,,,left_only
42703419,VACA DIXON SUB,23,D,BRKR,,,,,left_only
45064018,SOLEDAD SUB,13,D,BRKR,,,,,left_only
40991229,SAN FRAN A (POTRERO PP) SUB,43,D,BRKR,,,,,left_only
42757118,TEMPLETON SUB,23,D,BRKR,,,,,left_only
41326366,PLEASANT GROVE SUB,33,D,BRKR,,,,,left_only
44875183,MONROE SUB,23,D,BRKR,,,,,left_only
42828492,LAKEVILLE SUB,23,D,BRKR,,,,,left_only
45024001,GRANT SUB,23,D,BRKR,,,,,left_only
44278224,LAWRENCE SUB,23,D,BRKR,,,,,left_only
42574003,PANAMA SUB,23,D,BRKR,,,,,left_only
42761226,MOSHER SUB,23,D,BRKR,,,,,left_only
45427174,SAN JOSE B SUB,23,D,BRKR,,,,,left_only
45358549,MOUNTAIN VIEW SUB,23,D,BRKR,,,,,left_only
42786082,PUEBLO SUB,23,D,BRKR,,,,,left_only
44984905,CONTRA COSTA SUB,13,D,BRKR,,,,,left_only
42685121,MONROE SUB,23,D,BRKR,,,,,left_only
45035105,BELLEVUE SUB,13,D,BRKR,,,,,left_only
45238198,PUEBLO SUB,13,D,BRKR,,,,,left_only
41365589,WILLOW PASS SUB,23,D,BRKR,,,,,left_only
42705802,LINCOLN SUB,23,D,BRKR,,,,,left_only
41326370,PLEASANT GROVE SUB,23,D,BRKR,,,,,left_only
42733566,MERCED SUB,23,D,BRKR,,,,,left_only
42688570,TEVIS SUB,23,D,BRKR,,,,,left_only
44171573,MONTAGUE SUB,13,D,BRKR,,,,,left_only
42596273,DEL MAR SUB,23,D,BRKR,,,,,left_only
42553267,SHINGLE SPRINGS SUB,33,D,BRKR,,,,,left_only
44564033,WOODWARD SUB,13,D,BRKR,,,,,left_only
44723587,PUEBLO SUB,13,D,BRKR,,,,,left_only
45266935,EVERGREEN SUB,13,D,BRKR,,,,,left_only
45571577,MONROE SUB,13,D,BRKR,,,,,left_only
45204827,SAN FRAN A (POTRERO PP) SUB,13,D,BRKR,,,,,left_only
45101983,SAN FRAN A (POTRERO PP) SUB,13,D,BRKR,,,,,left_only
42755632,FAIRVIEW SUB,23,D,BRKR,,,,,left_only
42694162,DEL MONTE SUB,23,D,BRKR,,,,,left_only
40996556,MILPITAS SUB,53,D,BRKR,,,,,left_only
42637865,TEVIS SUB,23,D,BRKR,,,,,left_only
40991806,SAN FRAN A (POTRERO PP) SUB,43,D,BRKR,,,,,left_only
44310748,VINEYARD SUB,13,D,BRKR,,,,,left_only
42570197,BAY MEADOWS SUB,23,D,BRKR,,,,,left_only
45249540,MCKEE SUB,23,D,BRKR,,,,,left_only
42758995,CONTRA COSTA SUB,23,D,BRKR,,,,,left_only
45261443,ASHLAN AVE SUB,13,D,BRKR,,,,,left_only
45035103,BELLEVUE SUB,13,D,BRKR,,,,,left_only
42596269,DEL MAR SUB,23,D,BRKR,,,,,left_only
42711862,FRANKLIN SUB,23,D,BRKR,,,,,left_only
42758999,CONTRA COSTA SUB,23,D,BRKR,,,,,left_only
44216809,LAKEWOOD SUB,23,D,BRKR,,,,,left_only
45488333,ALTO SUB,13,D,BRKR,,,,,left_only
42573570,LLAGAS SUB,23,D,BRKR,,,,,left_only
42751892,HALF MOON BAY SUB,23,D,BRKR,,,,,left_only
45189514,APPLE HILL SUB,13,D,BRKR,,,,,left_only
42596271,DEL MAR SUB,23,D,BRKR,,,,,left_only
44310665,VINEYARD SUB,23,D,BRKR,,,,,left_only
42737540,PEABODY SUB,23,D,BRKR,,,,,left_only
42672302,BRENTWOOD SUB,23,D,BRKR,,,,,left_only
45003761,CONTRA COSTA SUB,13,D,BRKR,,,,,left_only
44666383,RINCON SUB,23,D,BRKR,,,,,left_only
44656041,LOGAN CREEK SUB,13,D,BRKR,,,,,left_only
42744386,PEABODY SUB,23,D,BRKR,,,,,left_only
45569657,STOCKDALE SUB,13,D,BRKR,,,,,left_only
42828546,BAKERSFIELD SUB,23,D,BRKR,,,,,left_only
43227484,CLAYTON SUB,23,D,BRKR,,,,,left_only
44326794,BAY MEADOWS SUB,23,D,BRKR,,,,,left_only
45374767,PEABODY SUB,13,D,BRKR,,,,,left_only
45619459,HICKS SUB,13,D,BRKR,,,,,left_only
45661633,STOCKDALE SUB,13,D,BRKR,,,,,left_only
45693720,BRENTWOOD SUB,13,D,BRKR,,,,,left_only
42759968,SANTA MARIA SUB,23,D,BRKR,,,,,left_only
44635533,COTTLE SUB,13,D,BRKR,,,,,left_only
42617472,LAS POSITAS SUB,23,D,BRKR,,,,,left_only
43240431,POSO MTN SUB,23,D,BRKR,,,,,left_only
43592422,EL CAPITAN SUB,23,D,BRKR,,,,,left_only
42680767,ALTO SUB,23,D,BRKR,,,,,left_only
44728490,CAMP EVERS SUB,13,D,BRKR,,,,,left_only
42628006,FIGARDEN SUB,23,D,BRKR,,,,,left_only
42628004,GATES SUB,23,D,BRKR,,,,,left_only
45300763,BELLE HAVEN SUB,13,D,BRKR,,,,,left_only
42830021,GATES SUB,23,D,BRKR,,,,,left_only
42553248,SHINGLE SPRINGS SUB,23,D,BRKR,,,,,left_only
42728681,VACA DIXON SUB,23,D,BRKR,,,,,left_only
42628002,GATES SUB,23,D,BRKR,,,,,left_only
42628000,GATES SUB,33,D,BRKR,,,,,left_only
42830019,GATES SUB,23,D,BRKR,,,,,left_only
42750606,DIVIDE SUB,23,D,BRKR,,,,,left_only
42830023,GATES SUB,23,D,BRKR,,,,,left_only
42713511,POINT PINOLE SUB,23,D,BRKR,,,,,left_only
42645713,GRAND ISLAND SUB,23,D,BRKR,,,,,left_only
42626738,EIGHT MILE SUB,23,D,BRKR,,,,,left_only
41365587,WILLOW PASS SUB,23,D,BRKR,,,,,left_only
42685086,FIGARDEN SUB,23,D,BRKR,,,,,left_only
42685107,FIGARDEN SUB,23,D,BRKR,,,,,left_only
45324493,LAS GALLINAS A SUB,13,D,BRKR,,,,,left_only
42760115,SAN FRAN P(HUNTERS POINT) SUB,23,D,BRKR,,,,,left_only
44848668,FORT ORD SUB,23,D,BRKR,,,,,left_only
41112611,OAKLAND J SUB,33,D,BRKR,,,,,left_only
44918408,BELLEVUE SUB,13,D,BRKR,,,,,left_only
41112609,OAKLAND J SUB,33,D,BRKR,,,,,left_only
42727356,MI-WUK SUB,23,D,BRKR,,,,,left_only
44226654,DEL MONTE SUB,23,D,BRKR,,,,,left_only
45260802,ASHLAN AVE SUB,13,D,BRKR,,,,,left_only
45561001,MOUNTAIN VIEW SUB,13,D,BRKR,,,,,left_only
45577522,MOUNTAIN VIEW SUB,13,D,BRKR,,,,,left_only
42573945,KERN PP DIST SUB,33,D,BRKR,,,,,left_only
44668458,HICKS SUB,23,D,BRKR,,,,,left_only
42626743,EIGHT MILE SUB,23,D,BRKR,,,,,left_only
42613704,HIGHWAY SUB,33,D,BRKR,,,,,left_only
44936089,SAN LEANDRO U SUB,13,D,BRKR,,,,,left_only
42727354,MI-WUK SUB,23,D,BRKR,,,,,left_only
44255635,SAN RAFAEL SUB,23,D,BRKR,,,,,left_only
42687492,ARCATA SUB,23,D,BRKR,,,,,left_only
42761224,MOSHER SUB,23,D,BRKR,,,,,left_only
42705801,LINCOLN SUB,23,D,BRKR,,,,,left_only
42833667,LAKEVILLE SUB,23,D,BRKR,,,,,left_only
42663479,DELEVAN SUB,23,D,BRKR,,,,,left_only
42828494,LAKEVILLE SUB,23,D,BRKR,,,,,left_only
42663491,DELEVAN SUB,23,D,BRKR,,,,,left_only
45503067,ALTO SUB,23,D,BRKR,,,,,left_only
43590801,PANOCHE SUB,23,D,BRKR,,,,,left_only
42736636,COTTONWOOD SUB,23,D,BRKR,,,,,left_only
42625978,SARATOGA SUB,23,D,BRKR,,,,,left_only
44450022,BRITTON SUB,23,D,BRKR,,,,,left_only
45186725,MCCALL SUB,13,D,BRKR,,,,,left_only
45238200,PUEBLO SUB,13,D,BRKR,,,,,left_only
45319178,CAMP EVERS SUB,13,D,BRKR,,,,,left_only
45484717,MORGAN HILL SUB,13,D,BRKR,,,,,left_only
45613380,HOLLISTER SUB,13,D,BRKR,,,,,left_only
45708666,BELLEVUE SUB,13,D,BRKR,,,,,left_only
42714808,MOUNTAIN VIEW SUB,23,D,BRKR,,,,,left_only
42746978,EDES SUB,23,D,BRKR,,,,,left_only
45261379,MONTE RIO SUB,13,D,BRKR,,,,,left_only
45150563,ALTO SUB,13,D,BRKR,,,,,left_only
45508983,HICKS SUB,23,D,BRKR,,,,,left_only
44626826,HICKS SUB,23,D,BRKR,,,,,left_only
42731776,TASSAJARA SUB,23,D,BRKR,,,,,left_only
42735260,HIGHWAY SUB,23,D,BRKR,,,,,left_only
45471186,ALTO SUB,13,D,BRKR,,,,,left_only
45536025,HICKS SUB,23,D,BRKR,,,,,left_only
44213381,RIPON SUB,23,D,BRKR,,,,,left_only
44932809,SILVERADO SUB,13,D,BRKR,,,,,left_only
44965188,BRITTON SUB,23,D,BRKR,,,,,left_only
42734666,LOCKEFORD SUB,23,D,BRKR,,,,,left_only
42562129,ASHLAN AVE SUB,23,D,BRKR,,,,,left_only
42553245,SHINGLE SPRINGS SUB,23,D,BRKR,,,,,left_only
44204002,EUREKA E SUB,23,D,BRKR,,,,,left_only
42605856,PLAINFIELD SUB,23,D,BRKR,,,,,left_only
42672422,STELLING SUB,23,D,BRKR,,,,,left_only
42685793,SAN LEANDRO U SUB,23,D,BRKR,,,,,left_only
45260790,ASHLAN AVE SUB,13,D,BRKR,,,,,left_only
42642514,STOREY SUB,23,D,BRKR,,,,,left_only
44688006,RINCON SUB,13,D,BRKR,,,,,left_only
43594291,NARROWS SUB,23,D,BRKR,,,,,left_only
44183518,SAN LUIS OBISPO SUB,23,D,BRKR,,,,,left_only
44616995,SAN LUIS OBISPO SUB,13,D,BRKR,,,,,left_only
45249583,DUMBARTON SUB,23,D,BRKR,,,,,left_only
42575433,PASO ROBLES SUB,33,D,BRKR,,,,,left_only
42672323,LAKEWOOD SUB,23,D,BRKR,,,,,left_only
43191168,OCEANO SUB,23,D,BRKR,,,,,left_only
43680550,POSO MTN SUB,23,D,BRKR,,,,,left_only
45705554,CHOLAME SUB,13,D,BRKR,,,,,left_only
44264528,AVENAL SUB,23,D,BRKR,,,,,left_only
45071477,FMC SUB,23,D,BRKR,,,,,left_only
44170298,AVENAL SUB,23,D,BRKR,,,,,left_only
42645715,GRAND ISLAND SUB,23,D,BRKR,,,,,left_only
42681762,STOCKDALE SUB,23,D,BRKR,,,,,left_only
45272776,ROSSMOOR SUB,13,D,BRKR,,,,,left_only
42754866,REDBUD SUB,23,D,BRKR,,,,,left_only
45260794,ASHLAN AVE SUB,13,D,BRKR,,,,,left_only
42613245,MCCALL SUB,23,D,BRKR,,,,,left_only
42747906,MCCALL SUB,23,D,BRKR,,,,,left_only
43145749,EL PATIO SUB,23,D,BRKR,,,,,left_only
45218359,FIGARDEN SUB,13,D,BRKR,,,,,left_only
45127483,DOLAN RD SUB,23,D,BRKR,,,,,left_only
45420994,STAFFORD SUB,23,D,BRKR,,,,,left_only
43687281,VALLEY HOME SUB,23,D,BRKR,,,,,left_only
42749036,ASHLAN AVE SUB,23,D,BRKR,,,,,left_only
42574305,TEVIS SUB,23,D,BRKR,,,,,left_only
44213385,RIPON SUB,23,D,BRKR,,,,,left_only
45554540,CORNING SUB,23,D,BRKR,,,,,left_only
45245996,TYLER SUB,23,D,BRKR,,,,,left_only
42703618,CASSIDY SUB,23,D,BRKR,,,,,left_only
42681142,SANTA MARIA SUB,23,D,BRKR,,,,,left_only
43229333,RIVERBANK SUB,23,D,BRKR,,,,,left_only
42675909,PEORIA SUB,33,D,BRKR,,,,,left_only
44932759,ASHLAN AVE SUB,13,D,BRKR,,,,,left_only
44196203,MT EDEN SUB,23,D,BRKR,,,,,left_only
45261403,PUEBLO SUB,13,D,BRKR,,,,,left_only
44739529,LERDO SUB,13,D,BRKR,,,,,left_only
44277641,ASHLAN AVE SUB,23,D,BRKR,,,,,left_only
42632172,MILPITAS SUB,33,D,BRKR,,,,,left_only
44825279,LERDO SUB,13,D,BRKR,,,,,left_only
42743386,VACA DIXON SUB,23,D,BRKR,,,,,left_only
44169698,MCKEE SUB,23,D,BRKR,,,,,left_only
43133719,ROSSMOOR SUB,23,D,BRKR,,,,,left_only
42737516,WEBER SUB,23,D,BRKR,,,,,left_only
42705720,HENRIETTA SUB,23,D,BRKR,,,,,left_only
42568087,BAY MEADOWS SUB,23,D,BRKR,,,,,left_only
44657746,BULLARD SUB,13,D,BRKR,,,,,left_only
42718175,GLENN SUB,23,D,BRKR,,,,,left_only
43175726,STOCKDALE SUB,23,D,BRKR,,,,,left_only
43145756,EL PATIO SUB,23,D,BRKR,,,,,left_only
45184954,DALY CITY SUB,23,D,BRKR,,,,,left_only
45005129,BELMONT SUB,23,D,BRKR,,,,,left_only
45421074,ASHLAN AVE SUB,23,D,BRKR,,,,,left_only
45596247,MT EDEN SUB,23,D,BRKR,,,,,left_only
45111373,JARVIS SUB,13,D,BRKR,,,,,left_only
45705585,JARVIS SUB,13,D,BRKR,,,,,left_only
45700978,SAN RAFAEL SUB,13,D,BRKR,,,,,left_only
45569659,STOCKDALE SUB,13,D,BRKR,,,,,left_only
45729222,MCKEE SUB,13,D,BRKR,,,,,left_only
45707239,FREMONT SUB,13,D,BRKR,,,,,left_only
42688019,ARCATA SUB,23,D,BRKR,,,,,left_only
42627555,CLOVIS SUB,23,D,BRKR,BRKR,2026-02-04,,JIT,both
43144529,IGNACIO SUB,23,D,BRKR,,,,,left_only
42691210,PRUNEDALE SUB,23,D,BRKR,,,,,left_only
44213387,RIPON SUB,23,D,BRKR,,,,,left_only
42627168,SYCAMORE CREEK SUB,23,D,BRKR,,,,,left_only
44977350,CASTROVILLE SUB,13,D,BRKR,,,,,left_only
44890133,PASO ROBLES SUB,23,D,BRKR,,,,,left_only
42715959,GRANT SUB,23,D,BRKR,,,,,left_only
44657743,BULLARD SUB,13,D,BRKR,,,,,left_only
43590793,PANOCHE SUB,23,D,BRKR,,,,,left_only
40991559,SAN FRAN A (POTRERO PP) SUB,33,D,BRKR,,,,,left_only
43590786,PANOCHE SUB,23,D,BRKR,,,,,left_only
42625115,DAVIS SUB,23,D,BRKR,,,,,left_only
42757437,OROSI SUB,23,D,BRKR,,,,,left_only
40991557,SAN FRAN A (POTRERO PP) SUB,33,D,BRKR,,,,,left_only
40991560,SAN FRAN A (POTRERO PP) SUB,33,D,BRKR,,,,,left_only
45670259,MCCALL SUB,23,D,BRKR,,,,,left_only
44700711,CLOVIS SUB,13,D,BRKR,,,,,left_only
44861998,HILLSDALE SUB,23,D,BRKR,,,,,left_only
44170292,GREENBRAE SUB,23,D,BRKR,,,,,left_only
44076944,WEST FRESNO SUB,23,D,BRKR,,,,,left_only
42750786,SAN LUIS OBISPO SUB,23,D,BRKR,,,,,left_only
44436079,NEWBURG SUB,23,D,BRKR,,,,,left_only
44433171,MILLBRAE SUB,23,D,BRKR,,,,,left_only
45011694,BAHIA SUB,13,D,BRKR,,,,,left_only
42683206,HATTON SUB,23,D,BRKR,,,,,left_only
42731578,CLAYTON SUB,23,D,BRKR,,,,,left_only
44712908,MEADOW LANE SUB,13,D,BRKR,,,,,left_only
44282378,BAY MEADOWS SUB,23,D,BRKR,,,,,left_only
44276697,PUEBLO SUB,23,D,BRKR,,,,,left_only
45414851,MORAGA SUB,13,D,BRKR,,,,,left_only
42709955,STOCKDALE SUB,23,D,BRKR,,,,,left_only
45260792,ASHLAN AVE SUB,13,D,BRKR,,,,,left_only
44148071,DAVIS SUB,23,D,BRKR,,,,,left_only
43145747,EL PATIO SUB,23,D,BRKR,,,,,left_only
44770332,BULLARD SUB,13,D,BRKR,,,,,left_only
45413962,WESTPARK SUB,23,D,BRKR,,,,,left_only
45410765,ROSSMOOR SUB,23,D,BRKR,,,,,left_only
45484707,EDENVALE SUB,23,D,BRKR,,,,,left_only
42630938,WEST FRESNO SUB,23,D,BRKR,,,,,left_only
42576357,SYCAMORE CREEK SUB,23,D,BRKR,,,,,left_only
45420530,REDWOOD CITY SUB,23,D,BRKR,,,,,left_only
42687993,ARCATA SUB,23,D,BRKR,,,,,left_only
42632192,SERRAMONTE SUB,23,D,BRKR,,,,,left_only
44814828,STANISLAUS PH,13,D,BRKR,,,,,left_only
45399436,SAN LEANDRO U SUB,23,D,BRKR,,,,,left_only
42731599,WYANDOTTE SUB,23,D,BRKR,,,,,left_only
45593425,EL CAPITAN SUB,23,D,BRKR,,,,,left_only
45569048,KINGSBURG SUB,23,D,BRKR,,,,,left_only
42597526,EAST GRAND SUB,33,D,BRKR,,,,,left_only
44254512,BUTTE SUB,33,D,BRKR,,,,,left_only
44205898,LAS GALLINAS A SUB,23,D,BRKR,,,,,left_only
42563564,EDES SUB,33,D,BRKR,,,,,left_only
44170054,SANTA MARIA SUB,23,D,BRKR,,,,,left_only
43193350,OCEANO SUB,23,D,BRKR,,,,,left_only
43228330,ALTO SUB,23,D,BRKR,,,,,left_only
43683844,LOGAN CREEK SUB,23,D,BRKR,,,,,left_only
45130815,DUNBAR SUB,23,D,BRKR,,,,,left_only
42728121,LAMONT SUB,23,D,BRKR,,,,,left_only
42622498,PASO ROBLES SUB,33,D,BRKR,,,,,left_only
43192807,BOGUE SUB,23,D,BRKR,,,,,left_only
41366430,HIGGINS SUB,23,D,BRKR,,,,,left_only
43600627,SCHINDLER SUB,23,D,BRKR,,,,,left_only
42731566,KERN OIL SUB,23,D,BRKR,,,,,left_only
42735263,HIGHWAY SUB,23,D,BRKR,,,,,left_only
42755437,MCCALL SUB,23,D,BRKR,,,,,left_only
42676398,PASO ROBLES SUB,23,D,BRKR,,,,,left_only
42705172,MADERA SUB,23,D,BRKR,,,,,left_only
43593168,WEST FRESNO SUB,23,D,BRKR,,,,,left_only
43194026,ORO LOMA SUB,23,D,BRKR,,,,,left_only
42687563,ARCATA SUB,23,D,BRKR,,,,,left_only
42750734,NAPA SUB,23,D,BRKR,,,,,left_only
44329973,LE GRAND SUB,23,D,BRKR,,,,,left_only
41372731,PETALUMA C SUB,33,D,BRKR,,,,,left_only
42732388,WYANDOTTE SUB,23,D,BRKR,,,,,left_only
42708048,HAMMER SUB,23,D,BRKR,,,,,left_only
45399438,STELLING SUB,13,D,BRKR,,,,,left_only
44932076,EL NIDO SUB,23,D,BRKR,,,,,left_only
43191523,PEASE SUB,23,D,BRKR,,,,,left_only
43604815,MANCHESTER SUB,23,D,BRKR,,,,,left_only
42741582,LEMOORE SUB,23,D,BRKR,,,,,left_only
44600638,PASO ROBLES SUB,13,D,BRKR,,,,,left_only
45511269,HUMBOLDT BAY PP,23,D,BRKR,,,,,left_only
44192862,MANCHESTER SUB,23,D,BRKR,,,,,left_only
44707477,OCEANO SUB,13,D,BRKR,,,,,left_only
42751251,ATASCADERO SUB,23,D,BRKR,,,,,left_only
44930987,EL NIDO SUB,23,D,BRKR,,,,,left_only
45704901,MOLINO SUB,23,D,BRKR,,,,,left_only
45071474,FMC SUB,23,D,BRKR,,,,,left_only
45071473,FMC SUB,23,D,BRKR,,,,,left_only
45592390,LAWRENCE SUB,13,D,BRKR,,,,,left_only
45293310,RINCON SUB,13,D,BRKR,,,,,left_only
45350814,WESTPARK SUB,13,D,BRKR,,,,,left_only
45466330,STOCKTON A SUB,13,D,BRKR,,,,,left_only
45671403,BULLARD SUB,13,D,BRKR,,,,,left_only
43145748,EL PATIO SUB,23,D,BRKR,,,,,left_only
42580174,LUCERNE SUB,23,D,BRKR,,,,,left_only
42831537,CHOWCHILLA SUB,23,D,BRKR,,,,,left_only
45543032,ASHLAN AVE SUB,13,D,BRKR,,,,,left_only
42830065,RIVERBANK SUB,23,D,BRKR,,,,,left_only
42744379,HALF MOON BAY SUB,23,D,BRKR,,,,,left_only
42711860,GRAND ISLAND SUB,23,D,BRKR,,,,,left_only
45419537,VACAVILLE SUB,23,D,BRKR,,,,,left_only
45260798,ASHLAN AVE SUB,13,D,BRKR,,,,,left_only
42840616,CLOVERDALE SUB,23,D,BRKR,,,,,left_only
42625379,DIXON SUB,23,D,BRKR,,,,,left_only
42666856,STOCKDALE SUB,23,D,BRKR,,,,,left_only
42641868,MAGUNDEN SUB,23,D,BRKR,,,,,left_only
42682697,VACAVILLE SUB,23,D,BRKR,,,,,left_only
42646592,REEDLEY SUB,23,D,BRKR,,,,,left_only
42675917,PEORIA SUB,33,D,BRKR,,,,,left_only
42648337,MCCALL SUB,23,D,BRKR,,,,,left_only
44630543,POTTER VALLEY PH,23,D,BRKR,,,,,left_only
42666855,STOCKDALE SUB,23,D,BRKR,,,,,left_only
44635525,COTTLE SUB,13,D,BRKR,,,,,left_only
44326792,BAY MEADOWS SUB,23,D,BRKR,,,,,left_only
43603391,MANCHESTER SUB,23,D,BRKR,,,,,left_only
42740985,WEST POINT PH,23,D,BRKR,,,,,left_only
42786086,WOODACRE SUB,23,D,BRKR,,,,,left_only
43162905,DINUBA SUB,23,D,BRKR,,,,,left_only
44873334,BELLE HAVEN SUB,23,D,BRKR,,,,,left_only
43191521,PEASE SUB,23,D,BRKR,,,,,left_only
44914331,VACAVILLE SUB,23,D,BRKR,,,,,left_only
45260796,ASHLAN AVE SUB,13,D,BRKR,,,,,left_only
42705174,MADERA SUB,23,D,BRKR,,,,,left_only
45437829,STAFFORD SUB,23,D,BRKR,,,,,left_only
44696225,SHAFTER SUB,23,D,BRKR,,,,,left_only
44170281,DEEPWATER SUB,23,D,BRKR,,,,,left_only
44656603,SNEATH LANE SUB,23,D,BRKR,,,,,left_only
44339397,WOODLAND SUB,23,D,BRKR,,,,,left_only
42727894,PENRYN SUB,23,D,BRKR,,,,,left_only
42677449,MERCED SUB,23,D,BRKR,,,,,left_only
42735098,HORSESHOE SUB,23,D,BRKR,,,,,left_only
45507523,ALTO SUB,23,D,BRKR,,,,,left_only
44170293,STOCKTON A SUB,23,D,BRKR,,,,,left_only
45507519,WOLFE SUB,23,D,BRKR,,,,,left_only
43157576,MENDOTA SUB,23,D,BRKR,,,,,left_only
42711768,KERMAN SUB,23,D,BRKR,,,,,left_only
42742947,BELMONT SUB,23,D,BRKR,,,,,left_only
42734551,BELMONT SUB,23,D,BRKR,,,,,left_only
42753875,MALAGA SUB,23,D,BRKR,,,,,left_only
44974563,HENRIETTA SUB,23,D,BRKR,,,,,left_only
42641867,MAGUNDEN SUB,23,D,BRKR,,,,,left_only
42718338,GLENN SUB,23,D,BRKR,,,,,left_only
42679687,ASHLAN AVE SUB,23,D,BRKR,,,,,left_only
42595728,SHINGLE SPRINGS SUB,23,D,BRKR,,,,,left_only
44147746,HENRIETTA SUB,23,D,BRKR,,,,,left_only
45536042,JARVIS SUB,13,D,BRKR,,,,,left_only
45588513,FRENCH CAMP SUB,23,D,BRKR,,,,,left_only
44147745,HENRIETTA SUB,23,D,BRKR,,,,,left_only
45109793,JARVIS SUB,13,D,BRKR,,,,,left_only
42742943,BELMONT SUB,23,D,BRKR,,,,,left_only
42595656,PLACER SUB,23,D,BRKR,,,,,left_only
42607276,CLAY SUB,23,D,BRKR,,,,,left_only
42677859,BUENA VISTA SUB,23,D,BRKR,,,,,left_only
42622281,WESTLEY SUB,23,D,BRKR,,,,,left_only
45640064,SARATOGA SUB,23,D,BRKR,,,,,left_only
45632888,ROSSMOOR SUB,13,D,BRKR,,,,,left_only
45663786,SAN JOSE B SUB,13,D,BRKR,,,,,left_only
45700976,SAN RAFAEL SUB,13,D,BRKR,,,,,left_only
42675566,COPUS SUB,23,D,BRKR,,,,,left_only
43233794,CARNERAS SUB,23,D,BRKR,,,,,left_only
44252935,KERN OIL SUB,23,D,BRKR,,,,,left_only
42735158,JAMESON SUB,23,D,BRKR,,,,,left_only
42625381,DIXON SUB,23,D,BRKR,,,,,left_only
42603261,DESCHUTES SUB,23,D,BRKR,,,,,left_only
43689055,GRASS VALLEY SUB,23,D,BRKR,,,,,left_only
42605854,PLAINFIELD SUB,23,D,BRKR,,,,,left_only
43146761,FORT BRAGG A SUB,23,D,BRKR,,,,,left_only
44231051,MAXWELL SUB,23,D,BRKR,,,,,left_only
42631605,TUPMAN SUB,23,D,BRKR,,,,,left_only
44183862,EEL RIVER SUB,23,D,BRKR,,,,,left_only
42580185,LUCERNE SUB,33,D,BRKR,,,,,left_only
42594847,CHICO A SUB,23,D,BRKR,,,,,left_only
42687944,ZAMORA SUB,23,D,BRKR,,,,,left_only
42831496,MCFARLAND SUB,23,D,BRKR,,,,,left_only
43694031,CATLETT SUB,23,D,BRKR,,,,,left_only
42707432,NEWMAN SUB,33,D,BRKR,,,,,left_only
42758153,MCFARLAND SUB,23,D,BRKR,,,,,left_only
42618625,CAMDEN SUB,33,D,BRKR,,,,,left_only
44326481,FORT BRAGG A SUB,23,D,BRKR,,,,,left_only
45366110,DUNNIGAN SUB,23,D,BRKR,,,,,left_only
43684114,OLD RIVER SUB,23,D,BRKR,,,,,left_only
44877772,GUALALA SUB,23,D,BRKR,,,,,left_only
43175654,ANITA SUB,23,D,BRKR,,,,,left_only
42757433,OROSI SUB,23,D,BRKR,,,,,left_only
42726759,PUTAH CREEK SUB,23,D,BRKR,,,,,left_only
42831522,DIXON SUB,23,D,BRKR,,,,,left_only
44171571,EUREKA E SUB,23,D,BRKR,,,,,left_only
42596380,WHEATLAND SUB,33,D,BRKR,,,,,left_only
44701458,SPENCE SUB,23,D,BRKR,,,,,left_only
42743398,DEEPWATER SUB,23,D,BRKR,,,,,left_only
42735154,JAMESON SUB,23,D,BRKR,,,,,left_only
42680632,OLD KEARNEY SUB,23,D,BRKR,,,,,left_only
45511221,HURON SUB,12,D,BRKR,,,,,left_only
43683535,LAKEVIEW SUB,22,D,BRKR,,,,,left_only
45142539,COLUSA SUB,22,D,BRKR,,,,,left_only
45595153,SPENCE SUB,12,D,BRKR,,,,,left_only
45276942,COLUSA SUB,22,D,BRKR,,,,,left_only
45468527,KNIGHTS LANDING SUB,22,D,BRKR,,,,,left_only
45707299,SAN BERNARD SUB,22,D,BRKR,,,,,left_only
45237487,SANTA NELLA SUB,22,D,BRKR,,,,,left_only
45607857,SANTA RITA SUB,22,D,BRKR,,,,,left_only
45651820,RIO DELL SUB,22,D,BRKR,,,,,left_only
45099131,TULARE LAKE SUB,12,D,BRKR,,,,,left_only
45304773,CALFLAX SUB,12,D,BRKR,,,,,left_only
45329426,PERRY SUB,12,D,BRKR,,,,,left_only
45764983,WOODACRE SUB,12,D,BRKR,,,,,left_only
45712105,CARBONA SUB,12,D,BRKR,,,,,left_only
45712108,CARBONA SUB,12,D,BRKR,,,,,left_only
45712101,CARBONA SUB,12,D,BRKR,,,,,left_only
45712099,CARBONA SUB,12,D,BRKR,,,,,left_only
45712095,CARBONA SUB,12,D,BRKR,,,,,left_only
45712103,CARBONA SUB,12,D,BRKR,,,,,left_only
42626024,BULLARD SUB,42,D,BRKR,,,,,left_only
44828324,RAINBOW SUB,22,D,BRKR,,,,,left_only
42748028,SAN LEANDRO U SUB,22,D,BRKR,,,,,left_only
42736213,SANGER SUB,22,D,BRKR,,,,,left_only
44244903,TRACY SUB,22,D,BRKR,,,,,left_only
42735156,JAMESON SUB,22,D,BRKR,,,,,left_only
43164946,ASHLAN AVE SUB,22,D,BRKR,,,,,left_only
42753066,REDBUD SUB,22,D,BRKR,,,,,left_only
42838743,VACAVILLE SUB,22,D,BRKR,,,,,left_only
44171577,EUREKA E SUB,22,D,BRKR,,,,,left_only
43139183,GOLDTREE SUB,22,D,BRKR,,,,,left_only
45274084,SAUSALITO SUB,12,D,BRKR,,,,,left_only
44560359,CHICO B SUB,22,D,BRKR,,,,,left_only
44941904,WOODLAND SUB,12,D,BRKR,,,,,left_only
43229330,RIVERBANK SUB,22,D,BRKR,,,,,left_only
42733564,MERCED SUB,22,D,BRKR,,,,,left_only
42630940,WEST FRESNO SUB,22,D,BRKR,,,,,left_only
42615353,ATWATER SUB,22,D,BRKR,,,,,left_only
43248376,VACAVILLE SUB,22,D,BRKR,,,,,left_only
43602582,MANCHESTER SUB,22,D,BRKR,,,,,left_only
44986964,PANORAMA SUB,22,D,BRKR,,,,,left_only
43591764,FORT BRAGG A SUB,22,D,BRKR,,,,,left_only
44966753,KINGSBURG SUB,12,D,BRKR,,,,,left_only
44214946,DUNBAR SUB,22,D,BRKR,,,,,left_only
42831499,MCFARLAND SUB,22,D,BRKR,,,,,left_only
45260787,ASHLAN AVE SUB,12,D,BRKR,,,,,left_only
44151928,ATASCADERO SUB,22,D,BRKR,,,,,left_only
42675893,PEORIA SUB,22,D,BRKR,,,,,left_only
42708026,HAMMER SUB,22,D,BRKR,,,,,left_only
43692882,CHICO B SUB,22,D,BRKR,,,,,left_only
42703620,CASSIDY SUB,22,D,BRKR,,,,,left_only
44326793,BAY MEADOWS SUB,22,D,BRKR,,,,,left_only
44657739,BULLARD SUB,12,D,BRKR,,,,,left_only
45306348,MOUNTAIN VIEW SUB,22,D,BRKR,,,,,left_only
44170285,MOUNTAIN VIEW SUB,22,D,BRKR,,,,,left_only
44217015,MONTAGUE SUB,22,D,BRKR,,,,,left_only
42742954,KERMAN SUB,22,D,BRKR,,,,,left_only
42731682,EL CAPITAN SUB,22,D,BRKR,,,,,left_only
42715969,JESSUP SUB,22,D,BRKR,,,,,left_only
42603210,GRAND ISLAND SUB,22,D,BRKR,,,,,left_only
43182808,SANTA YNEZ SUB,22,D,BRKR,,,,,left_only
45090540,MILPITAS SUB,22,D,BRKR,,,,,left_only
44289255,MILLBRAE SUB,22,D,BRKR,,,,,left_only
40995784,COUNTRY CLUB SUB,52,D,BRKR,,,,,left_only
45071483,FMC SUB,22,D,BRKR,,,,,left_only
44229637,MENDOCINO SUB,22,D,BRKR,,,,,left_only
44273795,ORO LOMA SUB,22,D,BRKR,,,,,left_only
42708028,HAMMER SUB,22,D,BRKR,,,,,left_only
42750570,STOCKTON A SUB,22,D,BRKR,,,,,left_only
42692018,BAIR SUB,22,D,BRKR,,,,,left_only
44273798,ORO LOMA SUB,22,D,BRKR,,,,,left_only
44724639,HIGHWAY SUB,22,D,BRKR,,,,,left_only
42743481,MENDOTA SUB,22,D,BRKR,,,,,left_only
44825310,LERDO SUB,12,D,BRKR,,,,,left_only
45464321,BAIR SUB,12,D,BRKR,,,,,left_only
42635436,CHARCA SUB,22,D,BRKR,,,,,left_only
44727804,TRIMBLE SUB,22,D,BRKR,,,,,left_only
42630941,WEST FRESNO SUB,22,D,BRKR,,,,,left_only
42688654,ARCATA SUB,22,D,BRKR,,,,,left_only
42692015,BAIR SUB,22,D,BRKR,,,,,left_only
42692011,BAIR SUB,22,D,BRKR,,,,,left_only
44139171,TAFT SUB,22,D,BRKR,,,,,left_only
42734615,SEMITROPIC SUB,22,D,BRKR,,,,,left_only
44992005,BELLE HAVEN SUB,22,D,BRKR,,,,,left_only
45593482,VACAVILLE SUB,12,D,BRKR,,,,,left_only
45420954,EDES SUB,12,D,BRKR,,,,,left_only
44144219,SEMITROPIC SUB,22,D,BRKR,,,,,left_only
44144220,SEMITROPIC SUB,22,D,BRKR,,,,,left_only
44825304,LERDO SUB,12,D,BRKR,,,,,left_only
45205495,BOGUE SUB,12,D,BRKR,,,,,left_only
45686172,SAN LUIS OBISPO SUB,22,D,BRKR,,,,,left_only
45511271,HUMBOLDT BAY PP,22,D,BRKR,,,,,left_only
44852214,STOCKTON A SUB,12,D,BRKR,,,,,left_only
45562748,DAIRYLAND SUB,12,D,BRKR,,,,,left_only
45711751,SAN CARLOS SUB,12,D,BRKR,,,,,left_only
45670263,PETALUMA C SUB,12,D,BRKR,,,,,left_only
45753211,STOCKTON A SUB,12,D,BRKR,,,,,left_only
44635531,COTTLE SUB,12,D,BRKR,,,,,left_only
42703421,VACA DIXON SUB,22,D,BRKR,,,,,left_only
43143483,LUCERNE SUB,22,D,BRKR,,,,,left_only
42749555,GERBER SUB,22,D,BRKR,,,,,left_only
42603258,DESCHUTES SUB,22,D,BRKR,,,,,left_only
44356530,WESTPARK SUB,22,D,BRKR,,,,,left_only
43175642,ANITA SUB,22,D,BRKR,,,,,left_only
42641869,MAGUNDEN SUB,22,D,BRKR,,,,,left_only
43131219,EUREKA A SUB,22,D,BRKR,,,,,left_only
42831541,DIXON SUB,22,D,BRKR,,,,,left_only
43145746,EL PATIO SUB,22,D,BRKR,,,,,left_only
42745952,ALHAMBRA SUB,22,D,BRKR,,,,,left_only
44930343,WESTPARK SUB,12,D,BRKR,,,,,left_only
42749505,PUTAH CREEK SUB,22,D,BRKR,,,,,left_only
42737536,PEABODY SUB,22,D,BRKR,,,,,left_only
45438371,LAWRENCE SUB,22,D,BRKR,,,,,left_only
42831524,DIXON SUB,22,D,BRKR,,,,,left_only
45411626,GREENBRAE SUB,22,D,BRKR,,,,,left_only
44229620,MENDOCINO SUB,22,D,BRKR,,,,,left_only
42698796,WOODSIDE SUB,22,D,BRKR,,,,,left_only
43182810,SANTA YNEZ SUB,22,D,BRKR,,,,,left_only
42595787,FLINT SUB,22,D,BRKR,,,,,left_only
42731814,TASSAJARA SUB,22,D,BRKR,,,,,left_only
43187544,ORTIGA SUB,22,D,BRKR,,,,,left_only
42645714,GRAND ISLAND SUB,22,D,BRKR,,,,,left_only
42676449,STOCKDALE SUB,32,D,BRKR,,,,,left_only
42705176,MADERA SUB,22,D,BRKR,,,,,left_only
42731083,KONOCTI SUB,22,D,BRKR,,,,,left_only
42553049,JESSUP SUB,22,D,BRKR,,,,,left_only
45306584,BELLE HAVEN SUB,22,D,BRKR,,,,,left_only
43602588,MANCHESTER SUB,22,D,BRKR,,,,,left_only
42605857,PLAINFIELD SUB,22,D,BRKR,,,,,left_only
42667898,PEASE SUB,22,D,BRKR,,,,,left_only
44433601,SPRING GAP PH,22,D,BRKR,,,,,left_only
42687870,ARCATA SUB,22,D,BRKR,,,,,left_only
43139158,MIDWAY SUB,22,D,BRKR,,,,,left_only
44739533,LERDO SUB,12,D,BRKR,,,,,left_only
44913860,BULLARD SUB,12,D,BRKR,,,,,left_only
43191519,PEASE SUB,22,D,BRKR,,,,,left_only
42708022,HAMMER SUB,22,D,BRKR,,,,,left_only
44662238,TAFT SUB,22,D,BRKR,,,,,left_only
42841912,MIDWAY SUB,22,D,BRKR,,,,,left_only
43590678,GOOSE LAKE SUB,22,D,BRKR,,,,,left_only
44992027,ORO FINO SUB,22,D,BRKR,,,,,left_only
45410706,LOYOLA SUB,22,D,BRKR,,,,,left_only
42549987,KNIGHTS LANDING SUB,22,D,BRKR,,,,,left_only
42710419,ORICK SUB,22,D,BRKR,,,,,left_only
44448903,CABRILLO SUB,22,D,BRKR,,,,,left_only
45142523,COLUSA SUB,22,D,BRKR,,,,,left_only
43184114,ORO LOMA SUB,22,D,BRKR,,,,,left_only
45448121,COALINGA #2 SUB,22,D,BRKR,,,,,left_only
42670260,SANTA MARIA SUB,22,D,BRKR,,,,,left_only
44377458,MILLBRAE SUB,22,D,BRKR,,,,,left_only
43173130,DINUBA SUB,22,D,BRKR,,,,,left_only
42690921,HIGHLANDS SUB,22,D,BRKR,,,,,left_only
42739301,GIFFEN SUB,22,D,BRKR,,,,,left_only
42780684,OROSI SUB,22,D,BRKR,,,,,left_only
42683464,VASCO SUB,22,D,BRKR,,,,,left_only
44165916,WISE 1 & 2 PH,22,D,BRKR,,,,,left_only
42631602,TUPMAN SUB,22,D,BRKR,,,,,left_only
44837015,CHICO B SUB,12,D,BRKR,,,,,left_only
42734657,CANTUA SUB,22,D,BRKR,,,,,left_only
44921933,DINUBA SUB,22,D,BRKR,,,,,left_only
42734659,CANTUA SUB,22,D,BRKR,,,,,left_only
44278014,BROWNS VALLEY ENERGY,22,D,BRKR,,,,,left_only
43684112,OLD RIVER SUB,22,D,BRKR,,,,,left_only
42676476,CARUTHERS SUB,22,D,BRKR,,,,,left_only
42838918,TEJON SUB,22,D,BRKR,,,,,left_only
45166113,CHOLAME SUB,22,D,BRKR,,,,,left_only
42663907,WHISMAN SUB,22,D,BRKR,,,,,left_only
42838676,SMYRNA SUB,22,D,BRKR,,,,,left_only
42703358,STROUD SUB,22,D,BRKR,,,,,left_only
42749576,FRUITVALE SUB,22,D,BRKR,,,,,left_only
42698792,WOODSIDE SUB,22,D,BRKR,,,,,left_only
42838680,SMYRNA SUB,22,D,BRKR,,,,,left_only
42640843,DINUBA SUB,32,D,BRKR,,,,,left_only
42838911,TEJON SUB,22,D,BRKR,,,,,left_only
43187569,ORTIGA SUB,22,D,BRKR,,,,,left_only
42749578,FRUITVALE SUB,22,D,BRKR,,,,,left_only
42735611,HURON SUB,22,D,BRKR,,,,,left_only
42739303,GIFFEN SUB,22,D,BRKR,,,,,left_only
42595789,FLINT SUB,22,D,BRKR,,,,,left_only
45142528,COLUSA SUB,22,D,BRKR,,,,,left_only
42732330,PIT #3 PH,22,D,BRKR,,,,,left_only
45237483,SANTA NELLA SUB,22,D,BRKR,,,,,left_only
45329428,PERRY SUB,12,D,BRKR,,,,,left_only
42735613,HURON SUB,22,D,BRKR,,,,,left_only
44698617,RIO BRAVO SUB,22,D,BRKR,,,,,left_only
43182814,SANTA YNEZ SUB,22,D,BRKR,,,,,left_only
44764237,CMC SUB,22,D,BRKR,,,,,left_only
42703360,STROUD SUB,22,D,BRKR,,,,,left_only
42703353,STROUD SUB,22,D,BRKR,,,,,left_only
43601758,GUERNSEY SUB,22,D,BRKR,,,,,left_only
45169717,CUYAMA SUB,22,D,BRKR,,,,,left_only
44178103,LAKEVIEW SUB,22,D,BRKR,,,,,left_only
44696224,SHAFTER SUB,22,D,BRKR,,,,,left_only
44178104,LAKEVIEW SUB,22,D,BRKR,,,,,left_only
44339801,MAXWELL SUB,22,D,BRKR,,,,,left_only
45609892,HIGHLANDS SUB,12,D,BRKR,,,,,left_only
43683530,LAKEVIEW SUB,22,D,BRKR,,,,,left_only
45562882,TERMINOUS SUB,22,D,BRKR,,,,,left_only
45366113,DUNNIGAN SUB,22,D,BRKR,,,,,left_only
45366145,DUNNIGAN SUB,22,D,BRKR,,,,,left_only
45487845,CATLETT SUB,22,D,BRKR,,,,,left_only
45554962,COUNTRY CLUB SUB,22,D,BRKR,,,,,left_only
45651837,RIO DELL SUB,22,D,BRKR,,,,,left_only
45366143,DUNNIGAN SUB,22,D,BRKR,,,,,left_only
45404527,LUCERNE SUB,22,D,BRKR,,,,,left_only
45208106,BLUE LAKE SUB,22,D,BRKR,,,,,left_only
45651839,RIO DELL SUB,22,D,BRKR,,,,,left_only
45753849,OROVILLE SUB,22,D,BRKR,,,,,left_only
45668895,OTTER SUB,22,D,BRKR,,,,,left_only
45221027,TEJON SUB,22,D,BRKR,,,,,left_only
45707303,SAN BERNARD SUB,22,D,BRKR,,,,,left_only
45389951,WHEATLAND SUB,22,D,BRKR,,,,,left_only
45579017,KANAKA SUB,22,D,BRKR,,,,,left_only
45707301,SAN BERNARD SUB,22,D,BRKR,,,,,left_only
45588506,MARTELL SUB,22,D,BRKR,,,,,left_only
45452231,POINT PINOLE SUB,22,D,BRKR,,,,,left_only
45587983,ROCKLIN SUB,22,D,BRKR,,,,,left_only
44924489,TEMBLOR SUB,12,D,BRKR,,,,,left_only
45304769,CALFLAX SUB,12,D,BRKR,,,,,left_only
45304771,CALFLAX SUB,12,D,BRKR,,,,,left_only
45595148,SPENCE SUB,12,D,BRKR,,,,,left_only
45419149,DEEPWATER SUB,12,D,BRKR,,,,,left_only
45471516,SPENCE SUB,12,D,BRKR,,,,,left_only
45712077,CARBONA SUB,12,D,BRKR,,,,,left_only
45666772,PARADISE SUB,12,D,BRKR,,,,,left_only
45744126,PARADISE SUB,12,D,BRKR,,,,,left_only
45595151,SPENCE SUB,12,D,BRKR,,,,,left_only
45623485,POINT ARENA SUB,12,D,BRKR,,,,,left_only
45712080,CARBONA SUB,12,D,BRKR,,,,,left_only
45595155,SPENCE SUB,12,D,BRKR,,,,,left_only
45712073,CARBONA SUB,12,D,BRKR,,,,,left_only
45712086,CARBONA SUB,12,D,BRKR,,,,,left_only
45712075,CARBONA SUB,12,D,BRKR,,,,,left_only
45712089,CARBONA SUB,12,D,BRKR,,,,,left_only
45712091,CARBONA SUB,12,D,BRKR,,,,,left_only
45712093,CARBONA SUB,12,D,BRKR,,,,,left_only
45712082,CARBONA SUB,12,D,BRKR,,,,,left_only
45712069,CARBONA SUB,12,D,BRKR,,,,,left_only
45712071,CARBONA SUB,12,D,BRKR,,,,,left_only
45712084,CARBONA SUB,12,D,BRKR,,,,,left_only
45732306,PARADISE SUB,12,D,BRKR,,,,,left_only
43189685,EIGHT MILE SUB,22,D,BRKR,,,,,left_only
42740983,WEST POINT PH,22,D,BRKR,,,,,left_only
45128415,NEWARK DIST SUB,12,D,BRKR,,,,,left_only
42708024,HAMMER SUB,22,D,BRKR,,,,,left_only
42698794,WOODSIDE SUB,22,D,BRKR,,,,,left_only
42841914,MIDWAY SUB,22,D,BRKR,,,,,left_only
42709499,WISE 1 & 2 PH,22,D,BRKR,,,,,left_only
42835539,OREGON TRAIL SUB,22,D,BRKR,,,,,left_only
44600632,GATES SUB,22,D,BRKR,,,,,left_only
42745260,SANTA MARIA SUB,22,D,BRKR,,,,,left_only
43684131,EAST MARYSVILLE SUB,22,D,BRKR,,,,,left_only
42634464,GANSNER SUB,22,D,BRKR,,,,,left_only
45221096,TIVY VALLEY SUB,12,D,BRKR,,,,,left_only
42705817,LINCOLN SUB,22,D,BRKR,,,,,left_only
43702758,DIVIDE SUB,22,D,BRKR,,,,,left_only
44895569,BUTTE SUB,22,D,BRKR,,,,,left_only
45005132,ROSSMOOR SUB,22,D,BRKR,,,,,left_only
42677344,WHISMAN SUB,22,D,BRKR,,,,,left_only
43162908,DINUBA SUB,22,D,BRKR,,,,,left_only
44385738,BOLINAS SUB,22,D,BRKR,,,,,left_only
42707436,NEWMAN SUB,22,D,BRKR,,,,,left_only
42576487,SYCAMORE CREEK SUB,22,D,BRKR,,,,,left_only
42607281,CLAY SUB,22,D,BRKR,,,,,left_only
44930988,EL NIDO SUB,22,D,BRKR,,,,,left_only
43182033,EEL RIVER SUB,22,D,BRKR,,,,,left_only
42707396,BURNS SUB,22,D,BRKR,,,,,left_only
45308819,LIVERMORE SUB,12,D,BRKR,,,,,left_only
43157574,MENDOTA SUB,22,D,BRKR,,,,,left_only
42676425,VICTOR SUB,22,D,BRKR,,,,,left_only
42835435,EL CAPITAN SUB,22,D,BRKR,,,,,left_only
44930990,EL NIDO SUB,22,D,BRKR,,,,,left_only
45320876,MOUNTAIN VIEW SUB,22,D,BRKR,,,,,left_only
43485020,STILLWATER SUB,22,D,BRKR,,,,,left_only
43595804,WEST FRESNO SUB,22,D,BRKR,,,,,left_only
42708020,ORTIGA SUB,22,D,BRKR,,,,,left_only
42674483,CHOWCHILLA SUB,22,D,BRKR,,,,,left_only
42707434,NEWMAN SUB,22,D,BRKR,,,,,left_only
42711826,WESTPARK SUB,22,D,BRKR,,,,,left_only
44848673,CASTROVILLE SUB,12,D,BRKR,,,,,left_only
44187793,WOODLAND SUB,22,D,BRKR,,,,,left_only
42706757,LAS POSITAS SUB,22,D,BRKR,,,,,left_only
40991151,OAKLAND X SUB,52,D,BRKR,,,,,left_only
44783176,GEYSERVILLE SUB,22,D,BRKR,,,,,left_only
42742949,KERMAN SUB,22,D,BRKR,,,,,left_only
44930989,EL NIDO SUB,22,D,BRKR,,,,,left_only
43693199,GRASS VALLEY SUB,22,D,BRKR,,,,,left_only
42728093,LAMONT SUB,22,D,BRKR,,,,,left_only
44183895,EEL RIVER SUB,22,D,BRKR,,,,,left_only
44283257,HONCUT SUB,22,D,BRKR,,,,,left_only
43693197,GRASS VALLEY SUB,22,D,BRKR,,,,,left_only
42597373,LIVE OAK SUB,22,D,BRKR,,,,,left_only
45188281,ZACA SUB,22,D,BRKR,,,,,left_only
45453219,PLACER SUB,22,D,BRKR,,,,,left_only
44739532,LERDO SUB,12,D,BRKR,,,,,left_only
42730958,SAN RAFAEL SUB,22,D,BRKR,,,,,left_only
44878693,AVENA SUB,12,D,BRKR,,,,,left_only
44638191,HIGGINS SUB,22,D,BRKR,,,,,left_only
43136552,RIO DELL SUB,22,D,BRKR,,,,,left_only
44905837,WILLOWS A SUB,22,D,BRKR,,,,,left_only
44329886,LE GRAND SUB,22,D,BRKR,,,,,left_only
42735257,HIGHWAY SUB,22,D,BRKR,,,,,left_only
45181976,TRIMBLE SUB,22,D,BRKR,,,,,left_only
44836065,LODI SUB,22,D,BRKR,,,,,left_only
40995333,COUNTRY CLUB SUB,42,D,BRKR,,,,,left_only
42758155,MCFARLAND SUB,22,D,BRKR,,,,,left_only
43182428,MALAGA SUB,22,D,BRKR,,,,,left_only
45060616,AVENA SUB,12,D,BRKR,,,,,left_only
44877775,GUALALA SUB,22,D,BRKR,,,,,left_only
42595898,FAIRWAY SUB,22,D,BRKR,,,,,left_only
44170295,TRACY SUB,22,D,BRKR,,,,,left_only
42735812,BELLE HAVEN SUB,22,D,BRKR,,,,,left_only
42831526,DIXON SUB,22,D,BRKR,,,,,left_only
42676423,VICTOR SUB,22,D,BRKR,,,,,left_only
43590798,PANOCHE SUB,22,D,BRKR,,,,,left_only
44739531,LERDO SUB,12,D,BRKR,,,,,left_only
43170025,EAST NICOLAUS SUB,22,D,BRKR,,,,,left_only
42670345,BELL SUB,22,D,BRKR,,,,,left_only
42623767,ARBUCKLE SUB,22,D,BRKR,,,,,left_only
44076942,WEST FRESNO SUB,22,D,BRKR,,,,,left_only
42757435,OROSI SUB,22,D,BRKR,,,,,left_only
43173326,DALY CITY SUB,22,D,BRKR,,,,,left_only
43595800,WEST FRESNO SUB,22,D,BRKR,,,,,left_only
43251990,WESTPARK SUB,22,D,BRKR,,,,,left_only
45419151,DEEPWATER SUB,12,D,BRKR,,,,,left_only
42746396,BRITTON SUB,22,D,BRKR,,,,,left_only
43134733,MARYSVILLE SUB,22,D,BRKR,,,,,left_only
42671512,ORLAND B SUB,22,D,BRKR,,,,,left_only
42600986,OLIVEHURST SUB,22,D,BRKR,,,,,left_only
43687277,VALLEY HOME SUB,22,D,BRKR,,,,,left_only
44696221,SHAFTER SUB,22,D,BRKR,,,,,left_only
45303043,PHILO SUB,12,D,BRKR,,,,,left_only
42786088,WOODACRE SUB,22,D,BRKR,,,,,left_only
42726752,PUTAH CREEK SUB,22,D,BRKR,,,,,left_only
43595807,WEST FRESNO SUB,22,D,BRKR,,,,,left_only
43175647,ANITA SUB,22,D,BRKR,,,,,left_only
42646062,STOCKTON A SUB,32,D,BRKR,,,,,left_only
42690245,SUMMIT SUB,22,D,BRKR,,,,,left_only
43170024,EAST NICOLAUS SUB,22,D,BRKR,,,,,left_only
43137177,RIO DELL SUB,22,D,BRKR,,,,,left_only
43603698,MANCHESTER SUB,22,D,BRKR,,,,,left_only
44076943,WEST FRESNO SUB,22,D,BRKR,,,,,left_only
45404468,COUNTRY CLUB SUB,22,D,BRKR,,,,,left_only
43689058,GRASS VALLEY SUB,22,D,BRKR,,,,,left_only
44894530,JACOBS CORNER SUB,12,D,BRKR,,,,,left_only
42705716,HENRIETTA SUB,22,D,BRKR,,,,,left_only
42708701,GARBERVILLE SUB,22,D,BRKR,,,,,left_only
45453572,BULLARD SUB,12,D,BRKR,,,,,left_only
42697720,WISE 1 & 2 PH,22,D,BRKR,,,,,left_only
42735814,BELLE HAVEN SUB,22,D,BRKR,,,,,left_only
44836063,LODI SUB,22,D,BRKR,,,,,left_only
43687279,VALLEY HOME SUB,22,D,BRKR,,,,,left_only
44170280,DEEPWATER SUB,22,D,BRKR,,,,,left_only
42677224,PALMER SUB,22,D,BRKR,,,,,left_only
45071479,FMC SUB,22,D,BRKR,,,,,left_only
42737614,HERDLYN SUB,22,D,BRKR,,,,,left_only
42757515,WAHTOKE SUB,22,D,BRKR,,,,,left_only
44320613,EUREKA A SUB,22,D,BRKR,,,,,left_only
43168594,EAST NICOLAUS SUB,22,D,BRKR,,,,,left_only
42675455,CHOWCHILLA SUB,22,D,BRKR,,,,,left_only
44447065,BAIR SUB,22,D,BRKR,,,,,left_only
42714819,SHADY GLEN SUB,22,D,BRKR,,,,,left_only
42671414,HARDWICK SUB,22,D,BRKR,,,,,left_only
42676474,CARUTHERS SUB,22,D,BRKR,,,,,left_only
42597381,LIVE OAK SUB,22,D,BRKR,,,,,left_only
44381657,MADERA SUB,22,D,BRKR,,,,,left_only
45261752,PLACERVILLE SUB,12,D,BRKR,,,,,left_only
42735034,KINGSBURG SUB,22,D,BRKR,,,,,left_only
42627203,CHALLENGE SUB,22,D,BRKR,,,,,left_only
45088229,STONE CORRAL SUB,12,D,BRKR,,,,,left_only
43162916,WEEDPATCH SUB,22,D,BRKR,,,,,left_only
44324402,SAN JOAQUIN #2 PH,22,D,BRKR,,,,,left_only
42597775,PEACHTON SUB,22,D,BRKR,,,,,left_only
44076941,WEST FRESNO SUB,22,D,BRKR,,,,,left_only
40994788,TWISSELMAN SUB,52,D,BRKR,,,,,left_only
44852146,STOCKTON A SUB,12,D,BRKR,,,,,left_only
45071481,FMC SUB,22,D,BRKR,,,,,left_only
45470377,KNIGHTS LANDING SUB,22,D,BRKR,,,,,left_only
44231046,MAXWELL SUB,22,D,BRKR,,,,,left_only
42748007,CAYUCOS SUB,22,D,BRKR,,,,,left_only
44894893,STOCKTON A SUB,12,D,BRKR,,,,,left_only
44858526,CORTINA SUB,22,D,BRKR,,,,,left_only
42579671,CHICO B SUB,22,D,BRKR,,,,,left_only
42681868,WYANDOTTE SUB,22,D,BRKR,,,,,left_only
45267279,SAN CARLOS SUB,12,D,BRKR,,,,,left_only
44854039,SISQUOC SUB,22,D,BRKR,,,,,left_only
44171508,CAMDEN SUB,22,D,BRKR,,,,,left_only
42687946,ZAMORA SUB,22,D,BRKR,,,,,left_only
44912364,STONE CORRAL SUB,22,D,BRKR,,,,,left_only
40993687,STUART SUB,42,D,BRKR,,,,,left_only
42730986,SUNOL SUB,22,D,BRKR,,,,,left_only
42626298,OLD RIVER SUB,22,D,BRKR,,,,,left_only
44905256,FORT BRAGG A SUB,12,D,BRKR,,,,,left_only
44329964,LE GRAND SUB,22,D,BRKR,,,,,left_only
40993692,STUART SUB,42,D,BRKR,,,,,left_only
43134736,MARYSVILLE SUB,22,D,BRKR,,,,,left_only
45104658,SMARTVILLE SUB,22,D,BRKR,,,,,left_only
42620830,LINDEN SUB,22,D,BRKR,,,,,left_only
45187233,GANSO SUB,22,D,BRKR,,,,,left_only
43593570,WEST FRESNO SUB,22,D,BRKR,,,,,left_only
45658655,BELLE HAVEN SUB,22,D,BRKR,,,,,left_only
43190367,FAIRHAVEN SUB,22,D,BRKR,,,,,left_only
42691607,SAN ARDO SUB,22,D,BRKR,,,,,left_only
40997225,SAN CARLOS SUB,32,D,BRKR,,,,,left_only
44894892,STOCKTON A SUB,12,D,BRKR,,,,,left_only
44735103,RIO BRAVO SUB,22,D,BRKR,,,,,left_only
45037183,NEW HOPE SUB,12,D,BRKR,,,,,left_only
44329884,LE GRAND SUB,22,D,BRKR,,,,,left_only
40993689,STUART SUB,42,D,BRKR,,,,,left_only
43673721,SUISUN SUB,22,D,BRKR,,,,,left_only
42734508,LAMONT SUB,22,D,BRKR,,,,,left_only
43601522,LAMONT SUB,22,D,BRKR,,,,,left_only
42831539,DIXON SUB,22,D,BRKR,,,,,left_only
43686983,COALINGA #2 SUB,22,D,BRKR,,,,,left_only
45048502,BELMONT SUB,22,D,BRKR,,,,,left_only
42705718,HENRIETTA SUB,22,D,BRKR,,,,,left_only
44171509,CAMDEN SUB,22,D,BRKR,,,,,left_only
43240832,KESWICK SUB,22,D,BRKR,,,,,left_only
42736215,SANGER SUB,22,D,BRKR,,,,,left_only
43161525,BUENA VISTA SUB,22,D,BRKR,,,,,left_only
42748013,SAN LEANDRO U SUB,22,D,BRKR,,,,,left_only
42635441,CHARCA SUB,22,D,BRKR,,,,,left_only
45105608,TULARE LAKE SUB,12,D,BRKR,,,,,left_only
44196707,DAIRYLAND SUB,22,D,BRKR,,,,,left_only
45534806,SAN CARLOS SUB,12,D,BRKR,,,,,left_only
43684110,OLD RIVER SUB,22,D,BRKR,,,,,left_only
40993688,STUART SUB,42,D,BRKR,,,,,left_only
42745116,PEASE SUB,22,D,BRKR,,,,,left_only
40993684,STUART SUB,42,D,BRKR,,,,,left_only
43600620,SCHINDLER SUB,22,D,BRKR,,,,,left_only
44631726,TRIMBLE SUB,22,D,BRKR,,,,,left_only
45141252,DAIRYLAND SUB,12,D,BRKR,,,,,left_only
40993686,STUART SUB,42,D,BRKR,,,,,left_only
40993685,STUART SUB,42,D,BRKR,,,,,left_only
42688025,ARCATA SUB,22,D,BRKR,,,,,left_only
42830130,MADERA SUB,22,D,BRKR,,,,,left_only
43692407,ORO LOMA SUB,22,D,BRKR,,,,,left_only
45071917,VINA SUB,22,D,BRKR,,,,,left_only
42737615,HERDLYN SUB,22,D,BRKR,,,,,left_only
44825301,LERDO SUB,12,D,BRKR,,,,,left_only
42610394,EAST GRAND SUB,22,D,BRKR,,,,,left_only
42626965,CORCORAN SUB,22,D,BRKR,,,,,left_only
44329456,LE GRAND SUB,22,D,BRKR,,,,,left_only
42739933,BARRY SUB,22,D,BRKR,,,,,left_only
43137552,PETALUMA C SUB,22,D,BRKR,,,,,left_only
45594393,BELLE HAVEN SUB,22,D,BRKR,,,,,left_only
45249906,EDES SUB,12,D,BRKR,,,,,left_only
45604907,BELLE HAVEN SUB,22,D,BRKR,,,,,left_only
45739484,SAN CARLOS SUB,12,D,BRKR,,,,,left_only
45753972,SAN CARLOS SUB,12,D,BRKR,,,,,left_only
45674872,SAN CARLOS SUB,12,D,BRKR,,,,,left_only
45605530,SAN CARLOS SUB,12,D,BRKR,,,,,left_only
45727088,BELLE HAVEN SUB,12,D,BRKR,,,,,left_only
45696672,BELLE HAVEN SUB,12,D,BRKR,,,,,left_only
43184142,ORO LOMA SUB,22,D,BRKR,,,,,left_only
44879890,ANITA SUB,22,D,BRKR,,,,,left_only
44825315,LERDO SUB,12,D,BRKR,,,,,left_only
42635444,CHARCA SUB,22,D,BRKR,,,,,left_only
43600624,SCHINDLER SUB,22,D,BRKR,,,,,left_only
45037185,NEW HOPE SUB,12,D,BRKR,,,,,left_only
42620860,TERMINOUS SUB,22,D,BRKR,,,,,left_only
43600622,SCHINDLER SUB,22,D,BRKR,,,,,left_only
42739932,BARRY SUB,22,D,BRKR,,,,,left_only
44144218,SEMITROPIC SUB,22,D,BRKR,,,,,left_only
45470375,KNIGHTS LANDING SUB,22,D,BRKR,,,,,left_only
43184133,ORO LOMA SUB,22,D,BRKR,,,,,left_only
43600386,OLD KEARNEY SUB,22,D,BRKR,,,,,left_only
43203921,EUREKA A SUB,22,D,BRKR,,,,,left_only
42739931,BARRY SUB,22,D,BRKR,,,,,left_only
44997901,ORICK SUB,22,D,BRKR,,,,,left_only
42780695,OROSI SUB,22,D,BRKR,,,,,left_only
42627143,DEEPWATER SUB,22,D,BRKR,,,,,left_only
42618639,FORT SEWARD SUB,22,D,BRKR,,,,,left_only
44701460,SPENCE SUB,22,D,BRKR,,,,,left_only
44696223,SHAFTER SUB,22,D,BRKR,,,,,left_only
44606099,EL PECO SUB,12,D,BRKR,,,,,left_only
42622782,CARUTHERS SUB,22,D,BRKR,,,,,left_only
42676475,CARUTHERS SUB,22,D,BRKR,,,,,left_only
44696222,SHAFTER SUB,22,D,BRKR,,,,,left_only
44865813,SMYRNA SUB,22,D,BRKR,,,,,left_only
45237364,SANTA NELLA SUB,22,D,BRKR,,,,,left_only
42732345,GOOSE LAKE SUB,22,D,BRKR,,,,,left_only
40993691,STUART SUB,42,D,BRKR,,,,,left_only
44879893,ANITA SUB,22,D,BRKR,,,,,left_only
44865810,SMYRNA SUB,22,D,BRKR,,,,,left_only
42640845,DINUBA SUB,22,D,BRKR,,,,,left_only
43190372,FAIRHAVEN SUB,22,D,BRKR,,,,,left_only
42838916,TEJON SUB,22,D,BRKR,,,,,left_only
42708927,MCKITTRICK SUB,22,D,BRKR,,,,,left_only
42691915,MIDDLETOWN SUB,22,D,BRKR,,,,,left_only
45101449,WATSONVILLE SUB,22,D,BRKR,,,,,left_only
42631604,TUPMAN SUB,22,D,BRKR,,,,,left_only
43684108,OLD RIVER SUB,22,D,BRKR,,,,,left_only
42687465,CANTUA SUB,22,D,BRKR,,,,,left_only
42831507,MCFARLAND SUB,22,D,BRKR,,,,,left_only
44701462,SPENCE SUB,22,D,BRKR,,,,,left_only
45105610,TULARE LAKE SUB,12,D,BRKR,,,,,left_only
44612865,MAPLE CREEK SUB,22,D,BRKR,,,,,left_only
42838678,SMYRNA SUB,22,D,BRKR,,,,,left_only
42703355,STROUD SUB,22,D,BRKR,,,,,left_only
42615228,CANTUA SUB,32,D,BRKR,,,,,left_only
43593118,BLACKWELL SUB,22,D,BRKR,,,,,left_only
45237464,SANTA NELLA SUB,22,D,BRKR,,,,,left_only
44231049,MAXWELL SUB,22,D,BRKR,,,,,left_only
44642674,MCFARLAND SUB,22,D,BRKR,,,,,left_only
42646221,MARICOPA SUB,22,D,BRKR,,,,,left_only
42618640,FORT SEWARD SUB,22,D,BRKR,,,,,left_only
42670442,COPUS SUB,22,D,BRKR,,,,,left_only
43683510,LAKEVIEW SUB,22,D,BRKR,,,,,left_only
44712683,ARANA SUB,22,D,BRKR,,,,,left_only
44865808,SMYRNA SUB,22,D,BRKR,,,,,left_only
40990889,LAWNDALE SUB,42,D,BRKR,,,,,left_only
40990888,LAWNDALE SUB,42,D,BRKR,,,,,left_only
42710523,SAUSALITO SUB,22,D,BRKR,,,,,left_only
40993690,STUART SUB,42,D,BRKR,,,,,left_only
42751496,PETALUMA A SUB,22,D,BRKR,,,,,left_only
42675494,TRACY SUB,22,D,BRKR,,,,,left_only
42710524,SAUSALITO SUB,22,D,BRKR,,,,,left_only
43692694,OROVILLE SUB,22,D,BRKR,,,,,left_only
42632062,OROVILLE SUB,22,D,BRKR,,,,,left_only
45645143,RALSTON SUB,12,D,BRKR,,,,,left_only
42622545,RIVERBANK SUB,23,D,BRKR,,,,,left_only
43705104,EL DORADO PH,23,D,BRKR,,,,,left_only
42645614,SOLEDAD SUB,23,D,BRKR,,,,,left_only
42645621,SOLEDAD SUB,22,D,BRKR,,,,,left_only
40993527,SAN FRAN Z (EMBARCADERO) SUB,43,D,BRKR,,,,,left_only
40993522,SAN FRAN Z (EMBARCADERO) SUB,43,D,BRKR,,,,,left_only
40993552,SAN FRAN Z (EMBARCADERO) SUB,43,D,BRKR,,,,,left_only
40993553,SAN FRAN Z (EMBARCADERO) SUB,43,D,BRKR,,,,,left_only
42707099,EAST STOCKTON SUB,42,D,BRKR,,,,,left_only
40992521,GRAND ISLAND SUB,43,D,BRKR,,,,,left_only
45136822,SWIFT SUB,23,D,BRKR,,,,,left_only
44406244,CASTRO VALLEY SUB,23,D,BRKR,,,,,left_only
41106477,IGNACIO SUB,33,D,BRKR,,,,,left_only
40991475,ROSSMOOR SUB,33,D,BRKR,,,,,left_only
41192844,SAUSALITO SUB,33,D,BRKR,,,,,left_only
41339129,REEDLEY SUB,32,D,BRKR,,,,,left_only
41356895,BARTON SUB,22,D,BRKR,,,,,left_only
41199084,TWENTY-FIRST AVE SUB,32,D,BRKR,,,,,left_only
40990622,MORGAN HILL SUB,33,D,BRKR,,,,,left_only
40995284,SAN FRAN P(HUNTERS POINT) SUB,53,D,BRKR,,,,,left_only
40995289,SAN LEANDRO U SUB,53,D,BRKR,,,,,left_only
40997257,SAN LEANDRO U SUB,53,D,BRKR,,,,,left_only
40995274,SAN FRAN P(HUNTERS POINT) SUB,53,D,BRKR,,,,,left_only
40995383,SAN LEANDRO U SUB,53,D,BRKR,,,,,left_only
40997255,SAN LEANDRO U SUB,43,D,BRKR,,,,,left_only
40997243,SAN LEANDRO U SUB,53,D,BRKR,,,,,left_only
40995282,SAN FRAN P(HUNTERS POINT) SUB,53,D,BRKR,,,,,left_only
40995281,SAN FRAN P(HUNTERS POINT) SUB,53,D,BRKR,,,,,left_only
40997256,SAN LEANDRO U SUB,53,D,BRKR,,,,,left_only
40995280,SAN FRAN P(HUNTERS POINT) SUB,43,D,BRKR,,,,,left_only
40993168,OAKLAND K (CLAREMONT) SUB,53,D,BRKR,,,,,left_only
40993166,OAKLAND K (CLAREMONT) SUB,43,D,BRKR,,,,,left_only
40993173,OAKLAND K (CLAREMONT) SUB,53,D,BRKR,,,,,left_only
41357499,SAN FRAN P(HUNTERS POINT) SUB,23,D,BRKR,,,,,left_only
40993169,OAKLAND K (CLAREMONT) SUB,53,D,BRKR,,,,,left_only
40993170,OAKLAND K (CLAREMONT) SUB,53,D,BRKR,,,,,left_only
41357497,SAN FRAN P(HUNTERS POINT) SUB,23,D,BRKR,,,,,left_only
45185302,SALT SPRINGS PH,13,D,BRKR,,,,,left_only
41191665,SAN FRAN P(HUNTERS POINT) SUB,33,D,BRKR,,,,,left_only
41235174,NORIEGA SUB,32,D,BRKR,,,,,left_only
45159113,PALO SECO SUB,12,D,BRKR,,,,,left_only
40997254,SAN LEANDRO U SUB,53,D,BRKR,,,,,left_only
40995055,FAIRVIEW SUB,43,D,BRKR,,,,,left_only
40997252,SAN LEANDRO U SUB,53,D,BRKR,,,,,left_only
40995446,BAHIA SUB,43,D,BRKR,,,,,left_only
41335751,NORIEGA SUB,22,D,BRKR,,,,,left_only
40995357,SAN FRAN P(HUNTERS POINT) SUB,43,D,BRKR,,,,,left_only
40997253,SAN LEANDRO U SUB,53,D,BRKR,,,,,left_only
40990868,"NEWARK SUB, CIRCUIT BREAKERS",44,T,BRKR,,,,,left_only
40996215,"KASSON SUB, CIRCUIT BREAKERS",53,T,BRKR,,,,,left_only
43684250,"BELLOTA SUB, CIRCUIT BREAKERS",24,T,BRKR,,,,,left_only
40990614,,53,T,BRKR,,,,,left_only
44267638,"MIDWAY SUB, CIRCUIT BREAKERS",24,T,BRKR,,,,,left_only
40996721,"OAKLAND C (OAKLAND PP) SUB, CIRCUIT BRKR",44,T,BRKR,,,,,left_only
40997276,"STOCKTON A SUB, CIRCUIT BREAKERS",43,T,BRKR,,,,,left_only
40996036,"GOLD HILL SUB, CIRCUIT BREAKERS",44,T,BRKR,,,,,left_only
42604960,"HICKS SUB, CIRCUIT BREAKERS",23,T,BRKR,,,,,left_only
41176929,"TESLA SUB, CIRCUIT BREAKERS",33,T,BRKR,,,,,left_only
40996652,"MOUNTAIN VIEW SUB, CIRCUIT BREAKERS",44,T,BRKR,,,,,left_only
41209257,"BRIGHTON SUB, CIRCUIT BREAKERS",33,T,BRKR,,,,,left_only
42610333,"LONE TREE SUB, CIRCUIT BREAKERS",33,T,BRKR,,,,,left_only
42561464,"TULUCAY SUB, CIRCUIT BREAKERS",33,T,BRKR,,,,,left_only
40995839,"DEL MONTE SUB, CIRCUIT BREAKERS",43,T,BRKR,,,,,left_only
40995817,"DIVIDE SUB, CIRCUIT BREAKERS",44,T,BRKR,,,,,left_only
44945759,"DELEVAN SUB, CIRCUIT BREAKERS",23,T,BRKR,,,,,left_only
42742158,"COTTLE SUB, CIRCUIT BREAKERS",23,T,BRKR,,,,,left_only
44267640,"MIDWAY SUB, CIRCUIT BREAKERS",24,T,BRKR,,,,,left_only
44858497,"ASHLAN AVE SUB, CIRCUIT BREAKERS",13,T,BRKR,,,,,left_only
41163214,"SAN RAMON SUB, CIRCUIT BREAKERS",33,T,BRKR,,,,,left_only
40995835,"DEL MONTE SUB, CIRCUIT BREAKERS",43,T,BRKR,,,,,left_only
40996092,"HELM SUB, CIRCUIT BREAKERS",44,T,BRKR,,,,,left_only
41178996,"MONTA VISTA SUB, CIRCUIT BREAKERS",34,T,BRKR,,,,,left_only
40994912,"WITCO SW STA, CIRCUIT BREAKERS",43,T,BRKR,,,,,left_only
41200554,"MORAGA SUB, CIRCUIT BREAKERS",34,T,BRKR,,,,,left_only
40994973,"SAN LUIS OBISPO SUB, CIRCUIT BREAKERS",43,T,BRKR,,,,,left_only
40996093,"HELM SUB, CIRCUIT BREAKERS",44,T,BRKR,,,,,left_only
40996469,"MESA SUB, CIRCUIT BREAKERS",44,T,BRKR,,,,,left_only
40994913,"WITCO SW STA, CIRCUIT BREAKERS",43,T,BRKR,,,,,left_only
40994845,"WEBER SUB, CIRCUIT BREAKERS",43,T,BRKR,,,,,left_only
40994820,"VACA DIXON SUB, CIRCUIT BREAKERS",44,T,BRKR,,,,,left_only
40995712,"COBURN SUB, CIRCUIT BREAKERS",43,T,BRKR,,,,,left_only
40997172,"SMARTVILLE SUB, CIRCUIT BREAKERS",43,T,BRKR,,,,,left_only
40996091,"HELM SUB, CIRCUIT BREAKERS",44,T,BRKR,,,,,left_only
40995526,"BRIGHTON SUB, CIRCUIT BREAKERS",43,T,BRKR,,,,,left_only
40995836,"DEL MONTE SUB, CIRCUIT BREAKERS",43,T,BRKR,,,,,left_only
40995627,"CONTRA COSTA SUB, CIRCUIT BREAKERS",44,T,BRKR,,,,,left_only
40995512,"BORDEN SUB, CIRCUIT BREAKERS",44,T,BRKR,,,,,left_only
40996832,"PLACER SUB, CIRCUIT BREAKERS",43,T,BRKR,,,,,left_only
40995521,"BRIGHTON SUB, CIRCUIT BREAKERS",43,T,BRKR,,,,,left_only
40996784,"PALERMO SUB, CIRCUIT BREAKERS",43,T,BRKR,,,,,left_only
40996350,"LOCKEFORD SUB, CIRCUIT BREAKERS",43,T,BRKR,,,,,left_only
40997093,"SALINAS SUB, CIRCUIT BREAKERS",44,T,BRKR,,,,,left_only
40997337,"STAGG SUB, CIRCUIT BREAKERS",44,T,BRKR,,,,,left_only
40991780,"COBURN SUB, CIRCUIT BREAKERS",43,T,BRKR,,,,,left_only
40997173,"SMARTVILLE SUB, CIRCUIT BREAKERS",43,T,BRKR,,,,,left_only
40996793,"PALERMO SUB, CIRCUIT BREAKERS",44,T,BRKR,,,,,left_only
40997268,"STOCKTON A SUB, CIRCUIT BREAKERS",43,T,BRKR,,,,,left_only
40995511,"BORDEN SUB, CIRCUIT BREAKERS",44,T,BRKR,,,,,left_only
40996898,"RAVENSWOOD SUB, CIRCUIT BREAKERS",44,T,BRKR,,,,,left_only
40997174,"SMARTVILLE SUB, CIRCUIT BREAKERS",43,T,BRKR,,,,,left_only
40996785,"PALERMO SUB, CIRCUIT BREAKERS",43,T,BRKR,,,,,left_only
40990443,"TESLA SUB, CIRCUIT BREAKERS",33,T,BRKR,,,,,left_only
40996621,"MORAGA SUB, CIRCUIT BREAKERS",44,T,BRKR,,,,,left_only
40995513,"BORDEN SUB, CIRCUIT BREAKERS",44,T,BRKR,,,,,left_only
40995818,"DIVIDE SUB, CIRCUIT BREAKERS",44,T,BRKR,,,,,left_only
40996392,"MABURY SUB, CIRCUIT BREAKERS",43,T,BRKR,,,,,left_only
40997411,"TABLE MTN SUB, CIRCUIT BREAKERS",44,T,BRKR,,,,,left_only
40996385,"LAWRENCE SUB, CIRCUIT BREAKERS",43,T,BRKR,,,,,left_only
40995454,"BAIR SUB, CIRCUIT BREAKERS",43,T,BRKR,,,,,left_only
40996101,"HENRIETTA SUB, CIRCUIT BREAKERS",44,T,BRKR,,,,,left_only
40997369,"SANTA ROSA A SUB, CIRCUIT BREAKERS",44,T,BRKR,,,,,left_only
40996252,"KERN PP, CIRCUIT BREAKERS",44,T,BRKR,,,,,left_only
40996836,"PLACER SUB, CIRCUIT BREAKERS",43,T,BRKR,,,,,left_only
40995786,"COUNTRY CLUB SUB, CIRCUIT BREAKERS",43,T,BRKR,,,,,left_only
40995787,"COUNTRY CLUB SUB, CIRCUIT BREAKERS",43,T,BRKR,,,,,left_only
40995363,"KERCKHOFF #2 PH, CIRCUIT BREAKERS",43,T,BRKR,,,,,left_only
40996274,"KERN PP, CIRCUIT BREAKERS",44,T,BRKR,,,,,left_only
41103551,"RAVENSWOOD SUB, CIRCUIT BREAKERS",33,T,BRKR,,,,,left_only
40997171,"SMARTVILLE SUB, CIRCUIT BREAKERS",43,T,BRKR,,,,,left_only
40996032,"GOLD HILL SUB, CIRCUIT BREAKERS",44,T,BRKR,,,,,left_only
41198680,"GATES SUB, CIRCUIT BREAKERS",34,T,BRKR,,,,,left_only
40996414,"MANTECA SUB, CIRCUIT BREAKERS",43,T,BRKR,,,,,left_only
40995451,"BAIR SUB, CIRCUIT BREAKERS",43,T,BRKR,,,,,left_only
40996905,"RAVENSWOOD SUB, CIRCUIT BREAKERS",44,T,BRKR,,,,,left_only
40996255,"KERN PP, CIRCUIT BREAKERS",44,T,BRKR,,,,,left_only
40996906,"RAVENSWOOD SUB, CIRCUIT BREAKERS",44,T,BRKR,,,,,left_only
40994777,"TRACY SUB, CIRCUIT BREAKERS",43,T,BRKR,,,,,left_only
40996039,"GOLD HILL SUB, CIRCUIT BREAKERS",44,T,BRKR,,,,,left_only
40995525,"BRIGHTON SUB, CIRCUIT BREAKERS",43,T,BRKR,,,,,left_only
40996024,"GOLD HILL SUB, CIRCUIT BREAKERS",44,T,BRKR,,,,,left_only
40996707,"OAKLAND K (CLAREMONT) SUB, CIRCUIT BRKR",44,T,BRKR,,,,,left_only
41170287,"LAKEVILLE SUB, CIRCUIT BREAKERS",34,T,BRKR,,,,,left_only
40996696,"OAKLAND L SUB, CIRCUIT BREAKERS",44,T,BRKR,,,,,left_only
40997370,"STANISLAUS PH, CIRCUIT BREAKERS",43,T,BRKR,,,,,left_only
40997367,"SANTA ROSA A SUB, CIRCUIT BREAKERS",44,T,BRKR,,,,,left_only
40996907,"RAWSON SUB, CIRCUIT BREAKERS",43,T,BRKR,,,,,left_only
40996791,"PALERMO SUB, CIRCUIT BREAKERS",44,T,BRKR,,,,,left_only
40995453,"BAIR SUB, CIRCUIT BREAKERS",43,T,BRKR,,,,,left_only
40994771,"TRACY SUB, CIRCUIT BREAKERS",43,T,BRKR,,,,,left_only
40996373,"LOS BANOS SUB, CIRCUIT BREAKERS",44,T,BRKR,,,,,left_only
40996371,"LOS BANOS SUB, CIRCUIT BREAKERS",44,T,BRKR,,,,,left_only
40995962,"FIRESTONE SW STA, CIRCUIT BREAKERS",43,T,BRKR,,,,,left_only
40996895,"RAVENSWOOD SUB, CIRCUIT BREAKERS",44,T,BRKR,,,,,left_only
40996309,"SAN FRAN Y (LARKIN) SUB, CIR BREAKERS",44,T,BRKR,BRKR,2026-02-23,,JIT,both
40997170,"SMARTVILLE SUB, CIRCUIT BREAKERS",43,T,BRKR,,,,,left_only
40996833,"PLACER SUB, CIRCUIT BREAKERS",43,T,BRKR,,,,,left_only
40995571,"SAN FRAN W (BAYSHORE) SUB, CIRCUIT BREAK",44,T,BRKR,,,,,left_only
40995570,"SAN FRAN W (BAYSHORE) SUB, CIRCUIT BREAK",44,T,BRKR,,,,,left_only
40996706,"OAKLAND K (CLAREMONT) SUB, CIRCUIT BRKR",44,T,BRKR,,,,,left_only
40996787,"PALERMO SUB, CIRCUIT BREAKERS",44,T,BRKR,,,,,left_only
40994892,"WOLFE SUB, CIRCUIT BREAKERS",43,T,BRKR,,,,,left_only
40995741,"CHOWCHILLA SUB, CIRCUIT BREAKERS",43,T,BRKR,,,,,left_only
40996094,"HELM SUB, CIRCUIT BREAKERS",44,T,BRKR,,,,,left_only
41324418,"TABLE MTN SUB, CIRCUIT BREAKERS",34,T,BRKR,,,,,left_only
40997277,"STOCKTON A SUB, CIRCUIT BREAKERS",43,T,BRKR,,,,,left_only
40995963,"FIRESTONE SW STA, CIRCUIT BREAKERS",43,T,BRKR,,,,,left_only
41326341,"RIO OSO SUB, CIRCUIT BREAKERS",33,T,BRKR,,,,,left_only
40995452,"BAIR SUB, CIRCUIT BREAKERS",43,T,BRKR,,,,,left_only
41237960,"HERNDON SUB, CIRCUIT BREAKERS",33,T,BRKR,,,,,left_only
42669128,"PANOCHE SUB, CIRCUIT BREAKERS",24,T,BRKR,,,,,left_only
40996705,"OAKLAND K (CLAREMONT) SUB, CIRCUIT BRKR",44,T,BRKR,,,,,left_only
40997359,"SWIFT SUB, CIRCUIT BREAKERS",44,T,BRKR,,,,,left_only
40996429,"MCKEE SUB, CIRCUIT BREAKERS",44,T,BRKR,,,,,left_only
42737049,"IGNACIO SUB, CIRCUIT BREAKERS",24,T,BRKR,,,,,left_only
42754181,"SAN MATEO SUB, CIRCUIT BREAKERS",24,T,BRKR,,,,,left_only
44462123,"SOBRANTE SUB, CIRCUIT BREAKERS",23,T,BRKR,,,,,left_only
44652434,"MCCALL SUB, CIRCUIT BREAKERS",14,T,BRKR,,,,,left_only
40996733,"OAKLAND D SUB, CIRCUIT BREAKERS",44,T,BRKR,,,,,left_only
40996097,"HENRIETTA SUB, CIRCUIT BREAKERS",44,T,BRKR,,,,,left_only
40995510,"BORDEN SUB, CIRCUIT BREAKERS",44,T,BRKR,,,,,left_only
40996835,"PLACER SUB, CIRCUIT BREAKERS",43,T,BRKR,,,,,left_only
40995742,"CHOWCHILLA SUB, CIRCUIT BREAKERS",43,T,BRKR,,,,,left_only
40996384,"LAWRENCE SUB, CIRCUIT BREAKERS",43,T,BRKR,,,,,left_only
44643740,"TIDEWATER SUB, CIRCUIT BREAKERS",14,T,BRKR,,,,,left_only
40996472,"MESA SUB, CIRCUIT BREAKERS",44,T,BRKR,,,,,left_only
40996335,"LINDEN SUB, CIRCUIT BREAKERS",43,T,BRKR,,,,,left_only
45060614,"GOLD HILL SUB, CIRCUIT BREAKERS",14,T,BRKR,,,,,left_only
40995524,"BRIGHTON SUB, CIRCUIT BREAKERS",43,T,BRKR,,,,,left_only
40996834,"PLACER SUB, CIRCUIT BREAKERS",43,T,BRKR,,,,,left_only
40996096,"HENRIETTA SUB, CIRCUIT BREAKERS",44,T,BRKR,,,,,left_only
40997346,"STELLING SUB, CIRCUIT BREAKERS",43,T,BRKR,,,,,left_only
45028562,"HICKS SUB, CIRCUIT BREAKERS",13,T,BRKR,,,,,left_only
40995581,"CANAL SUB, CIRCUIT BREAKERS",44,T,BRKR,,,,,left_only
40995583,"CANAL SUB, CIRCUIT BREAKERS",44,T,BRKR,,,,,left_only
40996428,"MCKEE SUB, CIRCUIT BREAKERS",44,T,BRKR,,,,,left_only
41176930,"TESLA SUB, CIRCUIT BREAKERS",33,T,BRKR,,,,,left_only
42610334,"LONE TREE SUB, CIRCUIT BREAKERS",33,T,BRKR,,,,,left_only
40995027,"CALAVERAS CEMENT SUB, CIRCUIT BREAKERS",43,T,BRKR,,,,,left_only
40996899,"RAVENSWOOD SUB, CIRCUIT BREAKERS",44,T,BRKR,,,,,left_only
40996809,"PALO ALTO SW STA, CIRCUIT BREAKERS",43,T,BRKR,,,,,left_only
42561495,"TULUCAY SUB, CIRCUIT BREAKERS",23,T,BRKR,,,,,left_only
42676851,"MESA SUB, CIRCUIT BREAKERS",44,T,BRKR,,,,,left_only
40997396,"TESLA SUB, CIRCUIT BREAKERS",44,T,BRKR,,,,,left_only
40997094,"SALINAS SUB, CIRCUIT BREAKERS",44,T,BRKR,,,,,left_only
40996901,"RAVENSWOOD SUB, CIRCUIT BREAKERS",44,T,BRKR,,,,,left_only
40995708,"COBURN SUB, CIRCUIT BREAKERS",43,T,BRKR,,,,,left_only
40996900,"RAVENSWOOD SUB, CIRCUIT BREAKERS",44,T,BRKR,,,,,left_only
40997397,"TESLA SUB, CIRCUIT BREAKERS",44,T,BRKR,,,,,left_only
40992259,"CURTIS SUB, CIRCUIT BREAKERS",44,T,BRKR,,,,,left_only
40997183,"SAN FRAN P(HUNTERS POINT) SUB, BRKR",44,T,BRKR,,,,,left_only
40996808,"PALO ALTO SW STA, CIRCUIT BREAKERS",43,T,BRKR,,,,,left_only
40996810,"PALO ALTO SW STA, CIRCUIT BREAKERS",43,T,BRKR,,,,,left_only
40997368,"SANTA ROSA A SUB, CIRCUIT BREAKERS",44,T,BRKR,,,,,left_only
40996811,"PALO ALTO SW STA, CIRCUIT BREAKERS",43,T,BRKR,,,,,left_only
44945760,"DELEVAN SUB, CIRCUIT BREAKERS",23,T,BRKR,,,,,left_only
41353844,"MIDWAY SUB, CIRCUIT BREAKERS",34,T,BRKR,,,,,left_only
40994914,"WATSONVILLE SUB, CIRCUIT BREAKERS",43,T,BRKR,,,,,left_only
40996807,"PALO ALTO SW STA, CIRCUIT BREAKERS",43,T,BRKR,,,,,left_only
40997314,"SONOMA A SUB, CIRCUIT BREAKERS",43,T,BRKR,,,,,left_only
40997184,"SAN FRAN P(HUNTERS POINT) SUB, BRKR",44,T,BRKR,,,,,left_only
40994891,"WOLFE SUB, CIRCUIT BREAKERS",43,T,BRKR,,,,,left_only
40995069,"KERCKHOFF #2 PH, CIRCUIT BREAKERS",43,T,BRKR,,,,,left_only
42742160,"COTTLE SUB, CIRCUIT BREAKERS",23,T,BRKR,,,,,left_only
42676849,"MESA SUB, CIRCUIT BREAKERS",44,T,BRKR,,,,,left_only
44267641,"MIDWAY SUB, CIRCUIT BREAKERS",24,T,BRKR,,,,,left_only
40997316,"SONOMA A SUB, CIRCUIT BREAKERS",43,T,BRKR,,,,,left_only
40990202,"CARIBOU PH #1, CIRCUIT BREAKERS",43,T,BRKR,,,,,left_only
41353845,"MIDWAY SUB, CIRCUIT BREAKERS",34,T,BRKR,,,,,left_only
41353846,"MIDWAY SUB, CIRCUIT BREAKERS",34,T,BRKR,,,,,left_only
40993367,"ROUND MTN SUB, CIRCUIT BREAKERS",44,T,BRKR,,,,,left_only
40996693,"OAKLAND L SUB, CIRCUIT BREAKERS",44,T,BRKR,,,,,left_only
40996134,"HERNDON SUB, CIRCUIT BREAKERS",44,T,BRKR,,,,,left_only
44858488,"ASHLAN AVE SUB, CIRCUIT BREAKERS",13,T,BRKR,,,,,left_only
40993381,"REDWOOD CITY SUB, CIRCUIT BREAKERS",43,T,BRKR,,,,,left_only
41193379,"GATES SUB, CIRCUIT BREAKERS",34,T,BRKR,,,,,left_only
45028578,"HICKS SUB, CIRCUIT BREAKERS",13,T,BRKR,,,,,left_only
40990102,"ROUND MTN SUB, CIRCUIT BREAKERS",44,T,BRKR,,,,,left_only
40991071,"TEMPLETON SUB, CIRCUIT BREAKERS",34,T,BRKR,,,,,left_only
40995879,"EAGLE ROCK SUB, CIRCUIT BREAKERS",43,T,BRKR,,,,,left_only
40995877,"EAGLE ROCK SUB, CIRCUIT BREAKERS",43,T,BRKR,,,,,left_only
40995878,"EAGLE ROCK SUB, CIRCUIT BREAKERS",43,T,BRKR,,,,,left_only
42610335,"LONE TREE SUB, CIRCUIT BREAKERS",33,T,BRKR,,,,,left_only
40990046,"WESTWOOD SW STA, CIRCUIT BREAKERS",43,T,BRKR,,,,,left_only
42561522,"TULUCAY SUB, CIRCUIT BREAKERS",33,T,BRKR,,,,,left_only
42595878,"PALERMO SUB, CIRCUIT BREAKERS",23,T,BRKR,,,,,left_only
40992991,"MELONES SW STA, CIRCUIT BREAKERS",44,T,BRKR,,,,,left_only
40990674,"CARIBOU PH #1, CIRCUIT BREAKERS",43,T,BRKR,,,,,left_only
40992879,"MANTECA SUB, CIRCUIT BREAKERS",44,T,BRKR,,,,,left_only
40992876,"MANTECA SUB, CIRCUIT BREAKERS",44,T,BRKR,,,,,left_only
41217703,"MENDOCINO SUB, CIRCUIT BREAKERS",44,T,BRKR,,,,,left_only
40990364,"NEWMAN SUB, CIRCUIT BREAKERS",44,T,BRKR,,,,,left_only
44945762,"DELEVAN SUB, CIRCUIT BREAKERS",23,T,BRKR,,,,,left_only
42744864,"COTTLE SUB, CIRCUIT BREAKERS",23,T,BRKR,,,,,left_only
40992878,"MANTECA SUB, CIRCUIT BREAKERS",44,T,BRKR,,,,,left_only
41193380,"GATES SUB, CIRCUIT BREAKERS",34,T,BRKR,,,,,left_only
40990103,"ROUND MTN SUB, CIRCUIT BREAKERS",44,T,BRKR,,,,,left_only
41193381,"GATES SUB, CIRCUIT BREAKERS",34,T,BRKR,,,,,left_only
40996132,"HERNDON SUB, CIRCUIT BREAKERS",44,T,BRKR,,,,,left_only
40990178,"MERCED SUB, CIRCUIT BREAKERS",44,T,BRKR,,,,,left_only
40991056,"KILARC PH, CIRCUIT BREAKERS",43,T,BRKR,,,,,left_only
40993360,"RADUM SUB, CIRCUIT BREAKERS",43,T,BRKR,,,,,left_only
40997182,"SAN FRAN P(HUNTERS POINT) SUB, BRKR",44,T,BRKR,,,,,left_only
40995575,"CADET SUB, CIRCUIT BREAKERS",43,T,BRKR,,,,,left_only
40997409,"TABLE MTN SUB, CIRCUIT BREAKERS",44,T,BRKR,,,,,left_only
40995728,"COPPERMINE SUB, CIRCUIT BREAKERS",43,T,BRKR,,,,,left_only
40990518,"SANTA MARIA SUB, CIRCUIT BREAKERS",44,T,BRKR,,,,,left_only
40990045,"WESTWOOD SW STA, CIRCUIT BREAKERS",43,T,BRKR,,,,,left_only
40992646,"KERN PP, CIRCUIT BREAKERS",44,T,BRKR,,,,,left_only
41195084,"TESLA SUB, CIRCUIT BREAKERS",34,T,BRKR,,,,,left_only
44167409,"TESLA SUB, CIRCUIT BREAKERS",34,T,BRKR,,,,,left_only
44167410,"TESLA SUB, CIRCUIT BREAKERS",34,T,BRKR,,,,,left_only
40992877,"MANTECA SUB, CIRCUIT BREAKERS",44,T,BRKR,,,,,left_only
42700486,"MIDWAY SUB, CIRCUIT BREAKERS",34,T,BRKR,,,,,left_only
44267643,"MIDWAY SUB, CIRCUIT BREAKERS",24,T,BRKR,,,,,left_only
44144692,"MIDWAY SUB, CIRCUIT BREAKERS",34,T,BRKR,,,,,left_only
44144693,"MIDWAY SUB, CIRCUIT BREAKERS",34,T,BRKR,,,,,left_only
44959643,"MOSS LANDING PP, CIRCUIT BREAKERS",24,T,BRKR,,,,,left_only
40990086,"SAN LUIS OBISPO SUB, CIRCUIT BREAKERS",44,T,BRKR,,,,,left_only
40992348,"EL DORADO PH, CIRCUIT BREAKERS",44,T,BRKR,,,,,left_only
44970267,"MOSS LANDING PP, CIRCUIT BREAKERS",24,T,BRKR,,,,,left_only
40992201,"COBURN SUB, CIRCUIT BREAKERS",44,T,BRKR,,,,,left_only
40992055,"BRIGHTON SUB, CIRCUIT BREAKERS",44,T,BRKR,,,,,left_only
40992915,"MIDSUN SW STA, CIRCUIT BREAKERS",44,T,BRKR,,,,,left_only
40992873,"MANTECA SUB, CIRCUIT BREAKERS",44,T,BRKR,,,,,left_only
40996570,"MORGAN HILL SUB, CIRCUIT BREAKERS",44,T,BRKR,,,,,left_only
40992394,"EVERGREEN SUB, CIRCUIT BREAKERS",44,T,BRKR,,,,,left_only
40992395,"EVERGREEN SUB, CIRCUIT BREAKERS",44,T,BRKR,,,,,left_only
41368601,"HICKS SUB, CIRCUIT BREAKERS",33,T,BRKR,,,,,left_only
40991070,"TEMPLETON SUB, CIRCUIT BREAKERS",44,T,BRKR,,,,,left_only
40993382,"REDWOOD CITY SUB, CIRCUIT BREAKERS",43,T,BRKR,,,,,left_only
40993400,"RIO OSO SUB, CIRCUIT BREAKERS",44,T,BRKR,,,,,left_only
40992576,"HERNDON SUB, CIRCUIT BREAKERS",44,T,BRKR,,,,,left_only
40990203,"CARIBOU PH #1, CIRCUIT BREAKERS",43,T,BRKR,,,,,left_only
40993791,"TESLA SUB, CIRCUIT BREAKERS",44,T,BRKR,,,,,left_only
40990678,"CARIBOU PH #1, CIRCUIT BREAKERS",44,T,BRKR,,,,,left_only
42610336,"LONE TREE SUB, CIRCUIT BREAKERS",33,T,BRKR,,,,,left_only
40996464,"MENDOCINO SUB, CIRCUIT BREAKERS",44,T,BRKR,,,,,left_only
40992914,"MIDSUN SW STA, CIRCUIT BREAKERS",44,T,BRKR,,,,,left_only
40992643,"KERN PP, CIRCUIT BREAKERS",44,T,BRKR,,,,,left_only
42561527,"TULUCAY SUB, CIRCUIT BREAKERS",33,T,BRKR,,,,,left_only
44970289,"MOSS LANDING PP, CIRCUIT BREAKERS",24,T,BRKR,,,,,left_only
45554343,"GATES SUB, CIRCUIT BREAKERS",24,T,BRKR,,,,,left_only
42744865,"COTTLE SUB, CIRCUIT BREAKERS",23,T,BRKR,,,,,left_only
40992298,"DIVIDE SUB, CIRCUIT BREAKERS",44,T,BRKR,,,,,left_only
45554346,"GATES SUB, CIRCUIT BREAKERS",24,T,BRKR,,,,,left_only
40993396,"RIO OSO SUB, CIRCUIT BREAKERS",44,T,BRKR,,,,,left_only
40989872,"TRIMBLE SUB, CIRCUIT BREAKERS",44,T,BRKR,,,,,left_only
45554348,"GATES SUB, CIRCUIT BREAKERS",24,T,BRKR,,,,,left_only
41195087,"TESLA SUB, CIRCUIT BREAKERS",34,T,BRKR,,,,,left_only
40993803,"TRINITY SUB, CIRCUIT BREAKERS",43,T,BRKR,,,,,left_only
44167411,"TESLA SUB, CIRCUIT BREAKERS",34,T,BRKR,,,,,left_only
44267645,"MIDWAY SUB, CIRCUIT BREAKERS",24,T,BRKR,,,,,left_only
44167412,"TESLA SUB, CIRCUIT BREAKERS",34,T,BRKR,,,,,left_only
44858490,"ASHLAN AVE SUB, CIRCUIT BREAKERS",13,T,BRKR,,,,,left_only
45171167,"HICKS SUB, CIRCUIT BREAKERS",13,T,BRKR,,,,,left_only
40991069,"TEMPLETON SUB, CIRCUIT BREAKERS",44,T,BRKR,,,,,left_only
41209255,"BRIGHTON SUB, CIRCUIT BREAKERS",33,T,BRKR,,,,,left_only
40992173,"CALIFORNIA AVE SUB, CIRCUIT BREAKERS",44,T,BRKR,,,,,left_only
40995773,"COTTONWOOD SUB, CIRCUIT BREAKERS",44,T,BRKR,,,,,left_only
40992613,"KERN OIL SUB, CIRCUIT BREAKERS",44,T,BRKR,,,,,left_only
42610329,"LONE TREE SUB, CIRCUIT BREAKERS",33,T,BRKR,,,,,left_only
42595880,"PALERMO SUB, CIRCUIT BREAKERS",23,T,BRKR,,,,,left_only
40990054,"NEWARK SUB, CIRCUIT BREAKERS",44,T,BRKR,,,,,left_only
40990391,"WEST SACRAMENTO SUB, CIRCUIT BREAKERS",44,T,BRKR,,,,,left_only
40992952,"MAGUNDEN SUB, CIRCUIT BREAKERS",44,T,BRKR,,,,,left_only
44267647,"MIDWAY SUB, CIRCUIT BREAKERS",24,T,BRKR,,,,,left_only
40992262,"CYMRIC SUB, CIRCUIT BREAKERS",44,T,BRKR,,,,,left_only
40993488,"SISQUOC SUB, CIRCUIT BREAKERS",44,T,BRKR,,,,,left_only
44552960,"COTTLE SUB, CIRCUIT BREAKERS",13,T,BRKR,,,,,left_only
40993265,"OLD RIVER SUB, CIRCUIT BREAKERS",43,T,BRKR,,,,,left_only
40992297,"DIVIDE SUB, CIRCUIT BREAKERS",44,T,BRKR,,,,,left_only
40991952,"BAIR SUB, CIRCUIT BREAKERS",44,T,BRKR,,,,,left_only
44858495,"ASHLAN AVE SUB, CIRCUIT BREAKERS",13,T,BRKR,,,,,left_only
40995523,"BRIGHTON SUB, CIRCUIT BREAKERS",43,T,BRKR,,,,,left_only
45085943,"HICKS SUB, CIRCUIT BREAKERS",13,T,BRKR,,,,,left_only
42595882,"PALERMO SUB, CIRCUIT BREAKERS",23,T,BRKR,,,,,left_only
40989871,"TRIMBLE SUB, CIRCUIT BREAKERS",44,T,BRKR,,,,,left_only
40992031,"BOLINAS SUB, CIRCUIT BREAKERS",43,T,BRKR,,,,,left_only
40995843,"DERRICK SUB, CIRCUIT BREAKERS",43,T,BRKR,,,,,left_only
44959644,"MOSS LANDING PP, CIRCUIT BREAKERS",24,T,BRKR,,,,,left_only
40991953,"BAIR SUB, CIRCUIT BREAKERS",44,T,BRKR,,,,,left_only
44858492,"ASHLAN AVE SUB, CIRCUIT BREAKERS",13,T,BRKR,,,,,left_only
40990056,"NEWARK SUB, CIRCUIT BREAKERS",44,T,BRKR,,,,,left_only
40991629,"PITTSBURG PP, CIRCUIT BREAKERS",44,T,BRKR,,,,,left_only
42624339,"PIT #1 PH, CIRCUIT BREAKERS",23,T,BRKR,,,,,left_only
40992794,"LOWER LAKE SUB, CIRCUIT BREAKERS",44,T,BRKR,,,,,left_only
44738461,"BELLOTA SUB, CIRCUIT BREAKERS",14,T,BRKR,,,,,left_only
41217705,"MENDOCINO SUB, CIRCUIT BREAKERS",44,T,BRKR,,,,,left_only
44656589,"GATES SUB, CIRCUIT BREAKERS",24,T,BRKR,,,,,left_only
40989899,"UKIAH SUB, CIRCUIT BREAKERS",44,T,BRKR,,,,,left_only
45725470,"MIDWAY SUB, CIRCUIT BREAKERS",14,T,BRKR,,,,,left_only
45687332,"RIO OSO SUB, CIRCUIT BREAKERS",14,T,BRKR,,,,,left_only
40992507,"GLASS SUB, CIRCUIT BREAKERS",43,T,BRKR,,,,,left_only
40992880,"MANTECA SUB, CIRCUIT BREAKERS",44,T,BRKR,,,,,left_only
40994994,"HYAMPOM JCT, CIRCUIT BREAKERS",43,T,BRKR,,,,,left_only
40991843,"LIVE OAK SW STA, CIRCUIT BREAKERS",44,T,BRKR,,,,,left_only
40989898,"UKIAH SUB, CIRCUIT BREAKERS",44,T,BRKR,,,,,left_only
40992950,"MAGUNDEN SUB, CIRCUIT BREAKERS",44,T,BRKR,,,,,left_only
40991921,"ARCO SUB, CIRCUIT BREAKERS",43,T,BRKR,,,,,left_only
41237661,"JEFFERSON SUB, CIRCUIT BREAKERS",33,T,BRKR,,,,,left_only
41235924,"SAN FRAN H (MARTIN) SUB, CIRCUIT BRKR",33,T,BRKR,,,,,left_only
42688574,"MESA SUB, CIRCUIT BREAKERS",23,T,BRKR,,,,,left_only
40990204,"CARIBOU PH #1, CIRCUIT BREAKERS",43,T,BRKR,,,,,left_only
42677865,"CARBERRY SW STA, CIRCUIT BREAKERS",23,T,BRKR,,,,,left_only
42701336,"ATLANTIC SUB, CIRCUIT BREAKERS",23,T,BRKR,,,,,left_only
40992018,"BIG MEADOWS SUB, CIRCUIT BREAKERS",43,T,BRKR,,,,,left_only
40995774,"COTTONWOOD SUB, CIRCUIT BREAKERS",44,T,BRKR,,,,,left_only
40997387,"TEMBLOR SUB, CIRCUIT BREAKERS",44,T,BRKR,,,,,left_only
40993715,"SANTA MARIA SUB, CIRCUIT BREAKERS",44,T,BRKR,,,,,left_only
44234795,"CALIFORNIA FLATS SW STA, CIRCUIT BREAKER",24,T,BRKR,,,,,left_only
42756218,"SOLAR SW STA, CIRCUIT BREAKERS",23,T,BRKR,,,,,left_only
42773551,"CALIENTE SW STA, CIRCUIT BREAKERS",23,T,BRKR,,,,,left_only
40995775,"COTTONWOOD SUB, CIRCUIT BREAKERS",44,T,BRKR,,,,,left_only
42830624,"VALLEY SPRINGS SUB, CIRCUIT BREAKERS",23,T,BRKR,,,,,left_only
44148874,"TRANQUILLITY SW STA, CIRCUIT BREAKERS",23,T,BRKR,,,,,left_only
44693301,"KERN PP, CIRCUIT BREAKERS",13,T,BRKR,,,,,left_only
44846526,"PADRE FLATS SW STA, CIRCUIT BREAKERS",13,T,BRKR,,,,,left_only
40992634,"KINGSBURG SUB, CIRCUIT BREAKERS",44,T,BRKR,,,,,left_only
40992874,"MANTECA SUB, CIRCUIT BREAKERS",44,T,BRKR,,,,,left_only
40992853,"MARTINEZ PP, CIRCUIT BREAKERS",44,T,BRKR,,,,,left_only
44652378,"MUSTANG SW STA, CIRCUIT BREAKERS",13,T,BRKR,,,,,left_only
40992008,"BELMONT SUB, CIRCUIT BREAKERS",44,T,BRKR,,,,,left_only
40992508,"GLASS SUB, CIRCUIT BREAKERS",43,T,BRKR,,,,,left_only
41217704,"MENDOCINO SUB, CIRCUIT BREAKERS",44,T,BRKR,,,,,left_only
40992761,"SAN FRAN Y (LARKIN) SUB, CIR BREAKERS",44,T,BRKR,,,,,left_only
40992607,"JAMESON SUB, CIRCUIT BREAKERS",44,T,BRKR,,,,,left_only
40994902,"WESTPARK SUB, CIRCUIT BREAKERS",44,T,BRKR,,,,,left_only
40993359,"RADUM SUB, CIRCUIT BREAKERS",43,T,BRKR,,,,,left_only
45482247,"FINK SW STA, CIRCUIT BREAKERS",13,T,BRKR,,,,,left_only
40990212,"LOCKEFORD SUB, CIRCUIT BREAKERS",44,T,BRKR,,,,,left_only
45038977,"WHEELER RIDGE SUB, CIRCUIT BREAKERS",13,T,BRKR,,,,,left_only
40993643,"SOLEDAD SUB, CIRCUIT BREAKERS",43,T,BRKR,,,,,left_only
40992263,"DAIRYLAND SUB, CIRCUIT BREAKERS",44,T,BRKR,,,,,left_only
40989952,"WASCO SUB, CIRCUIT BREAKERS",43,T,BRKR,,,,,left_only
40991844,"LIVE OAK SW STA, CIRCUIT BREAKERS",44,T,BRKR,,,,,left_only
44242358,"SAN FRAN Z (EMBARCADERO) SUB, BRKR",23,T,BRKR,,,,,left_only
44236092,"SAN FRAN A (POTRERO PP) SUB, CIR BRKRS",24,T,BRKR,,,,,left_only
45515916,"HAMILTON BRANCH SUB, CIRCUIT BREAKERS",43,T,BRKR,,,,,left_only
40992608,"JAMESON SUB, CIRCUIT BREAKERS",43,T,BRKR,,,,,left_only
40993644,"SOLEDAD SUB, CIRCUIT BREAKERS",43,T,BRKR,,,,,left_only
40993264,"OLD RIVER SUB, CIRCUIT BREAKERS",43,T,BRKR,,,,,left_only
40993743,"SANTA YNEZ SW STA, CIRCUIT BREAKERS",44,T,BRKR,,,,,left_only
42644121,"TESORO SUB, CIRCUIT BREAKERS",23,T,BRKR,,,,,left_only
40993073,"NAPA SUB, CIRCUIT BREAKERS",44,T,BRKR,,,,,left_only
40993482,"SISQUOC SUB, CIRCUIT BREAKERS",44,T,BRKR,,,,,left_only
40997400,"TESLA SUB, CIRCUIT BREAKERS",44,T,BRKR,,,,,left_only
40995714,"COBURN SUB, CIRCUIT BREAKERS",44,T,BRKR,,,,,left_only
40995797,"DIABLO CANYON PP, CIRCUIT BREAKERS",44,T,BRKR,,,,,left_only
40996299,"LAKEVILLE SUB, CIRCUIT BREAKERS",44,T,BRKR,,,,,left_only
40992007,"BELMONT SUB, CIRCUIT BREAKERS",44,T,BRKR,,,,,left_only
40997402,"TIDEWATER SUB, CIRCUIT BREAKERS",44,T,BRKR,,,,,left_only
40994821,"VACA DIXON SUB, CIRCUIT BREAKERS",44,T,BRKR,,,,,left_only
40989886,"TULUCAY SUB, CIRCUIT BREAKERS",44,T,BRKR,,,,,left_only
45439501,"BUCKS CREEK PH, CIRCUIT BREAKERS",13,T,BRKR,,,,,left_only
40992760,"SAN FRAN Y (LARKIN) SUB, CIR BREAKERS",44,T,BRKR,,,,,left_only
44341970,"GREGG SUB, CIRCUIT BREAKERS",43,T,BRKR,,,,,left_only
40992981,"MILLBRAE SUB, CIRCUIT BREAKERS",43,T,BRKR,,,,,left_only
40993675,"STAGG SUB, CIRCUIT BREAKERS",44,T,BRKR,,,,,left_only
40992935,"MESA SUB, CIRCUIT BREAKERS",44,T,BRKR,,,,,left_only
40993013,"MORGAN HILL SUB, CIRCUIT BREAKERS",44,T,BRKR,,,,,left_only
40992803,"LOS BANOS SUB, CIRCUIT BREAKERS",44,T,BRKR,,,,,left_only
40991163,"DRUM 1 & 2 PH, CIRCUIT BREAKERS",43,T,BRKR,BRKR,2026-04-23,,JIT,both
44970375,"MOSS LANDING PP, CIRCUIT BREAKERS",24,T,BRKR,,,,,left_only
40993408,"ROSSMOOR SUB, CIRCUIT BREAKERS",43,T,BRKR,,,,,left_only
40992908,"MCCALL SUB, CIRCUIT BREAKERS",44,T,BRKR,,,,,left_only
40992328,"EAST NICOLAUS SUB, CIRCUIT BREAKERS",43,T,BRKR,,,,,left_only
40992251,"COTTONWOOD SUB, CIRCUIT BREAKERS",44,T,BRKR,,,,,left_only
44970378,"MOSS LANDING PP, CIRCUIT BREAKERS",24,T,BRKR,,,,,left_only
40992875,"MANTECA SUB, CIRCUIT BREAKERS",44,T,BRKR,,,,,left_only
40993046,"MORAGA SUB, CIRCUIT BREAKERS",44,T,BRKR,,,,,left_only
40992632,"KELSO SUB, CIRCUIT BREAKERS",43,T,BRKR,,,,,left_only
40992359,"EIGHT MILE SUB, CIRCUIT BREAKERS",43,T,BRKR,,,,,left_only
40993292,"PANOCHE SUB, CIRCUIT BREAKERS",44,T,BRKR,,,,,left_only
40990517,"STOCKDALE SUB, CIRCUIT BREAKERS",33,T,BRKR,,,,,left_only
40993760,"TEMBLOR SUB, CIRCUIT BREAKERS",44,T,BRKR,,,,,left_only
40993794,"TESLA SUB, CIRCUIT BREAKERS",44,T,BRKR,,,,,left_only
40990940,"VINEYARD SUB, CIRCUIT BREAKERS",33,T,BRKR,,,,,left_only
40991938,"ATLANTIC SUB, CIRCUIT BREAKERS",43,T,BRKR,,,,,left_only
40993790,"TESLA SUB, CIRCUIT BREAKERS",44,T,BRKR,,,,,left_only
40993641,"SOLEDAD SUB, CIRCUIT BREAKERS",43,T,BRKR,,,,,left_only
41114444,"MIDWAY SUB, CIRCUIT BREAKERS",34,T,BRKR,,,,,left_only
40993792,"TESLA SUB, CIRCUIT BREAKERS",44,T,BRKR,,,,,left_only
40992296,"DIVIDE SUB, CIRCUIT BREAKERS",44,T,BRKR,,,,,left_only
41110549,"TESLA SUB, CIRCUIT BREAKERS",33,T,BRKR,,,,,left_only
40993263,"OLD RIVER SUB, CIRCUIT BREAKERS",43,T,BRKR,,,,,left_only
41209196,"RIO OSO SUB, CIRCUIT BREAKERS",34,T,BRKR,,,,,left_only
40992325,"EAST NICOLAUS SUB, CIRCUIT BREAKERS",43,T,BRKR,,,,,left_only
40992218,"COPPERMINE SUB, CIRCUIT BREAKERS",43,T,BRKR,,,,,left_only
41156558,"METCALF SUB, CIRCUIT BREAKERS",34,T,BRKR,,,,,left_only
41131199,"ROUND MTN SUB, CIRCUIT BREAKERS",34,T,BRKR,,,,,left_only
40993490,"SISQUOC SUB, CIRCUIT BREAKERS",44,T,BRKR,,,,,left_only
40993489,"SISQUOC SUB, CIRCUIT BREAKERS",44,T,BRKR,,,,,left_only
41195175,"IGNACIO SUB, CIRCUIT BREAKERS",33,T,BRKR,,,,,left_only
41197115,"COYOTE SW STA, CIRCUIT BREAKERS",33,T,BRKR,,,,,left_only
41186548,"RAVENSWOOD SUB, CIRCUIT BREAKERS",33,T,BRKR,,,,,left_only
40990023,"WOODWARD SUB, CIRCUIT BREAKERS",44,T,BRKR,,,,,left_only
40993450,"SALINAS SUB, CIRCUIT BREAKERS",44,T,BRKR,,,,,left_only
40992085,"BUTTE SUB, CIRCUIT BREAKERS",43,T,BRKR,,,,,left_only
41368665,"SOBRANTE SUB, CIRCUIT BREAKERS",33,T,BRKR,,,,,left_only
40993605,"SAN LEANDRO U SUB, CIRCUIT BREAKERS",44,T,BRKR,,,,,left_only
40993604,"SAN LEANDRO U SUB, CIRCUIT BREAKERS",44,T,BRKR,,,,,left_only
41114352,"ROUND MTN SUB, CIRCUIT BREAKERS",44,T,BRKR,,,,,left_only
40990892,"LAS POSITAS SUB, CIRCUIT BREAKERS",43,T,BRKR,,,,,left_only
40991628,"PITTSBURG PP, CIRCUIT BREAKERS",44,T,BRKR,,,,,left_only
41162185,"GATES SUB, CIRCUIT BREAKERS",34,T,BRKR,,,,,left_only
40989928,"VACAVILLE SUB, CIRCUIT BREAKERS",44,T,BRKR,BRKR,2026-04-23,,JIT,both
41218571,"HAAS PH, CIRCUIT BREAKERS",34,T,BRKR,,,,,left_only
42579734,"LAS POSITAS SUB, CIRCUIT BREAKERS",33,T,BRKR,,,,,left_only
40991716,"METCALF SUB, CIRCUIT BREAKERS",44,T,BRKR,,,,,left_only
40992083,"BUTTE SUB, CIRCUIT BREAKERS",43,T,BRKR,,,,,left_only
40989926,"VACAVILLE SUB, CIRCUIT BREAKERS",44,T,BRKR,BRKR,2026-04-23,,JIT,both
41324878,"BAHIA SUB, CIRCUIT BREAKERS",33,T,BRKR,,,,,left_only
40991153,"OIL FIELDS SUB, CIRCUIT BREAKERS",43,T,BRKR,,,,,left_only
42711865,"CONTRA COSTA SUB, CIRCUIT BREAKERS",33,T,BRKR,,,,,left_only
41329316,"BIRDS LANDING SW STA, CIRCUIT BREAKERS",33,T,BRKR,,,,,left_only
42756914,"ELECTRA PH, CIRCUIT BREAKERS",23,T,BRKR,,,,,left_only
42740543,"TASSAJARA SUB, CIRCUIT BREAKERS",23,T,BRKR,,,,,left_only
42757065,"SAN MATEO SUB, CIRCUIT BREAKERS",24,T,BRKR,,,,,left_only
44208326,"TABLE MTN SUB, CIRCUIT BREAKERS",24,T,BRKR,,,,,left_only
40993801,"TEVIS SUB, CIRCUIT BREAKERS",44,T,BRKR,,,,,left_only
40992084,"BUTTE SUB, CIRCUIT BREAKERS",43,T,BRKR,,,,,left_only
40992774,"LEMOORE SUB, CIRCUIT BREAKERS",44,T,BRKR,,,,,left_only
40992996,"MILPITAS SUB, CIRCUIT BREAKERS",44,T,BRKR,,,,,left_only
40992086,"BUTTE SUB, CIRCUIT BREAKERS",43,T,BRKR,,,,,left_only
40992199,"COBURN SUB, CIRCUIT BREAKERS",43,T,BRKR,,,,,left_only
40989970,"WEEDPATCH SUB, CIRCUIT BREAKERS",43,T,BRKR,,,,,left_only
43146031,"HERNDON SUB, CIRCUIT BREAKERS",23,T,BRKR,,,,,left_only
40992493,"GEYSERS 3 & 4 PP SW STA, CIRCUIT BREAKER",44,T,BRKR,,,,,left_only
45134000,"WHEELER RIDGE SUB, CIRCUIT BREAKERS",23,T,BRKR,,,,,left_only
40992327,"EAST NICOLAUS SUB, CIRCUIT BREAKERS",43,T,BRKR,,,,,left_only
40992033,"BOGUE SUB, CIRCUIT BREAKERS",44,T,BRKR,,,,,left_only
40992202,"CORCORAN SUB, CIRCUIT BREAKERS",44,T,BRKR,,,,,left_only
40993639,"SOLEDAD SUB, CIRCUIT BREAKERS",43,T,BRKR,,,,,left_only
44723243,"GOLD HILL SUB, CIRCUIT BREAKERS",13,T,BRKR,,,,,left_only
40992612,"KASSON SUB, CIRCUIT BREAKERS",44,T,BRKR,,,,,left_only
41114361,"ROUND MTN SUB, CIRCUIT BREAKERS",44,T,BRKR,,,,,left_only
44439798,"WILSON SUB, CIRCUIT BREAKERS",13,T,BRKR,,,,,left_only
41114362,"ROUND MTN SUB, CIRCUIT BREAKERS",44,T,BRKR,,,,,left_only
40993163,"OAKLAND X SUB, CIRCUIT BREAKERS",44,T,BRKR,,,,,left_only
41174181,"TESLA SUB, CIRCUIT BREAKERS",34,T,BRKR,,,,,left_only
40989953,"WASCO SUB, CIRCUIT BREAKERS",43,T,BRKR,,,,,left_only
40992851,"MARTINEZ PP, CIRCUIT BREAKERS",44,T,BRKR,,,,,left_only
41174182,"TESLA SUB, CIRCUIT BREAKERS",34,T,BRKR,,,,,left_only
40993451,"SALINAS SUB, CIRCUIT BREAKERS",44,T,BRKR,,,,,left_only
40990844,"HERNDON SUB, CIRCUIT BREAKERS",43,T,BRKR,,,,,left_only
45274523,"MONTA VISTA SUB, CIRCUIT BREAKERS",13,T,BRKR,,,,,left_only
45687334,"RIO OSO SUB, CIRCUIT BREAKERS",14,T,BRKR,,,,,left_only
41237153,"JEFFERSON SUB, CIRCUIT BREAKERS",33,T,BRKR,,,,,left_only
41174183,"TESLA SUB, CIRCUIT BREAKERS",34,T,BRKR,,,,,left_only
40990350,"SOBRANTE SUB, CIRCUIT BREAKERS",44,T,BRKR,,,,,left_only
40992143,"CONTRA COSTA SUB, CIRCUIT BREAKERS",43,T,BRKR,,,,,left_only
40992217,"COPPERMINE SUB, CIRCUIT BREAKERS",43,T,BRKR,,,,,left_only
40991871,"TAFT SUB, CIRCUIT BREAKERS",44,T,BRKR,,,,,left_only
40992200,"COBURN SUB, CIRCUIT BREAKERS",44,T,BRKR,,,,,left_only
40992792,"LOCKEFORD SUB, CIRCUIT BREAKERS",44,T,BRKR,,,,,left_only
40992849,"MARTINEZ PP, CIRCUIT BREAKERS",44,T,BRKR,,,,,left_only
40992850,"MARTINEZ PP, CIRCUIT BREAKERS",44,T,BRKR,,,,,left_only
40992848,"MARTINEZ PP, CIRCUIT BREAKERS",44,T,BRKR,,,,,left_only
44862254,"MOSS LANDING PP, CIRCUIT BREAKERS",24,T,BRKR,,,,,left_only
44862255,"MOSS LANDING PP, CIRCUIT BREAKERS",24,T,BRKR,,,,,left_only
44862256,"MOSS LANDING PP, CIRCUIT BREAKERS",24,T,BRKR,,,,,left_only
42553154,"SAN FRAN H (MARTIN) SUB, CIRCUIT BRKR",33,T,BRKR,,,,,left_only
40993750,"TAFT SUB, CIRCUIT BREAKERS",44,T,BRKR,,,,,left_only
40992056,"BRIGHTON SUB, CIRCUIT BREAKERS",44,T,BRKR,,,,,left_only
42688573,"MESA SUB, CIRCUIT BREAKERS",23,T,BRKR,,,,,left_only
40992082,"BUTTE SUB, CIRCUIT BREAKERS",44,T,BRKR,,,,,left_only
40993161,"OAKLAND X SUB, CIRCUIT BREAKERS",44,T,BRKR,,,,,left_only
40993600,"SAN JOSE B SUB, CIRCUIT BREAKERS",44,T,BRKR,,,,,left_only
40993290,"PANOCHE SUB, CIRCUIT BREAKERS",44,T,BRKR,,,,,left_only
40993388,"RIVERBANK SUB, CIRCUIT BREAKERS",44,T,BRKR,,,,,left_only
40993721,"SYCAMORE CREEK SUB, CIRCUIT BREAKERS",44,T,BRKR,,,,,left_only
40991717,"MI-WUK SUB, CIRCUIT BREAKERS",44,T,BRKR,,,,,left_only
40992592,"JARVIS SUB, CIRCUIT BREAKERS",44,T,BRKR,,,,,left_only
40992545,"HENRIETTA SUB, CIRCUIT BREAKERS",44,T,BRKR,,,,,left_only
41234936,"DIABLO CANYON PP, CIRCUIT BREAKERS",34,T,BRKR,,,,,left_only
44384014,"DIABLO CANYON PP, CIRCUIT BREAKERS",34,T,BRKR,,,,,left_only
44384015,"DIABLO CANYON PP, CIRCUIT BREAKERS",34,T,BRKR,,,,,left_only
44862257,"MOSS LANDING PP, CIRCUIT BREAKERS",24,T,BRKR,,,,,left_only
40990158,"TRINITY SUB, CIRCUIT BREAKERS",43,T,BRKR,,,,,left_only
40991152,"OIL FIELDS SUB, CIRCUIT BREAKERS",43,T,BRKR,,,,,left_only
44862258,"MOSS LANDING PP, CIRCUIT BREAKERS",24,T,BRKR,,,,,left_only
40991939,"ATLANTIC SUB, CIRCUIT BREAKERS",43,T,BRKR,,,,,left_only
44862260,"MOSS LANDING PP, CIRCUIT BREAKERS",24,T,BRKR,,,,,left_only
42677868,"CARBERRY SW STA, CIRCUIT BREAKERS",23,T,BRKR,,,,,left_only
44139916,"MIDWAY SUB, CIRCUIT BREAKERS",24,T,BRKR,,,,,left_only
44139918,"MIDWAY SUB, CIRCUIT BREAKERS",24,T,BRKR,,,,,left_only
44139919,"MIDWAY SUB, CIRCUIT BREAKERS",24,T,BRKR,,,,,left_only
40992932,"MESA SUB, CIRCUIT BREAKERS",44,T,BRKR,,,,,left_only
40992925,"MENDOCINO SUB, CIRCUIT BREAKERS",43,T,BRKR,,,,,left_only
40991556,"SEMITROPIC SUB, CIRCUIT BREAKERS",44,T,BRKR,,,,,left_only
44862261,"MOSS LANDING PP, CIRCUIT BREAKERS",24,T,BRKR,,,,,left_only
40992345,"EDENVALE SUB, CIRCUIT BREAKERS",44,T,BRKR,,,,,left_only
44862263,"MOSS LANDING PP, CIRCUIT BREAKERS",24,T,BRKR,,,,,left_only
44862264,"MOSS LANDING PP, CIRCUIT BREAKERS",24,T,BRKR,,,,,left_only
40992488,"GATES SUB, CIRCUIT BREAKERS",44,T,BRKR,,,,,left_only
40989887,"TULUCAY SUB, CIRCUIT BREAKERS",44,T,BRKR,,,,,left_only
42740938,"ARCO SUB, CIRCUIT BREAKERS",23,T,BRKR,,,,,left_only
40993389,"RIVERBANK SUB, CIRCUIT BREAKERS",44,T,BRKR,BRKR,2026-04-29,,In-Service Failure,both
44174939,"GATES SUB, CIRCUIT BREAKERS",44,T,BRKR,,,,,left_only
44174940,"GATES SUB, CIRCUIT BREAKERS",44,T,BRKR,,,,,left_only
45729225,"TESLA SUB, CIRCUIT BREAKERS",24,T,BRKR,,,,,left_only
42701335,"ATLANTIC SUB, CIRCUIT BREAKERS",23,T,BRKR,,,,,left_only
40992034,"BOGUE SUB, CIRCUIT BREAKERS",44,T,BRKR,,,,,left_only
40991162,"DRUM 1 & 2 PH, CIRCUIT BREAKERS",43,T,BRKR,BRKR,2026-04-23,,JIT,both
40990977,"METCALF SUB, CIRCUIT BREAKERS",44,T,BRKR,,,,,left_only
42758015,"WHEELER RIDGE SUB, CIRCUIT BREAKERS",23,T,BRKR,,,,,left_only
42773553,"CALIENTE SW STA, CIRCUIT BREAKERS",23,T,BRKR,,,,,left_only
40993417,"SAN FRAN AIRPORT SUB, CIRCUIT BREAKER",44,T,BRKR,,,,,left_only
40993349,"PAUL SWEET SUB, CIRCUIT BREAKERS",44,T,BRKR,,,,,left_only
40993621,"STOCKTON A SUB, CIRCUIT BREAKERS",44,T,BRKR,,,,,left_only
45729227,"TESLA SUB, CIRCUIT BREAKERS",24,T,BRKR,,,,,left_only
45729229,"TESLA SUB, CIRCUIT BREAKERS",24,T,BRKR,,,,,left_only
44862265,"MOSS LANDING PP, CIRCUIT BREAKERS",24,T,BRKR,,,,,left_only
41157851,"LOS ESTEROS SUB, CIRCUIT BREAKERS",44,T,BRKR,,,,,left_only
40990893,"LAS POSITAS SUB, CIRCUIT BREAKERS",43,T,BRKR,,,,,left_only
40991064,"SOUTH PH, CIRCUIT BREAKERS",43,T,BRKR,,,,,left_only
40992064,"BARTON SUB, CIRCUIT BREAKERS",44,T,BRKR,,,,,left_only
40992951,"MAGUNDEN SUB, CIRCUIT BREAKERS",44,T,BRKR,,,,,left_only
42756237,"SOLAR SW STA, CIRCUIT BREAKERS",23,T,BRKR,,,,,left_only
44862266,"MOSS LANDING PP, CIRCUIT BREAKERS",24,T,BRKR,,,,,left_only
44862267,"MOSS LANDING PP, CIRCUIT BREAKERS",24,T,BRKR,,,,,left_only
41328362,"DIABLO CANYON PP, CIRCUIT BREAKERS",34,T,BRKR,,,,,left_only
44385340,"DIABLO CANYON PP, CIRCUIT BREAKERS",34,T,BRKR,,,,,left_only
44385341,"DIABLO CANYON PP, CIRCUIT BREAKERS",34,T,BRKR,,,,,left_only
44862268,"MOSS LANDING PP, CIRCUIT BREAKERS",24,T,BRKR,,,,,left_only
40990157,"TRINITY SUB, CIRCUIT BREAKERS",43,T,BRKR,,,,,left_only
40990894,"LAS POSITAS SUB, CIRCUIT BREAKERS",43,T,BRKR,,,,,left_only
44862269,"MOSS LANDING PP, CIRCUIT BREAKERS",24,T,BRKR,,,,,left_only
44862271,"MOSS LANDING PP, CIRCUIT BREAKERS",24,T,BRKR,,,,,left_only
41218526,"GATES SUB, CIRCUIT BREAKERS",34,T,BRKR,,,,,left_only
40993748,"TAFT SUB, CIRCUIT BREAKERS",44,T,BRKR,,,,,left_only
40992852,"MARTINEZ PP, CIRCUIT BREAKERS",44,T,BRKR,,,,,left_only
44174941,"GATES SUB, CIRCUIT BREAKERS",34,T,BRKR,,,,,left_only
44174942,"GATES SUB, CIRCUIT BREAKERS",34,T,BRKR,,,,,left_only
44234796,"CALIFORNIA FLATS SW STA, CIRCUIT BREAKER",24,T,BRKR,,,,,left_only
40993622,"STOCKTON A SUB, CIRCUIT BREAKERS",44,T,BRKR,,,,,left_only
41174176,"TESLA SUB, CIRCUIT BREAKERS",34,T,BRKR,,,,,left_only
40992464,"FRENCH CAMP SUB, CIRCUIT BREAKERS",43,T,BRKR,,,,,left_only
41174177,"TESLA SUB, CIRCUIT BREAKERS",34,T,BRKR,,,,,left_only
41174178,"TESLA SUB, CIRCUIT BREAKERS",34,T,BRKR,,,,,left_only
40991721,"NAPA SUB, CIRCUIT BREAKERS",43,T,BRKR,,,,,left_only
41131307,"ROUND MTN SUB, CIRCUIT BREAKERS",34,T,BRKR,,,,,left_only
40993465,"SAN PABLO SUB, CIRCUIT BREAKERS",44,T,BRKR,,,,,left_only
40990563,"MONTA VISTA SUB, CIRCUIT BREAKERS",44,T,BRKR,,,,,left_only
42772320,"VALLEY SPRINGS SUB, CIRCUIT BREAKERS",23,T,BRKR,,,,,left_only
40993749,"TAFT SUB, CIRCUIT BREAKERS",44,T,BRKR,,,,,left_only
40993464,"SAN PABLO SUB, CIRCUIT BREAKERS",44,T,BRKR,,,,,left_only
40992190,"CAMP EVERS SUB, CIRCUIT BREAKERS",44,T,BRKR,,,,,left_only
40991865,"LEMOORE SUB, CIRCUIT BREAKERS",44,T,BRKR,,,,,left_only
40992602,"JARVIS SUB, CIRCUIT BREAKERS",44,T,BRKR,,,,,left_only
43226007,"QUINTO SW STA, CIRCUIT BREAKERS",23,T,BRKR,,,,,left_only
44077085,"MUSTANG SW STA, CIRCUIT BREAKERS",23,T,BRKR,,,,,left_only
40992203,"CORCORAN SUB, CIRCUIT BREAKERS",44,T,BRKR,,,,,left_only
41193385,"GATES SUB, CIRCUIT BREAKERS",34,T,BRKR,,,,,left_only
44148877,"TRANQUILLITY SW STA, CIRCUIT BREAKERS",23,T,BRKR,,,,,left_only
40991643,"TABLE MTN SUB, CIRCUIT BREAKERS",44,T,BRKR,,,,,left_only
44315274,"LAS AGUILAS SW STA, CIRCUIT BREAKERS",23,T,BRKR,,,,,left_only
40990385,"NEWARK SUB, CIRCUIT BREAKERS",44,T,BRKR,,,,,left_only
40990480,"KERCKHOFF #1 PH, CIRCUIT BREAKERS",43,T,BRKR,,,,,left_only
44288993,"ROUND MTN SUB, CIRCUIT BREAKERS",34,T,BRKR,,,,,left_only
41246073,"WEST SACRAMENTO SUB, CIRCUIT BREAKERS",44,T,BRKR,,,,,left_only
40992924,"MEADOW LANE SUB, CIRCUIT BREAKERS",44,T,BRKR,,,,,left_only
40993626,"STOCKTON A SUB, CIRCUIT BREAKERS",44,T,BRKR,,,,,left_only
44693302,"KERN PP, CIRCUIT BREAKERS",13,T,BRKR,,,,,left_only
40992886,"MARYSVILLE SUB, CIRCUIT BREAKERS",44,T,BRKR,,,,,left_only
40990936,"BIOLA SUB, CIRCUIT BREAKERS",43,T,BRKR,,,,,left_only
44846527,"PADRE FLATS SW STA, CIRCUIT BREAKERS",13,T,BRKR,,,,,left_only
40992931,"MERCED SUB, CIRCUIT BREAKERS",44,T,BRKR,,,,,left_only
40990381,"GOLD HILL SUB, CIRCUIT BREAKERS",44,T,BRKR,,,,,left_only
40991165,"DRUM 1 & 2 PH, CIRCUIT BREAKERS",43,T,BRKR,,,,,left_only
40992916,"MEADOW LANE SUB, CIRCUIT BREAKERS",44,T,BRKR,,,,,left_only
45482257,"FINK SW STA, CIRCUIT BREAKERS",13,T,BRKR,,,,,left_only
40990115,"BENTON SUB, CIRCUIT BREAKERS",43,T,BRKR,,,,,left_only
41193386,"GATES SUB, CIRCUIT BREAKERS",34,T,BRKR,,,,,left_only
40990173,"TABLE MTN SUB, CIRCUIT BREAKERS",44,T,BRKR,,,,,left_only
44288994,"ROUND MTN SUB, CIRCUIT BREAKERS",34,T,BRKR,,,,,left_only
45838810,"CAYETANO SUB, CIRCUIT BREAKERS",13,T,BRKR,,,,,left_only
44242359,"SAN FRAN Z (EMBARCADERO) SUB, BRKR",23,T,BRKR,,,,,left_only
40990786,"ELK CREEK JCT, CIRCUIT BREAKERS",44,T,BRKR,,,,,left_only
41193387,"GATES SUB, CIRCUIT BREAKERS",34,T,BRKR,,,,,left_only
44236093,"SAN FRAN A (POTRERO PP) SUB, CIR BRKRS",24,T,BRKR,,,,,left_only
42644122,"TESORO SUB, CIRCUIT BREAKERS",23,T,BRKR,,,,,left_only
40990174,"TABLE MTN SUB, CIRCUIT BREAKERS",44,T,BRKR,,,,,left_only
44873337,"GATES SUB, CIRCUIT BREAKERS",24,T,BRKR,,,,,left_only
40992989,"MELONES SW STA, CIRCUIT BREAKERS",44,T,BRKR,,,,,left_only
40990958,"MARTINEZ PP, CIRCUIT BREAKERS",44,T,BRKR,,,,,left_only
40990189,"CENTERVILLE PH, CIRCUIT BREAKERS",44,T,BRKR,,,,,left_only
40990562,"MONTA VISTA SUB, CIRCUIT BREAKERS",44,T,BRKR,,,,,left_only
40992548,"HERDLYN SUB, CIRCUIT BREAKERS",44,T,BRKR,,,,,left_only
40990232,"KINGSBURG SUB, CIRCUIT BREAKERS",44,T,BRKR,,,,,left_only
45687336,"RIO OSO SUB, CIRCUIT BREAKERS",14,T,BRKR,,,,,left_only
41237662,"JEFFERSON SUB, CIRCUIT BREAKERS",33,T,BRKR,,,,,left_only
40990845,"HERNDON SUB, CIRCUIT BREAKERS",33,T,BRKR,,,,,left_only
42572557,"ATLANTIC SUB, CIRCUIT BREAKERS",33,T,BRKR,,,,,left_only
40990540,"OAKLAND J SUB, CIRCUIT BREAKERS",34,T,BRKR,,,,,left_only
42553155,"SAN FRAN H (MARTIN) SUB, CIRCUIT BRKR",33,T,BRKR,,,,,left_only
40990187,"PANOCHE SUB, CIRCUIT BREAKERS",34,T,BRKR,,,,,left_only
40990001,"WILSON SUB, CIRCUIT BREAKERS",34,T,BRKR,,,,,left_only
40993260,"OAKLAND J SUB, CIRCUIT BREAKERS",34,T,BRKR,,,,,left_only
40989994,"WILSON SUB, CIRCUIT BREAKERS",34,T,BRKR,,,,,left_only
42677870,"CARBERRY SW STA, CIRCUIT BREAKERS",23,T,BRKR,,,,,left_only
42735552,"ARCO SUB, CIRCUIT BREAKERS",23,T,BRKR,,,,,left_only
40990116,"BENTON SUB, CIRCUIT BREAKERS",33,T,BRKR,,,,,left_only
40993709,"SANTA MARIA SUB, CIRCUIT BREAKERS",34,T,BRKR,,,,,left_only
40993351,"PAUL SWEET SUB, CIRCUIT BREAKERS",34,T,BRKR,,,,,left_only
42758054,"WHEELER RIDGE SUB, CIRCUIT BREAKERS",23,T,BRKR,,,,,left_only
40992885,"MARYSVILLE SUB, CIRCUIT BREAKERS",34,T,BRKR,,,,,left_only
40990179,"MERCED SUB, CIRCUIT BREAKERS",34,T,BRKR,,,,,left_only
40990538,"MONTA VISTA SUB, CIRCUIT BREAKERS",34,T,BRKR,,,,,left_only
40992990,"MELONES SW STA, CIRCUIT BREAKERS",34,T,BRKR,,,,,left_only
40991180,"LIVERMORE SUB, CIRCUIT BREAKERS",33,T,BRKR,,,,,left_only
42773555,"CALIENTE SW STA, CIRCUIT BREAKERS",23,T,BRKR,,,,,left_only
40991164,"DRUM 1 & 2 PH, CIRCUIT BREAKERS",34,T,BRKR,,,,,left_only
40990440,"WATSONVILLE SUB, CIRCUIT BREAKERS",34,T,BRKR,,,,,left_only
40990231,"CURTIS SUB, CIRCUIT BREAKERS",34,T,BRKR,,,,,left_only
40990328,"FREMONT SUB, CIRCUIT BREAKERS",34,T,BRKR,,,,,left_only
42756264,"SOLAR SW STA, CIRCUIT BREAKERS",23,T,BRKR,,,,,left_only
41157847,"LOS ESTEROS SUB, CIRCUIT BREAKERS",34,T,BRKR,,,,,left_only
44077096,"MUSTANG SW STA, CIRCUIT BREAKERS",23,T,BRKR,,,,,left_only
40990606,"MONTA VISTA SUB, CIRCUIT BREAKERS",34,T,BRKR,,,,,left_only
40990495,"TRINITY SUB, CIRCUIT BREAKERS",34,T,BRKR,,,,,left_only
40990749,"FULTON SUB, CIRCUIT BREAKERS",34,T,BRKR,,,,,left_only
40991187,"SALINAS SUB, CIRCUIT BREAKERS",34,T,BRKR,,,,,left_only
40990170,"TABLE MTN SUB, CIRCUIT BREAKERS",44,T,BRKR,,,,,left_only
40990265,"GATES SUB, CIRCUIT BREAKERS",34,T,BRKR,,,,,left_only
44975892,"GATES SUB, CIRCUIT BREAKERS",24,T,BRKR,,,,,left_only
40990171,"TABLE MTN SUB, CIRCUIT BREAKERS",44,T,BRKR,,,,,left_only
44975893,"GATES SUB, CIRCUIT BREAKERS",24,T,BRKR,,,,,left_only
40990172,"TABLE MTN SUB, CIRCUIT BREAKERS",44,T,BRKR,,,,,left_only
40990829,"KESWICK SUB, CIRCUIT BREAKERS",34,T,BRKR,,,,,left_only
40992929,"MERCED SUB, CIRCUIT BREAKERS",34,T,BRKR,,,,,left_only
40990230,"MELONES SW STA, CIRCUIT BREAKERS",34,T,BRKR,,,,,left_only
43226012,"QUINTO SW STA, CIRCUIT BREAKERS",23,T,BRKR,,,,,left_only
40990400,"PLEASANT GROVE SUB, CIRCUIT BREAKERS",34,T,BRKR,,,,,left_only
44234797,"CALIFORNIA FLATS SW STA, CIRCUIT BREAKER",24,T,BRKR,,,,,left_only
40990284,"SCHINDLER SUB, CIRCUIT BREAKERS",34,T,BRKR,,,,,left_only
40991841,"DIXON LANDING SUB, CIRCUIT BREAKERS",34,T,BRKR,,,,,left_only
40993776,"TESLA SUB, CIRCUIT BREAKERS",44,T,BRKR,,,,,left_only
40990184,"TESLA SUB, CIRCUIT BREAKERS",44,T,BRKR,,,,,left_only
40990185,"TESLA SUB, CIRCUIT BREAKERS",44,T,BRKR,,,,,left_only
40990943,"NEWARK SUB, CIRCUIT BREAKERS",34,T,BRKR,,,,,left_only
44315277,"LAS AGUILAS SW STA, CIRCUIT BREAKERS",23,T,BRKR,,,,,left_only
40990396,"SAN JOAQUIN SUB, CIRCUIT BREAKERS",34,T,BRKR,,,,,left_only
40990177,"MERCED SUB, CIRCUIT BREAKERS",34,T,BRKR,,,,,left_only
40990397,"SAN JOAQUIN SUB, CIRCUIT BREAKERS",34,T,BRKR,,,,,left_only
40990395,"TIVY VALLEY SUB, CIRCUIT BREAKERS",34,T,BRKR,,,,,left_only
40990392,"KERN PP, CIRCUIT BREAKERS",34,T,BRKR,,,,,left_only
40990188,"EXCHEQUER PH, CIRCUIT BREAKERS",33,T,BRKR,,,,,left_only
40990512,"TULARE LAKE SUB, CIRCUIT BREAKERS",34,T,BRKR,,,,,left_only
41157849,"LOS ESTEROS SUB, CIRCUIT BREAKERS",34,T,BRKR,,,,,left_only
40990513,"TULARE LAKE SUB, CIRCUIT BREAKERS",34,T,BRKR,,,,,left_only
40990341,"FREMONT SUB, CIRCUIT BREAKERS",34,T,BRKR,,,,,left_only
44358886,"TRANQUILLITY SW STA, CIRCUIT BREAKERS",13,T,BRKR,,,,,left_only
44693303,"KERN PP, CIRCUIT BREAKERS",13,T,BRKR,,,,,left_only
41186546,"LOCKEFORD SUB, CIRCUIT BREAKERS",34,T,BRKR,,,,,left_only
40990883,"FULTON SUB, CIRCUIT BREAKERS",34,T,BRKR,,,,,left_only
40990399,"PLEASANT GROVE SUB, CIRCUIT BREAKERS",34,T,BRKR,,,,,left_only
44846528,"PADRE FLATS SW STA, CIRCUIT BREAKERS",13,T,BRKR,,,,,left_only
40991421,,33,T,BRKR,,,,,left_only
40990793,"CABRILLO SUB, CIRCUIT BREAKERS",34,T,BRKR,,,,,left_only
40991592,"TRIMBLE SUB, CIRCUIT BREAKERS",34,T,BRKR,,,,,left_only
40990541,"MONTA VISTA SUB, CIRCUIT BREAKERS",34,T,BRKR,,,,,left_only
41186157,"DIABLO CANYON PP, CIRCUIT BREAKERS",34,T,BRKR,,,,,left_only
45543566,"MESA SUB, CIRCUIT BREAKERS",14,T,BRKR,,,,,left_only
40990297,"SAN JOSE B SUB, CIRCUIT BREAKERS",34,T,BRKR,,,,,left_only
40990340,"SAN JOSE B SUB, CIRCUIT BREAKERS",34,T,BRKR,,,,,left_only
40990262,"GATES SUB, CIRCUIT BREAKERS",34,T,BRKR,,,,,left_only
40990242,"KINGSBURG SUB, CIRCUIT BREAKERS",34,T,BRKR,,,,,left_only
44385374,"DIABLO CANYON PP, CIRCUIT BREAKERS",34,T,BRKR,,,,,left_only
44385375,"DIABLO CANYON PP, CIRCUIT BREAKERS",34,T,BRKR,,,,,left_only
40990790,"EDENVALE SUB, CIRCUIT BREAKERS",34,T,BRKR,,,,,left_only
40990586,"SAN LUIS OBISPO SUB, CIRCUIT BREAKERS",34,T,BRKR,,,,,left_only
40990856,"LE GRAND SUB, CIRCUIT BREAKERS",34,T,BRKR,,,,,left_only
40990528,"BRITTON SUB, CIRCUIT BREAKERS",34,T,BRKR,,,,,left_only
40990612,"BRITTON SUB, CIRCUIT BREAKERS",34,T,BRKR,,,,,left_only
40990819,"SALADO SUB, CIRCUIT BREAKERS",34,T,BRKR,,,,,left_only
40991040,"HOLLISTER SUB, CIRCUIT BREAKERS",34,T,BRKR,,,,,left_only
40990865,"MENDOTA SUB, CIRCUIT BREAKERS",34,T,BRKR,,,,,left_only
45482245,"FINK SW STA, CIRCUIT BREAKERS",13,T,BRKR,,,,,left_only
44242360,"SAN FRAN Z (EMBARCADERO) SUB, BRKR",23,T,BRKR,,,,,left_only
42644123,"TESORO SUB, CIRCUIT BREAKERS",23,T,BRKR,,,,,left_only
40990986,"ROUND MTN SUB, CIRCUIT BREAKERS",34,T,BRKR,,,,,left_only
40990811,"WEST SACRAMENTO SUB, CIRCUIT BREAKERS",34,T,BRKR,,,,,left_only
40990167,"TABLE MTN SUB, CIRCUIT BREAKERS",44,T,BRKR,,,,,left_only
40990597,"REEDLEY SUB, CIRCUIT BREAKERS",34,T,BRKR,,,,,left_only
42694023,"PIT #3 PH, CIRCUIT BREAKERS",23,T,BRKR,,,,,left_only
40990420,"DIXON LANDING SUB, CIRCUIT BREAKERS",34,T,BRKR,,,,,left_only
40991073,"TEMPLETON SUB, CIRCUIT BREAKERS",34,T,BRKR,,,,,left_only
40990987,"ROUND MTN SUB, CIRCUIT BREAKERS",34,T,BRKR,,,,,left_only
40990241,"KINGSBURG SUB, CIRCUIT BREAKERS",34,T,BRKR,,,,,left_only
40990168,"TABLE MTN SUB, CIRCUIT BREAKERS",44,T,BRKR,,,,,left_only
40990988,"ROUND MTN SUB, CIRCUIT BREAKERS",34,T,BRKR,,,,,left_only
40990169,"TABLE MTN SUB, CIRCUIT BREAKERS",44,T,BRKR,,,,,left_only
40993774,"TESLA SUB, CIRCUIT BREAKERS",44,T,BRKR,,,,,left_only
40990303,"WHISMAN SUB, CIRCUIT BREAKERS",34,T,BRKR,,,,,left_only
42553156,"SAN FRAN H (MARTIN) SUB, CIRCUIT BRKR",33,T,BRKR,BRKR,2026-02-03,,JIT,both
40990885,"FULTON SUB, CIRCUIT BREAKERS",34,T,BRKR,,,,,left_only
40990250,"TESLA SUB, CIRCUIT BREAKERS",44,T,BRKR,,,,,left_only
44236087,"SAN FRAN A (POTRERO PP) SUB, CIR BRKRS",24,T,BRKR,,,,,left_only
40990229,"MELONES SW STA, CIRCUIT BREAKERS",34,T,BRKR,,,,,left_only
42709929,"SAN FRAN H (MARTIN) SUB, CIRCUIT BRKR",43,T,BRKR,,,,,left_only
40990673,"BAY MEADOWS SUB, CIRCUIT BREAKERS",34,T,BRKR,,,,,left_only
40990482,"EL NIDO SUB, CIRCUIT BREAKERS",33,T,BRKR,,,,,left_only
40991101,"TABLE MTN SUB, CIRCUIT BREAKERS",34,T,BRKR,,,,,left_only
40990251,"TESLA SUB, CIRCUIT BREAKERS",44,T,BRKR,,,,,left_only
40990944,"BUTTE SUB, CIRCUIT BREAKERS",34,T,BRKR,,,,,left_only
44349086,"DIABLO CANYON PP, CIRCUIT BREAKERS",24,T,BRKR,,,,,left_only
40990850,"NEWARK SUB, CIRCUIT BREAKERS",34,T,BRKR,,,,,left_only
40990520,"COALINGA #1 SUB, CIRCUIT BREAKERS",34,T,BRKR,,,,,left_only
40989964,"WEST SACRAMENTO SUB, CIRCUIT BREAKERS",34,T,BRKR,,,,,left_only
40990454,"WHISMAN SUB, CIRCUIT BREAKERS",34,T,BRKR,,,,,left_only
40991171,"WEBER SUB, CIRCUIT BREAKERS",34,T,BRKR,,,,,left_only
40990441,"WHISMAN SUB, CIRCUIT BREAKERS",34,T,BRKR,,,,,left_only
40990810,"WEST SACRAMENTO SUB, CIRCUIT BREAKERS",34,T,BRKR,,,,,left_only
40990362,"KERN OIL SUB, CIRCUIT BREAKERS",33,T,BRKR,,,,,left_only
42685618,"PIT #1 PH, CIRCUIT BREAKERS",33,T,BRKR,,,,,left_only
44372074,"DIABLO CANYON PP, CIRCUIT BREAKERS",24,T,BRKR,,,,,left_only
40990322,"LIVERMORE SUB, CIRCUIT BREAKERS",33,T,BRKR,,,,,left_only
40990751,"FULTON SUB, CIRCUIT BREAKERS",34,T,BRKR,,,,,left_only
40990639,"GOLD HILL SUB, CIRCUIT BREAKERS",34,T,BRKR,,,,,left_only
40990298,"RADUM SUB, CIRCUIT BREAKERS",33,T,BRKR,,,,,left_only
44372075,"DIABLO CANYON PP, CIRCUIT BREAKERS",24,T,BRKR,,,,,left_only
41190756,"GATES SUB, CIRCUIT BREAKERS",34,T,BRKR,,,,,left_only
42645979,"TABLE MTN SUB, CIRCUIT BREAKERS",44,T,BRKR,,,,,left_only
40991562,"NEWARK SUB, CIRCUIT BREAKERS",34,T,BRKR,,,,,left_only
40990637,"HAT CREEK #1 PH, CIRCUIT BREAKERS",34,T,BRKR,,,,,left_only
40993504,"SMYRNA SUB, CIRCUIT BREAKERS",34,T,BRKR,,,,,left_only
40990753,"FULTON SUB, CIRCUIT BREAKERS",34,T,BRKR,,,,,left_only
40990982,"SALINAS SUB, CIRCUIT BREAKERS",34,T,BRKR,,,,,left_only
40990550,"FULTON SUB, CIRCUIT BREAKERS",34,T,BRKR,,,,,left_only
40990524,"BUTTE SUB, CIRCUIT BREAKERS",34,T,BRKR,,,,,left_only
40990488,"OIL FIELDS SUB, CIRCUIT BREAKERS",34,T,BRKR,,,,,left_only
40990235,"CORCORAN SUB, CIRCUIT BREAKERS",34,T,BRKR,,,,,left_only
40990636,"APPLIED MATERIALS SW STA, CIRC BREAKERS",34,T,BRKR,,,,,left_only
40990634,"APPLIED MATERIALS SW STA, CIRC BREAKERS",34,T,BRKR,,,,,left_only
40991918,"ARCO SUB, CIRCUIT BREAKERS",34,T,BRKR,,,,,left_only
41190757,"GATES SUB, CIRCUIT BREAKERS",34,T,BRKR,,,,,left_only
44656587,"GATES SUB, CIRCUIT BREAKERS",24,T,BRKR,,,,,left_only
40990679,"TABLE MTN SUB, CIRCUIT BREAKERS",34,T,BRKR,,,,,left_only
44237558,"TABLE MTN SUB, CIRCUIT BREAKERS",44,T,BRKR,,,,,left_only
45690383,"RIO OSO SUB, CIRCUIT BREAKERS",14,T,BRKR,,,,,left_only
40990649,"LAKEVILLE SUB, CIRCUIT BREAKERS",34,T,BRKR,,,,,left_only
40990500,"JARVIS SUB, CIRCUIT BREAKERS",34,T,BRKR,,,,,left_only
40991066,"REEDLEY SUB, CIRCUIT BREAKERS",34,T,BRKR,,,,,left_only
40990496,"TRINITY SUB, CIRCUIT BREAKERS",34,T,BRKR,,,,,left_only
41190758,"GATES SUB, CIRCUIT BREAKERS",34,T,BRKR,,,,,left_only
44237560,"TABLE MTN SUB, CIRCUIT BREAKERS",44,T,BRKR,,,,,left_only
40990519,"COALINGA #1 SUB, CIRCUIT BREAKERS",34,T,BRKR,,,,,left_only
40990600,"RENFRO SUB, CIRCUIT BREAKERS",34,T,BRKR,,,,,left_only
40990750,"FULTON SUB, CIRCUIT BREAKERS",34,T,BRKR,,,,,left_only
45729231,"TESLA SUB, CIRCUIT BREAKERS",24,T,BRKR,,,,,left_only
40990489,"OIL FIELDS SUB, CIRCUIT BREAKERS",34,T,BRKR,,,,,left_only
40990570,"MONTA VISTA SUB, CIRCUIT BREAKERS",34,T,BRKR,,,,,left_only
40990601,"RENFRO SUB, CIRCUIT BREAKERS",34,T,BRKR,,,,,left_only
40991566,"NEWARK SUB, CIRCUIT BREAKERS",34,T,BRKR,,,,,left_only
40990650,"LAKEVILLE SUB, CIRCUIT BREAKERS",34,T,BRKR,,,,,left_only
40990714,"HERNDON SUB, CIRCUIT BREAKERS",34,T,BRKR,,,,,left_only
40990779,"MILPITAS SUB, CIRCUIT BREAKERS",34,T,BRKR,,,,,left_only
40990677,"TABLE MTN SUB, CIRCUIT BREAKERS",34,T,BRKR,,,,,left_only
40991253,"MONTA VISTA SUB, CIRCUIT BREAKERS",34,T,BRKR,,,,,left_only
40990670,"BAY MEADOWS SUB, CIRCUIT BREAKERS",34,T,BRKR,,,,,left_only
40990772,"MARICOPA SUB, CIRCUIT BREAKERS",34,T,BRKR,,,,,left_only
40991072,"TEMPLETON SUB, CIRCUIT BREAKERS",34,T,BRKR,,,,,left_only
40991053,"PASO ROBLES SUB, CIRCUIT BREAKERS",33,T,BRKR,,,,,left_only
40990521,"MESA SUB, CIRCUIT BREAKERS",34,T,BRKR,,,,,left_only
40991254,"MONTA VISTA SUB, CIRCUIT BREAKERS",34,T,BRKR,,,,,left_only
45507531,"BITTERWATER SW STA, CIRCUIT BREAKERS",13,T,BRKR,,,,,left_only
41195064,"OAKLAND C (OAKLAND PP) SUB, CIRCUIT BRKR",34,T,BRKR,,,,,left_only
40990603,"VIERRA SUB, CIRCUIT BREAKERS",34,T,BRKR,,,,,left_only
40991039,"HOLLISTER SUB, CIRCUIT BREAKERS",34,T,BRKR,,,,,left_only
40991920,"ARCO SUB, CIRCUIT BREAKERS",43,T,BRKR,,,,,left_only
40990822,"OAKLAND C (OAKLAND PP) SUB, CIRCUIT BRKR",34,T,BRKR,,,,,left_only
40993428,"SAN FRAN H (MARTIN) SUB, CIRCUIT BRKR",44,T,BRKR,,,,,left_only
41106548,"NEWARK SUB, CIRCUIT BREAKERS",34,T,BRKR,,,,,left_only
40990671,"BAY MEADOWS SUB, CIRCUIT BREAKERS",34,T,BRKR,,,,,left_only
45729233,"TESLA SUB, CIRCUIT BREAKERS",24,T,BRKR,,,,,left_only
40990523,"MESA SUB, CIRCUIT BREAKERS",34,T,BRKR,,,,,left_only
40992933,"MESA SUB, CIRCUIT BREAKERS",33,T,BRKR,,,,,left_only
40990827,"SAN LUIS OBISPO SUB, CIRCUIT BREAKERS",34,T,BRKR,,,,,left_only
41106551,"NEWARK SUB, CIRCUIT BREAKERS",34,T,BRKR,,,,,left_only
40990904,"BIOLA SUB, CIRCUIT BREAKERS",34,T,BRKR,,,,,left_only
45729235,"TESLA SUB, CIRCUIT BREAKERS",24,T,BRKR,,,,,left_only
40990715,"HERNDON SUB, CIRCUIT BREAKERS",34,T,BRKR,,,,,left_only
40990802,"LAKEVILLE SUB, CIRCUIT BREAKERS",34,T,BRKR,,,,,left_only
41212142,"WILSON SUB, CIRCUIT BREAKERS",33,T,BRKR,,,,,left_only
44457964,"DIABLO CANYON PP, CIRCUIT BREAKERS",24,T,BRKR,,,,,left_only
41237663,"JEFFERSON SUB, CIRCUIT BREAKERS",33,T,BRKR,,,,,left_only
40990849,"OAKLAND C (OAKLAND PP) SUB, CIRCUIT BRKR",34,T,BRKR,,,,,left_only
42758057,"WHEELER RIDGE SUB, CIRCUIT BREAKERS",23,T,BRKR,,,,,left_only
42756266,"SOLAR SW STA, CIRCUIT BREAKERS",23,T,BRKR,,,,,left_only
40990552,"FULTON SUB, CIRCUIT BREAKERS",34,T,BRKR,,,,,left_only
42746864,"EASTSHORE SUB, CIRCUIT BREAKERS",23,T,BRKR,,,,,left_only
40990884,"FULTON SUB, CIRCUIT BREAKERS",34,T,BRKR,,,,,left_only
44457966,"DIABLO CANYON PP, CIRCUIT BREAKERS",24,T,BRKR,,,,,left_only
40990860,"WILSON SUB, CIRCUIT BREAKERS",34,T,BRKR,,,,,left_only
40991174,"WEBER SUB, CIRCUIT BREAKERS",34,T,BRKR,,,,,left_only
41127098,"SAN FRAN A (POTRERO PP) SUB, CIR BRKRS",34,T,BRKR,,,,,left_only
40991565,"NEWARK SUB, CIRCUIT BREAKERS",34,T,BRKR,,,,,left_only
40990666,"CORNING SUB, CIRCUIT BREAKERS",34,T,BRKR,,,,,left_only
40990881,"FULTON SUB, CIRCUIT BREAKERS",34,T,BRKR,,,,,left_only
40991170,"WEBER SUB, CIRCUIT BREAKERS",34,T,BRKR,,,,,left_only
40990680,"TABLE MTN SUB, CIRCUIT BREAKERS",34,T,BRKR,,,,,left_only
42773557,"CALIENTE SW STA, CIRCUIT BREAKERS",23,T,BRKR,,,,,left_only
40990748,"FULTON SUB, CIRCUIT BREAKERS",34,T,BRKR,,,,,left_only
40991224,"SAN BERNARD SUB, CIRCUIT BREAKERS",34,T,BRKR,,,,,left_only
40991074,"GLENN SUB, CIRCUIT BREAKERS",34,T,BRKR,,,,,left_only
40991065,"REEDLEY SUB, CIRCUIT BREAKERS",34,T,BRKR,,,,,left_only
40991517,"SAN FRAN H (MARTIN) SUB, CIRCUIT BRKR",34,T,BRKR,,,,,left_only
42837776,"VALLEY SPRINGS SUB, CIRCUIT BREAKERS",23,T,BRKR,,,,,left_only
43226017,"QUINTO SW STA, CIRCUIT BREAKERS",23,T,BRKR,,,,,left_only
43236217,"MOSS LANDING PP, CIRCUIT BREAKERS",24,T,BRKR,,,,,left_only
40990263,"GATES SUB, CIRCUIT BREAKERS",34,T,BRKR,,,,,left_only
44234798,"CALIFORNIA FLATS SW STA, CIRCUIT BREAKER",24,T,BRKR,,,,,left_only
44148878,"TRANQUILLITY SW STA, CIRCUIT BREAKERS",23,T,BRKR,,,,,left_only
40991139,"WEBER SUB, CIRCUIT BREAKERS",34,T,BRKR,,,,,left_only
44457967,"DIABLO CANYON PP, CIRCUIT BREAKERS",24,T,BRKR,,,,,left_only
40991172,"WEBER SUB, CIRCUIT BREAKERS",34,T,BRKR,,,,,left_only
40990994,"CORONA SUB, CIRCUIT BREAKERS",34,T,BRKR,,,,,left_only
40991054,"PASO ROBLES SUB, CIRCUIT BREAKERS",33,T,BRKR,,,,,left_only
40991015,"COOLEY LANDING SUB, CIRCUIT BREAKERS",34,T,BRKR,,,,,left_only
40991038,"HOLLISTER SUB, CIRCUIT BREAKERS",34,T,BRKR,,,,,left_only
40990635,"APPLIED MATERIALS SW STA, CIRC BREAKERS",34,T,BRKR,,,,,left_only
40990264,"GATES SUB, CIRCUIT BREAKERS",34,T,BRKR,,,,,left_only
40991014,"COOLEY LANDING SUB, CIRCUIT BREAKERS",34,T,BRKR,,,,,left_only
40992490,"GATES SUB, CIRCUIT BREAKERS",44,T,BRKR,,,,,left_only
44174943,"GATES SUB, CIRCUIT BREAKERS",44,T,BRKR,,,,,left_only
44174944,"GATES SUB, CIRCUIT BREAKERS",44,T,BRKR,,,,,left_only
40991617,"NEWARK SUB, CIRCUIT BREAKERS",34,T,BRKR,,,,,left_only
41170064,"TESLA SUB, CIRCUIT BREAKERS",34,T,BRKR,,,,,left_only
44077097,"MUSTANG SW STA, CIRCUIT BREAKERS",23,T,BRKR,,,,,left_only
41170065,"TESLA SUB, CIRCUIT BREAKERS",34,T,BRKR,,,,,left_only
41170066,"TESLA SUB, CIRCUIT BREAKERS",34,T,BRKR,,,,,left_only
40991189,"KERN OIL SUB, CIRCUIT BREAKERS",34,T,BRKR,,,,,left_only
41113061,"NEWARK SUB, CIRCUIT BREAKERS",34,T,BRKR,,,,,left_only
40991022,"AMES DIST SUB, CIRCUIT BREAKERS",34,T,BRKR,,,,,left_only
40990145,"TABLE MTN SUB, CIRCUIT BREAKERS",44,T,BRKR,,,,,left_only
40990978,"MCCALL SUB, CIRCUIT BREAKERS",34,T,BRKR,,,,,left_only
40990146,"TABLE MTN SUB, CIRCUIT BREAKERS",44,T,BRKR,,,,,left_only
40990147,"TABLE MTN SUB, CIRCUIT BREAKERS",44,T,BRKR,,,,,left_only
40990143,"TABLE MTN SUB, CIRCUIT BREAKERS",14,T,BRKR,,,,,left_only
40993805,"TABLE MTN SUB, CIRCUIT BREAKERS",14,T,BRKR,,,,,left_only
44315278,"LAS AGUILAS SW STA, CIRCUIT BREAKERS",23,T,BRKR,,,,,left_only
44693304,"KERN PP, CIRCUIT BREAKERS",13,T,BRKR,,,,,left_only
40990144,"TABLE MTN SUB, CIRCUIT BREAKERS",14,T,BRKR,,,,,left_only
41127100,"SAN FRAN A (POTRERO PP) SUB, CIR BRKRS",34,T,BRKR,,,,,left_only
44236091,"SAN FRAN A (POTRERO PP) SUB, CIR BRKRS",24,T,BRKR,,,,,left_only
40991102,"TABLE MTN SUB, CIRCUIT BREAKERS",34,T,BRKR,,,,,left_only
44242361,"SAN FRAN Z (EMBARCADERO) SUB, BRKR",23,T,BRKR,,,,,left_only
45573801,"GATES SUB, CIRCUIT BREAKERS",24,T,BRKR,,,,,left_only
41142903,"VINEYARD SUB, CIRCUIT BREAKERS",33,T,BRKR,,,,,left_only
40995711,"COBURN SUB, CIRCUIT BREAKERS",43,T,BRKR,,,,,left_only
40991169,"WEBER SUB, CIRCUIT BREAKERS",34,T,BRKR,,,,,left_only
40991789,"MIDWAY SUB, CIRCUIT BREAKERS",44,T,BRKR,,,,,left_only
41120248,"TABLE MTN SUB, CIRCUIT BREAKERS",34,T,BRKR,,,,,left_only
40996977,"RIO OSO SUB, CIRCUIT BREAKERS",44,T,BRKR,,,,,left_only
40995766,"COTTONWOOD SUB, CIRCUIT BREAKERS",43,T,BRKR,,,,,left_only
40994819,"VACA DIXON SUB, CIRCUIT BREAKERS",44,T,BRKR,,,,,left_only
40991051,"EAGLE ROCK SUB, CIRCUIT BREAKERS",34,T,BRKR,,,,,left_only
40990995,"CORONA SUB, CIRCUIT BREAKERS",34,T,BRKR,,,,,left_only
40991561,"SAN FRAN A (POTRERO PP) SUB, CIR BRKRS",34,T,BRKR,,,,,left_only
40991188,"KERN OIL SUB, CIRCUIT BREAKERS",34,T,BRKR,,,,,left_only
40991084,"GLENN SUB, CIRCUIT BREAKERS",34,T,BRKR,,,,,left_only
40990611,"MONTA VISTA SUB, CIRCUIT BREAKERS",34,T,BRKR,,,,,left_only
40996480,"METCALF SUB, CIRCUIT BREAKERS",44,T,BRKR,,,,,left_only
41124298,"MORAGA SUB, CIRCUIT BREAKERS",34,T,BRKR,,,,,left_only
40991552,"GREGG SUB, CIRCUIT BREAKERS",44,T,BRKR,,,,,left_only
41088036,"NORTECH SUB, CIRCUIT BREAKERS",34,T,BRKR,,,,,left_only
40990551,"FULTON SUB, CIRCUIT BREAKERS",34,T,BRKR,,,,,left_only
45573803,"GATES SUB, CIRCUIT BREAKERS",24,T,BRKR,,,,,left_only
40991539,"SAN BERNARD SUB, CIRCUIT BREAKERS",34,T,BRKR,,,,,left_only
40991004,"MIDWAY SUB, CIRCUIT BREAKERS",44,T,BRKR,,,,,left_only
40991119,"BAY MEADOWS SUB, CIRCUIT BREAKERS",34,T,BRKR,,,,,left_only
40990794,"CABRILLO SUB, CIRCUIT BREAKERS",34,T,BRKR,,,,,left_only
40990740,"FELLOWS SUB, CIRCUIT BREAKERS",34,T,BRKR,,,,,left_only
40991057,"EAGLE ROCK SUB, CIRCUIT BREAKERS",34,T,BRKR,,,,,left_only
40990757,"FELLOWS SUB, CIRCUIT BREAKERS",34,T,BRKR,,,,,left_only
41088859,"BELLOTA SUB, CIRCUIT BREAKERS",34,T,BRKR,,,,,left_only
40991567,"NEWARK SUB, CIRCUIT BREAKERS",34,T,BRKR,,,,,left_only
44237562,"TABLE MTN SUB, CIRCUIT BREAKERS",34,T,BRKR,,,,,left_only
40991092,"FRANKLIN SUB, CIRCUIT BREAKERS",33,T,BRKR,,,,,left_only
40990667,"CORNING SUB, CIRCUIT BREAKERS",34,T,BRKR,,,,,left_only
40990553,"FULTON SUB, CIRCUIT BREAKERS",34,T,BRKR,,,,,left_only
40990483,"LE GRAND SUB, CIRCUIT BREAKERS",34,T,BRKR,,,,,left_only
41106553,"NEWARK SUB, CIRCUIT BREAKERS",34,T,BRKR,,,,,left_only
40992907,"MCCALL SUB, CIRCUIT BREAKERS",44,T,BRKR,,,,,left_only
40991023,"AMES DIST SUB, CIRCUIT BREAKERS",34,T,BRKR,,,,,left_only
45573807,"GATES SUB, CIRCUIT BREAKERS",24,T,BRKR,,,,,left_only
40991005,"MIDWAY SUB, CIRCUIT BREAKERS",44,T,BRKR,,,,,left_only
40990501,"JARVIS SUB, CIRCUIT BREAKERS",34,T,BRKR,,,,,left_only
40991154,"SAN JOSE B SUB, CIRCUIT BREAKERS",34,T,BRKR,,,,,left_only
40992810,"LOS BANOS SUB, CIRCUIT BREAKERS",44,T,BRKR,,,,,left_only
41106557,"NEWARK SUB, CIRCUIT BREAKERS",34,T,BRKR,,,,,left_only
40991563,"NEWARK SUB, CIRCUIT BREAKERS",34,T,BRKR,,,,,left_only
44237564,"TABLE MTN SUB, CIRCUIT BREAKERS",34,T,BRKR,,,,,left_only
40990651,"LAKEVILLE SUB, CIRCUIT BREAKERS",34,T,BRKR,,,,,left_only
40993050,"MORAGA SUB, CIRCUIT BREAKERS",44,T,BRKR,,,,,left_only
40991155,"SAN JOSE B SUB, CIRCUIT BREAKERS",34,T,BRKR,,,,,left_only
40990334,"STOCKDALE SUB, CIRCUIT BREAKERS",43,T,BRKR,,,,,left_only
40990291,"TASSAJARA SUB, CIRCUIT BREAKERS",33,T,BRKR,,,,,left_only
41209228,"LOCKEFORD SUB, CIRCUIT BREAKERS",33,T,BRKR,,,,,left_only
40990554,"FULTON SUB, CIRCUIT BREAKERS",34,T,BRKR,,,,,left_only
40990484,"LE GRAND SUB, CIRCUIT BREAKERS",34,T,BRKR,,,,,left_only
40990801,"LAKEVILLE SUB, CIRCUIT BREAKERS",34,T,BRKR,,,,,left_only
40990746,"FULTON SUB, CIRCUIT BREAKERS",34,T,BRKR,,,,,left_only
40990864,"MENDOTA SUB, CIRCUIT BREAKERS",34,T,BRKR,,,,,left_only
41139222,"TESLA SUB, CIRCUIT BREAKERS",34,T,BRKR,,,,,left_only
41139223,"TESLA SUB, CIRCUIT BREAKERS",34,T,BRKR,,,,,left_only
40990525,"RIVER OAKS SUB, CIRCUIT BREAKERS",34,T,BRKR,,,,,left_only
41139224,"TESLA SUB, CIRCUIT BREAKERS",34,T,BRKR,,,,,left_only
41114107,"METCALF SUB, CIRCUIT BREAKERS",34,T,BRKR,,,,,left_only
44389762,"METCALF SUB, CIRCUIT BREAKERS",34,T,BRKR,,,,,left_only
40991632,"TABLE MTN SUB, CIRCUIT BREAKERS",34,T,BRKR,,,,,left_only
44389763,"METCALF SUB, CIRCUIT BREAKERS",34,T,BRKR,,,,,left_only
40990652,"LAKEVILLE SUB, CIRCUIT BREAKERS",34,T,BRKR,,,,,left_only
41105292,"EIGHT MILE SUB, CIRCUIT BREAKERS",33,T,BRKR,,,,,left_only
41197114,"COYOTE SW STA, CIRCUIT BREAKERS",33,T,BRKR,,,,,left_only
40991618,"NEWARK SUB, CIRCUIT BREAKERS",34,T,BRKR,,,,,left_only
45952887,"TABLE MTN SUB, CIRCUIT BREAKERS",14,T,BRKR,,,,,left_only
41114097,"MENDOCINO SUB, CIRCUIT BREAKERS",34,T,BRKR,,,,,left_only
40990640,"GOLD HILL SUB, CIRCUIT BREAKERS",34,T,BRKR,,,,,left_only
44873338,"GATES SUB, CIRCUIT BREAKERS",24,T,BRKR,,,,,left_only
40991011,"MIDWAY SUB, CIRCUIT BREAKERS",44,T,BRKR,,,,,left_only
41234944,"LOS BANOS SUB, CIRCUIT BREAKERS",34,T,BRKR,,,,,left_only
41188136,"MIDWAY SUB, CIRCUIT BREAKERS",34,T,BRKR,,,,,left_only
42561298,"VACA DIXON SUB, CIRCUIT BREAKERS",34,T,BRKR,,,,,left_only
41106555,"NEWARK SUB, CIRCUIT BREAKERS",34,T,BRKR,,,,,left_only
40990329,"BORDEN SUB, CIRCUIT BREAKERS",33,T,BRKR,,,,,left_only
45965678,,14,T,BRKR,,,,,left_only
44975983,"GATES SUB, CIRCUIT BREAKERS",24,T,BRKR,,,,,left_only
40991012,"MIDWAY SUB, CIRCUIT BREAKERS",44,T,BRKR,,,,,left_only
41234945,"LOS BANOS SUB, CIRCUIT BREAKERS",34,T,BRKR,,,,,left_only
44176275,"VACA DIXON SUB, CIRCUIT BREAKERS",34,T,BRKR,,,,,left_only
45965680,,14,T,BRKR,,,,,left_only
40991654,"BUTTE SUB, CIRCUIT BREAKERS",34,T,BRKR,,,,,left_only
40991522,"PIERCY SUB, CIRCUIT BREAKERS",34,T,BRKR,,,,,left_only
41329318,"BIRDS LANDING SW STA, CIRCUIT BREAKERS",33,T,BRKR,,,,,left_only
44975984,"GATES SUB, CIRCUIT BREAKERS",24,T,BRKR,,,,,left_only
40991013,"MIDWAY SUB, CIRCUIT BREAKERS",44,T,BRKR,,,,,left_only
42598096,"ROUND MTN SUB, CIRCUIT BREAKERS",34,T,BRKR,,,,,left_only
41234946,"LOS BANOS SUB, CIRCUIT BREAKERS",34,T,BRKR,,,,,left_only
44176310,"VACA DIXON SUB, CIRCUIT BREAKERS",34,T,BRKR,,,,,left_only
41163722,"TESLA SUB, CIRCUIT BREAKERS",34,T,BRKR,,,,,left_only
41156534,"METCALF SUB, CIRCUIT BREAKERS",34,T,BRKR,,,,,left_only
41164504,"TESLA SUB, CIRCUIT BREAKERS",34,T,BRKR,,,,,left_only
41164505,"TESLA SUB, CIRCUIT BREAKERS",34,T,BRKR,,,,,left_only
40992940,"METCALF SUB, CIRCUIT BREAKERS",44,T,BRKR,,,,,left_only
41179776,"DIABLO CANYON PP, CIRCUIT BREAKERS",34,T,BRKR,,,,,left_only
41339145,"BAHIA SUB, CIRCUIT BREAKERS",33,T,BRKR,,,,,left_only
40990965,"GATES SUB, CIRCUIT BREAKERS",34,T,BRKR,,,,,left_only
40991198,"BELLE HAVEN SUB, CIRCUIT BREAKERS",33,T,BRKR,,,,,left_only
44389775,"METCALF SUB, CIRCUIT BREAKERS",44,T,BRKR,,,,,left_only
40991521,"PIERCY SUB, CIRCUIT BREAKERS",34,T,BRKR,,,,,left_only
40991305,"EASTSHORE SUB, CIRCUIT BREAKERS",34,T,BRKR,,,,,left_only
41110558,"LOCKEFORD SUB, CIRCUIT BREAKERS",34,T,BRKR,,,,,left_only
41106544,"NEWARK SUB, CIRCUIT BREAKERS",34,T,BRKR,,,,,left_only
41195504,"SPAULDING 1 & 2 PH, CIRCUIT BREAKERS",34,T,BRKR,,,,,left_only
40991302,"EASTSHORE SUB, CIRCUIT BREAKERS",34,T,BRKR,,,,,left_only
41118200,"DESCHUTES SUB, CIRCUIT BREAKERS",34,T,BRKR,,,,,left_only
40991296,"KERN OIL SUB, CIRCUIT BREAKERS",33,T,BRKR,,,,,left_only
41189496,"METCALF SUB, CIRCUIT BREAKERS",34,T,BRKR,,,,,left_only
40991258,"CORCORAN SUB, CIRCUIT BREAKERS",34,T,BRKR,,,,,left_only
42673630,"TESLA SUB, CIRCUIT BREAKERS",33,T,BRKR,,,,,left_only
41130153,"SAN FRAN A (POTRERO PP) SUB, CIR BRKRS",34,T,BRKR,,,,,left_only
40991512,"GOLD HILL SUB, CIRCUIT BREAKERS",34,T,BRKR,,,,,left_only
42685082,"FIGARDEN SUB, CIRCUIT BREAKERS",23,T,BRKR,,,,,left_only
42669130,"PANOCHE SUB, CIRCUIT BREAKERS",24,T,BRKR,,,,,left_only
40991321,"SAN JOSE B SUB, CIRCUIT BREAKERS",34,T,BRKR,,,,,left_only
44389175,"DIABLO CANYON PP, CIRCUIT BREAKERS",34,T,BRKR,,,,,left_only
40991235,"ATASCADERO SUB, CIRCUIT BREAKERS",34,T,BRKR,,,,,left_only
42734681,"ELECTRA PH, CIRCUIT BREAKERS",23,T,BRKR,,,,,left_only
44389777,"METCALF SUB, CIRCUIT BREAKERS",44,T,BRKR,,,,,left_only
41086375,"NORTECH SUB, CIRCUIT BREAKERS",34,T,BRKR,,,,,left_only
41108356,"PITTSBURG PP, CIRCUIT BREAKERS",34,T,BRKR,,,,,left_only
42739977,"ROSSMOOR SUB, CIRCUIT BREAKERS",23,T,BRKR,,,,,left_only
40992982,"MILLBRAE SUB, CIRCUIT BREAKERS",33,T,BRKR,,,,,left_only
40991528,"PIERCY SUB, CIRCUIT BREAKERS",34,T,BRKR,,,,,left_only
42741007,"IGNACIO SUB, CIRCUIT BREAKERS",24,T,BRKR,,,,,left_only
44389176,"DIABLO CANYON PP, CIRCUIT BREAKERS",34,T,BRKR,,,,,left_only
43182459,"RAVENSWOOD SUB, CIRCUIT BREAKERS",23,T,BRKR,,,,,left_only
42763624,"BAKERSFIELD SUB, CIRCUIT BREAKERS",23,T,BRKR,,,,,left_only
42757067,"SAN MATEO SUB, CIRCUIT BREAKERS",24,T,BRKR,,,,,left_only
43146025,"HERNDON SUB, CIRCUIT BREAKERS",23,T,BRKR,,,,,left_only
44287751,"TABLE MTN SUB, CIRCUIT BREAKERS",24,T,BRKR,,,,,left_only
41088860,"BELLOTA SUB, CIRCUIT BREAKERS",34,T,BRKR,,,,,left_only
41108749,"PINEDALE SUB, CIRCUIT BREAKERS",34,T,BRKR,,,,,left_only
41136976,"OAKLAND L SUB, CIRCUIT BREAKERS",34,T,BRKR,,,,,left_only
41109088,"LOCKEFORD SUB, CIRCUIT BREAKERS",34,T,BRKR,,,,,left_only
43238926,"HENRIETTA SUB, CIRCUIT BREAKERS",23,T,BRKR,,,,,left_only
40991651,"EDENVALE SUB, CIRCUIT BREAKERS",34,T,BRKR,,,,,left_only
44166139,"STAGG SUB, CIRCUIT BREAKERS",24,T,BRKR,,,,,left_only
44184847,"GATES SUB, CIRCUIT BREAKERS",24,T,BRKR,,,,,left_only
41109064,"PINEDALE SUB, CIRCUIT BREAKERS",34,T,BRKR,,,,,left_only
45134005,"WHEELER RIDGE SUB, CIRCUIT BREAKERS",13,T,BRKR,,,,,left_only
41153622,"METCALF SUB, CIRCUIT BREAKERS",34,T,BRKR,,,,,left_only
41111480,"COOLEY LANDING SUB, CIRCUIT BREAKERS",34,T,BRKR,,,,,left_only
44439796,"WILSON SUB, CIRCUIT BREAKERS",13,T,BRKR,,,,,left_only
41105285,"GRANT SUB, CIRCUIT BREAKERS",34,T,BRKR,,,,,left_only
44763995,"GOLD HILL SUB, CIRCUIT BREAKERS",13,T,BRKR,,,,,left_only
41130151,"SAN FRAN A (POTRERO PP) SUB, CIR BRKRS",34,T,BRKR,,,,,left_only
45274525,"MONTA VISTA SUB, CIRCUIT BREAKERS",13,T,BRKR,,,,,left_only
45092164,"LAKEVILLE SUB, CIRCUIT BREAKERS",14,T,BRKR,,,,,left_only
41147678,"METCALF SUB, CIRCUIT BREAKERS",34,T,BRKR,,,,,left_only
45554882,"LAS POSITAS SUB, CIRCUIT BREAKERS",13,T,BRKR,,,,,left_only
40990912,"ROUND MTN SUB, CIRCUIT BREAKERS",34,T,BRKR,,,,,left_only
41118198,"DESCHUTES SUB, CIRCUIT BREAKERS",34,T,BRKR,,,,,left_only
41114454,"MIDWAY SUB, CIRCUIT BREAKERS",34,T,BRKR,,,,,left_only
45690385,"RIO OSO SUB, CIRCUIT BREAKERS",14,T,BRKR,,,,,left_only
41118193,"DESCHUTES SUB, CIRCUIT BREAKERS",34,T,BRKR,,,,,left_only
45507533,"BITTERWATER SW STA, CIRCUIT BREAKERS",13,T,BRKR,,,,,left_only
41104551,"EASTSHORE SUB, CIRCUIT BREAKERS",34,T,BRKR,,,,,left_only
41201879,"LOS BANOS SUB, CIRCUIT BREAKERS",34,T,BRKR,,,,,left_only
40990859,"WILSON SUB, CIRCUIT BREAKERS",34,T,BRKR,,,,,left_only
40990820,"SALADO SUB, CIRCUIT BREAKERS",34,T,BRKR,,,,,left_only
41120261,"TABLE MTN SUB, CIRCUIT BREAKERS",34,T,BRKR,,,,,left_only
41087995,"NORTECH SUB, CIRCUIT BREAKERS",34,T,BRKR,,,,,left_only
41100940,"SAN FRAN H (MARTIN) SUB, CIRCUIT BRKR",33,T,BRKR,,,,,left_only
41237664,"JEFFERSON SUB, CIRCUIT BREAKERS",33,T,BRKR,,,,,left_only
41179780,"OAKLAND X SUB, CIRCUIT BREAKERS",34,T,BRKR,,,,,left_only
41369331,"MESA SUB, CIRCUIT BREAKERS",33,T,BRKR,,,,,left_only
41342579,"WILSON SUB, CIRCUIT BREAKERS",23,T,BRKR,,,,,left_only
42677872,"CARBERRY SW STA, CIRCUIT BREAKERS",23,T,BRKR,,,,,left_only
42735326,"ARCO SUB, CIRCUIT BREAKERS",23,T,BRKR,,,,,left_only
40991306,"EASTSHORE SUB, CIRCUIT BREAKERS",34,T,BRKR,,,,,left_only
41128141,"OAKLAND L SUB, CIRCUIT BREAKERS",34,T,BRKR,,,,,left_only
41177211,"METCALF SUB, CIRCUIT BREAKERS",34,T,BRKR,,,,,left_only
42756268,"SOLAR SW STA, CIRCUIT BREAKERS",23,T,BRKR,,,,,left_only
41105294,"LAKEWOOD SUB, CIRCUIT BREAKERS",34,T,BRKR,,,,,left_only
41156530,"METCALF SUB, CIRCUIT BREAKERS",34,T,BRKR,,,,,left_only
42758059,"WHEELER RIDGE SUB, CIRCUIT BREAKERS",23,T,BRKR,,,,,left_only
42704643,"ATLANTIC SUB, CIRCUIT BREAKERS",23,T,BRKR,,,,,left_only
42773559,"CALIENTE SW STA, CIRCUIT BREAKERS",23,T,BRKR,,,,,left_only
41325659,"VACA DIXON SUB, CIRCUIT BREAKERS",34,T,BRKR,,,,,left_only
40990913,"ROUND MTN SUB, CIRCUIT BREAKERS",34,T,BRKR,,,,,left_only
41114456,"MIDWAY SUB, CIRCUIT BREAKERS",34,T,BRKR,,,,,left_only
40992336,"MT EDEN SUB, CIRCUIT BREAKERS",34,T,BRKR,,,,,left_only
44077098,"MUSTANG SW STA, CIRCUIT BREAKERS",23,T,BRKR,,,,,left_only
41110502,"GWF HANFORD SW STA, CIRCUIT BREAKERS",34,T,BRKR,,,,,left_only
41110505,"GWF HANFORD SW STA, CIRCUIT BREAKERS",34,T,BRKR,,,,,left_only
41114096,"MENDOCINO SUB, CIRCUIT BREAKERS",34,T,BRKR,,,,,left_only
41177209,"METCALF SUB, CIRCUIT BREAKERS",34,T,BRKR,,,,,left_only
42746865,"EASTSHORE SUB, CIRCUIT BREAKERS",23,T,BRKR,,,,,left_only
42772322,"VALLEY SPRINGS SUB, CIRCUIT BREAKERS",23,T,BRKR,,,,,left_only
41169113,"METCALF SUB, CIRCUIT BREAKERS",34,T,BRKR,,,,,left_only
43226020,"QUINTO SW STA, CIRCUIT BREAKERS",23,T,BRKR,,,,,left_only
43177055,"MOSS LANDING PP, CIRCUIT BREAKERS",24,T,BRKR,,,,,left_only
41133598,"KINGSBURG SUB, CIRCUIT BREAKERS",33,T,BRKR,,,,,left_only
44234799,"CALIFORNIA FLATS SW STA, CIRCUIT BREAKER",24,T,BRKR,,,,,left_only
41201880,"LOS BANOS SUB, CIRCUIT BREAKERS",34,T,BRKR,,,,,left_only
41132266,"GLENN SUB, CIRCUIT BREAKERS",34,T,BRKR,,,,,left_only
41127101,"SAN FRAN A (POTRERO PP) SUB, CIR BRKRS",34,T,BRKR,,,,,left_only
44148879,"TRANQUILLITY SW STA, CIRCUIT BREAKERS",23,T,BRKR,,,,,left_only
44237567,"TABLE MTN SUB, CIRCUIT BREAKERS",34,T,BRKR,,,,,left_only
44172825,"VACA DIXON SUB, CIRCUIT BREAKERS",34,T,BRKR,,,,,left_only
40990914,"ROUND MTN SUB, CIRCUIT BREAKERS",34,T,BRKR,,,,,left_only
41114458,"MIDWAY SUB, CIRCUIT BREAKERS",34,T,BRKR,,,,,left_only
41201881,"LOS BANOS SUB, CIRCUIT BREAKERS",34,T,BRKR,,,,,left_only
44237569,"TABLE MTN SUB, CIRCUIT BREAKERS",34,T,BRKR,,,,,left_only
44172826,"VACA DIXON SUB, CIRCUIT BREAKERS",34,T,BRKR,,,,,left_only
41130175,"PANOCHE SUB, CIRCUIT BREAKERS",34,T,BRKR,,,,,left_only
41120288,"PARADISE SUB, CIRCUIT BREAKERS",34,T,BRKR,,,,,left_only
41105318,"CLAYTON SUB, CIRCUIT BREAKERS",34,T,BRKR,,,,,left_only
44315279,"LAS AGUILAS SW STA, CIRCUIT BREAKERS",23,T,BRKR,,,,,left_only
41181443,"TESLA SUB, CIRCUIT BREAKERS",34,T,BRKR,,,,,left_only
41121387,"REEDLEY SUB, CIRCUIT BREAKERS",34,T,BRKR,,,,,left_only
44167417,"TESLA SUB, CIRCUIT BREAKERS",34,T,BRKR,,,,,left_only
41088954,"LOCKEFORD SUB, CIRCUIT BREAKERS",34,T,BRKR,,,,,left_only
41105312,"CLAYTON SUB, CIRCUIT BREAKERS",34,T,BRKR,,,,,left_only
41195062,"OAKLAND C (OAKLAND PP) SUB, CIRCUIT BRKR",34,T,BRKR,,,,,left_only
44693305,"KERN PP, CIRCUIT BREAKERS",13,T,BRKR,,,,,left_only
41105314,"CLAYTON SUB, CIRCUIT BREAKERS",34,T,BRKR,,,,,left_only
44846529,"PADRE FLATS SW STA, CIRCUIT BREAKERS",13,T,BRKR,,,,,left_only
41171435,"OAKLAND C (OAKLAND PP) SUB, CIRCUIT BRKR",34,T,BRKR,,,,,left_only
41153621,"METCALF SUB, CIRCUIT BREAKERS",34,T,BRKR,,,,,left_only
45482250,"FINK SW STA, CIRCUIT BREAKERS",13,T,BRKR,,,,,left_only
41109087,"LOCKEFORD SUB, CIRCUIT BREAKERS",34,T,BRKR,,,,,left_only
44167418,"TESLA SUB, CIRCUIT BREAKERS",34,T,BRKR,,,,,left_only
44242362,"SAN FRAN Z (EMBARCADERO) SUB, BRKR",23,T,BRKR,,,,,left_only
45150543,"SAN FRAN A (POTRERO PP) SUB, CIR BRKRS",14,T,BRKR,,,,,left_only
41153620,"METCALF SUB, CIRCUIT BREAKERS",34,T,BRKR,,,,,left_only
41130458,"KERCKHOFF #2 PH, CIRCUIT BREAKERS",34,T,BRKR,,,,,left_only
45690387,"RIO OSO SUB, CIRCUIT BREAKERS",14,T,BRKR,,,,,left_only
41105310,"CLAYTON SUB, CIRCUIT BREAKERS",34,T,BRKR,,,,,left_only
41153618,"METCALF SUB, CIRCUIT BREAKERS",34,T,BRKR,,,,,left_only
41237665,"JEFFERSON SUB, CIRCUIT BREAKERS",33,T,BRKR,,,,,left_only
41105320,"CLAYTON SUB, CIRCUIT BREAKERS",34,T,BRKR,,,,,left_only
41179775,"DIABLO CANYON PP, CIRCUIT BREAKERS",34,T,BRKR,,,,,left_only
44389181,"DIABLO CANYON PP, CIRCUIT BREAKERS",34,T,BRKR,,,,,left_only
44389182,"DIABLO CANYON PP, CIRCUIT BREAKERS",34,T,BRKR,,,,,left_only
41153619,"METCALF SUB, CIRCUIT BREAKERS",34,T,BRKR,,,,,left_only
41238615,"MIDWAY SUB, CIRCUIT BREAKERS",34,T,BRKR,,,,,left_only
41190771,"GATES SUB, CIRCUIT BREAKERS",34,T,BRKR,,,,,left_only
41120275,"COTTONWOOD SUB, CIRCUIT BREAKERS",34,T,BRKR,,,,,left_only
41163197,"BOGUE SUB, CIRCUIT BREAKERS",34,T,BRKR,,,,,left_only
41234938,"LOS BANOS SUB, CIRCUIT BREAKERS",34,T,BRKR,,,,,left_only
41105316,"CLAYTON SUB, CIRCUIT BREAKERS",34,T,BRKR,,,,,left_only
42561305,"VACA DIXON SUB, CIRCUIT BREAKERS",34,T,BRKR,,,,,left_only
41179779,"OAKLAND X SUB, CIRCUIT BREAKERS",34,T,BRKR,,,,,left_only
41238624,"MIDWAY SUB, CIRCUIT BREAKERS",34,T,BRKR,,,,,left_only
40992934,"MESA SUB, CIRCUIT BREAKERS",33,T,BRKR,,,,,left_only
41190772,"GATES SUB, CIRCUIT BREAKERS",34,T,BRKR,,,,,left_only
41212563,"SAN FRAN H (MARTIN) SUB, CIRCUIT BRKR",33,T,BRKR,,,,,left_only
41105290,"CLAYTON SUB, CIRCUIT BREAKERS",34,T,BRKR,,,,,left_only
41212146,"WILSON SUB, CIRCUIT BREAKERS",33,T,BRKR,,,,,left_only
41234939,"LOS BANOS SUB, CIRCUIT BREAKERS",34,T,BRKR,,,,,left_only
44172831,"VACA DIXON SUB, CIRCUIT BREAKERS",34,T,BRKR,,,,,left_only
41238625,"MIDWAY SUB, CIRCUIT BREAKERS",34,T,BRKR,,,,,left_only
42677877,"CARBERRY SW STA, CIRCUIT BREAKERS",23,T,BRKR,,,,,left_only
42735550,"ARCO SUB, CIRCUIT BREAKERS",23,T,BRKR,,,,,left_only
41187247,"NEWARK SUB, CIRCUIT BREAKERS",34,T,BRKR,,,,,left_only
41190773,"GATES SUB, CIRCUIT BREAKERS",34,T,BRKR,,,,,left_only
41234940,"LOS BANOS SUB, CIRCUIT BREAKERS",34,T,BRKR,,,,,left_only
41158683,"SCHULTE SW STA, CIRCUIT BREAKERS",34,T,BRKR,,,,,left_only
42756270,"SOLAR SW STA, CIRCUIT BREAKERS",23,T,BRKR,,,,,left_only
41192354,"CORCORAN SUB, CIRCUIT BREAKERS",34,T,BRKR,,,,,left_only
42704641,"ATLANTIC SUB, CIRCUIT BREAKERS",23,T,BRKR,,,,,left_only
42746868,"EASTSHORE SUB, CIRCUIT BREAKERS",23,T,BRKR,,,,,left_only
42773561,"CALIENTE SW STA, CIRCUIT BREAKERS",23,T,BRKR,,,,,left_only
44172832,"VACA DIXON SUB, CIRCUIT BREAKERS",34,T,BRKR,,,,,left_only
44077099,"MUSTANG SW STA, CIRCUIT BREAKERS",23,T,BRKR,,,,,left_only
43226036,"QUINTO SW STA, CIRCUIT BREAKERS",23,T,BRKR,,,,,left_only
44234800,"CALIFORNIA FLATS SW STA, CIRCUIT BREAKER",24,T,BRKR,,,,,left_only
44148880,"TRANQUILLITY SW STA, CIRCUIT BREAKERS",23,T,BRKR,,,,,left_only
44315280,"LAS AGUILAS SW STA, CIRCUIT BREAKERS",23,T,BRKR,,,,,left_only
41166440,"SEMITROPIC SUB, CIRCUIT BREAKERS",34,T,BRKR,,,,,left_only
41179765,"OAKLAND X SUB, CIRCUIT BREAKERS",34,T,BRKR,,,,,left_only
41134065,"BAIR SUB, CIRCUIT BREAKERS",34,T,BRKR,,,,,left_only
44693306,"KERN PP, CIRCUIT BREAKERS",13,T,BRKR,,,,,left_only
41130196,"LLAGAS SUB, CIRCUIT BREAKERS",34,T,BRKR,,,,,left_only
41124727,"SAN JOSE A SUB, CIRCUIT BREAKERS",34,T,BRKR,,,,,left_only
44846530,"PADRE FLATS SW STA, CIRCUIT BREAKERS",13,T,BRKR,,,,,left_only
45086206,"WHEELER RIDGE SUB, CIRCUIT BREAKERS",13,T,BRKR,,,,,left_only
41179781,"OAKLAND X SUB, CIRCUIT BREAKERS",34,T,BRKR,,,,,left_only
45482255,"FINK SW STA, CIRCUIT BREAKERS",13,T,BRKR,,,,,left_only
41186158,"DIABLO CANYON PP, CIRCUIT BREAKERS",34,T,BRKR,,,,,left_only
44242363,"SAN FRAN Z (EMBARCADERO) SUB, BRKR",23,T,BRKR,,,,,left_only
41120289,"PARADISE SUB, CIRCUIT BREAKERS",34,T,BRKR,,,,,left_only
41140708,"KERN PP, CIRCUIT BREAKERS",34,T,BRKR,,,,,left_only
41203143,"SAN FRAN A (POTRERO PP) SUB, CIR BRKRS",34,T,BRKR,,,,,left_only
41165892,"SAN FRAN A (POTRERO PP) SUB, CIR BRKRS",34,T,BRKR,,,,,left_only
44389235,"DIABLO CANYON PP, CIRCUIT BREAKERS",34,T,BRKR,,,,,left_only
44389236,"DIABLO CANYON PP, CIRCUIT BREAKERS",34,T,BRKR,,,,,left_only
45150545,"SAN FRAN A (POTRERO PP) SUB, CIR BRKRS",14,T,BRKR,,,,,left_only
40992492,"GATES SUB, CIRCUIT BREAKERS",44,T,BRKR,,,,,left_only
42694024,"PIT #3 PH, CIRCUIT BREAKERS",23,T,BRKR,,,,,left_only
41120677,"MILLBRAE SUB, CIRCUIT BREAKERS",34,T,BRKR,,,,,left_only
41140707,"KERN PP, CIRCUIT BREAKERS",34,T,BRKR,,,,,left_only
41195063,"OAKLAND C (OAKLAND PP) SUB, CIRCUIT BRKR",34,T,BRKR,,,,,left_only
41158709,"MIDWAY SUB, CIRCUIT BREAKERS",34,T,BRKR,,,,,left_only
44174945,"GATES SUB, CIRCUIT BREAKERS",44,T,BRKR,,,,,left_only
41158710,"MIDWAY SUB, CIRCUIT BREAKERS",34,T,BRKR,,,,,left_only
44174946,"GATES SUB, CIRCUIT BREAKERS",44,T,BRKR,,,,,left_only
40995554,"BELLOTA SUB, CIRCUIT BREAKERS",43,T,BRKR,,,,,left_only
41158711,"MIDWAY SUB, CIRCUIT BREAKERS",34,T,BRKR,,,,,left_only
41113948,"METCALF SUB, CIRCUIT BREAKERS",34,T,BRKR,,,,,left_only
44395037,"METCALF SUB, CIRCUIT BREAKERS",34,T,BRKR,,,,,left_only
44395038,"METCALF SUB, CIRCUIT BREAKERS",34,T,BRKR,,,,,left_only
40990788,"NEWARK SUB, CIRCUIT BREAKERS",44,T,BRKR,,,,,left_only
41158675,"SCHULTE SW STA, CIRCUIT BREAKERS",34,T,BRKR,,,,,left_only
45358508,"GATES SUB, CIRCUIT BREAKERS",14,T,BRKR,,,,,left_only
41127096,"RAVENSWOOD SUB, CIRCUIT BREAKERS",34,T,BRKR,,,,,left_only
41138841,"HENRIETTA SUB, CIRCUIT BREAKERS",34,T,BRKR,,,,,left_only
45691791,"RIO OSO SUB, CIRCUIT BREAKERS",14,T,BRKR,,,,,left_only
41122405,"MILLBRAE SUB, CIRCUIT BREAKERS",34,T,BRKR,,,,,left_only
45507535,"BITTERWATER SW STA, CIRCUIT BREAKERS",13,T,BRKR,,,,,left_only
41158689,"SCHULTE SW STA, CIRCUIT BREAKERS",34,T,BRKR,,,,,left_only
41165474,"TESLA SUB, CIRCUIT BREAKERS",33,T,BRKR,,,,,left_only
41113950,"METCALF SUB, CIRCUIT BREAKERS",34,T,BRKR,,,,,left_only
41212148,"WILSON SUB, CIRCUIT BREAKERS",33,T,BRKR,,,,,left_only
44395087,"METCALF SUB, CIRCUIT BREAKERS",34,T,BRKR,,,,,left_only
41169061,"SAN FRAN H (MARTIN) SUB, CIRCUIT BRKR",34,T,BRKR,,,,,left_only
44395088,"METCALF SUB, CIRCUIT BREAKERS",34,T,BRKR,,,,,left_only
41361380,"MESA SUB, CIRCUIT BREAKERS",23,T,BRKR,,,,,left_only
41140706,"KERN PP, CIRCUIT BREAKERS",34,T,BRKR,,,,,left_only
41152175,"MIDWAY SUB, CIRCUIT BREAKERS",34,T,BRKR,,,,,left_only
42704635,"ATLANTIC SUB, CIRCUIT BREAKERS",23,T,BRKR,,,,,left_only
41135312,"CHRISTIE SUB, CIRCUIT BREAKERS",33,T,BRKR,,,,,left_only
42756273,"SOLAR SW STA, CIRCUIT BREAKERS",23,T,BRKR,,,,,left_only
42746870,"EASTSHORE SUB, CIRCUIT BREAKERS",23,T,BRKR,,,,,left_only
42773563,"CALIENTE SW STA, CIRCUIT BREAKERS",23,T,BRKR,,,,,left_only
44077100,"MUSTANG SW STA, CIRCUIT BREAKERS",23,T,BRKR,,,,,left_only
41157367,"MIDWAY SUB, CIRCUIT BREAKERS",34,T,BRKR,,,,,left_only
41160283,"IGNACIO SUB, CIRCUIT BREAKERS",34,T,BRKR,,,,,left_only
43236219,"MOSS LANDING PP, CIRCUIT BREAKERS",24,T,BRKR,,,,,left_only
44148881,"TRANQUILLITY SW STA, CIRCUIT BREAKERS",23,T,BRKR,,,,,left_only
40990260,"KINGSBURG SUB, CIRCUIT BREAKERS",34,T,BRKR,,,,,left_only
41189071,"ATLANTIC SUB, CIRCUIT BREAKERS",34,T,BRKR,,,,,left_only
44315281,"LAS AGUILAS SW STA, CIRCUIT BREAKERS",23,T,BRKR,,,,,left_only
41157368,"MIDWAY SUB, CIRCUIT BREAKERS",34,T,BRKR,,,,,left_only
44693307,"KERN PP, CIRCUIT BREAKERS",13,T,BRKR,,,,,left_only
45086201,"WHEELER RIDGE SUB, CIRCUIT BREAKERS",13,T,BRKR,,,,,left_only
41119861,"SAN LEANDRO U SUB, CIRCUIT BREAKERS",34,T,BRKR,,,,,left_only
40991006,"MIDWAY SUB, CIRCUIT BREAKERS",44,T,BRKR,,,,,left_only
45554505,"ARCO SUB, CIRCUIT BREAKERS",13,T,BRKR,,,,,left_only
41195091,"TABLE MTN SUB, CIRCUIT BREAKERS",34,T,BRKR,,,,,left_only
41145512,"KINGSBURG SUB, CIRCUIT BREAKERS",34,T,BRKR,,,,,left_only
40991007,"MIDWAY SUB, CIRCUIT BREAKERS",44,T,BRKR,,,,,left_only
41203081,"TABLE MTN SUB, CIRCUIT BREAKERS",34,T,BRKR,,,,,left_only
40991008,"MIDWAY SUB, CIRCUIT BREAKERS",44,T,BRKR,,,,,left_only
41140710,"KERN PP, CIRCUIT BREAKERS",34,T,BRKR,,,,,left_only
41176939,"STONE SUB, CIRCUIT BREAKERS",34,T,BRKR,,,,,left_only
44242364,"SAN FRAN Z (EMBARCADERO) SUB, BRKR",23,T,BRKR,,,,,left_only
41158789,"GARBERVILLE SUB, CIRCUIT BREAKERS",33,T,BRKR,,,,,left_only
41140705,"KERN PP, CIRCUIT BREAKERS",34,T,BRKR,,,,,left_only
41141621,"PANOCHE SUB, CIRCUIT BREAKERS",34,T,BRKR,,,,,left_only
41203082,"TABLE MTN SUB, CIRCUIT BREAKERS",34,T,BRKR,,,,,left_only
41214446,"SAN RAMON SUB, CIRCUIT BREAKERS",33,T,BRKR,,,,,left_only
41142935,"VINEYARD SUB, CIRCUIT BREAKERS",33,T,BRKR,,,,,left_only
41166344,"AMES TRANS SUB, CIRCUIT BREAKERS",34,T,BRKR,,,,,left_only
41187344,"SEMITROPIC SUB, CIRCUIT BREAKERS",34,T,BRKR,,,,,left_only
41195141,"MONTE RIO SUB, CIRCUIT BREAKERS",33,T,BRKR,,,,,left_only
41142945,"CHRISTIE SUB, CIRCUIT BREAKERS",33,T,BRKR,,,,,left_only
41178454,"CASTRO VALLEY SUB, CIRCUIT BREAKERS",33,T,BRKR,,,,,left_only
40992939,"METCALF SUB, CIRCUIT BREAKERS",44,T,BRKR,,,,,left_only
41149293,"EL CAPITAN SUB, CIRCUIT BREAKERS",34,T,BRKR,,,,,left_only
42647559,"HELM SUB, CIRCUIT BREAKERS",23,T,BRKR,,,,,left_only
44396016,"METCALF SUB, CIRCUIT BREAKERS",44,T,BRKR,,,,,left_only
42620186,"SOBRANTE SUB, CIRCUIT BREAKERS",23,T,BRKR,,,,,left_only
41220091,"COTATI SUB, CIRCUIT BREAKERS",34,T,BRKR,,,,,left_only
41158788,"GARBERVILLE SUB, CIRCUIT BREAKERS",33,T,BRKR,,,,,left_only
41163201,"BOGUE SUB, CIRCUIT BREAKERS",34,T,BRKR,,,,,left_only
41130441,"BALCH #2 PH, CIRCUIT BREAKERS",43,T,BRKR,,,,,left_only
41166491,"LOS ESTEROS SUB, CIRCUIT BREAKERS",34,T,BRKR,,,,,left_only
40995765,"COTTONWOOD SUB, CIRCUIT BREAKERS",43,T,BRKR,,,,,left_only
40997404,"TIDEWATER SUB, CIRCUIT BREAKERS",44,T,BRKR,,,,,left_only
44396017,"METCALF SUB, CIRCUIT BREAKERS",44,T,BRKR,,,,,left_only
40992219,"CORTINA SUB, CIRCUIT BREAKERS",43,T,BRKR,,,,,left_only
41193857,"GRANT SUB, CIRCUIT BREAKERS",34,T,BRKR,,,,,left_only
41139220,"SAN CARLOS SUB, CIRCUIT BREAKERS",33,T,BRKR,,,,,left_only
40992547,"HENRIETTA SUB, CIRCUIT BREAKERS",43,T,BRKR,,,,,left_only
41176820,"LAMMERS SUB, CIRCUIT BREAKERS",34,T,BRKR,,,,,left_only
40993051,"MORAGA SUB, CIRCUIT BREAKERS",44,T,BRKR,,,,,left_only
45045874,"TABLE MTN SUB, CIRCUIT BREAKERS",24,T,BRKR,,,,,left_only
41170067,"LAKEWOOD SUB, CIRCUIT BREAKERS",34,T,BRKR,,,,,left_only
41152409,"KINGSBURG SUB, CIRCUIT BREAKERS",34,T,BRKR,,,,,left_only
40991009,"MIDWAY SUB, CIRCUIT BREAKERS",44,T,BRKR,,,,,left_only
41165467,"LOS ESTEROS SUB, CIRCUIT BREAKERS",34,T,BRKR,,,,,left_only
40990929,"LOS BANOS SUB, CIRCUIT BREAKERS",34,T,BRKR,,,,,left_only
41165962,"AMES TRANS SUB, CIRCUIT BREAKERS",34,T,BRKR,,,,,left_only
42561311,"VACA DIXON SUB, CIRCUIT BREAKERS",34,T,BRKR,,,,,left_only
45045875,"TABLE MTN SUB, CIRCUIT BREAKERS",24,T,BRKR,,,,,left_only
40992633,"KELSO SUB, CIRCUIT BREAKERS",43,T,BRKR,,,,,left_only
41160282,"IGNACIO SUB, CIRCUIT BREAKERS",34,T,BRKR,,,,,left_only
41204209,"COTTONWOOD SUB, CIRCUIT BREAKERS",34,T,BRKR,,,,,left_only
40992471,"KINGSBURG SUB, CIRCUIT BREAKERS",34,T,BRKR,,,,,left_only
40991718,"MIDWAY SUB, CIRCUIT BREAKERS",44,T,BRKR,,,,,left_only
40990928,"LOS BANOS SUB, CIRCUIT BREAKERS",34,T,BRKR,,,,,left_only
41148792,"MILLBRAE SUB, CIRCUIT BREAKERS",34,T,BRKR,,,,,left_only
41166424,"LOS ESTEROS SUB, CIRCUIT BREAKERS",34,T,BRKR,,,,,left_only
44176464,"VACA DIXON SUB, CIRCUIT BREAKERS",34,T,BRKR,,,,,left_only
40992808,"LOS BANOS SUB, CIRCUIT BREAKERS",44,T,BRKR,,,,,left_only
45045877,"TABLE MTN SUB, CIRCUIT BREAKERS",24,T,BRKR,,,,,left_only
40991010,"MIDWAY SUB, CIRCUIT BREAKERS",44,T,BRKR,,,,,left_only
40990927,"LOS BANOS SUB, CIRCUIT BREAKERS",34,T,BRKR,,,,,left_only
44176467,"VACA DIXON SUB, CIRCUIT BREAKERS",34,T,BRKR,,,,,left_only
40992938,"METCALF SUB, CIRCUIT BREAKERS",44,T,BRKR,,,,,left_only
44396338,"METCALF SUB, CIRCUIT BREAKERS",44,T,BRKR,,,,,left_only
44396339,"METCALF SUB, CIRCUIT BREAKERS",44,T,BRKR,,,,,left_only
40990741,"MCCALL SUB, CIRCUIT BREAKERS",33,T,BRKR,,,,,left_only
41116281,"MIDWAY SUB, CIRCUIT BREAKERS",34,T,BRKR,,,,,left_only
40990769,"PARKWAY SUB, CIRCUIT BREAKERS",33,T,BRKR,,,,,left_only
40990243,"KINGSBURG SUB, CIRCUIT BREAKERS",34,T,BRKR,,,,,left_only
40991637,"VACA DIXON SUB, CIRCUIT BREAKERS",34,T,BRKR,,,,,left_only
40990926,"LOS BANOS SUB, CIRCUIT BREAKERS",44,T,BRKR,,,,,left_only
41218478,"TABLE MTN SUB, CIRCUIT BREAKERS",34,T,BRKR,,,,,left_only
41325660,"VACA DIXON SUB, CIRCUIT BREAKERS",34,T,BRKR,,,,,left_only
41236737,"WILSON SUB, CIRCUIT BREAKERS",34,T,BRKR,,,,,left_only
41166328,"AMES TRANS SUB, CIRCUIT BREAKERS",34,T,BRKR,,,,,left_only
40991295,"TESLA SUB, CIRCUIT BREAKERS",33,T,BRKR,,,,,left_only
41166330,"AMES TRANS SUB, CIRCUIT BREAKERS",34,T,BRKR,,,,,left_only
41185278,"COLGATE SW STA, CIRCUIT BREAKERS",33,T,BRKR,,,,,left_only
41166329,"AMES TRANS SUB, CIRCUIT BREAKERS",34,T,BRKR,,,,,left_only
41135303,"MORAGA SUB, CIRCUIT BREAKERS",34,T,BRKR,,,,,left_only
41328314,"FORT BRAGG A SUB, CIRCUIT BREAKERS",34,T,BRKR,,,,,left_only
41116287,"MIDWAY SUB, CIRCUIT BREAKERS",34,T,BRKR,,,,,left_only
41165466,"LOS ESTEROS SUB, CIRCUIT BREAKERS",34,T,BRKR,,,,,left_only
41165468,"LOS ESTEROS SUB, CIRCUIT BREAKERS",34,T,BRKR,,,,,left_only
40990925,"LOS BANOS SUB, CIRCUIT BREAKERS",44,T,BRKR,,,,,left_only
41163199,"BOGUE SUB, CIRCUIT BREAKERS",34,T,BRKR,,,,,left_only
41166463,"LOS ESTEROS SUB, CIRCUIT BREAKERS",34,T,BRKR,,,,,left_only
41166327,"AMES TRANS SUB, CIRCUIT BREAKERS",34,T,BRKR,,,,,left_only
41135302,"MORAGA SUB, CIRCUIT BREAKERS",34,T,BRKR,,,,,left_only
41166336,"AMES TRANS SUB, CIRCUIT BREAKERS",34,T,BRKR,,,,,left_only
41103553,"RAVENSWOOD SUB, CIRCUIT BREAKERS",33,T,BRKR,,,,,left_only
41167682,"MENDOCINO SUB, CIRCUIT BREAKERS",34,T,BRKR,,,,,left_only
44237572,"TABLE MTN SUB, CIRCUIT BREAKERS",34,T,BRKR,,,,,left_only
41136942,"TIGER CREEK PH, CIRCUIT BREAKERS",33,T,BRKR,,,,,left_only
41166445,"SEMITROPIC SUB, CIRCUIT BREAKERS",34,T,BRKR,,,,,left_only
41209638,"ATASCADERO SUB, CIRCUIT BREAKERS",34,T,BRKR,,,,,left_only
41107582,"EIGHT MILE SUB, CIRCUIT BREAKERS",33,T,BRKR,,,,,left_only
44172835,"VACA DIXON SUB, CIRCUIT BREAKERS",34,T,BRKR,,,,,left_only
41157743,"MIDWAY SUB, CIRCUIT BREAKERS",34,T,BRKR,,,,,left_only
41166451,"LOS ESTEROS SUB, CIRCUIT BREAKERS",34,T,BRKR,,,,,left_only
41157401,"LAKEWOOD SUB, CIRCUIT BREAKERS",34,T,BRKR,,,,,left_only
41174490,"CENTERVILLE PH, CIRCUIT BREAKERS",33,T,BRKR,,,,,left_only
41116288,"MIDWAY SUB, CIRCUIT BREAKERS",34,T,BRKR,,,,,left_only
41160281,"IGNACIO SUB, CIRCUIT BREAKERS",34,T,BRKR,,,,,left_only
41203092,"ROUND MTN SUB, CIRCUIT BREAKERS",34,T,BRKR,,,,,left_only
41181954,"GLENN SUB, CIRCUIT BREAKERS",33,T,BRKR,,,,,left_only
42711869,"CONTRA COSTA SUB, CIRCUIT BREAKERS",33,T,BRKR,,,,,left_only
41176420,"ELK SUB, CIRCUIT BREAKERS",34,T,BRKR,,,,,left_only
41329319,"BIRDS LANDING SW STA, CIRCUIT BREAKERS",33,T,BRKR,,,,,left_only
41166409,"LOS ESTEROS SUB, CIRCUIT BREAKERS",34,T,BRKR,,,,,left_only
41158317,"LE GRAND SUB, CIRCUIT BREAKERS",34,T,BRKR,,,,,left_only
41233905,"BAHIA SUB, CIRCUIT BREAKERS",33,T,BRKR,,,,,left_only
42579129,"METCALF SUB, CIRCUIT BREAKERS",34,T,BRKR,,,,,left_only
42632090,"SALINAS SUB, CIRCUIT BREAKERS",34,T,BRKR,,,,,left_only
40991788,"LOS BANOS SUB, CIRCUIT BREAKERS",44,T,BRKR,,,,,left_only
44237575,"TABLE MTN SUB, CIRCUIT BREAKERS",34,T,BRKR,,,,,left_only
42562103,"WEBER SUB, CIRCUIT BREAKERS",33,T,BRKR,,,,,left_only
41176819,"LAMMERS SUB, CIRCUIT BREAKERS",34,T,BRKR,,,,,left_only
44172836,"VACA DIXON SUB, CIRCUIT BREAKERS",34,T,BRKR,,,,,left_only
42632079,"SALINAS SUB, CIRCUIT BREAKERS",34,T,BRKR,,,,,left_only
41161182,"GOLD HILL SUB, CIRCUIT BREAKERS",34,T,BRKR,,,,,left_only
41163715,"METCALF SUB, CIRCUIT BREAKERS",34,T,BRKR,,,,,left_only
44396350,"METCALF SUB, CIRCUIT BREAKERS",34,T,BRKR,,,,,left_only
44396351,"METCALF SUB, CIRCUIT BREAKERS",34,T,BRKR,,,,,left_only
41158156,"KINGSBURG SUB, CIRCUIT BREAKERS",34,T,BRKR,,,,,left_only
41212651,"DAVIS SUB, CIRCUIT BREAKERS",34,T,BRKR,,,,,left_only
41166337,"AMES TRANS SUB, CIRCUIT BREAKERS",34,T,BRKR,,,,,left_only
42614895,"STAGG SUB, CIRCUIT BREAKERS",23,T,BRKR,,,,,left_only
42685084,"FIGARDEN SUB, CIRCUIT BREAKERS",23,T,BRKR,,,,,left_only
42697156,"GOLD HILL SUB, CIRCUIT BREAKERS",23,T,BRKR,,,,,left_only
41166384,"LOS ESTEROS SUB, CIRCUIT BREAKERS",34,T,BRKR,,,,,left_only
42738206,"PANOCHE SUB, CIRCUIT BREAKERS",24,T,BRKR,,,,,left_only
41192878,"SMYRNA SUB, CIRCUIT BREAKERS",34,T,BRKR,,,,,left_only
42731828,"TASSAJARA SUB, CIRCUIT BREAKERS",23,T,BRKR,,,,,left_only
41221671,"GOLD HILL SUB, CIRCUIT BREAKERS",34,T,BRKR,,,,,left_only
41189489,"COTTONWOOD SUB, CIRCUIT BREAKERS",34,T,BRKR,,,,,left_only
42763627,"BAKERSFIELD SUB, CIRCUIT BREAKERS",23,T,BRKR,,,,,left_only
41153602,"KINGSBURG SUB, CIRCUIT BREAKERS",34,T,BRKR,,,,,left_only
41153221,"CANTUA SUB, CIRCUIT BREAKERS",34,T,BRKR,,,,,left_only
41185283,"COLGATE SW STA, CIRCUIT BREAKERS",33,T,BRKR,,,,,left_only
41185281,"COLGATE SW STA, CIRCUIT BREAKERS",33,T,BRKR,,,,,left_only
41185280,"COLGATE SW STA, CIRCUIT BREAKERS",33,T,BRKR,,,,,left_only
41185282,"COLGATE SW STA, CIRCUIT BREAKERS",33,T,BRKR,,,,,left_only
41185279,"COLGATE SW STA, CIRCUIT BREAKERS",33,T,BRKR,,,,,left_only
42560965,"SAN FRAN A (POTRERO PP) SUB, CIR BRKRS",34,T,BRKR,,,,,left_only
41189491,"COTTONWOOD SUB, CIRCUIT BREAKERS",34,T,BRKR,,,,,left_only
42741005,"IGNACIO SUB, CIRCUIT BREAKERS",24,T,BRKR,,,,,left_only
44439784,"WILSON SUB, CIRCUIT BREAKERS",23,T,BRKR,,,,,left_only
45134008,"WHEELER RIDGE SUB, CIRCUIT BREAKERS",23,T,BRKR,,,,,left_only
40990991,"MIDWAY SUB, CIRCUIT BREAKERS",44,T,BRKR,,,,,left_only
40990924,"LOS BANOS SUB, CIRCUIT BREAKERS",44,T,BRKR,,,,,left_only
42561315,"VACA DIXON SUB, CIRCUIT BREAKERS",34,T,BRKR,,,,,left_only
44678506,"HERNDON SUB, CIRCUIT BREAKERS",23,T,BRKR,,,,,left_only
41193403,"TEJON SUB, CIRCUIT BREAKERS",34,T,BRKR,,,,,left_only
40990997,"MIDWAY SUB, CIRCUIT BREAKERS",44,T,BRKR,,,,,left_only
44640326,"BORDEN SUB, CIRCUIT BREAKERS",23,T,BRKR,,,,,left_only
44857286,"PIT #1 PH, CIRCUIT BREAKERS",13,T,BRKR,,,,,left_only
44922032,"SARATOGA SUB, CIRCUIT BREAKERS",13,T,BRKR,,,,,left_only
45195650,"LAKEVILLE SUB, CIRCUIT BREAKERS",14,T,BRKR,,,,,left_only
42632088,"SALINAS SUB, CIRCUIT BREAKERS",34,T,BRKR,,,,,left_only
45554884,"LAS POSITAS SUB, CIRCUIT BREAKERS",13,T,BRKR,,,,,left_only
40990923,"LOS BANOS SUB, CIRCUIT BREAKERS",44,T,BRKR,,,,,left_only
41341937,"CORTINA SUB, CIRCUIT BREAKERS",34,T,BRKR,,,,,left_only
41194264,"MONTA VISTA SUB, CIRCUIT BREAKERS",34,T,BRKR,,,,,left_only
41195482,"HAMILTON BRANCH SUB, CIRCUIT BREAKERS",33,T,BRKR,,,,,left_only
41335595,"EDES SUB, CIRCUIT BREAKERS",34,T,BRKR,,,,,left_only
41218149,"NEWARK SUB, CIRCUIT BREAKERS",34,T,BRKR,,,,,left_only
41186556,"RAVENSWOOD SUB, CIRCUIT BREAKERS",34,T,BRKR,,,,,left_only
41351361,"HOPLAND SUB, CIRCUIT BREAKERS",33,T,BRKR,,,,,left_only
44172837,"VACA DIXON SUB, CIRCUIT BREAKERS",34,T,BRKR,,,,,left_only
41195095,"NAPA SUB, CIRCUIT BREAKERS",33,T,BRKR,,,,,left_only
41189493,"COTTONWOOD SUB, CIRCUIT BREAKERS",34,T,BRKR,,,,,left_only
41180079,"SAN JOSE A SUB, CIRCUIT BREAKERS",34,T,BRKR,,,,,left_only
45691793,"RIO OSO SUB, CIRCUIT BREAKERS",14,T,BRKR,,,,,left_only
41352908,"DAVIS SUB, CIRCUIT BREAKERS",34,T,BRKR,,,,,left_only
45507537,"BITTERWATER SW STA, CIRCUIT BREAKERS",13,T,BRKR,,,,,left_only
41345807,"FORT BRAGG A SUB, CIRCUIT BREAKERS",34,T,BRKR,,,,,left_only
41193439,"COTTONWOOD SUB, CIRCUIT BREAKERS",34,T,BRKR,,,,,left_only
40991003,"MIDWAY SUB, CIRCUIT BREAKERS",44,T,BRKR,,,,,left_only
41183538,"LOS BANOS SUB, CIRCUIT BREAKERS",34,T,BRKR,,,,,left_only
40990406,"SAN FRAN H (MARTIN) SUB, CIRCUIT BRKR",44,T,BRKR,,,,,left_only
41176912,"TESLA SUB, CIRCUIT BREAKERS",34,T,BRKR,,,,,left_only
41186559,"RAVENSWOOD SUB, CIRCUIT BREAKERS",34,T,BRKR,,,,,left_only
40990922,"LOS BANOS SUB, CIRCUIT BREAKERS",44,T,BRKR,,,,,left_only
41193437,"COTTONWOOD SUB, CIRCUIT BREAKERS",34,T,BRKR,,,,,left_only
44172838,"VACA DIXON SUB, CIRCUIT BREAKERS",34,T,BRKR,,,,,left_only
41209259,"BRIGHTON SUB, CIRCUIT BREAKERS",34,T,BRKR,,,,,left_only
42628012,"GATES SUB, CIRCUIT BREAKERS",34,T,BRKR,,,,,left_only
41194603,"GRANT SUB, CIRCUIT BREAKERS",34,T,BRKR,,,,,left_only
41158715,"MIDWAY SUB, CIRCUIT BREAKERS",34,T,BRKR,,,,,left_only
41190711,"LOS BANOS SUB, CIRCUIT BREAKERS",34,T,BRKR,,,,,left_only
41183039,"WILSON SUB, CIRCUIT BREAKERS",34,T,BRKR,,,,,left_only
44174947,"GATES SUB, CIRCUIT BREAKERS",34,T,BRKR,,,,,left_only
41158716,"MIDWAY SUB, CIRCUIT BREAKERS",34,T,BRKR,,,,,left_only
41190712,"LOS BANOS SUB, CIRCUIT BREAKERS",34,T,BRKR,,,,,left_only
41189062,"TIGER CREEK PH, CIRCUIT BREAKERS",34,T,BRKR,,,,,left_only
41215850,"DEL MONTE SUB, CIRCUIT BREAKERS",34,T,BRKR,,,,,left_only
41193833,"SERRAMONTE SUB, CIRCUIT BREAKERS",34,T,BRKR,,,,,left_only
41361381,"MESA SUB, CIRCUIT BREAKERS",33,T,BRKR,,,,,left_only
41186531,"TEMBLOR SUB, CIRCUIT BREAKERS",34,T,BRKR,,,,,left_only
41238633,"TAFT SUB, CIRCUIT BREAKERS",34,T,BRKR,,,,,left_only
44174948,"GATES SUB, CIRCUIT BREAKERS",34,T,BRKR,,,,,left_only
41210410,"METCALF SUB, CIRCUIT BREAKERS",34,T,BRKR,,,,,left_only
41204207,"COTTONWOOD SUB, CIRCUIT BREAKERS",34,T,BRKR,,,,,left_only
41158717,"MIDWAY SUB, CIRCUIT BREAKERS",34,T,BRKR,,,,,left_only
41190713,"LOS BANOS SUB, CIRCUIT BREAKERS",34,T,BRKR,,,,,left_only
41212150,"WILSON SUB, CIRCUIT BREAKERS",33,T,BRKR,,,,,left_only
42704637,"ATLANTIC SUB, CIRCUIT BREAKERS",23,T,BRKR,,,,,left_only
41180218,"MIDWAY SUB, CIRCUIT BREAKERS",34,T,BRKR,,,,,left_only
41220716,"TESLA SUB, CIRCUIT BREAKERS",34,T,BRKR,,,,,left_only
41180219,"MIDWAY SUB, CIRCUIT BREAKERS",34,T,BRKR,,,,,left_only
41351513,"PHILO JCT SW STA, CIRCUIT BREAKERS",33,T,BRKR,,,,,left_only
41218150,"NEWARK SUB, CIRCUIT BREAKERS",34,T,BRKR,,,,,left_only
41186557,"RAVENSWOOD SUB, CIRCUIT BREAKERS",34,T,BRKR,,,,,left_only
42756275,"SOLAR SW STA, CIRCUIT BREAKERS",23,T,BRKR,,,,,left_only
44077101,"MUSTANG SW STA, CIRCUIT BREAKERS",23,T,BRKR,,,,,left_only
42746872,"EASTSHORE SUB, CIRCUIT BREAKERS",23,T,BRKR,,,,,left_only
43223152,"NEW KEARNEY SUB, CIRCUIT BREAKERS",23,T,BRKR,,,,,left_only
42773565,"CALIENTE SW STA, CIRCUIT BREAKERS",23,T,BRKR,,,,,left_only
44148882,"TRANQUILLITY SW STA, CIRCUIT BREAKERS",23,T,BRKR,,,,,left_only
41180220,"MIDWAY SUB, CIRCUIT BREAKERS",34,T,BRKR,,,,,left_only
41149877,"PITTSBURG PP, CIRCUIT BREAKERS",34,T,BRKR,,,,,left_only
42568459,"EDES SUB, CIRCUIT BREAKERS",34,T,BRKR,,,,,left_only
41238630,"TAFT SUB, CIRCUIT BREAKERS",34,T,BRKR,,,,,left_only
43177050,"MOSS LANDING PP, CIRCUIT BREAKERS",24,T,BRKR,,,,,left_only
41208669,"SAN FRAN A (POTRERO PP) SUB, CIR BRKRS",34,T,BRKR,,,,,left_only
41206061,"MIDWAY SUB, CIRCUIT BREAKERS",34,T,BRKR,,,,,left_only
41206274,"MIDWAY SUB, CIRCUIT BREAKERS",34,T,BRKR,,,,,left_only
44315282,"LAS AGUILAS SW STA, CIRCUIT BREAKERS",23,T,BRKR,,,,,left_only
41186558,"RAVENSWOOD SUB, CIRCUIT BREAKERS",34,T,BRKR,,,,,left_only
41189494,"COTTONWOOD SUB, CIRCUIT BREAKERS",34,T,BRKR,,,,,left_only
41206278,"MIDWAY SUB, CIRCUIT BREAKERS",34,T,BRKR,,,,,left_only
41162220,"METCALF SUB, CIRCUIT BREAKERS",34,T,BRKR,,,,,left_only
44396352,"METCALF SUB, CIRCUIT BREAKERS",34,T,BRKR,,,,,left_only
44396353,"METCALF SUB, CIRCUIT BREAKERS",34,T,BRKR,,,,,left_only
41208639,"MIDWAY SUB, CIRCUIT BREAKERS",34,T,BRKR,,,,,left_only
41195176,"MENLO SUB, CIRCUIT BREAKERS",33,T,BRKR,,,,,left_only
44693308,"KERN PP, CIRCUIT BREAKERS",13,T,BRKR,,,,,left_only
41211262,"BELLOTA SUB, CIRCUIT BREAKERS",34,T,BRKR,,,,,left_only
45086203,"WHEELER RIDGE SUB, CIRCUIT BREAKERS",13,T,BRKR,,,,,left_only
45554518,"ARCO SUB, CIRCUIT BREAKERS",13,T,BRKR,,,,,left_only
44242365,"SAN FRAN Z (EMBARCADERO) SUB, BRKR",23,T,BRKR,,,,,left_only
42553619,"DRUM 1 & 2 PH, CIRCUIT BREAKERS",34,T,BRKR,,,,,left_only
41216875,"NOTRE DAME SUB, CIRCUIT BREAKERS",34,T,BRKR,,,,,left_only
41238374,"DUMBARTON SUB, CIRCUIT BREAKERS",34,T,BRKR,,,,,left_only
45691795,"RIO OSO SUB, CIRCUIT BREAKERS",14,T,BRKR,,,,,left_only
45507539,"BITTERWATER SW STA, CIRCUIT BREAKERS",13,T,BRKR,,,,,left_only
41238632,"TAFT SUB, CIRCUIT BREAKERS",34,T,BRKR,,,,,left_only
41199456,"OAKLAND K (CLAREMONT) SUB, CIRCUIT BRKR",34,T,BRKR,,,,,left_only
40990407,"SAN FRAN H (MARTIN) SUB, CIRCUIT BRKR",44,T,BRKR,,,,,left_only
41341933,"CORTINA SUB, CIRCUIT BREAKERS",34,T,BRKR,,,,,left_only
41333394,"TAFT SUB, CIRCUIT BREAKERS",34,T,BRKR,,,,,left_only
41181414,"TESLA SUB, CIRCUIT BREAKERS",34,T,BRKR,,,,,left_only
41212152,"WILSON SUB, CIRCUIT BREAKERS",33,T,BRKR,,,,,left_only
41210411,"METCALF SUB, CIRCUIT BREAKERS",34,T,BRKR,,,,,left_only
41361382,"MESA SUB, CIRCUIT BREAKERS",33,T,BRKR,,,,,left_only
41322599,"JARVIS SUB, CIRCUIT BREAKERS",34,T,BRKR,,,,,left_only
41202572,"SALINAS SUB, CIRCUIT BREAKERS",34,T,BRKR,,,,,left_only
41328005,"COLGATE SW STA, CIRCUIT BREAKERS",34,T,BRKR,,,,,left_only
40995039,"COLGATE SW STA, CIRCUIT BREAKERS",34,T,BRKR,,,,,left_only
42704639,"ATLANTIC SUB, CIRCUIT BREAKERS",23,T,BRKR,,,,,left_only
41159710,"PITTSBURG PP, CIRCUIT BREAKERS",34,T,BRKR,,,,,left_only
43223143,"NEW KEARNEY SUB, CIRCUIT BREAKERS",23,T,BRKR,,,,,left_only
41188552,"MILLBRAE SUB, CIRCUIT BREAKERS",34,T,BRKR,,,,,left_only
42746874,"EASTSHORE SUB, CIRCUIT BREAKERS",23,T,BRKR,,,,,left_only
41180093,"SAN JOSE A SUB, CIRCUIT BREAKERS",34,T,BRKR,,,,,left_only
42756277,"SOLAR SW STA, CIRCUIT BREAKERS",23,T,BRKR,,,,,left_only
41166320,"AMES TRANS SUB, CIRCUIT BREAKERS",34,T,BRKR,,,,,left_only
41166452,"LOS ESTEROS SUB, CIRCUIT BREAKERS",34,T,BRKR,,,,,left_only
41333410,"SHAFTER SUB, CIRCUIT BREAKERS",34,T,BRKR,,,,,left_only
41170291,"CARNERAS SUB, CIRCUIT BREAKERS",34,T,BRKR,,,,,left_only
41188553,"MILLBRAE SUB, CIRCUIT BREAKERS",34,T,BRKR,,,,,left_only
44077102,"MUSTANG SW STA, CIRCUIT BREAKERS",23,T,BRKR,,,,,left_only
41166403,"LOS ESTEROS SUB, CIRCUIT BREAKERS",34,T,BRKR,,,,,left_only
43177058,"MOSS LANDING PP, CIRCUIT BREAKERS",24,T,BRKR,,,,,left_only
44148883,"TRANQUILLITY SW STA, CIRCUIT BREAKERS",23,T,BRKR,,,,,left_only
44315283,"LAS AGUILAS SW STA, CIRCUIT BREAKERS",23,T,BRKR,,,,,left_only
41215852,"DEL MONTE SUB, CIRCUIT BREAKERS",34,T,BRKR,,,,,left_only
44693309,"KERN PP, CIRCUIT BREAKERS",13,T,BRKR,,,,,left_only
45756697,"MIDWAY SUB, CIRCUIT BREAKERS",14,T,BRKR,,,,,left_only
41209232,"LOCKEFORD SUB, CIRCUIT BREAKERS",34,T,BRKR,,,,,left_only
41204610,"CALIFORNIA AVE SUB, CIRCUIT BREAKERS",34,T,BRKR,,,,,left_only
41204171,"SAN JOAQUIN #3 PH, CIRCUIT BREAKERS",33,T,BRKR,,,,,left_only
41213442,"SOBRANTE SUB, CIRCUIT BREAKERS",34,T,BRKR,,,,,left_only
41209688,"TAFT SUB, CIRCUIT BREAKERS",34,T,BRKR,,,,,left_only
40992174,"TAFT SUB, CIRCUIT BREAKERS",33,T,BRKR,,,,,left_only
41216877,"NOTRE DAME SUB, CIRCUIT BREAKERS",34,T,BRKR,,,,,left_only
41238634,"TAFT SUB, CIRCUIT BREAKERS",34,T,BRKR,,,,,left_only
41238631,"TAFT SUB, CIRCUIT BREAKERS",34,T,BRKR,,,,,left_only
45412575,"WHEELER RIDGE SUB, CIRCUIT BREAKERS",13,T,BRKR,,,,,left_only
42637855,"REEDLEY SUB, CIRCUIT BREAKERS",34,T,BRKR,,,,,left_only
45554520,"ARCO SUB, CIRCUIT BREAKERS",13,T,BRKR,,,,,left_only
41219023,"COTTONWOOD SUB, CIRCUIT BREAKERS",34,T,BRKR,,,,,left_only
40990921,"LOS BANOS SUB, CIRCUIT BREAKERS",44,T,BRKR,,,,,left_only
41208640,"MIDWAY SUB, CIRCUIT BREAKERS",34,T,BRKR,,,,,left_only
40990920,"LOS BANOS SUB, CIRCUIT BREAKERS",44,T,BRKR,,,,,left_only
41217351,"MENDOCINO SUB, CIRCUIT BREAKERS",34,T,BRKR,,,,,left_only
42755822,"ATASCADERO SUB, CIRCUIT BREAKERS",33,T,BRKR,,,,,left_only
41203089,"PIT #1 PH, CIRCUIT BREAKERS",34,T,BRKR,,,,,left_only
41269105,"PIT #1 PH, CIRCUIT BREAKERS",34,T,BRKR,,,,,left_only
41210403,"MENDOCINO SUB, CIRCUIT BREAKERS",34,T,BRKR,,,,,left_only
44242366,"SAN FRAN Z (EMBARCADERO) SUB, BRKR",23,T,BRKR,,,,,left_only
41202296,"MALAGA SUB, CIRCUIT BREAKERS",34,T,BRKR,,,,,left_only
42704554,"SAN FRAN H (MARTIN) SUB, CIRCUIT BRKR",43,T,BRKR,,,,,left_only
40995552,"BELLOTA SUB, CIRCUIT BREAKERS",43,T,BRKR,,,,,left_only
42715404,"NEWARK SUB, CIRCUIT BREAKERS",24,T,BRKR,,,,,left_only
41216879,"NOTRE DAME SUB, CIRCUIT BREAKERS",34,T,BRKR,,,,,left_only
45358509,"GATES SUB, CIRCUIT BREAKERS",14,T,BRKR,,,,,left_only
45711399,"RIO OSO SUB, CIRCUIT BREAKERS",14,T,BRKR,,,,,left_only
41335740,"DEL MONTE SUB, CIRCUIT BREAKERS",34,T,BRKR,,,,,left_only
42550120,"TRINITY SUB, CIRCUIT BREAKERS",34,T,BRKR,,,,,left_only
41208641,"MIDWAY SUB, CIRCUIT BREAKERS",34,T,BRKR,,,,,left_only
40990917,"LOS BANOS SUB, CIRCUIT BREAKERS",44,T,BRKR,,,,,left_only
41176931,"TESLA SUB, CIRCUIT BREAKERS",33,T,BRKR,,,,,left_only
41333279,"PINEDALE SUB, CIRCUIT BREAKERS",34,T,BRKR,,,,,left_only
41218554,"BUTTE SUB, CIRCUIT BREAKERS",34,T,BRKR,,,,,left_only
43223150,"NEW KEARNEY SUB, CIRCUIT BREAKERS",23,T,BRKR,,,,,left_only
42746876,"EASTSHORE SUB, CIRCUIT BREAKERS",23,T,BRKR,,,,,left_only
41212102,"REEDLEY SUB, CIRCUIT BREAKERS",34,T,BRKR,,,,,left_only
42553089,"BRIDGEVILLE SUB, CIRCUIT BREAKERS",33,T,BRKR,,,,,left_only
43173623,"MOSS LANDING PP, CIRCUIT BREAKERS",24,T,BRKR,,,,,left_only
44693310,"KERN PP, CIRCUIT BREAKERS",13,T,BRKR,,,,,left_only
40992937,"METCALF SUB, CIRCUIT BREAKERS",44,T,BRKR,,,,,left_only
44242367,"SAN FRAN Z (EMBARCADERO) SUB, BRKR",23,T,BRKR,,,,,left_only
41209997,"BORDEN SUB, CIRCUIT BREAKERS",34,T,BRKR,,,,,left_only
41341925,"CORTINA SUB, CIRCUIT BREAKERS",34,T,BRKR,,,,,left_only
41210407,"METCALF SUB, CIRCUIT BREAKERS",34,T,BRKR,,,,,left_only
41178455,"CASTRO VALLEY SUB, CIRCUIT BREAKERS",33,T,BRKR,,,,,left_only
41322628,"WILLITS A SUB, CIRCUIT BREAKERS",34,T,BRKR,,,,,left_only
41210408,"METCALF SUB, CIRCUIT BREAKERS",34,T,BRKR,,,,,left_only
41236706,"KERMAN SUB, CIRCUIT BREAKERS",33,T,BRKR,,,,,left_only
41210068,"MENDOCINO SUB, CIRCUIT BREAKERS",34,T,BRKR,,,,,left_only
41335983,"IGNACIO SUB, CIRCUIT BREAKERS",34,T,BRKR,,,,,left_only
41355090,"EAST NICOLAUS SUB, CIRCUIT BREAKERS",34,T,BRKR,,,,,left_only
44396354,"METCALF SUB, CIRCUIT BREAKERS",44,T,BRKR,,,,,left_only
44396356,"METCALF SUB, CIRCUIT BREAKERS",44,T,BRKR,,,,,left_only
43692572,"KERCKHOFF #2 PH, CIRCUIT BREAKERS",34,T,BRKR,,,,,left_only
41325110,"TABLE MTN SUB, CIRCUIT BREAKERS",34,T,BRKR,,,,,left_only
41238629,"TAFT SUB, CIRCUIT BREAKERS",34,T,BRKR,,,,,left_only
40991949,"BAHIA SUB, CIRCUIT BREAKERS",43,T,BRKR,,,,,left_only
41348520,"SAN FRAN P(HUNTERS POINT) SUB, BRKR",34,T,BRKR,,,,,left_only
40993473,"SARATOGA SUB, CIRCUIT BREAKERS",43,T,BRKR,,,,,left_only
41358472,"RIVERBANK SW STA, CIRCUIT BREAKERS",34,T,BRKR,,,,,left_only
41222127,"SAN FRAN H (MARTIN) SUB, CIRCUIT BRKR",34,T,BRKR,,,,,left_only
40992809,"LOS BANOS SUB, CIRCUIT BREAKERS",44,T,BRKR,,,,,left_only
41201831,"SOBRANTE SUB, CIRCUIT BREAKERS",34,T,BRKR,,,,,left_only
41233917,"OAKLAND C (OAKLAND PP) SUB, CIRCUIT BRKR",34,T,BRKR,,,,,left_only
40993049,"MORAGA SUB, CIRCUIT BREAKERS",44,T,BRKR,,,,,left_only
40992796,"LOGAN CREEK SUB, CIRCUIT BREAKERS",43,T,BRKR,,,,,left_only
41334171,"MONTA VISTA SUB, CIRCUIT BREAKERS",34,T,BRKR,,,,,left_only
43702461,"LAYTONVILLE SUB, CIRCUIT BREAKERS",34,T,BRKR,,,,,left_only
44280575,"SHAFTER SUB, CIRCUIT BREAKERS",34,T,BRKR,,,,,left_only
40990547,"TESLA SUB, CIRCUIT BREAKERS",43,T,BRKR,,,,,left_only
41327991,"WILLITS A SUB, CIRCUIT BREAKERS",34,T,BRKR,,,,,left_only
44137729,"SHEPHERD SUB, CIRCUIT BREAKERS",34,T,BRKR,,,,,left_only
41217357,"MENDOCINO SUB, CIRCUIT BREAKERS",34,T,BRKR,,,,,left_only
41333419,"SHAFTER SUB, CIRCUIT BREAKERS",34,T,BRKR,,,,,left_only
42723993,"ROUND MTN SUB, CIRCUIT BREAKERS",34,T,BRKR,,,,,left_only
41210409,"METCALF SUB, CIRCUIT BREAKERS",34,T,BRKR,,,,,left_only
41335749,"DEL MONTE SUB, CIRCUIT BREAKERS",34,T,BRKR,,,,,left_only
41324435,"TABLE MTN SUB, CIRCUIT BREAKERS",34,T,BRKR,,,,,left_only
41234329,"LIVINGSTON JUNCTION, CIRCUIT BREAKERS",34,T,BRKR,,,,,left_only
41210080,"KERN PP, CIRCUIT BREAKERS",34,T,BRKR,,,,,left_only
42736680,"DUMBARTON SUB, CIRCUIT BREAKERS",34,T,BRKR,,,,,left_only
41234543,"MENDOCINO SUB, CIRCUIT BREAKERS",34,T,BRKR,,,,,left_only
41114448,"MIDWAY SUB, CIRCUIT BREAKERS",34,T,BRKR,,,,,left_only
41114742,"MIDWAY SUB, CIRCUIT BREAKERS",34,T,BRKR,,,,,left_only
41213445,"PITTSBURG PP, CIRCUIT BREAKERS",34,T,BRKR,,,,,left_only
41234280,"HIGHWAY SUB, CIRCUIT BREAKERS",34,T,BRKR,,,,,left_only
41234950,"LOS BANOS SUB, CIRCUIT BREAKERS",34,T,BRKR,,,,,left_only
42553728,"DRUM 1 & 2 PH, CIRCUIT BREAKERS",34,T,BRKR,,,,,left_only
41341935,"CORTINA SUB, CIRCUIT BREAKERS",34,T,BRKR,,,,,left_only
40991873,"VACA DIXON SUB, CIRCUIT BREAKERS",44,T,BRKR,,,,,left_only
41348519,"SAN FRAN P(HUNTERS POINT) SUB, BRKR",34,T,BRKR,,,,,left_only
41358370,"MIDWAY SUB, CIRCUIT BREAKERS",34,T,BRKR,,,,,left_only
43702459,"LAYTONVILLE SUB, CIRCUIT BREAKERS",34,T,BRKR,,,,,left_only
41201828,"TRIMBLE SUB, CIRCUIT BREAKERS",34,T,BRKR,,,,,left_only
41234279,"HIGHWAY SUB, CIRCUIT BREAKERS",34,T,BRKR,,,,,left_only
41201827,"TRIMBLE SUB, CIRCUIT BREAKERS",34,T,BRKR,,,,,left_only
44280576,"SHAFTER SUB, CIRCUIT BREAKERS",34,T,BRKR,,,,,left_only
44285100,"ROUND MTN SUB, CIRCUIT BREAKERS",34,T,BRKR,,,,,left_only
40990880,"HELM SUB, CIRCUIT BREAKERS",33,T,BRKR,,,,,left_only
41213444,"PITTSBURG PP, CIRCUIT BREAKERS",34,T,BRKR,,,,,left_only
41341927,"CORTINA SUB, CIRCUIT BREAKERS",34,T,BRKR,,,,,left_only
41209652,"COTTONWOOD SUB, CIRCUIT BREAKERS",34,T,BRKR,,,,,left_only
41334112,"MIDWAY SUB, CIRCUIT BREAKERS",34,T,BRKR,,,,,left_only
41350289,"MCCALL SUB, CIRCUIT BREAKERS",34,T,BRKR,,,,,left_only
41346786,"MERCED FALLS SUB, CIRCUIT BREAKERS",33,T,BRKR,,,,,left_only
41235665,"COTTONWOOD SUB, CIRCUIT BREAKERS",34,T,BRKR,,,,,left_only
42644225,"SAN FRAN H (MARTIN) SUB, CIRCUIT BRKR",34,T,BRKR,,,,,left_only
41202298,"MALAGA SUB, CIRCUIT BREAKERS",34,T,BRKR,,,,,left_only
41322086,"SILVERADO SUB, CIRCUIT BREAKERS",34,T,BRKR,,,,,left_only
41351363,"HOPLAND SUB, CIRCUIT BREAKERS",33,T,BRKR,,,,,left_only
41203145,"SAN FRAN A (POTRERO PP) SUB, CIR BRKRS",34,T,BRKR,,,,,left_only
40990684,"BRENTWOOD SUB, CIRCUIT BREAKERS",33,T,BRKR,,,,,left_only
41332605,"KIRKER SUB, CIRCUIT BREAKERS",34,T,BRKR,,,,,left_only
41227042,"KERN PP, CIRCUIT BREAKERS",34,T,BRKR,,,,,left_only
42550687,"BRIDGEVILLE SUB, CIRCUIT BREAKERS",33,T,BRKR,,,,,left_only
40991195,"COTTONWOOD SUB, CIRCUIT BREAKERS",33,T,BRKR,,,,,left_only
41341918,"CORTINA SUB, CIRCUIT BREAKERS",34,T,BRKR,,,,,left_only
41103555,"RAVENSWOOD SUB, CIRCUIT BREAKERS",33,T,BRKR,,,,,left_only
41107583,"EIGHT MILE SUB, CIRCUIT BREAKERS",33,T,BRKR,,,,,left_only
41136943,"TIGER CREEK PH, CIRCUIT BREAKERS",33,T,BRKR,,,,,left_only
42615502,"MONTA VISTA SUB, CIRCUIT BREAKERS",34,T,BRKR,,,,,left_only
41339147,"FLINT SUB, CIRCUIT BREAKERS",34,T,BRKR,,,,,left_only
41181955,"GLENN SUB, CIRCUIT BREAKERS",33,T,BRKR,,,,,left_only
41360551,"IGNACIO SUB, CIRCUIT BREAKERS",34,T,BRKR,,,,,left_only
41202300,"MALAGA SUB, CIRCUIT BREAKERS",34,T,BRKR,,,,,left_only
41335725,"DEL MONTE SUB, CIRCUIT BREAKERS",34,T,BRKR,,,,,left_only
41329320,"BIRDS LANDING SW STA, CIRCUIT BREAKERS",33,T,BRKR,,,,,left_only
42553198,"MAPLE CREEK SUB, CIRCUIT BREAKERS",33,T,BRKR,,,,,left_only
44137726,"SHEPHERD SUB, CIRCUIT BREAKERS",34,T,BRKR,,,,,left_only
42573231,"HENRIETTA SUB, CIRCUIT BREAKERS",33,T,BRKR,,,,,left_only
42625334,"LAKEVILLE SUB, CIRCUIT BREAKERS",23,T,BRKR,,,,,left_only
41352940,"MESA SUB, CIRCUIT BREAKERS",34,T,BRKR,,,,,left_only
42615214,"MONTA VISTA SUB, CIRCUIT BREAKERS",34,T,BRKR,,,,,left_only
42608300,"VACA DIXON SUB, CIRCUIT BREAKERS",34,T,BRKR,,,,,left_only
42579635,"ROUND MTN SUB, CIRCUIT BREAKERS",24,T,BRKR,,,,,left_only
41355791,"VACA DIXON SUB, CIRCUIT BREAKERS",34,T,BRKR,,,,,left_only
42667679,"VACA DIXON SUB, CIRCUIT BREAKERS",24,T,BRKR,,,,,left_only
41246688,"SAN FRAN H (MARTIN) SUB, CIRCUIT BRKR",34,T,BRKR,,,,,left_only
41339602,"IGNACIO SUB, CIRCUIT BREAKERS",34,T,BRKR,,,,,left_only
42676467,"BORDEN SUB, CIRCUIT BREAKERS",23,T,BRKR,,,,,left_only
41203854,"SALINAS SUB, CIRCUIT BREAKERS",34,T,BRKR,,,,,left_only
42707386,"STAGG SUB, CIRCUIT BREAKERS",24,T,BRKR,,,,,left_only
44899329,"MARYSVILLE SUB, CIRCUIT BREAKERS",34,T,BRKR,,,,,left_only
41355792,"VACA DIXON SUB, CIRCUIT BREAKERS",34,T,BRKR,,,,,left_only
42731830,"TASSAJARA SUB, CIRCUIT BREAKERS",23,T,BRKR,,,,,left_only
41324997,"IGNACIO SUB, CIRCUIT BREAKERS",34,T,BRKR,,,,,left_only
42738208,"PANOCHE SUB, CIRCUIT BREAKERS",24,T,BRKR,,,,,left_only
41360547,"IGNACIO SUB, CIRCUIT BREAKERS",34,T,BRKR,,,,,left_only
41340844,"BELLOTA SUB, CIRCUIT BREAKERS",34,T,BRKR,,,,,left_only
41364065,"NEW KEARNEY SUB, CIRCUIT BREAKERS",34,T,BRKR,,,,,left_only
41350291,"MCCALL SUB, CIRCUIT BREAKERS",34,T,BRKR,,,,,left_only
43153972,"WEBER SUB, CIRCUIT BREAKERS",23,T,BRKR,,,,,left_only
42550648,"SAN FRAN H (MARTIN) SUB, CIRCUIT BRKR",34,T,BRKR,,,,,left_only
41114744,"MIDWAY SUB, CIRCUIT BREAKERS",34,T,BRKR,,,,,left_only
41234951,"LOS BANOS SUB, CIRCUIT BREAKERS",34,T,BRKR,,,,,left_only
40989909,"VACA DIXON SUB, CIRCUIT BREAKERS",44,T,BRKR,,,,,left_only
44148853,"CORTINA SUB, CIRCUIT BREAKERS",23,T,BRKR,,,,,left_only
42735189,"LOS ALTOS SUB, CIRCUIT BREAKERS",33,T,BRKR,,,,,left_only
41367551,"LOCKEFORD SUB, CIRCUIT BREAKERS",34,T,BRKR,,,,,left_only
44513625,"LOCKEFORD SUB, CIRCUIT BREAKERS",23,T,BRKR,,,,,left_only
41355789,"VACA DIXON SUB, CIRCUIT BREAKERS",34,T,BRKR,,,,,left_only
44724882,"HERNDON SUB, CIRCUIT BREAKERS",13,T,BRKR,,,,,left_only
41352954,"MESA SUB, CIRCUIT BREAKERS",34,T,BRKR,,,,,left_only
41352905,"DAVIS SUB, CIRCUIT BREAKERS",34,T,BRKR,,,,,left_only
42553415,"WOODLAND SUB, CIRCUIT BREAKERS",34,T,BRKR,,,,,left_only
41350290,"MCCALL SUB, CIRCUIT BREAKERS",34,T,BRKR,,,,,left_only
41333257,"BULLARD SUB, CIRCUIT BREAKERS",34,T,BRKR,,,,,left_only
41364060,"NEW KEARNEY SUB, CIRCUIT BREAKERS",34,T,BRKR,,,,,left_only
41358415,"MIDWAY SUB, CIRCUIT BREAKERS",34,T,BRKR,,,,,left_only
41361640,"BELLOTA SUB, CIRCUIT BREAKERS",34,T,BRKR,,,,,left_only
41350287,"MCCALL SUB, CIRCUIT BREAKERS",34,T,BRKR,,,,,left_only
45004173,"GOLD HILL SUB, CIRCUIT BREAKERS",13,T,BRKR,,,,,left_only
45668885,"METCALF SUB, CIRCUIT BREAKERS",14,T,BRKR,,,,,left_only
41328320,"IGNACIO SUB, CIRCUIT BREAKERS",34,T,BRKR,,,,,left_only
45711401,"RIO OSO SUB, CIRCUIT BREAKERS",14,T,BRKR,,,,,left_only
41325020,"IGNACIO SUB, CIRCUIT BREAKERS",34,T,BRKR,,,,,left_only
42637857,"REEDLEY SUB, CIRCUIT BREAKERS",34,T,BRKR,,,,,left_only
41176913,"TESLA SUB, CIRCUIT BREAKERS",34,T,BRKR,,,,,left_only
42663500,"DELEVAN SUB, CIRCUIT BREAKERS",23,T,BRKR,,,,,left_only
41333270,"BULLARD SUB, CIRCUIT BREAKERS",34,T,BRKR,,,,,left_only
42746878,"EASTSHORE SUB, CIRCUIT BREAKERS",23,T,BRKR,,,,,left_only
43173624,"MOSS LANDING PP, CIRCUIT BREAKERS",24,T,BRKR,,,,,left_only
41328009,"SYCAMORE CREEK SUB, CIRCUIT BREAKERS",34,T,BRKR,,,,,left_only
43223148,"NEW KEARNEY SUB, CIRCUIT BREAKERS",23,T,BRKR,,,,,left_only
41322971,"KIRKER SUB, CIRCUIT BREAKERS",34,T,BRKR,,,,,left_only
41355793,"VACA DIXON SUB, CIRCUIT BREAKERS",34,T,BRKR,,,,,left_only
42608290,"DRUM 1 & 2 PH, CIRCUIT BREAKERS",34,T,BRKR,BRKR,2026-04-23,,JIT,both
44285101,"ROUND MTN SUB, CIRCUIT BREAKERS",44,T,BRKR,,,,,left_only
41339127,"REEDLEY SUB, CIRCUIT BREAKERS",34,T,BRKR,,,,,left_only
44693311,"KERN PP, CIRCUIT BREAKERS",13,T,BRKR,,,,,left_only
44242368,"SAN FRAN Z (EMBARCADERO) SUB, BRKR",23,T,BRKR,,,,,left_only
45711403,"RIO OSO SUB, CIRCUIT BREAKERS",14,T,BRKR,,,,,left_only
42663505,"DELEVAN SUB, CIRCUIT BREAKERS",23,T,BRKR,,,,,left_only
41246684,"SAN FRAN H (MARTIN) SUB, CIRCUIT BRKR",34,T,BRKR,,,,,left_only
42746880,"EASTSHORE SUB, CIRCUIT BREAKERS",23,T,BRKR,,,,,left_only
41317161,"SAN MATEO SUB, CIRCUIT BREAKERS",34,T,BRKR,,,,,left_only
43173625,"MOSS LANDING PP, CIRCUIT BREAKERS",24,T,BRKR,,,,,left_only
42550652,"SAN FRAN H (MARTIN) SUB, CIRCUIT BRKR",34,T,BRKR,,,,,left_only
41362809,"MORAGA SUB, CIRCUIT BREAKERS",34,T,BRKR,,,,,left_only
42623658,"EL CAPITAN SUB, CIRCUIT BREAKERS",34,T,BRKR,,,,,left_only
41361439,"MCCALL SUB, CIRCUIT BREAKERS",34,T,BRKR,,,,,left_only
44693312,"KERN PP, CIRCUIT BREAKERS",13,T,BRKR,,,,,left_only
44242369,"SAN FRAN Z (EMBARCADERO) SUB, BRKR",23,T,BRKR,,,,,left_only
41327979,"LOCKEFORD SUB, CIRCUIT BREAKERS",34,T,BRKR,,,,,left_only
42706495,"BELLOTA SUB, CIRCUIT BREAKERS",33,T,BRKR,,,,,left_only
44857296,"PIT #1 PH, CIRCUIT BREAKERS",13,T,BRKR,,,,,left_only
45720697,"RIO OSO SUB, CIRCUIT BREAKERS",14,T,BRKR,,,,,left_only
41176932,"TESLA SUB, CIRCUIT BREAKERS",33,T,BRKR,,,,,left_only
41346852,"JEFFERSON SUB, CIRCUIT BREAKERS",34,T,BRKR,BRKR,2026-03-19,,In-Service Failure,both
41366377,"MENLO SUB, CIRCUIT BREAKERS",34,T,BRKR,,,,,left_only
41340915,"JEFFERSON SUB, CIRCUIT BREAKERS",34,T,BRKR,,,,,left_only
42615237,"MONTA VISTA SUB, CIRCUIT BREAKERS",34,T,BRKR,,,,,left_only
42549427,"MARICOPA SUB, CIRCUIT BREAKERS",34,T,BRKR,,,,,left_only
41352611,"JEFFERSON SUB, CIRCUIT BREAKERS",34,T,BRKR,,,,,left_only
42695898,"MARTELL SUB, CIRCUIT BREAKERS",33,T,BRKR,,,,,left_only
41322079,"CONTRA COSTA SUB, CIRCUIT BREAKERS",34,T,BRKR,,,,,left_only
43173626,"MOSS LANDING PP, CIRCUIT BREAKERS",24,T,BRKR,,,,,left_only
42553416,"WOODLAND SUB, CIRCUIT BREAKERS",34,T,BRKR,,,,,left_only
41360562,"IGNACIO SUB, CIRCUIT BREAKERS",34,T,BRKR,,,,,left_only
41301646,"COTTONWOOD SUB, CIRCUIT BREAKERS",34,T,BRKR,,,,,left_only
41088917,"MCCALL SUB, CIRCUIT BREAKERS",34,T,BRKR,,,,,left_only
41341947,"CALISTOGA SUB, CIRCUIT BREAKERS",33,T,BRKR,,,,,left_only
44945763,"DELEVAN SUB, CIRCUIT BREAKERS",13,T,BRKR,,,,,left_only
41345199,"JEFFERSON SUB, CIRCUIT BREAKERS",34,T,BRKR,,,,,left_only
41333469,"TABLE MTN SUB, CIRCUIT BREAKERS",34,T,BRKR,,,,,left_only
41364178,"HENRIETTA SUB, CIRCUIT BREAKERS",34,T,BRKR,,,,,left_only
42615216,"MONTA VISTA SUB, CIRCUIT BREAKERS",34,T,BRKR,,,,,left_only
42625904,"SAN LUIS OBISPO SUB, CIRCUIT BREAKERS",34,T,BRKR,,,,,left_only
41235197,"SAN FRAN P(HUNTERS POINT) SUB, BRKR",34,T,BRKR,,,,,left_only
41213787,"SCHINDLER SUB, CIRCUIT BREAKERS",34,T,BRKR,,,,,left_only
42560919,"TULUCAY SUB, CIRCUIT BREAKERS",34,T,BRKR,,,,,left_only
44987697,"KERN PP, CIRCUIT BREAKERS",13,T,BRKR,,,,,left_only
41340917,"JEFFERSON SUB, CIRCUIT BREAKERS",34,T,BRKR,,,,,left_only
45327054,"TRANQUILLITY SW STA, CIRCUIT BREAKERS",13,T,BRKR,,,,,left_only
45467081,"EASTSHORE SUB, CIRCUIT BREAKERS",13,T,BRKR,,,,,left_only
41340916,"JEFFERSON SUB, CIRCUIT BREAKERS",34,T,BRKR,,,,,left_only
42561906,"LOS GATOS SUB, CIRCUIT BREAKERS",34,T,BRKR,,,,,left_only
42569747,"ELK SUB, CIRCUIT BREAKERS",33,T,BRKR,,,,,left_only
42561145,"TULUCAY SUB, CIRCUIT BREAKERS",34,T,BRKR,,,,,left_only
41167571,"SAN RAMON SUB, CIRCUIT BREAKERS",33,T,BRKR,,,,,left_only
41109068,"MONTA VISTA SUB, CIRCUIT BREAKERS",34,T,BRKR,,,,,left_only
40996296,"LAKEVILLE SUB, CIRCUIT BREAKERS",44,T,BRKR,,,,,left_only
41216838,"SAN FRAN H (MARTIN) SUB, CIRCUIT BRKR",34,T,BRKR,,,,,left_only
42701512,"GREGG SUB, CIRCUIT BREAKERS",44,T,BRKR,,,,,left_only
40990205,"CARIBOU PH #2, CIRCUIT BREAKERS",43,T,BRKR,,,,,left_only
41345200,"JEFFERSON SUB, CIRCUIT BREAKERS",34,T,BRKR,,,,,left_only
40992666,"LAS POSITAS SUB, CIRCUIT BREAKERS",43,T,BRKR,,,,,left_only
40993293,"PANOCHE SUB, CIRCUIT BREAKERS",44,T,BRKR,,,,,left_only
40993673,"STAGG SUB, CIRCUIT BREAKERS",44,T,BRKR,,,,,left_only
41361438,"MCCALL SUB, CIRCUIT BREAKERS",34,T,BRKR,,,,,left_only
41368136,"AIRWAYS SUB, CIRCUIT BREAKERS",34,T,BRKR,,,,,left_only
42620236,"SAN FRAN A (POTRERO PP) SUB, CIR BRKRS",34,T,BRKR,,,,,left_only
42550651,"SAN FRAN H (MARTIN) SUB, CIRCUIT BRKR",34,T,BRKR,,,,,left_only
41359844,"SCHINDLER SUB, CIRCUIT BREAKERS",34,T,BRKR,,,,,left_only
42623653,"WEIMAR SUB, CIRCUIT BREAKERS",33,T,BRKR,,,,,left_only
40994880,"WILSON SUB, CIRCUIT BREAKERS",34,T,BRKR,,,,,left_only
42562299,"MENDOCINO SUB, CIRCUIT BREAKERS",34,T,BRKR,,,,,left_only
41364062,"NEW KEARNEY SUB, CIRCUIT BREAKERS",34,T,BRKR,,,,,left_only
41368137,"AIRWAYS SUB, CIRCUIT BREAKERS",34,T,BRKR,,,,,left_only
40992807,"LOS BANOS SUB, CIRCUIT BREAKERS",44,T,BRKR,,,,,left_only
42615218,"MONTA VISTA SUB, CIRCUIT BREAKERS",34,T,BRKR,,,,,left_only
41372121,"BUTTE SUB, CIRCUIT BREAKERS",34,T,BRKR,,,,,left_only
42632084,"SALINAS SUB, CIRCUIT BREAKERS",34,T,BRKR,,,,,left_only
41350292,"MCCALL SUB, CIRCUIT BREAKERS",34,T,BRKR,,,,,left_only
40990401,"WEBER SUB, CIRCUIT BREAKERS",43,T,BRKR,,,,,left_only
42727909,"MENDOCINO SUB, CIRCUIT BREAKERS",34,T,BRKR,,,,,left_only
42570240,"OAKLAND J SUB, CIRCUIT BREAKERS",34,T,BRKR,,,,,left_only
41346363,"TULUCAY SUB, CIRCUIT BREAKERS",34,T,BRKR,,,,,left_only
42561138,"TULUCAY SUB, CIRCUIT BREAKERS",34,T,BRKR,,,,,left_only
42564320,"DEL MONTE SUB, CIRCUIT BREAKERS",34,T,BRKR,,,,,left_only
40990770,"PARKWAY SUB, CIRCUIT BREAKERS",33,T,BRKR,,,,,left_only
41361440,"MCCALL SUB, CIRCUIT BREAKERS",34,T,BRKR,,,,,left_only
42618616,"TEJON SUB, CIRCUIT BREAKERS",33,T,BRKR,,,,,left_only
42632085,"SALINAS SUB, CIRCUIT BREAKERS",34,T,BRKR,,,,,left_only
41333235,"BELLOTA SUB, CIRCUIT BREAKERS",34,T,BRKR,,,,,left_only
41362803,"MORAGA SUB, CIRCUIT BREAKERS",24,T,BRKR,,,,,left_only
42569031,"STONE SUB, CIRCUIT BREAKERS",24,T,BRKR,,,,,left_only
42561813,"SAN RAFAEL SUB, CIRCUIT BREAKERS",24,T,BRKR,,,,,left_only
42626787,"TIVY VALLEY SUB, CIRCUIT BREAKERS",24,T,BRKR,,,,,left_only
41114446,"MIDWAY SUB, CIRCUIT BREAKERS",34,T,BRKR,,,,,left_only
40990472,"FIGARDEN SUB, CIRCUIT BREAKERS",33,T,BRKR,,,,,left_only
42632086,"SALINAS SUB, CIRCUIT BREAKERS",24,T,BRKR,,,,,left_only
42618619,"TEJON SUB, CIRCUIT BREAKERS",23,T,BRKR,,,,,left_only
42553417,"WOODLAND SUB, CIRCUIT BREAKERS",24,T,BRKR,,,,,left_only
41103557,"RAVENSWOOD SUB, CIRCUIT BREAKERS",33,T,BRKR,,,,,left_only
40990900,"VASONA SUB, CIRCUIT BREAKERS",33,T,BRKR,,,,,left_only
41360632,"WEST FRESNO SUB, CIRCUIT BREAKERS",24,T,BRKR,,,,,left_only
41109518,"EIGHT MILE SUB, CIRCUIT BREAKERS",33,T,BRKR,,,,,left_only
41367438,"LAMMERS SUB, CIRCUIT BREAKERS",24,T,BRKR,,,,,left_only
42561984,"CLEAR LAKE SUB, CIRCUIT BREAKERS",23,T,BRKR,,,,,left_only
41177224,"POE PH, CIRCUIT BREAKERS",33,T,BRKR,,,,,left_only
41158173,"LOS ESTEROS SUB, CIRCUIT BREAKERS",33,T,BRKR,,,,,left_only
41359846,"SCHINDLER SUB, CIRCUIT BREAKERS",24,T,BRKR,,,,,left_only
41177213,"METCALF SUB, CIRCUIT BREAKERS",34,T,BRKR,,,,,left_only
42615235,"HENRIETTA SUB, CIRCUIT BREAKERS",23,T,BRKR,,,,,left_only
42553081,"DIVIDE SUB, CIRCUIT BREAKERS",24,T,BRKR,,,,,left_only
42615530,"ROCK CREEK PH, CIRCUIT BREAKERS",23,T,BRKR,,,,,left_only
42623773,"LIVERMORE SUB, CIRCUIT BREAKERS",23,T,BRKR,,,,,left_only
41374127,"RAVENSWOOD SUB, CIRCUIT BREAKERS",24,T,BRKR,,,,,left_only
42632089,"SALINAS SUB, CIRCUIT BREAKERS",24,T,BRKR,,,,,left_only
41367436,"LAMMERS SUB, CIRCUIT BREAKERS",24,T,BRKR,,,,,left_only
41358417,"MIDWAY SUB, CIRCUIT BREAKERS",24,T,BRKR,,,,,left_only
41359845,"SCHINDLER SUB, CIRCUIT BREAKERS",24,T,BRKR,,,,,left_only
42564322,"DEL MONTE SUB, CIRCUIT BREAKERS",24,T,BRKR,,,,,left_only
42613243,"MCCALL SUB, CIRCUIT BREAKERS",24,T,BRKR,,,,,left_only
41371604,"IGNACIO SUB, CIRCUIT BREAKERS",24,T,BRKR,,,,,left_only
41368584,"LAKEVILLE SUB, CIRCUIT BREAKERS",24,T,BRKR,,,,,left_only
42623838,"PUEBLO SUB, CIRCUIT BREAKERS",24,T,BRKR,,,,,left_only
42564317,"DEL MONTE SUB, CIRCUIT BREAKERS",24,T,BRKR,,,,,left_only
42626285,"MORAGA SUB, CIRCUIT BREAKERS",24,T,BRKR,,,,,left_only
42728033,"MCCALL SUB, CIRCUIT BREAKERS",23,T,BRKR,,,,,left_only
42581559,"NEWARK SUB, CIRCUIT BREAKERS",24,T,BRKR,,,,,left_only
41363259,"SUISUN SUB, CIRCUIT BREAKERS",24,T,BRKR,,,,,left_only
42737638,"KELSO SUB, CIRCUIT BREAKERS",23,T,BRKR,,,,,left_only
42617448,"STAGG SUB, CIRCUIT BREAKERS",24,T,BRKR,,,,,left_only
41363974,"CONTRA COSTA SUB, CIRCUIT BREAKERS",24,T,BRKR,,,,,left_only
41359860,"SCHINDLER SUB, CIRCUIT BREAKERS",24,T,BRKR,,,,,left_only
42569291,"SAN LEANDRO U SUB, CIRCUIT BREAKERS",24,T,BRKR,,,,,left_only
40990233,"MERCED SUB, CIRCUIT BREAKERS",24,T,BRKR,,,,,left_only
41114746,"MIDWAY SUB, CIRCUIT BREAKERS",34,T,BRKR,,,,,left_only
41368064,"SONOMA A SUB, CIRCUIT BREAKERS",24,T,BRKR,,,,,left_only
42675126,"PEABODY SUB, CIRCUIT BREAKERS",23,T,BRKR,,,,,left_only
41359857,"SCHINDLER SUB, CIRCUIT BREAKERS",24,T,BRKR,,,,,left_only
42561190,"LE GRAND SUB, CIRCUIT BREAKERS",24,T,BRKR,,,,,left_only
41367498,"CARIBOU PH #1, CIRCUIT BREAKERS",24,T,BRKR,,,,,left_only
41348517,"SAN FRAN P(HUNTERS POINT) SUB, BRKR",24,T,BRKR,,,,,left_only
42630984,"BUTTE SUB, CIRCUIT BREAKERS",24,T,BRKR,,,,,left_only
41374190,"MILLBRAE SUB, CIRCUIT BREAKERS",24,T,BRKR,,,,,left_only
41365595,"WILLOW PASS SUB, CIRCUIT BREAKERS",24,T,BRKR,,,,,left_only
42740963,"IGNACIO SUB, CIRCUIT BREAKERS",24,T,BRKR,,,,,left_only
42581548,"NEWARK SUB, CIRCUIT BREAKERS",24,T,BRKR,,,,,left_only
42754845,"SAN MATEO SUB, CIRCUIT BREAKERS",24,T,BRKR,,,,,left_only
41355769,"JEFFERSON SUB, CIRCUIT BREAKERS",24,T,BRKR,,,,,left_only
42656252,"EAST PORTAL SUB, CIRCUIT BREAKERS",24,T,BRKR,,,,,left_only
42617442,"STAGG SUB, CIRCUIT BREAKERS",24,T,BRKR,,,,,left_only
44827606,"BAKERSFIELD SUB, CIRCUIT BREAKERS",23,T,BRKR,,,,,left_only
44440043,"SOBRANTE SUB, CIRCUIT BREAKERS",23,T,BRKR,,,,,left_only
42726210,"MIDWAY SUB, CIRCUIT BREAKERS",24,T,BRKR,,,,,left_only
42608272,"VACA DIXON SUB, CIRCUIT BREAKERS",24,T,BRKR,,,,,left_only
42597518,"SAN FRAN A (POTRERO PP) SUB, CIR BRKRS",24,T,BRKR,,,,,left_only
42607279,"JARVIS SUB, CIRCUIT BREAKERS",24,T,BRKR,,,,,left_only
42603565,"SUISUN SUB, CIRCUIT BREAKERS",24,T,BRKR,,,,,left_only
42675932,"CANAL SUB, CIRCUIT BREAKERS",24,T,BRKR,,,,,left_only
45023961,"GLENN SUB, CIRCUIT BREAKERS",13,T,BRKR,,,,,left_only
42562633,"OROVILLE SUB, CIRCUIT BREAKERS",23,T,BRKR,,,,,left_only
42581578,"NEWARK SUB, CIRCUIT BREAKERS",24,T,BRKR,,,,,left_only
44692028,"GOLD HILL SUB, CIRCUIT BREAKERS",13,T,BRKR,,,,,left_only
42598111,"SAN FRAN H (MARTIN) SUB, CIRCUIT BRKR",24,T,BRKR,,,,,left_only
42726833,"OAKLAND C (OAKLAND PP) SUB, CIRCUIT BRKR",24,T,BRKR,,,,,left_only
45037577,"HERNDON SUB, CIRCUIT BREAKERS",13,T,BRKR,,,,,left_only
42647506,"DRUM 1 & 2 PH, CIRCUIT BREAKERS",24,T,BRKR,,,,,left_only
42630366,"SAN FRAN A (POTRERO PP) SUB, CIR BRKRS",24,T,BRKR,,,,,left_only
45720699,"RIO OSO SUB, CIRCUIT BREAKERS",14,T,BRKR,,,,,left_only
42598114,"SAN FRAN H (MARTIN) SUB, CIRCUIT BRKR",24,T,BRKR,,,,,left_only
41176914,"TESLA SUB, CIRCUIT BREAKERS",34,T,BRKR,,,,,left_only
42568328,"OLEUM PP, CIRCUIT BREAKERS",24,T,BRKR,,,,,left_only
42663507,"DELEVAN SUB, CIRCUIT BREAKERS",23,T,BRKR,,,,,left_only
43173627,"MOSS LANDING PP, CIRCUIT BREAKERS",24,T,BRKR,,,,,left_only
42603569,"SAN LEANDRO U SUB, CIRCUIT BREAKERS",24,T,BRKR,,,,,left_only
40991872,"BURNS SUB, CIRCUIT BREAKERS",23,T,BRKR,,,,,left_only
42562638,"OLEUM PP, CIRCUIT BREAKERS",24,T,BRKR,,,,,left_only
42641318,"IGNACIO SUB, CIRCUIT BREAKERS",24,T,BRKR,,,,,left_only
42608262,"VACA DIXON SUB, CIRCUIT BREAKERS",24,T,BRKR,,,,,left_only
42632073,"SALINAS SUB, CIRCUIT BREAKERS",24,T,BRKR,,,,,left_only
42618582,"STOCKDALE SUB, CIRCUIT BREAKERS",24,T,BRKR,,,,,left_only
42608292,"DRUM 1 & 2 PH, CIRCUIT BREAKERS",24,T,BRKR,,,,,left_only
42632069,"SALINAS SUB, CIRCUIT BREAKERS",24,T,BRKR,,,,,left_only
44987641,"KERN PP, CIRCUIT BREAKERS",13,T,BRKR,,,,,left_only
42564489,"OLEUM PP, CIRCUIT BREAKERS",24,T,BRKR,,,,,left_only
42619361,"TEMBLOR SUB, CIRCUIT BREAKERS",24,T,BRKR,,,,,left_only
42613709,"NAPA SUB, CIRCUIT BREAKERS",23,T,BRKR,,,,,left_only
45327056,"TRANQUILLITY SW STA, CIRCUIT BREAKERS",13,T,BRKR,,,,,left_only
42569665,"PITTSBURG PP, CIRCUIT BREAKERS",24,T,BRKR,,,,,left_only
45467083,"EASTSHORE SUB, CIRCUIT BREAKERS",13,T,BRKR,,,,,left_only
42632083,"SALINAS SUB, CIRCUIT BREAKERS",24,T,BRKR,,,,,left_only
42620779,"NEWMAN SUB, CIRCUIT BREAKERS",24,T,BRKR,,,,,left_only
45720701,"RIO OSO SUB, CIRCUIT BREAKERS",14,T,BRKR,,,,,left_only
42663509,"DELEVAN SUB, CIRCUIT BREAKERS",23,T,BRKR,,,,,left_only
42581670,"SAN LEANDRO U SUB, CIRCUIT BREAKERS",24,T,BRKR,,,,,left_only
42568125,"MCCALL SUB, CIRCUIT BREAKERS",24,T,BRKR,,,,,left_only
43173628,"MOSS LANDING PP, CIRCUIT BREAKERS",24,T,BRKR,,,,,left_only
45327058,"TRANQUILLITY SW STA, CIRCUIT BREAKERS",13,T,BRKR,,,,,left_only
45467085,"EASTSHORE SUB, CIRCUIT BREAKERS",13,T,BRKR,,,,,left_only
45753180,"TESLA SUB, CIRCUIT BREAKERS",13,T,BRKR,,,,,left_only
42632087,"SALINAS SUB, CIRCUIT BREAKERS",24,T,BRKR,,,,,left_only
42676941,"MIDWAY SUB, CIRCUIT BREAKERS",24,T,BRKR,,,,,left_only
42605886,"MCCALL SUB, CIRCUIT BREAKERS",24,T,BRKR,,,,,left_only
42602573,"ATASCADERO SUB, CIRCUIT BREAKERS",23,T,BRKR,,,,,left_only
42620243,"SAN FRAN A (POTRERO PP) SUB, CIR BRKRS",24,T,BRKR,,,,,left_only
42568126,"MCCALL SUB, CIRCUIT BREAKERS",24,T,BRKR,,,,,left_only
42735554,"ARCO SUB, CIRCUIT BREAKERS",24,T,BRKR,,,,,left_only
40995549,"BELLOTA SUB, CIRCUIT BREAKERS",43,T,BRKR,,,,,left_only
42613036,"OLEUM PP, CIRCUIT BREAKERS",24,T,BRKR,,,,,left_only
45698443,"RIO OSO SUB, CIRCUIT BREAKERS",14,T,BRKR,,,,,left_only
42670363,"COPUS SUB, CIRCUIT BREAKERS",23,T,BRKR,,,,,left_only
42597515,"SAN LEANDRO U SUB, CIRCUIT BREAKERS",24,T,BRKR,,,,,left_only
42561177,"DALY CITY SUB, CIRCUIT BREAKERS",24,T,BRKR,,,,,left_only
42568568,"SAN FRAN H (MARTIN) SUB, CIRCUIT BRKR",24,T,BRKR,,,,,left_only
42579750,"FREMONT SUB, CIRCUIT BREAKERS",24,T,BRKR,,,,,left_only
42691692,"GRASS VALLEY SUB, CIRCUIT BREAKERS",24,T,BRKR,,,,,left_only
42568003,"OLEUM PP, CIRCUIT BREAKERS",24,T,BRKR,,,,,left_only
42563977,"PITTSBURG PP, CIRCUIT BREAKERS",24,T,BRKR,,,,,left_only
42564218,"SAN FRAN H (MARTIN) SUB, CIRCUIT BRKR",24,T,BRKR,,,,,left_only
42553605,"HILLSDALE JCT, CIRCUIT BREAKERS",23,T,BRKR,,,,,left_only
42711867,"CONTRA COSTA SUB, CIRCUIT BREAKERS",24,T,BRKR,,,,,left_only
42628804,"BAY MEADOWS SUB, CIRCUIT BREAKERS",24,T,BRKR,,,,,left_only
42605883,"MCCALL SUB, CIRCUIT BREAKERS",24,T,BRKR,,,,,left_only
42579754,"FREMONT SUB, CIRCUIT BREAKERS",24,T,BRKR,,,,,left_only
42572238,"DAVIS SUB, CIRCUIT BREAKERS",24,T,BRKR,,,,,left_only
42597542,"SAN FRAN H (MARTIN) SUB, CIRCUIT BRKR",24,T,BRKR,,,,,left_only
42618796,"RIVERBANK SUB, CIRCUIT BREAKERS",24,T,BRKR,,,,,left_only
45534203,"JEFFERSON SUB, CIRCUIT BREAKERS",23,T,BRKR,,,,,left_only
42627549,"GLENN SUB, CIRCUIT BREAKERS",24,T,BRKR,,,,,left_only
42564284,"SAN LUIS OBISPO SUB, CIRCUIT BREAKERS",24,T,BRKR,,,,,left_only
42607294,"BENTON SUB, CIRCUIT BREAKERS",23,T,BRKR,,,,,left_only
42678719,"IGNACIO SUB, CIRCUIT BREAKERS",24,T,BRKR,,,,,left_only
42645655,"SOLEDAD SUB, CIRCUIT BREAKERS",24,T,BRKR,,,,,left_only
42562429,"OLEUM PP, CIRCUIT BREAKERS",24,T,BRKR,,,,,left_only
42663609,"DELEVAN SUB, CIRCUIT BREAKERS",23,T,BRKR,,,,,left_only
42569668,"PITTSBURG PP, CIRCUIT BREAKERS",24,T,BRKR,,,,,left_only
42632075,"SALINAS SUB, CIRCUIT BREAKERS",24,T,BRKR,,,,,left_only
42595654,"EVERGREEN SUB, CIRCUIT BREAKERS",23,T,BRKR,,,,,left_only
42569664,"PITTSBURG PP, CIRCUIT BREAKERS",24,T,BRKR,,,,,left_only
42598520,"SAN RAMON SUB, CIRCUIT BREAKERS",24,T,BRKR,,,,,left_only
42563886,"PITTSBURG PP, CIRCUIT BREAKERS",24,T,BRKR,,,,,left_only
42572084,"EL PATIO SUB, CIRCUIT BREAKERS",24,T,BRKR,,,,,left_only
42693848,"WILLITS A SUB, CIRCUIT BREAKERS",23,T,BRKR,,,,,left_only
42595652,"EVERGREEN SUB, CIRCUIT BREAKERS",23,T,BRKR,,,,,left_only
42669507,"COPUS SUB, CIRCUIT BREAKERS",23,T,BRKR,,,,,left_only
42630297,"EVERGREEN SUB, CIRCUIT BREAKERS",24,T,BRKR,,,,,left_only
42603255,"BAIR SUB, CIRCUIT BREAKERS",24,T,BRKR,,,,,left_only
42607753,"BRIDGEVILLE SUB, CIRCUIT BREAKERS",23,T,BRKR,,,,,left_only
42564217,"SAN FRAN H (MARTIN) SUB, CIRCUIT BRKR",24,T,BRKR,,,,,left_only
42564491,"OLEUM PP, CIRCUIT BREAKERS",24,T,BRKR,,,,,left_only
42568810,"PINEDALE SUB, CIRCUIT BREAKERS",24,T,BRKR,,,,,left_only
42624529,"HILLSDALE JCT, CIRCUIT BREAKERS",23,T,BRKR,,,,,left_only
42568564,"SAN FRAN H (MARTIN) SUB, CIRCUIT BRKR",24,T,BRKR,,,,,left_only
43173629,"MOSS LANDING PP, CIRCUIT BREAKERS",24,T,BRKR,,,,,left_only
41142943,"VINEYARD SUB, CIRCUIT BREAKERS",33,T,BRKR,,,,,left_only
42656315,"CONTRA COSTA SUB, CIRCUIT BREAKERS",23,T,BRKR,,,,,left_only
40995796,"DIABLO CANYON PP, CIRCUIT BREAKERS",44,T,BRKR,,,,,left_only
42671871,"MIDWAY SUB, CIRCUIT BREAKERS",24,T,BRKR,,,,,left_only
42628124,"CARUTHERS SUB, CIRCUIT BREAKERS",23,T,BRKR,,,,,left_only
42564216,"SAN FRAN H (MARTIN) SUB, CIRCUIT BRKR",24,T,BRKR,,,,,left_only
42605890,"MCCALL SUB, CIRCUIT BREAKERS",24,T,BRKR,,,,,left_only
42632076,"SALINAS SUB, CIRCUIT BREAKERS",24,T,BRKR,,,,,left_only
42615339,"OROVILLE SUB, CIRCUIT BREAKERS",23,T,BRKR,,,,,left_only
42599838,"SOBRANTE SUB, CIRCUIT BREAKERS",24,T,BRKR,,,,,left_only
42564325,"DEL MONTE SUB, CIRCUIT BREAKERS",24,T,BRKR,,,,,left_only
40990490,"BURNS SUB, CIRCUIT BREAKERS",24,T,BRKR,,,,,left_only
42622221,"CAMDEN SUB, CIRCUIT BREAKERS",23,T,BRKR,,,,,left_only
40996026,"GOLD HILL SUB, CIRCUIT BREAKERS",43,T,BRKR,,,,,left_only
42574624,"DALY CITY SUB, CIRCUIT BREAKERS",24,T,BRKR,,,,,left_only
42569431,"DALY CITY SUB, CIRCUIT BREAKERS",24,T,BRKR,,,,,left_only
41234952,"LOS BANOS SUB, CIRCUIT BREAKERS",34,T,BRKR,,,,,left_only
40991874,"VACA DIXON SUB, CIRCUIT BREAKERS",44,T,BRKR,,,,,left_only
41162221,"METCALF SUB, CIRCUIT BREAKERS",34,T,BRKR,,,,,left_only
41340063,"MONTA VISTA SUB, CIRCUIT BREAKERS",24,T,BRKR,,,,,left_only
42573619,"OAKLAND J SUB, CIRCUIT BREAKERS",24,T,BRKR,,,,,left_only
42625968,"COALINGA #2 SUB, CIRCUIT BREAKERS",23,T,BRKR,,,,,left_only
42701514,"GREGG SUB, CIRCUIT BREAKERS",44,T,BRKR,,,,,left_only
42691982,"GATES SUB, CIRCUIT BREAKERS",24,T,BRKR,,,,,left_only
40992791,"LOCKEFORD SUB, CIRCUIT BREAKERS",43,T,BRKR,,,,,left_only
42598108,"VOLTA #1 PH, CIRCUIT BREAKERS",23,T,BRKR,,,,,left_only
42573573,"OAKLAND J SUB, CIRCUIT BREAKERS",24,T,BRKR,,,,,left_only
42645656,"SOLEDAD SUB, CIRCUIT BREAKERS",24,T,BRKR,,,,,left_only
40993296,"PANOCHE SUB, CIRCUIT BREAKERS",44,T,BRKR,,,,,left_only
42625376,"DIXON SUB, CIRCUIT BREAKERS",24,T,BRKR,,,,,left_only
42608269,"VACA DIXON SUB, CIRCUIT BREAKERS",24,T,BRKR,,,,,left_only
42568122,"MCCALL SUB, CIRCUIT BREAKERS",24,T,BRKR,,,,,left_only
42608302,"VACA DIXON SUB, CIRCUIT BREAKERS",24,T,BRKR,,,,,left_only
42569607,"PITTSBURG PP, CIRCUIT BREAKERS",24,T,BRKR,,,,,left_only
42714908,"MARTINEZ PP, CIRCUIT BREAKERS",24,T,BRKR,,,,,left_only
42597385,"BAIR SUB, CIRCUIT BREAKERS",24,T,BRKR,,,,,left_only
40992806,"LOS BANOS SUB, CIRCUIT BREAKERS",44,T,BRKR,,,,,left_only
42645658,"SOLEDAD SUB, CIRCUIT BREAKERS",24,T,BRKR,,,,,left_only
42645652,"SOLEDAD SUB, CIRCUIT BREAKERS",24,T,BRKR,,,,,left_only
42608303,"VACA DIXON SUB, CIRCUIT BREAKERS",24,T,BRKR,,,,,left_only
42711871,"FRANKLIN SUB, CIRCUIT BREAKERS",23,T,BRKR,,,,,left_only
42687399,"7TH STANDARD SUB, CIRCUIT BREAKERS",24,T,BRKR,,,,,left_only
42609007,"MARTINEZ PP, CIRCUIT BREAKERS",24,T,BRKR,,,,,left_only
42608273,"VACA DIXON SUB, CIRCUIT BREAKERS",24,T,BRKR,,,,,left_only
42828480,"MONTA VISTA SUB, CIRCUIT BREAKERS",24,T,BRKR,,,,,left_only
40990473,"FIGARDEN SUB, CIRCUIT BREAKERS",33,T,BRKR,,,,,left_only
42575194,"NORTH TOWER SUB, CIRCUIT BREAKERS",24,T,BRKR,,,,,left_only
42569553,"NEWARK SUB, CIRCUIT BREAKERS",24,T,BRKR,,,,,left_only
42675926,"CANAL SUB, CIRCUIT BREAKERS",24,T,BRKR,,,,,left_only
42644050,"STANISLAUS PH, CIRCUIT BREAKERS",24,T,BRKR,,,,,left_only
42635496,"CHARCA SUB, CIRCUIT BREAKERS",24,T,BRKR,,,,,left_only
42575238,"MORRO BAY SW STA, CIRCUIT BREAKERS",24,T,BRKR,,,,,left_only
42627005,"AIRWAYS SUB, CIRCUIT BREAKERS",24,T,BRKR,,,,,left_only
42603256,"DESCHUTES SUB, CIRCUIT BREAKERS",23,T,BRKR,,,,,left_only
42631756,"SAN FRAN A (POTRERO PP) SUB, CIR BRKRS",24,T,BRKR,,,,,left_only
42608270,"VACA DIXON SUB, CIRCUIT BREAKERS",24,T,BRKR,,,,,left_only
42625972,"COALINGA #2 SUB, CIRCUIT BREAKERS",23,T,BRKR,,,,,left_only
42673818,"SAN FRAN H (MARTIN) SUB, CIRCUIT BRKR",24,T,BRKR,,,,,left_only
42645696,"SAN FRAN H (MARTIN) SUB, CIRCUIT BRKR",24,T,BRKR,,,,,left_only
42623792,"MENDOCINO SUB, CIRCUIT BREAKERS",24,T,BRKR,,,,,left_only
42625375,"DIXON SUB, CIRCUIT BREAKERS",24,T,BRKR,,,,,left_only
42606027,"WILSON SUB, CIRCUIT BREAKERS",24,T,BRKR,,,,,left_only
42613087,"MCCALL SUB, CIRCUIT BREAKERS",24,T,BRKR,,,,,left_only
42633497,"BORDEN SUB, CIRCUIT BREAKERS",24,T,BRKR,,,,,left_only
42687388,"7TH STANDARD SUB, CIRCUIT BREAKERS",24,T,BRKR,,,,,left_only
42625303,"MONTA VISTA SUB, CIRCUIT BREAKERS",24,T,BRKR,,,,,left_only
42608297,"VACA DIXON SUB, CIRCUIT BREAKERS",24,T,BRKR,,,,,left_only
40990277,"BRENTWOOD SUB, CIRCUIT BREAKERS",33,T,BRKR,,,,,left_only
42598522,"SAN RAMON SUB, CIRCUIT BREAKERS",24,T,BRKR,,,,,left_only
41158735,"MIDWAY SUB, CIRCUIT BREAKERS",34,T,BRKR,,,,,left_only
42608299,"VACA DIXON SUB, CIRCUIT BREAKERS",24,T,BRKR,,,,,left_only
42608296,"VACA DIXON SUB, CIRCUIT BREAKERS",24,T,BRKR,,,,,left_only
42607781,"BAY MEADOWS SUB, CIRCUIT BREAKERS",24,T,BRKR,,,,,left_only
42608264,"VACA DIXON SUB, CIRCUIT BREAKERS",24,T,BRKR,,,,,left_only
42630849,"BELLOTA SUB, CIRCUIT BREAKERS",24,T,BRKR,,,,,left_only
42611600,"HIGGINS SUB, CIRCUIT BREAKERS",24,T,BRKR,,,,,left_only
40991085,"GLENN SUB, CIRCUIT BREAKERS",33,T,BRKR,,,,,left_only
42644972,"CONTRA COSTA SUB, CIRCUIT BREAKERS",23,T,BRKR,,,,,left_only
42696088,"LOCKEFORD SUB, CIRCUIT BREAKERS",24,T,BRKR,,,,,left_only
41158180,"LOS ESTEROS SUB, CIRCUIT BREAKERS",33,T,BRKR,,,,,left_only
40990901,"VASONA SUB, CIRCUIT BREAKERS",33,T,BRKR,,,,,left_only
42624335,"IGNACIO SUB, CIRCUIT BREAKERS",24,T,BRKR,,,,,left_only
42705324,"HENRIETTA SUB, CIRCUIT BREAKERS",24,T,BRKR,,,,,left_only
41153606,"METCALF SUB, CIRCUIT BREAKERS",34,T,BRKR,,,,,left_only
42630947,"CAYUCOS SUB, CIRCUIT BREAKERS",23,T,BRKR,,,,,left_only
42625302,"MONTA VISTA SUB, CIRCUIT BREAKERS",24,T,BRKR,,,,,left_only
42608295,"VACA DIXON SUB, CIRCUIT BREAKERS",24,T,BRKR,,,,,left_only
42608305,"VACA DIXON SUB, CIRCUIT BREAKERS",24,T,BRKR,,,,,left_only
42691637,"SAN FRAN H (MARTIN) SUB, CIRCUIT BRKR",24,T,BRKR,,,,,left_only
42643582,"LAKEVILLE SUB, CIRCUIT BREAKERS",24,T,BRKR,,,,,left_only
42625008,"MONTA VISTA SUB, CIRCUIT BREAKERS",24,T,BRKR,,,,,left_only
42704438,"SAN FRAN H (MARTIN) SUB, CIRCUIT BRKR",24,T,BRKR,,,,,left_only
42625304,"MONTA VISTA SUB, CIRCUIT BREAKERS",24,T,BRKR,,,,,left_only
42608304,"VACA DIXON SUB, CIRCUIT BREAKERS",24,T,BRKR,,,,,left_only
42608306,"VACA DIXON SUB, CIRCUIT BREAKERS",24,T,BRKR,,,,,left_only
42645657,"SOLEDAD SUB, CIRCUIT BREAKERS",24,T,BRKR,,,,,left_only
42704440,"SAN FRAN H (MARTIN) SUB, CIRCUIT BRKR",24,T,BRKR,,,,,left_only
42643584,"LAKEVILLE SUB, CIRCUIT BREAKERS",24,T,BRKR,,,,,left_only
42626986,"AIRWAYS SUB, CIRCUIT BREAKERS",24,T,BRKR,,,,,left_only
42626020,"WEST FRESNO SUB, CIRCUIT BREAKERS",24,T,BRKR,,,,,left_only
41160284,"IGNACIO SUB, CIRCUIT BREAKERS",34,T,BRKR,,,,,left_only
42674873,"CHARCA SUB, CIRCUIT BREAKERS",24,T,BRKR,,,,,left_only
40990975,"MCCALL SUB, CIRCUIT BREAKERS",24,T,BRKR,,,,,left_only
42627130,"KERN PP, CIRCUIT BREAKERS",24,T,BRKR,,,,,left_only
41138825,"TESLA SUB, CIRCUIT BREAKERS",33,T,BRKR,,,,,left_only
42703539,"DINUBA SUB, CIRCUIT BREAKERS",23,T,BRKR,,,,,left_only
41186550,"RAVENSWOOD SUB, CIRCUIT BREAKERS",33,T,BRKR,,,,,left_only
42608266,"VACA DIXON SUB, CIRCUIT BREAKERS",24,T,BRKR,,,,,left_only
42678721,"IGNACIO SUB, CIRCUIT BREAKERS",24,T,BRKR,,,,,left_only
42633499,"RICHMOND R SUB, CIRCUIT BREAKERS",24,T,BRKR,,,,,left_only
44764244,"MESA SUB, CIRCUIT BREAKERS",24,T,BRKR,,,,,left_only
42687397,"7TH STANDARD SUB, CIRCUIT BREAKERS",24,T,BRKR,,,,,left_only
42608268,"VACA DIXON SUB, CIRCUIT BREAKERS",24,T,BRKR,,,,,left_only
42608267,"VACA DIXON SUB, CIRCUIT BREAKERS",24,T,BRKR,,,,,left_only
42608298,"VACA DIXON SUB, CIRCUIT BREAKERS",24,T,BRKR,,,,,left_only
42704435,"SAN FRAN H (MARTIN) SUB, CIRCUIT BRKR",24,T,BRKR,,,,,left_only
42608271,"VACA DIXON SUB, CIRCUIT BREAKERS",24,T,BRKR,,,,,left_only
42641320,"TESLA SUB, CIRCUIT BREAKERS",24,T,BRKR,,,,,left_only
42688601,"TEVIS SUB, CIRCUIT BREAKERS",24,T,BRKR,,,,,left_only
42725989,"IGNACIO SUB, CIRCUIT BREAKERS",24,T,BRKR,,,,,left_only
42641888,"KASSON SUB, CIRCUIT BREAKERS",23,T,BRKR,,,,,left_only
42643580,"LAKEVILLE SUB, CIRCUIT BREAKERS",24,T,BRKR,,,,,left_only
41327977,"ROUND MTN SUB, CIRCUIT BREAKERS",34,T,BRKR,,,,,left_only
42679020,"REDBUD SUB, CIRCUIT BREAKERS",24,T,BRKR,,,,,left_only
42608265,"VACA DIXON SUB, CIRCUIT BREAKERS",24,T,BRKR,,,,,left_only
42691640,"SAN FRAN H (MARTIN) SUB, CIRCUIT BRKR",24,T,BRKR,,,,,left_only
42641904,"MCCALL SUB, CIRCUIT BREAKERS",24,T,BRKR,,,,,left_only
42622226,"CAMDEN SUB, CIRCUIT BREAKERS",23,T,BRKR,,,,,left_only
42621533,"MONTA VISTA SUB, CIRCUIT BREAKERS",24,T,BRKR,,,,,left_only
42635501,"CHARCA SUB, CIRCUIT BREAKERS",24,T,BRKR,,,,,left_only
42569550,"NEWARK SUB, CIRCUIT BREAKERS",24,T,BRKR,,,,,left_only
42687395,"7TH STANDARD SUB, CIRCUIT BREAKERS",24,T,BRKR,,,,,left_only
42615532,"ROCK CREEK PH, CIRCUIT BREAKERS",23,T,BRKR,,,,,left_only
42625976,"COALINGA #2 SUB, CIRCUIT BREAKERS",23,T,BRKR,,,,,left_only
42611582,"HIGGINS SUB, CIRCUIT BREAKERS",24,T,BRKR,,,,,left_only
42618551,"SAN FRAN H (MARTIN) SUB, CIRCUIT BRKR",24,T,BRKR,,,,,left_only
42691694,"GRASS VALLEY SUB, CIRCUIT BREAKERS",24,T,BRKR,,,,,left_only
42618555,"DIVIDE SUB, CIRCUIT BREAKERS",24,T,BRKR,,,,,left_only
42620853,"ATWATER SUB, CIRCUIT BREAKERS",24,T,BRKR,,,,,left_only
42630385,"SEMITROPIC SUB, CIRCUIT BREAKERS",24,T,BRKR,,,,,left_only
42696127,"NORTH TOWER SUB, CIRCUIT BREAKERS",24,T,BRKR,,,,,left_only
42669210,"MARTINEZ PP, CIRCUIT BREAKERS",24,T,BRKR,,,,,left_only
42645654,"SOLEDAD SUB, CIRCUIT BREAKERS",24,T,BRKR,,,,,left_only
42623790,"MENDOCINO SUB, CIRCUIT BREAKERS",24,T,BRKR,,,,,left_only
42620832,"ATWATER SUB, CIRCUIT BREAKERS",24,T,BRKR,,,,,left_only
42678717,"IGNACIO SUB, CIRCUIT BREAKERS",24,T,BRKR,,,,,left_only
42712625,"SAN FRAN H (MARTIN) SUB, CIRCUIT BRKR",24,T,BRKR,,,,,left_only
42620842,"ATWATER SUB, CIRCUIT BREAKERS",24,T,BRKR,,,,,left_only
42620838,"ATWATER SUB, CIRCUIT BREAKERS",24,T,BRKR,,,,,left_only
42632786,"OROVILLE SUB, CIRCUIT BREAKERS",23,T,BRKR,,,,,left_only
42620845,"ATWATER SUB, CIRCUIT BREAKERS",24,T,BRKR,,,,,left_only
42726016,"HENRIETTA SUB, CIRCUIT BREAKERS",24,T,BRKR,,,,,left_only
42643583,"LAKEVILLE SUB, CIRCUIT BREAKERS",24,T,BRKR,,,,,left_only
42669116,"PANOCHE SUB, CIRCUIT BREAKERS",24,T,BRKR,,,,,left_only
42620855,"ATWATER SUB, CIRCUIT BREAKERS",24,T,BRKR,,,,,left_only
42620850,"ATWATER SUB, CIRCUIT BREAKERS",24,T,BRKR,,,,,left_only
42632071,"SALINAS SUB, CIRCUIT BREAKERS",24,T,BRKR,,,,,left_only
42624650,"MONTA VISTA SUB, CIRCUIT BREAKERS",24,T,BRKR,,,,,left_only
42620857,"ATWATER SUB, CIRCUIT BREAKERS",24,T,BRKR,,,,,left_only
42645623,"SOLEDAD SUB, CIRCUIT BREAKERS",24,T,BRKR,,,,,left_only
42645043,"KERN PP, CIRCUIT BREAKERS",24,T,BRKR,,,,,left_only
42694307,"OAKLAND J SUB, CIRCUIT BREAKERS",24,T,BRKR,,,,,left_only
42620847,"ATWATER SUB, CIRCUIT BREAKERS",24,T,BRKR,,,,,left_only
42624336,"IGNACIO SUB, CIRCUIT BREAKERS",24,T,BRKR,,,,,left_only
42610330,"COLGATE PH, CIRCUIT BREAKERS",23,T,BRKR,,,,,left_only
42561290,"VACA DIXON SUB, CIRCUIT BREAKERS",24,T,BRKR,,,,,left_only
42643585,"LAKEVILLE SUB, CIRCUIT BREAKERS",24,T,BRKR,,,,,left_only
42645697,"LAKEVILLE SUB, CIRCUIT BREAKERS",24,T,BRKR,,,,,left_only
42620834,"ATWATER SUB, CIRCUIT BREAKERS",24,T,BRKR,,,,,left_only
42715432,"SOBRANTE SUB, CIRCUIT BREAKERS",23,T,BRKR,,,,,left_only
42677542,"ALMADEN SUB, CIRCUIT BREAKERS",23,T,BRKR,,,,,left_only
40991147,"CARUTHERS SUB, CIRCUIT BREAKERS",24,T,BRKR,,,,,left_only
42691663,"POTTER VALLEY PH, CIRCUIT BREAKERS",23,T,BRKR,,,,,left_only
42695222,"STAGG SUB, CIRCUIT BREAKERS",24,T,BRKR,,,,,left_only
42675128,"PEABODY SUB, CIRCUIT BREAKERS",23,T,BRKR,,,,,left_only
42682236,"CONTRA COSTA SUB, CIRCUIT BREAKERS",24,T,BRKR,,,,,left_only
42677216,"SAN FRAN H (MARTIN) SUB, CIRCUIT BRKR",24,T,BRKR,,,,,left_only
42737518,"WEBER SUB, CIRCUIT BREAKERS",23,T,BRKR,,,,,left_only
42694332,"MOUNTAIN GATE JCT, CIRCUIT BREAKERS",23,T,BRKR,,,,,left_only
42688681,"ARCATA SUB, CIRCUIT BREAKERS",24,T,BRKR,,,,,left_only
42682655,"HOPLAND SUB, CIRCUIT BREAKERS",24,T,BRKR,,,,,left_only
42756599,"SAN MATEO SUB, CIRCUIT BREAKERS",24,T,BRKR,,,,,left_only
42683051,"HOPLAND SUB, CIRCUIT BREAKERS",23,T,BRKR,,,,,left_only
42684749,"SAN FRAN H (MARTIN) SUB, CIRCUIT BRKR",24,T,BRKR,,,,,left_only
44149189,"MCCALL SUB, CIRCUIT BREAKERS",23,T,BRKR,,,,,left_only
42689673,"SAN MATEO SUB, CIRCUIT BREAKERS",24,T,BRKR,,,,,left_only
41127121,"GUERNSEY SUB, CIRCUIT BREAKERS",23,T,BRKR,,,,,left_only
40990206,"LOGAN CREEK SUB, CIRCUIT BREAKERS",23,T,BRKR,,,,,left_only
42757655,"CONTRA COSTA SUB, CIRCUIT BREAKERS",23,T,BRKR,,,,,left_only
42682252,"WESTPARK SUB, CIRCUIT BREAKERS",24,T,BRKR,,,,,left_only
42679015,"REDBUD SUB, CIRCUIT BREAKERS",24,T,BRKR,,,,,left_only
44459631,"HERNDON SUB, CIRCUIT BREAKERS",23,T,BRKR,,,,,left_only
42707392,"BURNS SUB, CIRCUIT BREAKERS",23,T,BRKR,,,,,left_only
45113712,"LAKEVILLE SUB, CIRCUIT BREAKERS",14,T,BRKR,,,,,left_only
45344319,"LAS POSITAS SUB, CIRCUIT BREAKERS",13,T,BRKR,,,,,left_only
42691704,"OROSI SUB, CIRCUIT BREAKERS",23,T,BRKR,,,,,left_only
42691243,"POTTER VALLEY PH, CIRCUIT BREAKERS",23,T,BRKR,,,,,left_only
42684016,"SAN FRAN H (MARTIN) SUB, CIRCUIT BRKR",24,T,BRKR,,,,,left_only
42726361,"HAMMER SUB, CIRCUIT BREAKERS",24,T,BRKR,,,,,left_only
45698445,"RIO OSO SUB, CIRCUIT BREAKERS",14,T,BRKR,,,,,left_only
42663611,"DELEVAN SUB, CIRCUIT BREAKERS",23,T,BRKR,,,,,left_only
43173630,"MOSS LANDING PP, CIRCUIT BREAKERS",24,T,BRKR,,,,,left_only
42674255,"FULTON SUB, CIRCUIT BREAKERS",24,T,BRKR,,,,,left_only
42691985,"GATES SUB, CIRCUIT BREAKERS",24,T,BRKR,,,,,left_only
42691706,"OROSI SUB, CIRCUIT BREAKERS",23,T,BRKR,,,,,left_only
42696600,"TUPMAN SUB, CIRCUIT BREAKERS",24,T,BRKR,,,,,left_only
45698447,"RIO OSO SUB, CIRCUIT BREAKERS",14,T,BRKR,,,,,left_only
42663613,"DELEVAN SUB, CIRCUIT BREAKERS",23,T,BRKR,,,,,left_only
43173631,"MOSS LANDING PP, CIRCUIT BREAKERS",24,T,BRKR,,,,,left_only
42667887,"MCCALL SUB, CIRCUIT BREAKERS",24,T,BRKR,,,,,left_only
40992078,"BELLOTA SUB, CIRCUIT BREAKERS",44,T,BRKR,,,,,left_only
40990789,"NEWARK SUB, CIRCUIT BREAKERS",44,T,BRKR,,,,,left_only
42681867,"RAVENSWOOD SUB, CIRCUIT BREAKERS",24,T,BRKR,,,,,left_only
42696590,"TUPMAN SUB, CIRCUIT BREAKERS",24,T,BRKR,,,,,left_only
45561838,"JEFFERSON SUB, CIRCUIT BREAKERS",23,T,BRKR,,,,,left_only
42608301,"VACA DIXON SUB, CIRCUIT BREAKERS",24,T,BRKR,,,,,left_only
42688173,"WHEELER RIDGE SUB, CIRCUIT BREAKERS",24,T,BRKR,,,,,left_only
42663615,"DELEVAN SUB, CIRCUIT BREAKERS",23,T,BRKR,,,,,left_only
42667996,"FULTON SUB, CIRCUIT BREAKERS",24,T,BRKR,,,,,left_only
43173632,"MOSS LANDING PP, CIRCUIT BREAKERS",24,T,BRKR,,,,,left_only
42684754,"SAN FRAN H (MARTIN) SUB, CIRCUIT BRKR",24,T,BRKR,,,,,left_only
45725497,"MIDWAY SUB, CIRCUIT BREAKERS",14,T,BRKR,,,,,left_only
41163208,"CAYETANO SUB, CIRCUIT BREAKERS",33,T,BRKR,,,,,left_only
42691471,"SAN FRAN H (MARTIN) SUB, CIRCUIT BRKR",24,T,BRKR,,,,,left_only
41333336,"MORAGA SUB, CIRCUIT BREAKERS",33,T,BRKR,,,,,left_only
45344321,"LAS POSITAS SUB, CIRCUIT BREAKERS",13,T,BRKR,,,,,left_only
42691925,"SAN FRAN H (MARTIN) SUB, CIRCUIT BRKR",24,T,BRKR,,,,,left_only
42674174,"PALERMO SUB, CIRCUIT BREAKERS",24,T,BRKR,,,,,left_only
40995764,"COTTONWOOD SUB, CIRCUIT BREAKERS",43,T,BRKR,,,,,left_only
42678933,"NEW KEARNEY SUB, CIRCUIT BREAKERS",24,T,BRKR,,,,,left_only
42704656,"ATLANTIC SUB, CIRCUIT BREAKERS",24,T,BRKR,,,,,left_only
40992961,"MIDWAY SUB, CIRCUIT BREAKERS",44,T,BRKR,,,,,left_only
42677218,"SAN FRAN H (MARTIN) SUB, CIRCUIT BRKR",24,T,BRKR,,,,,left_only
42680674,"CONTRA COSTA SUB, CIRCUIT BREAKERS",24,T,BRKR,,,,,left_only
42693951,"WHEELER RIDGE SUB, CIRCUIT BREAKERS",24,T,BRKR,,,,,left_only
40992631,"KELSO SUB, CIRCUIT BREAKERS",43,T,BRKR,,,,,left_only
42704650,"ATLANTIC SUB, CIRCUIT BREAKERS",24,T,BRKR,,,,,left_only
42704658,"ATLANTIC SUB, CIRCUIT BREAKERS",24,T,BRKR,,,,,left_only
42696120,"WILLITS A SUB, CIRCUIT BREAKERS",23,T,BRKR,,,,,left_only
42753110,"BRIDGEVILLE SUB, CIRCUIT BREAKERS",24,T,BRKR,,,,,left_only
42683230,"RIO OSO SUB, CIRCUIT BREAKERS",24,T,BRKR,,,,,left_only
40990292,"CONTRA COSTA SUB, CIRCUIT BREAKERS",33,T,BRKR,,,,,left_only
42694592,"CONTRA COSTA SUB, CIRCUIT BREAKERS",24,T,BRKR,,,,,left_only
42695574,"MENDOTA SUB, CIRCUIT BREAKERS",24,T,BRKR,,,,,left_only
42691696,"GRASS VALLEY SUB, CIRCUIT BREAKERS",24,T,BRKR,,,,,left_only
41338407,"TES SAN RAMON, CIRCUIT BREAKERS",33,T,BRKR,,,,,left_only
40990716,"HERNDON SUB, CIRCUIT BREAKERS",33,T,BRKR,,,,,left_only
40990771,"PARKWAY SUB, CIRCUIT BREAKERS",33,T,BRKR,,,,,left_only
40990902,"VASONA SUB, CIRCUIT BREAKERS",33,T,BRKR,,,,,left_only
40990676,"TABLE MTN SUB, CIRCUIT BREAKERS",34,T,BRKR,,,,,left_only
42688143,"SAN MATEO SUB, CIRCUIT BREAKERS",24,T,BRKR,,,,,left_only
42691923,"SAN FRAN H (MARTIN) SUB, CIRCUIT BRKR",24,T,BRKR,,,,,left_only
42678968,"DIVIDE SUB, CIRCUIT BREAKERS",24,T,BRKR,,,,,left_only
42688664,"ARCATA SUB, CIRCUIT BREAKERS",24,T,BRKR,,,,,left_only
42684547,"OAKLAND C (OAKLAND PP) SUB, CIRCUIT BRKR",24,T,BRKR,,,,,left_only
42691624,"COUNTRY CLUB SUB, CIRCUIT BREAKERS",24,T,BRKR,,,,,left_only
42705326,"HENRIETTA SUB, CIRCUIT BREAKERS",24,T,BRKR,,,,,left_only
42686501,"SAN MATEO SUB, CIRCUIT BREAKERS",24,T,BRKR,,,,,left_only
42698861,"HERNDON SUB, CIRCUIT BREAKERS",24,T,BRKR,,,,,left_only
40990511,"SARATOGA SUB, CIRCUIT BREAKERS",33,T,BRKR,,,,,left_only
42623840,"PUEBLO SUB, CIRCUIT BREAKERS",24,T,BRKR,,,,,left_only
42704652,"ATLANTIC SUB, CIRCUIT BREAKERS",24,T,BRKR,,,,,left_only
42695857,"BORDEN SUB, CIRCUIT BREAKERS",24,T,BRKR,,,,,left_only
42706359,"HERNDON SUB, CIRCUIT BREAKERS",24,T,BRKR,,,,,left_only
42704647,"ATLANTIC SUB, CIRCUIT BREAKERS",24,T,BRKR,,,,,left_only
41201876,"METCALF SUB, CIRCUIT BREAKERS",34,T,BRKR,,,,,left_only
41209230,"LOCKEFORD SUB, CIRCUIT BREAKERS",33,T,BRKR,,,,,left_only
41138855,"TESLA SUB, CIRCUIT BREAKERS",33,T,BRKR,,,,,left_only
42684545,"OAKLAND X SUB, CIRCUIT BREAKERS",24,T,BRKR,,,,,left_only
42696602,"TUPMAN SUB, CIRCUIT BREAKERS",24,T,BRKR,,,,,left_only
42670171,"CONTRA COSTA SUB, CIRCUIT BREAKERS",23,T,BRKR,,,,,left_only
43251355,"IGNACIO SUB, CIRCUIT BREAKERS",24,T,BRKR,,,,,left_only
42710811,"SAN FRAN H (MARTIN) SUB, CIRCUIT BRKR",24,T,BRKR,,,,,left_only
42666779,"CONTRA COSTA SUB, CIRCUIT BREAKERS",23,T,BRKR,,,,,left_only
41186551,"RAVENSWOOD SUB, CIRCUIT BREAKERS",33,T,BRKR,,,,,left_only
41177214,"LAKEVILLE SUB, CIRCUIT BREAKERS",34,T,BRKR,,,,,left_only
42704654,"ATLANTIC SUB, CIRCUIT BREAKERS",24,T,BRKR,,,,,left_only
42682650,"HOPLAND SUB, CIRCUIT BREAKERS",23,T,BRKR,,,,,left_only
42680388,"KASSON SUB, CIRCUIT BREAKERS",23,T,BRKR,,,,,left_only
42681888,"SAN MATEO SUB, CIRCUIT BREAKERS",24,T,BRKR,,,,,left_only
42696118,"NORTH TOWER SUB, CIRCUIT BREAKERS",24,T,BRKR,,,,,left_only
42757566,"DRUM 1 & 2 PH, CIRCUIT BREAKERS",24,T,BRKR,,,,,left_only
41369285,"MCCALL SUB, CIRCUIT BREAKERS",23,T,BRKR,,,,,left_only
42692000,"BAIR SUB, CIRCUIT BREAKERS",24,T,BRKR,,,,,left_only
42682212,"SALADO SUB, CIRCUIT BREAKERS",24,T,BRKR,,,,,left_only
42708832,"CENTERVILLE PH, CIRCUIT BREAKERS",23,T,BRKR,,,,,left_only
42672827,"SAN FRAN A (POTRERO PP) SUB, CIR BRKRS",24,T,BRKR,,,,,left_only
42561932,"ROUND MTN SUB, CIRCUIT BREAKERS",24,T,BRKR,,,,,left_only
42615344,"CRESTA PH, CIRCUIT BREAKERS",23,T,BRKR,,,,,left_only
42730981,"SAN MIGUEL SUB, CIRCUIT BREAKERS",24,T,BRKR,,,,,left_only
42721196,"CAYUCOS SUB, CIRCUIT BREAKERS",23,T,BRKR,,,,,left_only
42703536,"DINUBA SUB, CIRCUIT BREAKERS",23,T,BRKR,,,,,left_only
43684259,"OAKLAND J SUB, CIRCUIT BREAKERS",24,T,BRKR,,,,,left_only
42696604,"TUPMAN SUB, CIRCUIT BREAKERS",24,T,BRKR,,,,,left_only
44396357,"METCALF SUB, CIRCUIT BREAKERS",34,T,BRKR,,,,,left_only
42704620,"LOCKEFORD SUB, CIRCUIT BREAKERS",24,T,BRKR,,,,,left_only
42677539,"ALMADEN SUB, CIRCUIT BREAKERS",23,T,BRKR,,,,,left_only
42626749,"EIGHT MILE SUB, CIRCUIT BREAKERS",23,T,BRKR,,,,,left_only
42691947,"MARTELL SUB, CIRCUIT BREAKERS",23,T,BRKR,,,,,left_only
42667556,"MIDWAY SUB, CIRCUIT BREAKERS",24,T,BRKR,,,,,left_only
42682251,"SAN MATEO SUB, CIRCUIT BREAKERS",24,T,BRKR,,,,,left_only
42705507,"HENRIETTA SUB, CIRCUIT BREAKERS",24,T,BRKR,,,,,left_only
42703205,"HARTLEY SUB, CIRCUIT BREAKERS",23,T,BRKR,,,,,left_only
42690406,"HAMMONDS SUB, CIRCUIT BREAKERS",24,T,BRKR,,,,,left_only
42610341,"COLGATE PH, CIRCUIT BREAKERS",23,T,BRKR,,,,,left_only
44396359,"METCALF SUB, CIRCUIT BREAKERS",34,T,BRKR,,,,,left_only
42705460,"HENRIETTA SUB, CIRCUIT BREAKERS",24,T,BRKR,,,,,left_only
41192859,"MIDWAY SUB, CIRCUIT BREAKERS",34,T,BRKR,,,,,left_only
42724311,"MIDWAY SUB, CIRCUIT BREAKERS",24,T,BRKR,,,,,left_only
42728014,"SAN FRAN H (MARTIN) SUB, CIRCUIT BRKR",24,T,BRKR,,,,,left_only
42726701,"PUTAH CREEK SUB, CIRCUIT BREAKERS",24,T,BRKR,,,,,left_only
42758226,"WHEELER RIDGE SUB, CIRCUIT BREAKERS",24,T,BRKR,,,,,left_only
42705723,"KIRKER SUB, CIRCUIT BREAKERS",24,T,BRKR,,,,,left_only
42695525,"CALIFORNIA AVE SUB, CIRCUIT BREAKERS",24,T,BRKR,,,,,left_only
42561294,"VACA DIXON SUB, CIRCUIT BREAKERS",24,T,BRKR,,,,,left_only
40991711,"LOS BANOS SUB, CIRCUIT BREAKERS",44,T,BRKR,,,,,left_only
42836265,"HUMBOLDT BAY PP, CIRCUIT BREAKERS",24,T,BRKR,,,,,left_only
42729891,"NEWARK SUB, CIRCUIT BREAKERS",24,T,BRKR,,,,,left_only
41192860,"MIDWAY SUB, CIRCUIT BREAKERS",34,T,BRKR,,,,,left_only
42714867,"DIVIDE SUB, CIRCUIT BREAKERS",24,T,BRKR,,,,,left_only
42691538,"STAGG SUB, CIRCUIT BREAKERS",24,T,BRKR,,,,,left_only
42732399,"MENDOCINO SUB, CIRCUIT BREAKERS",23,T,BRKR,,,,,left_only
42724157,"NEWARK SUB, CIRCUIT BREAKERS",24,T,BRKR,,,,,left_only
42709945,"SAN MIGUEL SUB, CIRCUIT BREAKERS",24,T,BRKR,,,,,left_only
42727119,"REEDLEY SUB, CIRCUIT BREAKERS",24,T,BRKR,,,,,left_only
43200125,"HUMBOLDT SUB, CIRCUIT BREAKERS",24,T,BRKR,,,,,left_only
43172247,"MCMULLIN SUB, CIRCUIT BREAKERS",23,T,BRKR,,,,,left_only
42741507,"PANOCHE SUB, CIRCUIT BREAKERS",24,T,BRKR,,,,,left_only
42714351,"AG WISHON PH, CIRCUIT BREAKERS",23,T,BRKR,,,,,left_only
42727907,"BRIDGEVILLE SUB, CIRCUIT BREAKERS",23,T,BRKR,,,,,left_only
42703206,"HARTLEY SUB, CIRCUIT BREAKERS",23,T,BRKR,,,,,left_only
42724079,"WHEELER RIDGE SUB, CIRCUIT BREAKERS",24,T,BRKR,,,,,left_only
42719793,"HAAS PH, CIRCUIT BREAKERS",24,T,BRKR,,,,,left_only
42729290,"SCHULTE SW STA, CIRCUIT BREAKERS",24,T,BRKR,,,,,left_only
43142152,"VALLEY SPRINGS SUB, CIRCUIT BREAKERS",24,T,BRKR,,,,,left_only
42735556,"ARCO SUB, CIRCUIT BREAKERS",24,T,BRKR,,,,,left_only
42732400,"MENDOCINO SUB, CIRCUIT BREAKERS",23,T,BRKR,,,,,left_only
42724003,"HAMMER SUB, CIRCUIT BREAKERS",24,T,BRKR,,,,,left_only
42726703,"PUTAH CREEK SUB, CIRCUIT BREAKERS",24,T,BRKR,,,,,left_only
42753109,"BRIDGEVILLE SUB, CIRCUIT BREAKERS",24,T,BRKR,,,,,left_only
42828540,"BAKERSFIELD SUB, CIRCUIT BREAKERS",23,T,BRKR,,,,,left_only
42723172,"VIEJO SUB, CIRCUIT BREAKERS",23,T,BRKR,,,,,left_only
42709938,"MESA SUB, CIRCUIT BREAKERS",24,T,BRKR,,,,,left_only
45024392,"GLENN SUB, CIRCUIT BREAKERS",13,T,BRKR,,,,,left_only
40990916,"LOS BANOS SUB, CIRCUIT BREAKERS",44,T,BRKR,,,,,left_only
41192861,"MIDWAY SUB, CIRCUIT BREAKERS",34,T,BRKR,,,,,left_only
40990915,"LOS BANOS SUB, CIRCUIT BREAKERS",44,T,BRKR,,,,,left_only
45219701,"SOBRANTE SUB, CIRCUIT BREAKERS",13,T,BRKR,,,,,left_only
42729284,"SCHULTE SW STA, CIRCUIT BREAKERS",24,T,BRKR,,,,,left_only
41176803,"LOS BANOS SUB, CIRCUIT BREAKERS",34,T,BRKR,,,,,left_only
42663617,"DELEVAN SUB, CIRCUIT BREAKERS",23,T,BRKR,,,,,left_only
42732221,"NEWARK SUB, CIRCUIT BREAKERS",24,T,BRKR,,,,,left_only
42761238,"MOSHER SUB, CIRCUIT BREAKERS",24,T,BRKR,,,,,left_only
42708854,"DALY CITY SUB, CIRCUIT BREAKERS",24,T,BRKR,,,,,left_only
42705725,"KIRKER SUB, CIRCUIT BREAKERS",24,T,BRKR,,,,,left_only
42820510,"NORTH TOWER SUB, CIRCUIT BREAKERS",24,T,BRKR,,,,,left_only
43173634,"MOSS LANDING PP, CIRCUIT BREAKERS",24,T,BRKR,,,,,left_only
42726705,"PUTAH CREEK SUB, CIRCUIT BREAKERS",24,T,BRKR,,,,,left_only
42703708,"EASTSHORE SUB, CIRCUIT BREAKERS",24,T,BRKR,,,,,left_only
42729019,"KONOCTI SUB, CIRCUIT BREAKERS",24,T,BRKR,,,,,left_only
42744311,"SAN FRAN H (MARTIN) SUB, CIRCUIT BRKR",24,T,BRKR,,,,,left_only
42706665,"MADERA SUB, CIRCUIT BREAKERS",24,T,BRKR,,,,,left_only
42727060,"HURON SUB, CIRCUIT BREAKERS",23,T,BRKR,,,,,left_only
41190714,"LOS BANOS SUB, CIRCUIT BREAKERS",34,T,BRKR,,,,,left_only
42829481,"VALLEY SPRINGS SUB, CIRCUIT BREAKERS",24,T,BRKR,,,,,left_only
42724308,"MIDWAY SUB, CIRCUIT BREAKERS",24,T,BRKR,,,,,left_only
42731544,"MIDWAY SUB, CIRCUIT BREAKERS",24,T,BRKR,,,,,left_only
42700255,"WILLITS A SUB, CIRCUIT BREAKERS",23,T,BRKR,,,,,left_only
42724265,"MANTECA SUB, CIRCUIT BREAKERS",23,T,BRKR,,,,,left_only
42720754,"SAN FRAN H (MARTIN) SUB, CIRCUIT BRKR",24,T,BRKR,,,,,left_only
42694316,"OAKLAND J SUB, CIRCUIT BREAKERS",24,T,BRKR,,,,,left_only
42761230,"MOSHER SUB, CIRCUIT BREAKERS",24,T,BRKR,,,,,left_only
42701333,"ATLANTIC SUB, CIRCUIT BREAKERS",24,T,BRKR,,,,,left_only
42707932,"GLENN SUB, CIRCUIT BREAKERS",24,T,BRKR,,,,,left_only
42706668,"MADERA SUB, CIRCUIT BREAKERS",24,T,BRKR,,,,,left_only
42706664,"MADERA SUB, CIRCUIT BREAKERS",24,T,BRKR,,,,,left_only
42706669,"MADERA SUB, CIRCUIT BREAKERS",24,T,BRKR,,,,,left_only
42706656,"MADERA SUB, CIRCUIT BREAKERS",24,T,BRKR,,,,,left_only
42706671,"MADERA SUB, CIRCUIT BREAKERS",24,T,BRKR,,,,,left_only
45725508,"MIDWAY SUB, CIRCUIT BREAKERS",14,T,BRKR,,,,,left_only
42663619,"DELEVAN SUB, CIRCUIT BREAKERS",23,T,BRKR,,,,,left_only
42757564,"ARCO SUB, CIRCUIT BREAKERS",24,T,BRKR,,,,,left_only
42705788,"LINCOLN SUB, CIRCUIT BREAKERS",24,T,BRKR,,,,,left_only
43173635,"MOSS LANDING PP, CIRCUIT BREAKERS",24,T,BRKR,,,,,left_only
42739362,"WHEELER RIDGE SUB, CIRCUIT BREAKERS",24,T,BRKR,,,,,left_only
40992080,"BELLOTA SUB, CIRCUIT BREAKERS",44,T,BRKR,,,,,left_only
42720753,"SAN FRAN H (MARTIN) SUB, CIRCUIT BRKR",24,T,BRKR,,,,,left_only
43200164,"HUMBOLDT SUB, CIRCUIT BREAKERS",24,T,BRKR,,,,,left_only
41190715,"LOS BANOS SUB, CIRCUIT BREAKERS",34,T,BRKR,,,,,left_only
41190716,"LOS BANOS SUB, CIRCUIT BREAKERS",34,T,BRKR,,,,,left_only
42829066,"VALLEY SPRINGS SUB, CIRCUIT BREAKERS",24,T,BRKR,,,,,left_only
42729016,"KONOCTI SUB, CIRCUIT BREAKERS",24,T,BRKR,,,,,left_only
42663621,"DELEVAN SUB, CIRCUIT BREAKERS",23,T,BRKR,,,,,left_only
42729292,"SCHULTE SW STA, CIRCUIT BREAKERS",24,T,BRKR,,,,,left_only
42760076,"CLEAR LAKE SUB, CIRCUIT BREAKERS",24,T,BRKR,,,,,left_only
40990941,"WHEELER RIDGE SUB, CIRCUIT BREAKERS",24,T,BRKR,,,,,left_only
42727939,"NEWARK SUB, CIRCUIT BREAKERS",24,T,BRKR,,,,,left_only
42717400,"STANISLAUS PH, CIRCUIT BREAKERS",24,T,BRKR,,,,,left_only
45077283,"TESLA SUB, CIRCUIT BREAKERS",14,T,BRKR,,,,,left_only
42728017,"SAN FRAN H (MARTIN) SUB, CIRCUIT BRKR",24,T,BRKR,,,,,left_only
45725506,"MIDWAY SUB, CIRCUIT BREAKERS",14,T,BRKR,,,,,left_only
41203140,"SAN FRAN A (POTRERO PP) SUB, CIR BRKRS",24,T,BRKR,,,,,left_only
42725988,"RED BLUFF SUB, CIRCUIT BREAKERS",23,T,BRKR,,,,,left_only
41163209,"CAYETANO SUB, CIRCUIT BREAKERS",33,T,BRKR,,,,,left_only
42829483,"VALLEY SPRINGS SUB, CIRCUIT BREAKERS",24,T,BRKR,,,,,left_only
45077334,"TESLA SUB, CIRCUIT BREAKERS",14,T,BRKR,,,,,left_only
41333391,"MORAGA SUB, CIRCUIT BREAKERS",33,T,BRKR,,,,,left_only
43142156,"VALLEY SPRINGS SUB, CIRCUIT BREAKERS",24,T,BRKR,,,,,left_only
42736667,"EASTSHORE SUB, CIRCUIT BREAKERS",24,T,BRKR,,,,,left_only
42753108,"BRIDGEVILLE SUB, CIRCUIT BREAKERS",24,T,BRKR,,,,,left_only
40995795,"DIABLO CANYON PP, CIRCUIT BREAKERS",44,T,BRKR,,,,,left_only
42829069,"VALLEY SPRINGS SUB, CIRCUIT BREAKERS",24,T,BRKR,,,,,left_only
45077337,"TESLA SUB, CIRCUIT BREAKERS",14,T,BRKR,,,,,left_only
45077338,"TESLA SUB, CIRCUIT BREAKERS",14,T,BRKR,,,,,left_only
42704478,"SAN JOSE B SUB, CIRCUIT BREAKERS",24,T,BRKR,,,,,left_only
42742271,"LIVINGSTON SUB, CIRCUIT BREAKERS",24,T,BRKR,,,,,left_only
42710810,"SAN FRAN H (MARTIN) SUB, CIRCUIT BRKR",24,T,BRKR,,,,,left_only
40997298,"SOBRANTE SUB, CIRCUIT BREAKERS",44,T,BRKR,,,,,left_only
42705789,"LINCOLN SUB, CIRCUIT BREAKERS",24,T,BRKR,,,,,left_only
42761236,"MOSHER SUB, CIRCUIT BREAKERS",24,T,BRKR,,,,,left_only
42729018,"KONOCTI SUB, CIRCUIT BREAKERS",24,T,BRKR,,,,,left_only
42829485,"VALLEY SPRINGS SUB, CIRCUIT BREAKERS",24,T,BRKR,,,,,left_only
40992963,"MIDWAY SUB, CIRCUIT BREAKERS",44,T,BRKR,,,,,left_only
40990653,"CRESTA PH, CIRCUIT BREAKERS",43,T,BRKR,,,,,left_only
42729294,"SCHULTE SW STA, CIRCUIT BREAKERS",24,T,BRKR,,,,,left_only
42730336,"AG WISHON PH, CIRCUIT BREAKERS",23,T,BRKR,,,,,left_only
42747132,"SAN BENITO SUB, CIRCUIT BREAKERS",24,T,BRKR,,,,,left_only
40990293,"CONTRA COSTA SUB, CIRCUIT BREAKERS",43,T,BRKR,,,,,left_only
40990817,"LAKEVILLE SUB, CIRCUIT BREAKERS",34,T,BRKR,,,,,left_only
42836263,"HUMBOLDT BAY PP, CIRCUIT BREAKERS",24,T,BRKR,,,,,left_only
42736588,"HELM SUB, CIRCUIT BREAKERS",24,T,BRKR,,,,,left_only
43158046,"CORTINA SUB, CIRCUIT BREAKERS",24,T,BRKR,,,,,left_only
42829487,"VALLEY SPRINGS SUB, CIRCUIT BREAKERS",24,T,BRKR,,,,,left_only
40990468,"HERNDON SUB, CIRCUIT BREAKERS",33,T,BRKR,,,,,left_only
43200168,"HUMBOLDT SUB, CIRCUIT BREAKERS",24,T,BRKR,,,,,left_only
44197893,"GUERNSEY SUB, CIRCUIT BREAKERS",24,T,BRKR,,,,,left_only
45077339,"TESLA SUB, CIRCUIT BREAKERS",14,T,BRKR,,,,,left_only
42695996,"PLEASANT GROVE SUB, CIRCUIT BREAKERS",24,T,BRKR,,,,,left_only
42829828,"SNEATH LANE SUB, CIRCUIT BREAKERS",24,T,BRKR,,,,,left_only
42738462,"RED BLUFF SUB, CIRCUIT BREAKERS",23,T,BRKR,,,,,left_only
40991401,"SAN MATEO SUB, CIRCUIT BREAKERS",34,T,BRKR,,,,,left_only
40991196,"COTTONWOOD SUB, CIRCUIT BREAKERS",33,T,BRKR,,,,,left_only
42732419,"COTTONWOOD SUB, CIRCUIT BREAKERS",24,T,BRKR,,,,,left_only
42744312,"SAN FRAN H (MARTIN) SUB, CIRCUIT BRKR",24,T,BRKR,,,,,left_only
40990510,"SARATOGA SUB, CIRCUIT BREAKERS",33,T,BRKR,,,,,left_only
42760073,"CLEAR LAKE SUB, CIRCUIT BREAKERS",24,T,BRKR,,,,,left_only
42742971,"KERN PP, CIRCUIT BREAKERS",24,T,BRKR,,,,,left_only
41121035,"TESLA SUB, CIRCUIT BREAKERS",33,T,BRKR,,,,,left_only
41153612,"METCALF SUB, CIRCUIT BREAKERS",34,T,BRKR,,,,,left_only
45123704,"MIDWAY SUB, CIRCUIT BREAKERS",24,T,BRKR,,,,,left_only
42747130,"SAN BENITO SUB, CIRCUIT BREAKERS",24,T,BRKR,,,,,left_only
42836261,"HUMBOLDT BAY PP, CIRCUIT BREAKERS",24,T,BRKR,,,,,left_only
42729017,"KONOCTI SUB, CIRCUIT BREAKERS",24,T,BRKR,,,,,left_only
41186552,"RAVENSWOOD SUB, CIRCUIT BREAKERS",33,T,BRKR,,,,,left_only
41164979,"LOS BANOS SUB, CIRCUIT BREAKERS",34,T,BRKR,,,,,left_only
42741746,"DUMBARTON SUB, CIRCUIT BREAKERS",24,T,BRKR,,,,,left_only
42836267,"HUMBOLDT BAY PP, CIRCUIT BREAKERS",24,T,BRKR,,,,,left_only
41368215,"VASONA SUB, CIRCUIT BREAKERS",33,T,BRKR,,,,,left_only
42605881,"MCCALL SUB, CIRCUIT BREAKERS",23,T,BRKR,,,,,left_only
42836259,"HUMBOLDT BAY PP, CIRCUIT BREAKERS",24,T,BRKR,,,,,left_only
42742274,"LIVINGSTON SUB, CIRCUIT BREAKERS",24,T,BRKR,,,,,left_only
42829823,"SNEATH LANE SUB, CIRCUIT BREAKERS",24,T,BRKR,,,,,left_only
42741009,"IGNACIO SUB, CIRCUIT BREAKERS",24,T,BRKR,,,,,left_only
42741050,"MORAGA SUB, CIRCUIT BREAKERS",24,T,BRKR,,,,,left_only
42757568,"DRUM 1 & 2 PH, CIRCUIT BREAKERS",24,T,BRKR,,,,,left_only
42750739,"BOLINAS SUB, CIRCUIT BREAKERS",23,T,BRKR,,,,,left_only
42760985,"PANOCHE SUB, CIRCUIT BREAKERS",24,T,BRKR,,,,,left_only
44164233,"TABLE MTN SUB, CIRCUIT BREAKERS",24,T,BRKR,,,,,left_only
42739663,"STAFFORD SUB, CIRCUIT BREAKERS",23,T,BRKR,,,,,left_only
42663623,"DELEVAN SUB, CIRCUIT BREAKERS",23,T,BRKR,,,,,left_only
45725511,"MIDWAY SUB, CIRCUIT BREAKERS",14,T,BRKR,,,,,left_only
42747014,"MORAGA SUB, CIRCUIT BREAKERS",24,T,BRKR,,,,,left_only
43140894,"HALF MOON BAY SUB, CIRCUIT BREAKERS",24,T,BRKR,,,,,left_only
42663642,"DELEVAN SUB, CIRCUIT BREAKERS",23,T,BRKR,,,,,left_only
43200029,"HUMBOLDT SUB, CIRCUIT BREAKERS",24,T,BRKR,,,,,left_only
42685621,"PIT #1 PH, CIRCUIT BREAKERS",23,T,BRKR,,,,,left_only
40993160,"OAKLAND X SUB, CIRCUIT BREAKERS",24,T,BRKR,,,,,left_only
42829347,"BELLOTA SUB, CIRCUIT BREAKERS",23,T,BRKR,,,,,left_only
42663644,"DELEVAN SUB, CIRCUIT BREAKERS",23,T,BRKR,,,,,left_only
41163210,"CAYETANO SUB, CIRCUIT BREAKERS",33,T,BRKR,,,,,left_only
42754177,"HALF MOON BAY SUB, CIRCUIT BREAKERS",24,T,BRKR,,,,,left_only
42829489,"VALLEY SPRINGS SUB, CIRCUIT BREAKERS",24,T,BRKR,,,,,left_only
42829829,"SNEATH LANE SUB, CIRCUIT BREAKERS",24,T,BRKR,,,,,left_only
42740479,"COOLEY LANDING SUB, CIRCUIT BREAKERS",24,T,BRKR,,,,,left_only
42747137,"SAN BENITO SUB, CIRCUIT BREAKERS",24,T,BRKR,,,,,left_only
40995767,"COTTONWOOD SUB, CIRCUIT BREAKERS",43,T,BRKR,,,,,left_only
42746838,"OAKLAND C (OAKLAND PP) SUB, CIRCUIT BRKR",24,T,BRKR,,,,,left_only
42741040,"STAFFORD SUB, CIRCUIT BREAKERS",23,T,BRKR,,,,,left_only
42743516,"MORAGA SUB, CIRCUIT BREAKERS",24,T,BRKR,,,,,left_only
40993072,"MONTA VISTA SUB, CIRCUIT BREAKERS",44,T,BRKR,,,,,left_only
42737110,"KERN OIL SUB, CIRCUIT BREAKERS",24,T,BRKR,,,,,left_only
42737071,"JAMESON SUB, CIRCUIT BREAKERS",24,T,BRKR,,,,,left_only
43154958,"CLAY SUB, CIRCUIT BREAKERS",24,T,BRKR,,,,,left_only
42727898,"VIEJO SUB, CIRCUIT BREAKERS",23,T,BRKR,,,,,left_only
40991696,"CARIBOU PH #2, CIRCUIT BREAKERS",43,T,BRKR,,,,,left_only
42741509,"PANOCHE SUB, CIRCUIT BREAKERS",24,T,BRKR,,,,,left_only
42741679,"EASTSHORE SUB, CIRCUIT BREAKERS",24,T,BRKR,,,,,left_only
42758230,"MCFARLAND SUB, CIRCUIT BREAKERS",24,T,BRKR,,,,,left_only
42829479,"VALLEY SPRINGS SUB, CIRCUIT BREAKERS",24,T,BRKR,,,,,left_only
42729288,"SCHULTE SW STA, CIRCUIT BREAKERS",24,T,BRKR,,,,,left_only
40990981,"METCALF SUB, CIRCUIT BREAKERS",44,T,BRKR,,,,,left_only
42745099,"OCEANO SUB, CIRCUIT BREAKERS",24,T,BRKR,,,,,left_only
42836257,"HUMBOLDT BAY PP, CIRCUIT BREAKERS",24,T,BRKR,,,,,left_only
45077340,"TESLA SUB, CIRCUIT BREAKERS",14,T,BRKR,,,,,left_only
42717492,"CONTRA COSTA SUB, CIRCUIT BREAKERS",24,T,BRKR,,,,,left_only
42830750,"OLIVE SW STA, CIRCUIT BREAKERS",24,T,BRKR,,,,,left_only
40990526,"SAN RAMON RESEARCH CTR, CIRCUIT BREAKERS",43,T,BRKR,,,,,left_only
42733492,"MIDWAY SUB, CIRCUIT BREAKERS",24,T,BRKR,,,,,left_only
42741680,"EASTSHORE SUB, CIRCUIT BREAKERS",24,T,BRKR,,,,,left_only
40992383,"MCCALL SUB, CIRCUIT BREAKERS",44,T,BRKR,,,,,left_only
40990544,"DIABLO CANYON PP, CIRCUIT BREAKERS",34,T,BRKR,,,,,left_only
43154956,"CLAY SUB, CIRCUIT BREAKERS",24,T,BRKR,,,,,left_only
42769669,"WHEELER RIDGE SUB, CIRCUIT BREAKERS",24,T,BRKR,,,,,left_only
43154957,"CLAY SUB, CIRCUIT BREAKERS",24,T,BRKR,,,,,left_only
42717502,"CONTRA COSTA SUB, CIRCUIT BREAKERS",24,T,BRKR,,,,,left_only
42829063,"VALLEY SPRINGS SUB, CIRCUIT BREAKERS",24,T,BRKR,,,,,left_only
43154955,"CLAY SUB, CIRCUIT BREAKERS",24,T,BRKR,,,,,left_only
41154497,"MIDWAY SUB, CIRCUIT BREAKERS",34,T,BRKR,,,,,left_only
42836271,"HUMBOLDT BAY PP, CIRCUIT BREAKERS",24,T,BRKR,,,,,left_only
42735899,"MIDWAY SUB, CIRCUIT BREAKERS",24,T,BRKR,,,,,left_only
42761240,"MOSHER SUB, CIRCUIT BREAKERS",24,T,BRKR,,,,,left_only
42733568,"LLAGAS SUB, CIRCUIT BREAKERS",24,T,BRKR,,,,,left_only
42756206,"COLUSA JUNCTION, CIRCUIT BREAKERS",24,T,BRKR,,,,,left_only
42615534,"ROCK CREEK PH, CIRCUIT BREAKERS",33,T,BRKR,,,,,left_only
42599523,"ROUND MTN SUB, CIRCUIT BREAKERS",34,T,BRKR,,,,,left_only
43142321,"LOS BANOS SUB, CIRCUIT BREAKERS",24,T,BRKR,,,,,left_only
43590876,"PANOCHE SUB, CIRCUIT BREAKERS",24,T,BRKR,,,,,left_only
43158082,"CORTINA SUB, CIRCUIT BREAKERS",24,T,BRKR,,,,,left_only
43142148,"VALLEY SPRINGS SUB, CIRCUIT BREAKERS",24,T,BRKR,,,,,left_only
43139160,"LAKEVILLE SUB, CIRCUIT BREAKERS",24,T,BRKR,,,,,left_only
44766294,"IGNACIO SUB, CIRCUIT BREAKERS",24,T,BRKR,,,,,left_only
44648492,"TESLA SUB, CIRCUIT BREAKERS",13,T,BRKR,,,,,left_only
42740917,"FORT ORD SUB, CIRCUIT BREAKERS",23,T,BRKR,,,,,left_only
44894542,"GATES SUB, CIRCUIT BREAKERS",14,T,BRKR,,,,,left_only
42748954,"HUMBOLDT SUB, CIRCUIT BREAKERS",24,T,BRKR,,,,,left_only
42735628,"HURON SUB, CIRCUIT BREAKERS",23,T,BRKR,,,,,left_only
43146976,"WHEELER RIDGE SUB, CIRCUIT BREAKERS",24,T,BRKR,,,,,left_only
42829825,"SNEATH LANE SUB, CIRCUIT BREAKERS",24,T,BRKR,,,,,left_only
42829827,"SNEATH LANE SUB, CIRCUIT BREAKERS",24,T,BRKR,,,,,left_only
42761250,"HALSEY PH, CIRCUIT BREAKERS",23,T,BRKR,,,,,left_only
45220098,"CONTRA COSTA SUB, CIRCUIT BREAKERS",13,T,BRKR,,,,,left_only
42742269,"LIVINGSTON SUB, CIRCUIT BREAKERS",24,T,BRKR,,,,,left_only
42764528,"GUERNSEY SUB, CIRCUIT BREAKERS",23,T,BRKR,,,,,left_only
42761146,"PALERMO SUB, CIRCUIT BREAKERS",24,T,BRKR,,,,,left_only
42740923,"FORT ORD SUB, CIRCUIT BREAKERS",23,T,BRKR,,,,,left_only
42663646,"DELEVAN SUB, CIRCUIT BREAKERS",23,T,BRKR,,,,,left_only
42739504,"MORRO BAY SW STA, CIRCUIT BREAKERS",24,T,BRKR,,,,,left_only
42739364,"WHEELER RIDGE SUB, CIRCUIT BREAKERS",24,T,BRKR,,,,,left_only
42663648,"DELEVAN SUB, CIRCUIT BREAKERS",23,T,BRKR,,,,,left_only
45635364,"MONTA VISTA SUB, CIRCUIT BREAKERS",13,T,BRKR,,,,,left_only
44894086,"VACA DIXON SUB, CIRCUIT BREAKERS",14,T,BRKR,,,,,left_only
42829246,"COLEMAN PH, CIRCUIT BREAKERS",23,T,BRKR,,,,,left_only
42759060,"PANOCHE SUB, CIRCUIT BREAKERS",24,T,BRKR,,,,,left_only
42740919,"FORT ORD SUB, CIRCUIT BREAKERS",23,T,BRKR,,,,,left_only
42830752,"OLIVE SW STA, CIRCUIT BREAKERS",24,T,BRKR,,,,,left_only
44652436,"MCCALL SUB, CIRCUIT BREAKERS",14,T,BRKR,,,,,left_only
43680396,"LOCKHEED #1 SUB, CIRCUIT BREAKERS",24,T,BRKR,,,,,left_only
44738463,"BELLOTA SUB, CIRCUIT BREAKERS",34,T,BRKR,,,,,left_only
42755604,"OROSI SUB, CIRCUIT BREAKERS",23,T,BRKR,,,,,left_only
42836269,"HUMBOLDT BAY PP, CIRCUIT BREAKERS",24,T,BRKR,,,,,left_only
41216851,"NORTH DUBLIN SUB, CIRCUIT BREAKERS",33,T,BRKR,,,,,left_only
42740915,"FORT ORD SUB, CIRCUIT BREAKERS",23,T,BRKR,,,,,left_only
40996066,"GREGG SUB, CIRCUIT BREAKERS",44,T,BRKR,,,,,left_only
42762499,"MORAGA SUB, CIRCUIT BREAKERS",24,T,BRKR,,,,,left_only
40990743,"MCCALL SUB, CIRCUIT BREAKERS",53,T,BRKR,,,,,left_only
42745102,"PEACHTON SUB, CIRCUIT BREAKERS",24,T,BRKR,,,,,left_only
42830754,"OLIVE SW STA, CIRCUIT BREAKERS",24,T,BRKR,,,,,left_only
44766297,"IGNACIO SUB, CIRCUIT BREAKERS",44,T,BRKR,,,,,left_only
42838924,"TEJON SUB, CIRCUIT BREAKERS",24,T,BRKR,,,,,left_only
42745163,"COOLEY LANDING SUB, CIRCUIT BREAKERS",24,T,BRKR,,,,,left_only
42745165,"COOLEY LANDING SUB, CIRCUIT BREAKERS",24,T,BRKR,,,,,left_only
42829830,"SNEATH LANE SUB, CIRCUIT BREAKERS",24,T,BRKR,,,,,left_only
40993457,"SAN MATEO SUB, CIRCUIT BREAKERS",44,T,BRKR,,,,,left_only
42747135,"SAN BENITO SUB, CIRCUIT BREAKERS",24,T,BRKR,,,,,left_only
42836277,"HUMBOLDT BAY PP, CIRCUIT BREAKERS",24,T,BRKR,,,,,left_only
42740481,"COOLEY LANDING SUB, CIRCUIT BREAKERS",24,T,BRKR,,,,,left_only
42745167,"COOLEY LANDING SUB, CIRCUIT BREAKERS",24,T,BRKR,,,,,left_only
40993048,"MORAGA SUB, CIRCUIT BREAKERS",44,T,BRKR,,,,,left_only
40993294,"PANOCHE SUB, CIRCUIT BREAKERS",44,T,BRKR,,,,,left_only
42756603,"MORRO BAY SW STA, CIRCUIT BREAKERS",24,T,BRKR,,,,,left_only
41121038,"TESLA SUB, CIRCUIT BREAKERS",33,T,BRKR,,,,,left_only
41144262,"ROUND MTN SUB, CIRCUIT BREAKERS",34,T,BRKR,,,,,left_only
41201374,"LOS BANOS SUB, CIRCUIT BREAKERS",34,T,BRKR,,,,,left_only
41329321,"BIRDS LANDING SW STA, CIRCUIT BREAKERS",33,T,BRKR,,,,,left_only
41154257,"LAMBIE SW STA, CIRCUIT BREAKERS",33,T,BRKR,,,,,left_only
42736188,"DUMBARTON SUB, CIRCUIT BREAKERS",24,T,BRKR,,,,,left_only
41213779,"CORTINA SUB, CIRCUIT BREAKERS",33,T,BRKR,,,,,left_only
42746394,"CORTINA SUB, CIRCUIT BREAKERS",24,T,BRKR,,,,,left_only
42669452,"BORDEN SUB, CIRCUIT BREAKERS",23,T,BRKR,,,,,left_only
42750139,"CAMP EVERS SUB, CIRCUIT BREAKERS",24,T,BRKR,,,,,left_only
44143094,"TABLE MTN SUB, CIRCUIT BREAKERS",24,T,BRKR,,,,,left_only
42740921,"FORT ORD SUB, CIRCUIT BREAKERS",23,T,BRKR,,,,,left_only
43164699,"EAGLE ROCK SUB, CIRCUIT BREAKERS",23,T,BRKR,,,,,left_only
43232197,"METCALF SUB, CIRCUIT BREAKERS",24,T,BRKR,,,,,left_only
42832645,"METCALF SUB, CIRCUIT BREAKERS",24,T,BRKR,,,,,left_only
42740913,"FORT ORD SUB, CIRCUIT BREAKERS",23,T,BRKR,,,,,left_only
42836275,"HUMBOLDT BAY PP, CIRCUIT BREAKERS",24,T,BRKR,,,,,left_only
43149835,"MERCED FALLS SUB, CIRCUIT BREAKERS",23,T,BRKR,,,,,left_only
45358510,"GATES SUB, CIRCUIT BREAKERS",14,T,BRKR,,,,,left_only
42745169,"COOLEY LANDING SUB, CIRCUIT BREAKERS",24,T,BRKR,,,,,left_only
42754174,"HALF MOON BAY SUB, CIRCUIT BREAKERS",24,T,BRKR,,,,,left_only
42740911,"FORT ORD SUB, CIRCUIT BREAKERS",23,T,BRKR,,,,,left_only
42762935,"REEDLEY SUB, CIRCUIT BREAKERS",23,T,BRKR,,,,,left_only
42717068,"CHICO A SUB, CIRCUIT BREAKERS",23,T,BRKR,,,,,left_only
45358512,"GATES SUB, CIRCUIT BREAKERS",14,T,BRKR,,,,,left_only
42749406,"BRIGHTON SUB, CIRCUIT BREAKERS",24,T,BRKR,,,,,left_only
42836273,"HUMBOLDT BAY PP, CIRCUIT BREAKERS",24,T,BRKR,,,,,left_only
41216850,"NORTH DUBLIN SUB, CIRCUIT BREAKERS",33,T,BRKR,,,,,left_only
40990744,"MCCALL SUB, CIRCUIT BREAKERS",53,T,BRKR,,,,,left_only
42745171,"COOLEY LANDING SUB, CIRCUIT BREAKERS",24,T,BRKR,,,,,left_only
44766299,"IGNACIO SUB, CIRCUIT BREAKERS",44,T,BRKR,,,,,left_only
40993459,"SAN MATEO SUB, CIRCUIT BREAKERS",44,T,BRKR,,,,,left_only
42745103,"PEACHTON SUB, CIRCUIT BREAKERS",24,T,BRKR,,,,,left_only
43131071,"NEWARK SUB, CIRCUIT BREAKERS",24,T,BRKR,,,,,left_only
42745104,"PEACHTON SUB, CIRCUIT BREAKERS",24,T,BRKR,,,,,left_only
43145730,"EL PATIO SUB, CIRCUIT BREAKERS",24,T,BRKR,,,,,left_only
40993779,"TESLA SUB, CIRCUIT BREAKERS",43,T,BRKR,,,,,left_only
40993047,"MORAGA SUB, CIRCUIT BREAKERS",44,T,BRKR,,,,,left_only
43145729,"EL PATIO SUB, CIRCUIT BREAKERS",24,T,BRKR,,,,,left_only
43598175,"WHEELER RIDGE SUB, CIRCUIT BREAKERS",24,T,BRKR,,,,,left_only
41233523,"BORDEN SUB, CIRCUIT BREAKERS",33,T,BRKR,,,,,left_only
42836279,"HUMBOLDT BAY PP, CIRCUIT BREAKERS",24,T,BRKR,,,,,left_only
43158056,"CORTINA SUB, CIRCUIT BREAKERS",24,T,BRKR,,,,,left_only
42820512,"NORTH TOWER SUB, CIRCUIT BREAKERS",24,T,BRKR,,,,,left_only
43168016,"JAYNE SW STA, CIRCUIT BREAKERS",24,T,BRKR,,,,,left_only
42829247,"COLEMAN PH, CIRCUIT BREAKERS",23,T,BRKR,,,,,left_only
42741736,"PARLIER SUB, CIRCUIT BREAKERS",24,T,BRKR,,,,,left_only
41202223,"METCALF SUB, CIRCUIT BREAKERS",34,T,BRKR,,,,,left_only
43149825,"MERCED FALLS SUB, CIRCUIT BREAKERS",23,T,BRKR,,,,,left_only
41148249,"ROUND MTN SUB, CIRCUIT BREAKERS",34,T,BRKR,,,,,left_only
42773516,"WEST FRESNO SUB, CIRCUIT BREAKERS",24,T,BRKR,,,,,left_only
43168014,"JAYNE SW STA, CIRCUIT BREAKERS",24,T,BRKR,,,,,left_only
41154259,"LAMBIE SW STA, CIRCUIT BREAKERS",33,T,BRKR,,,,,left_only
41238378,"CORTINA SUB, CIRCUIT BREAKERS",33,T,BRKR,,,,,left_only
42748533,"CHICO A SUB, CIRCUIT BREAKERS",23,T,BRKR,,,,,left_only
42839665,"NEWARK SUB, CIRCUIT BREAKERS",24,T,BRKR,,,,,left_only
44894087,"VACA DIXON SUB, CIRCUIT BREAKERS",14,T,BRKR,,,,,left_only
41329322,"BIRDS LANDING SW STA, CIRCUIT BREAKERS",33,T,BRKR,,,,,left_only
42736176,"MIDWAY SUB, CIRCUIT BREAKERS",24,T,BRKR,,,,,left_only
42605925,"TABLE MTN SUB, CIRCUIT BREAKERS",34,T,BRKR,,,,,left_only
43153983,"GARBERVILLE SUB, CIRCUIT BREAKERS",23,T,BRKR,,,,,left_only
43199922,"HUMBOLDT SUB, CIRCUIT BREAKERS",24,T,BRKR,,,,,left_only
43152379,"MENDOCINO SUB, CIRCUIT BREAKERS",24,T,BRKR,,,,,left_only
42710030,"PANOCHE SUB, CIRCUIT BREAKERS",24,T,BRKR,,,,,left_only
41201379,"LOS BANOS SUB, CIRCUIT BREAKERS",34,T,BRKR,,,,,left_only
42744313,"SAN FRAN H (MARTIN) SUB, CIRCUIT BRKR",24,T,BRKR,,,,,left_only
45358513,"GATES SUB, CIRCUIT BREAKERS",14,T,BRKR,,,,,left_only
43199967,"HUMBOLDT SUB, CIRCUIT BREAKERS",24,T,BRKR,,,,,left_only
43147770,"MANCHESTER SUB, CIRCUIT BREAKERS",24,T,BRKR,,,,,left_only
42749058,"MT EDEN SUB, CIRCUIT BREAKERS",24,T,BRKR,,,,,left_only
43158040,"CORTINA SUB, CIRCUIT BREAKERS",24,T,BRKR,,,,,left_only
42748534,"CHICO A SUB, CIRCUIT BREAKERS",23,T,BRKR,,,,,left_only
42833199,"ALTO SUB, CIRCUIT BREAKERS",23,T,BRKR,,,,,left_only
45358514,"GATES SUB, CIRCUIT BREAKERS",14,T,BRKR,,,,,left_only
45358515,"GATES SUB, CIRCUIT BREAKERS",14,T,BRKR,,,,,left_only
41216849,"NORTH DUBLIN SUB, CIRCUIT BREAKERS",33,T,BRKR,,,,,left_only
43199916,"HUMBOLDT SUB, CIRCUIT BREAKERS",24,T,BRKR,,,,,left_only
43238180,"CRAZY HORSE CANYON SW STA, CKT BREAKERS",24,T,BRKR,,,,,left_only
40996070,"GREGG SUB, CIRCUIT BREAKERS",44,T,BRKR,,,,,left_only
42833231,"NEWARK SUB, CIRCUIT BREAKERS",24,T,BRKR,,,,,left_only
43144206,"SWIFT SUB, CIRCUIT BREAKERS",24,T,BRKR,,,,,left_only
40993462,"SAN MATEO SUB, CIRCUIT BREAKERS",44,T,BRKR,,,,,left_only
40993295,"PANOCHE SUB, CIRCUIT BREAKERS",44,T,BRKR,,,,,left_only
43232437,"CALLENDER SW STA, CIRCUIT BREAKERS",24,T,BRKR,,,,,left_only
43133717,"OCEANO SUB, CIRCUIT BREAKERS",24,T,BRKR,,,,,left_only
40993780,"TESLA SUB, CIRCUIT BREAKERS",43,T,BRKR,,,,,left_only
41211237,"METCALF SUB, CIRCUIT BREAKERS",34,T,BRKR,,,,,left_only
42761252,"HALSEY PH, CIRCUIT BREAKERS",23,T,BRKR,,,,,left_only
42832316,"RICHMOND R SUB, CIRCUIT BREAKERS",24,T,BRKR,,,,,left_only
42832314,"RICHMOND R SUB, CIRCUIT BREAKERS",24,T,BRKR,,,,,left_only
43148570,"ARCO SUB, CIRCUIT BREAKERS",24,T,BRKR,,,,,left_only
42830565,"HERNDON SUB, CIRCUIT BREAKERS",24,T,BRKR,,,,,left_only
42833259,"CORCORAN SUB, CIRCUIT BREAKERS",24,T,BRKR,,,,,left_only
41154260,"LAMBIE SW STA, CIRCUIT BREAKERS",33,T,BRKR,,,,,left_only
43164415,"STOCKDALE SUB, CIRCUIT BREAKERS",24,T,BRKR,,,,,left_only
42831755,"WAUKENA SW STA, CIRCUIT BREAKERS",24,T,BRKR,,,,,left_only
42840185,"HALF MOON BAY SUB, CIRCUIT BREAKERS",24,T,BRKR,,,,,left_only
43191668,"SALADO SUB, CIRCUIT BREAKERS",24,T,BRKR,,,,,left_only
42742968,"KERN PP, CIRCUIT BREAKERS",24,T,BRKR,,,,,left_only
43147746,"MANCHESTER SUB, CIRCUIT BREAKERS",24,T,BRKR,,,,,left_only
43147766,"MANCHESTER SUB, CIRCUIT BREAKERS",24,T,BRKR,,,,,left_only
41329323,"BIRDS LANDING SW STA, CIRCUIT BREAKERS",33,T,BRKR,,,,,left_only
42831492,"MCFARLAND SUB, CIRCUIT BREAKERS",24,T,BRKR,,,,,left_only
43168023,"JAYNE SW STA, CIRCUIT BREAKERS",24,T,BRKR,,,,,left_only
42763138,"LOS ESTEROS SUB, CIRCUIT BREAKERS",24,T,BRKR,,,,,left_only
43231375,"MAPLE CREEK SUB, CIRCUIT BREAKERS",23,T,BRKR,,,,,left_only
43147773,"MANCHESTER SUB, CIRCUIT BREAKERS",24,T,BRKR,,,,,left_only
42763151,"LOS ESTEROS SUB, CIRCUIT BREAKERS",24,T,BRKR,,,,,left_only
43158090,"CORTINA SUB, CIRCUIT BREAKERS",24,T,BRKR,,,,,left_only
43168018,"JAYNE SW STA, CIRCUIT BREAKERS",24,T,BRKR,,,,,left_only
43191662,"SALADO SUB, CIRCUIT BREAKERS",24,T,BRKR,,,,,left_only
43200027,"HUMBOLDT SUB, CIRCUIT BREAKERS",24,T,BRKR,,,,,left_only
43168021,"JAYNE SW STA, CIRCUIT BREAKERS",24,T,BRKR,,,,,left_only
42836052,"HUMBOLDT SUB, CIRCUIT BREAKERS",24,T,BRKR,,,,,left_only
42831752,"WAUKENA SW STA, CIRCUIT BREAKERS",24,T,BRKR,,,,,left_only
42833263,"CORCORAN SUB, CIRCUIT BREAKERS",24,T,BRKR,,,,,left_only
42605927,"TABLE MTN SUB, CIRCUIT BREAKERS",34,T,BRKR,,,,,left_only
43604799,"SAN MATEO SUB, CIRCUIT BREAKERS",24,T,BRKR,,,,,left_only
42831612,"ARCO SUB, CIRCUIT BREAKERS",24,T,BRKR,,,,,left_only
44640325,"BORDEN SUB, CIRCUIT BREAKERS",13,T,BRKR,,,,,left_only
42763135,"LOS ESTEROS SUB, CIRCUIT BREAKERS",24,T,BRKR,,,,,left_only
43145732,"EL PATIO SUB, CIRCUIT BREAKERS",24,T,BRKR,,,,,left_only
41201443,"LOS BANOS SUB, CIRCUIT BREAKERS",34,T,BRKR,,,,,left_only
42829248,"COLEMAN PH, CIRCUIT BREAKERS",23,T,BRKR,,,,,left_only
43703383,"LOS COCHES SUB, CIRCUIT BREAKERS",23,T,BRKR,,,,,left_only
42828506,"LAKEVILLE SUB, CIRCUIT BREAKERS",24,T,BRKR,,,,,left_only
43604758,"SAN MATEO SUB, CIRCUIT BREAKERS",24,T,BRKR,,,,,left_only
42833265,"CORCORAN SUB, CIRCUIT BREAKERS",24,T,BRKR,,,,,left_only
42840567,"HALF MOON BAY SUB, CIRCUIT BREAKERS",24,T,BRKR,,,,,left_only
45358516,"GATES SUB, CIRCUIT BREAKERS",14,T,BRKR,,,,,left_only
45358518,"GATES SUB, CIRCUIT BREAKERS",14,T,BRKR,,,,,left_only
43223154,"NEW KEARNEY SUB, CIRCUIT BREAKERS",24,T,BRKR,,,,,left_only
43604794,"SAN MATEO SUB, CIRCUIT BREAKERS",24,T,BRKR,,,,,left_only
42832312,"RICHMOND R SUB, CIRCUIT BREAKERS",24,T,BRKR,,,,,left_only
43215751,"MANTECA SUB, CIRCUIT BREAKERS",23,T,BRKR,,,,,left_only
40996067,"GREGG SUB, CIRCUIT BREAKERS",44,T,BRKR,,,,,left_only
44894088,"VACA DIXON SUB, CIRCUIT BREAKERS",14,T,BRKR,,,,,left_only
44894089,"VACA DIXON SUB, CIRCUIT BREAKERS",14,T,BRKR,,,,,left_only
44894090,"VACA DIXON SUB, CIRCUIT BREAKERS",14,T,BRKR,,,,,left_only
41139106,"TESLA SUB, CIRCUIT BREAKERS",33,T,BRKR,,,,,left_only
42833257,"CORCORAN SUB, CIRCUIT BREAKERS",24,T,BRKR,,,,,left_only
40992943,"METCALF SUB, CIRCUIT BREAKERS",34,T,BRKR,,,,,left_only
42833060,"SAN LUIS OBISPO SUB, CIRCUIT BREAKERS",24,T,BRKR,,,,,left_only
41210001,"BORDEN SUB, CIRCUIT BREAKERS",33,T,BRKR,,,,,left_only
42833261,"CORCORAN SUB, CIRCUIT BREAKERS",24,T,BRKR,,,,,left_only
43604802,"SAN MATEO SUB, CIRCUIT BREAKERS",24,T,BRKR,,,,,left_only
40990514,"OLD KEARNEY SUB, CIRCUIT BREAKERS",24,T,BRKR,,,,,left_only
43148678,"EASTSHORE SUB, CIRCUIT BREAKERS",24,T,BRKR,,,,,left_only
43199914,"HUMBOLDT SUB, CIRCUIT BREAKERS",24,T,BRKR,,,,,left_only
42773513,"WEST FRESNO SUB, CIRCUIT BREAKERS",24,T,BRKR,,,,,left_only
43208890,"SAN FRAN P(HUNTERS POINT) SUB, BRKR",24,T,BRKR,,,,,left_only
43199946,"HUMBOLDT SUB, CIRCUIT BREAKERS",24,T,BRKR,,,,,left_only
42836108,"DAIRYLAND SUB, CIRCUIT BREAKERS",24,T,BRKR,,,,,left_only
43145755,"HERNDON SUB, CIRCUIT BREAKERS",24,T,BRKR,,,,,left_only
43241713,"KERN PP, CIRCUIT BREAKERS",24,T,BRKR,,,,,left_only
41329324,"BIRDS LANDING SW STA, CIRCUIT BREAKERS",33,T,BRKR,,,,,left_only
43238178,"CRAZY HORSE CANYON SW STA, CKT BREAKERS",24,T,BRKR,,,,,left_only
42763153,"LOS ESTEROS SUB, CIRCUIT BREAKERS",24,T,BRKR,,,,,left_only
42707438,"PANOCHE SUB, CIRCUIT BREAKERS",24,T,BRKR,,,,,left_only
43604790,"SAN MATEO SUB, CIRCUIT BREAKERS",24,T,BRKR,,,,,left_only
43142522,"ARCO SUB, CIRCUIT BREAKERS",24,T,BRKR,,,,,left_only
43598922,"SAN JOSE B SUB, CIRCUIT BREAKERS",24,T,BRKR,,,,,left_only
43604797,"SAN MATEO SUB, CIRCUIT BREAKERS",24,T,BRKR,,,,,left_only
43604819,"SAN MATEO SUB, CIRCUIT BREAKERS",24,T,BRKR,,,,,left_only
43199879,"HUMBOLDT SUB, CIRCUIT BREAKERS",24,T,BRKR,,,,,left_only
42830563,"HERNDON SUB, CIRCUIT BREAKERS",24,T,BRKR,,,,,left_only
42691970,"GATES SUB, CIRCUIT BREAKERS",24,T,BRKR,,,,,left_only
43227544,"BIG RIVER SUB, CIRCUIT BREAKERS",23,T,BRKR,,,,,left_only
43175623,"ANITA SUB, CIRCUIT BREAKERS",24,T,BRKR,,,,,left_only
44305709,"PALO ALTO SW STA, CIRCUIT BREAKERS",24,T,BRKR,,,,,left_only
43194039,"ORO LOMA SUB, CIRCUIT BREAKERS",24,T,BRKR,,,,,left_only
43229103,"LAMONT SUB, CIRCUIT BREAKERS",24,T,BRKR,,,,,left_only
42757022,"SAN MATEO SUB, CIRCUIT BREAKERS",24,T,BRKR,,,,,left_only
45036760,"LOS ESTEROS SUB, CIRCUIT BREAKERS",13,T,BRKR,,,,,left_only
42831763,"WAUKENA SW STA, CIRCUIT BREAKERS",24,T,BRKR,,,,,left_only
43170057,"EAST NICOLAUS SUB, CIRCUIT BREAKERS",24,T,BRKR,,,,,left_only
43142525,"ARCO SUB, CIRCUIT BREAKERS",24,T,BRKR,,,,,left_only
43147764,"MANCHESTER SUB, CIRCUIT BREAKERS",24,T,BRKR,,,,,left_only
41201449,"LOS BANOS SUB, CIRCUIT BREAKERS",34,T,BRKR,,,,,left_only
43238185,"CRAZY HORSE CANYON SW STA, CKT BREAKERS",24,T,BRKR,,,,,left_only
43604814,"SAN MATEO SUB, CIRCUIT BREAKERS",24,T,BRKR,,,,,left_only
41301640,"TABLE MTN SUB, CIRCUIT BREAKERS",34,T,BRKR,,,,,left_only
43191666,"SALADO SUB, CIRCUIT BREAKERS",24,T,BRKR,,,,,left_only
44894091,"VACA DIXON SUB, CIRCUIT BREAKERS",14,T,BRKR,,,,,left_only
44775752,"VACA DIXON SUB, CIRCUIT BREAKERS",14,T,BRKR,,,,,left_only
44775754,"VACA DIXON SUB, CIRCUIT BREAKERS",14,T,BRKR,,,,,left_only
44775755,"VACA DIXON SUB, CIRCUIT BREAKERS",14,T,BRKR,,,,,left_only
44775756,"VACA DIXON SUB, CIRCUIT BREAKERS",14,T,BRKR,,,,,left_only
44775757,"VACA DIXON SUB, CIRCUIT BREAKERS",14,T,BRKR,,,,,left_only
43223158,"NEW KEARNEY SUB, CIRCUIT BREAKERS",24,T,BRKR,,,,,left_only
43236403,"NEW KEARNEY SUB, CIRCUIT BREAKERS",24,T,BRKR,,,,,left_only
40990084,"GREGG SUB, CIRCUIT BREAKERS",33,T,BRKR,,,,,left_only
43238187,"CRAZY HORSE CANYON SW STA, CKT BREAKERS",24,T,BRKR,,,,,left_only
43191648,"SALADO SUB, CIRCUIT BREAKERS",24,T,BRKR,,,,,left_only
41158176,"LOS ESTEROS SUB, CIRCUIT BREAKERS",33,T,BRKR,,,,,left_only
43199877,"HUMBOLDT SUB, CIRCUIT BREAKERS",24,T,BRKR,,,,,left_only
43182813,"GEYSERS 3 & 4 PP SW STA, CIRCUIT BREAKER",24,T,BRKR,,,,,left_only
43196353,"CORTINA SUB, CIRCUIT BREAKERS",24,T,BRKR,,,,,left_only
43180462,"ADOBE SW STA, CIRCUIT BREAKERS",24,T,BRKR,,,,,left_only
43227278,"KENT SW STA, CIRCUIT BREAKERS",24,T,BRKR,,,,,left_only
43248514,"MERCY SPRINGS SW STA, CIRCUIT BREAKERS",24,T,BRKR,,,,,left_only
43239355,"EAST NICOLAUS SUB, CIRCUIT BREAKERS",24,T,BRKR,,,,,left_only
43196351,"CORTINA SUB, CIRCUIT BREAKERS",24,T,BRKR,,,,,left_only
43180460,"ADOBE SW STA, CIRCUIT BREAKERS",24,T,BRKR,,,,,left_only
44166527,"CROW CREEK SW STA, CIRCUIT BREAKERS",24,T,BRKR,,,,,left_only
41142549,"ROUND MTN SUB, CIRCUIT BREAKERS",34,T,BRKR,,,,,left_only
43221023,"MALAGA SUB, CIRCUIT BREAKERS",24,T,BRKR,,,,,left_only
43181153,"RIO BRAVO SUB, CIRCUIT BREAKERS",24,T,BRKR,,,,,left_only
41211238,"METCALF SUB, CIRCUIT BREAKERS",34,T,BRKR,,,,,left_only
43238184,"CRAZY HORSE CANYON SW STA, CKT BREAKERS",24,T,BRKR,,,,,left_only
42787250,"ARCO SUB, CIRCUIT BREAKERS",24,T,BRKR,,,,,left_only
43191660,"SALADO SUB, CIRCUIT BREAKERS",24,T,BRKR,,,,,left_only
43229399,"LOUISE SUB, CIRCUIT BREAKERS",23,T,BRKR,,,,,left_only
43223156,"NEW KEARNEY SUB, CIRCUIT BREAKERS",24,T,BRKR,,,,,left_only
42627550,"GLENN SUB, CIRCUIT BREAKERS",24,T,BRKR,,,,,left_only
43604795,"SAN MATEO SUB, CIRCUIT BREAKERS",24,T,BRKR,,,,,left_only
43604803,"SAN MATEO SUB, CIRCUIT BREAKERS",24,T,BRKR,,,,,left_only
43229122,"LAMONT SUB, CIRCUIT BREAKERS",24,T,BRKR,,,,,left_only
43248516,"MERCY SPRINGS SW STA, CIRCUIT BREAKERS",24,T,BRKR,,,,,left_only
43199882,"HUMBOLDT SUB, CIRCUIT BREAKERS",24,T,BRKR,,,,,left_only
43248482,"MERCY SPRINGS SW STA, CIRCUIT BREAKERS",24,T,BRKR,,,,,left_only
43199924,"HUMBOLDT SUB, CIRCUIT BREAKERS",24,T,BRKR,,,,,left_only
43200025,"HUMBOLDT SUB, CIRCUIT BREAKERS",24,T,BRKR,,,,,left_only
43210830,"EAST NICOLAUS SUB, CIRCUIT BREAKERS",24,T,BRKR,,,,,left_only
43229087,"LAMONT SUB, CIRCUIT BREAKERS",24,T,BRKR,,,,,left_only
45415108,"GATES SUB, CIRCUIT BREAKERS",24,T,BRKR,,,,,left_only
43184525,"NEW KEARNEY SUB, CIRCUIT BREAKERS",24,T,BRKR,,,,,left_only
43229062,"LAMONT SUB, CIRCUIT BREAKERS",24,T,BRKR,,,,,left_only
43170062,"EAST NICOLAUS SUB, CIRCUIT BREAKERS",24,T,BRKR,,,,,left_only
43158025,"CORTINA SUB, CIRCUIT BREAKERS",24,T,BRKR,,,,,left_only
44156754,"WEBER SUB, CIRCUIT BREAKERS",24,T,BRKR,,,,,left_only
43604805,"SAN MATEO SUB, CIRCUIT BREAKERS",24,T,BRKR,,,,,left_only
43170095,"EAST NICOLAUS SUB, CIRCUIT BREAKERS",24,T,BRKR,,,,,left_only
41158181,"LOS ESTEROS SUB, CIRCUIT BREAKERS",33,T,BRKR,,,,,left_only
44214445,"RIO DELL JCT, CIRCUIT BREAKERS",23,T,BRKR,,,,,left_only
43604801,"SAN MATEO SUB, CIRCUIT BREAKERS",24,T,BRKR,,,,,left_only
43604808,"SAN MATEO SUB, CIRCUIT BREAKERS",24,T,BRKR,,,,,left_only
43690133,"SOBRANTE SUB, CIRCUIT BREAKERS",24,T,BRKR,,,,,left_only
43238189,"CRAZY HORSE CANYON SW STA, CKT BREAKERS",24,T,BRKR,,,,,left_only
44149214,"GLENN SUB, CIRCUIT BREAKERS",24,T,BRKR,,,,,left_only
41211239,"METCALF SUB, CIRCUIT BREAKERS",34,T,BRKR,,,,,left_only
43229070,"LAMONT SUB, CIRCUIT BREAKERS",24,T,BRKR,,,,,left_only
44775758,"VACA DIXON SUB, CIRCUIT BREAKERS",14,T,BRKR,,,,,left_only
43227288,"KENT SW STA, CIRCUIT BREAKERS",24,T,BRKR,,,,,left_only
44169376,"MOSHER SUB, CIRCUIT BREAKERS",24,T,BRKR,,,,,left_only
41142550,"ROUND MTN SUB, CIRCUIT BREAKERS",34,T,BRKR,,,,,left_only
43604792,"SAN MATEO SUB, CIRCUIT BREAKERS",24,T,BRKR,,,,,left_only
43182410,"DAIRYLAND SUB, CIRCUIT BREAKERS",24,T,BRKR,,,,,left_only
43211501,"STAGG SUB, CIRCUIT BREAKERS",24,T,BRKR,,,,,left_only
45415110,"GATES SUB, CIRCUIT BREAKERS",14,T,BRKR,,,,,left_only
41360591,"MORAGA SUB, CIRCUIT BREAKERS",44,T,BRKR,,,,,left_only
43230743,"MORAGA SUB, CIRCUIT BREAKERS",24,T,BRKR,,,,,left_only
43181155,"RIO BRAVO SUB, CIRCUIT BREAKERS",24,T,BRKR,,,,,left_only
44202364,"SOBRANTE SUB, CIRCUIT BREAKERS",24,T,BRKR,,,,,left_only
43230709,"MENDOTA SUB, CIRCUIT BREAKERS",24,T,BRKR,,,,,left_only
44329994,"LE GRAND SUB, CIRCUIT BREAKERS",24,T,BRKR,,,,,left_only
43229077,"LAMONT SUB, CIRCUIT BREAKERS",24,T,BRKR,,,,,left_only
40991553,"GREGG SUB, CIRCUIT BREAKERS",34,T,BRKR,,,,,left_only
41153179,"METCALF SUB, CIRCUIT BREAKERS",34,T,BRKR,,,,,left_only
43695425,"SOBRANTE SUB, CIRCUIT BREAKERS",24,T,BRKR,,,,,left_only
41138846,"TESLA SUB, CIRCUIT BREAKERS",33,T,BRKR,,,,,left_only
42686500,"SAN MATEO SUB, CIRCUIT BREAKERS",24,T,BRKR,,,,,left_only
43230697,"MENDOTA SUB, CIRCUIT BREAKERS",24,T,BRKR,,,,,left_only
44166533,"CROW CREEK SW STA, CIRCUIT BREAKERS",24,T,BRKR,,,,,left_only
43600141,"SMYRNA SUB, CIRCUIT BREAKERS",24,T,BRKR,,,,,left_only
43170098,"EAST NICOLAUS SUB, CIRCUIT BREAKERS",24,T,BRKR,,,,,left_only
43170065,"EAST NICOLAUS SUB, CIRCUIT BREAKERS",24,T,BRKR,,,,,left_only
43604811,"SAN MATEO SUB, CIRCUIT BREAKERS",24,T,BRKR,,,,,left_only
43229129,"LAMONT SUB, CIRCUIT BREAKERS",24,T,BRKR,,,,,left_only
43238190,"CRAZY HORSE CANYON SW STA, CKT BREAKERS",24,T,BRKR,,,,,left_only
45415112,"GATES SUB, CIRCUIT BREAKERS",14,T,BRKR,,,,,left_only
43704534,"LEPRINO SW STA, CIRCUIT BREAKERS",24,T,BRKR,,,,,left_only
43229019,"LAMONT SUB, CIRCUIT BREAKERS",24,T,BRKR,,,,,left_only
40990545,"DIABLO CANYON PP, CIRCUIT BREAKERS",44,T,BRKR,,,,,left_only
43227291,"KENT SW STA, CIRCUIT BREAKERS",24,T,BRKR,,,,,left_only
44163180,"OAKLAND J SUB, CIRCUIT BREAKERS",24,T,BRKR,,,,,left_only
43229031,"LAMONT SUB, CIRCUIT BREAKERS",24,T,BRKR,,,,,left_only
41211240,"METCALF SUB, CIRCUIT BREAKERS",34,T,BRKR,,,,,left_only
43604800,"SAN MATEO SUB, CIRCUIT BREAKERS",24,T,BRKR,,,,,left_only
41183536,"LOS BANOS SUB, CIRCUIT BREAKERS",34,T,BRKR,,,,,left_only
43196349,"CORTINA SUB, CIRCUIT BREAKERS",24,T,BRKR,,,,,left_only
43191664,"SALADO SUB, CIRCUIT BREAKERS",24,T,BRKR,,,,,left_only
43238182,"CRAZY HORSE CANYON SW STA, CKT BREAKERS",24,T,BRKR,,,,,left_only
43602258,"SOBRANTE SUB, CIRCUIT BREAKERS",24,T,BRKR,,,,,left_only
44163473,"EXCELSIOR SW STA, CIRCUIT BREAKERS",24,T,BRKR,,,,,left_only
43188124,"KERN PP, CIRCUIT BREAKERS",24,T,BRKR,,,,,left_only
43170047,"EAST NICOLAUS SUB, CIRCUIT BREAKERS",24,T,BRKR,,,,,left_only
43223160,"NEW KEARNEY SUB, CIRCUIT BREAKERS",24,T,BRKR,,,,,left_only
41198671,"GATES SUB, CIRCUIT BREAKERS",34,T,BRKR,,,,,left_only
43700387,"FORT ROSS SUB, CIRCUIT BREAKERS",23,T,BRKR,,,,,left_only
43594516,"SUTTER HOME SW STA, CIRCUIT BREAKERS",24,T,BRKR,,,,,left_only
44164690,"CONTRA COSTA SUB, CIRCUIT BREAKERS",23,T,BRKR,,,,,left_only
43604804,"SAN MATEO SUB, CIRCUIT BREAKERS",24,T,BRKR,,,,,left_only
43232503,"CALLENDER SW STA, CIRCUIT BREAKERS",24,T,BRKR,,,,,left_only
40991574,"ROUND MTN SUB, CIRCUIT BREAKERS",34,T,BRKR,,,,,left_only
40991575,"ROUND MTN SUB, CIRCUIT BREAKERS",34,T,BRKR,,,,,left_only
40991576,"ROUND MTN SUB, CIRCUIT BREAKERS",34,T,BRKR,,,,,left_only
43230704,"MENDOTA SUB, CIRCUIT BREAKERS",24,T,BRKR,,,,,left_only
43604812,"SAN MATEO SUB, CIRCUIT BREAKERS",24,T,BRKR,,,,,left_only
43604817,"SAN MATEO SUB, CIRCUIT BREAKERS",24,T,BRKR,,,,,left_only
41176926,"TESLA SUB, CIRCUIT BREAKERS",33,T,BRKR,,,,,left_only
40990546,"DIABLO CANYON PP, CIRCUIT BREAKERS",44,T,BRKR,,,,,left_only
42836745,"LAKEWOOD SUB, CIRCUIT BREAKERS",24,T,BRKR,,,,,left_only
43229050,"LAMONT SUB, CIRCUIT BREAKERS",24,T,BRKR,,,,,left_only
43604791,"SAN MATEO SUB, CIRCUIT BREAKERS",24,T,BRKR,,,,,left_only
45223144,"MIDWAY SUB, CIRCUIT BREAKERS",24,T,BRKR,,,,,left_only
43238181,"CRAZY HORSE CANYON SW STA, CKT BREAKERS",24,T,BRKR,,,,,left_only
43180458,"ADOBE SW STA, CIRCUIT BREAKERS",24,T,BRKR,,,,,left_only
44208305,"RIPON SUB, CIRCUIT BREAKERS",24,T,BRKR,,,,,left_only
43702133,"SOBRANTE SUB, CIRCUIT BREAKERS",24,T,BRKR,,,,,left_only
43604806,"SAN MATEO SUB, CIRCUIT BREAKERS",24,T,BRKR,,,,,left_only
43604807,"SAN MATEO SUB, CIRCUIT BREAKERS",24,T,BRKR,,,,,left_only
43224925,"KENT SW STA, CIRCUIT BREAKERS",24,T,BRKR,,,,,left_only
43681508,"CRESSEY SUB, CIRCUIT BREAKERS",24,T,BRKR,,,,,left_only
40991577,"ROUND MTN SUB, CIRCUIT BREAKERS",34,T,BRKR,,,,,left_only
40991578,"ROUND MTN SUB, CIRCUIT BREAKERS",34,T,BRKR,,,,,left_only
40991579,"ROUND MTN SUB, CIRCUIT BREAKERS",34,T,BRKR,,,,,left_only
43191635,"SALADO SUB, CIRCUIT BREAKERS",24,T,BRKR,,,,,left_only
43170060,"EAST NICOLAUS SUB, CIRCUIT BREAKERS",24,T,BRKR,,,,,left_only
43227284,"KENT SW STA, CIRCUIT BREAKERS",24,T,BRKR,,,,,left_only
44198319,"OAKLAND D SUB, CIRCUIT BREAKERS",24,T,BRKR,,,,,left_only
43682559,"SOBRANTE SUB, CIRCUIT BREAKERS",24,T,BRKR,,,,,left_only
43173175,"ARCO SUB, CIRCUIT BREAKERS",24,T,BRKR,,,,,left_only
43233370,"SAN FRAN X (MISSION) SUB, CIRCUIT BRKR",24,T,BRKR,,,,,left_only
43704535,"LEPRINO SW STA, CIRCUIT BREAKERS",24,T,BRKR,,,,,left_only
43590592,"LAMONT SUB, CIRCUIT BREAKERS",24,T,BRKR,,,,,left_only
43220895,"MALAGA SUB, CIRCUIT BREAKERS",24,T,BRKR,,,,,left_only
43230679,"MENDOTA SUB, CIRCUIT BREAKERS",24,T,BRKR,,,,,left_only
41224031,"RIO DELL JCT, CIRCUIT BREAKERS",23,T,BRKR,,,,,left_only
43702457,"LAYTONVILLE SUB, CIRCUIT BREAKERS",24,T,BRKR,,,,,left_only
43604809,"SAN MATEO SUB, CIRCUIT BREAKERS",24,T,BRKR,,,,,left_only
40990625,"METCALF SUB, CIRCUIT BREAKERS",34,T,BRKR,,,,,left_only
43704244,"COTATI SUB, CIRCUIT BREAKERS",24,T,BRKR,,,,,left_only
44899304,"TESLA SUB, CIRCUIT BREAKERS",33,T,BRKR,,,,,left_only
40995605,"CONTRA COSTA PP SW STA, CIRCUIT BREAKERS",44,T,BRKR,,,,,left_only
43154915,"BELLOTA SUB, CIRCUIT BREAKERS",24,T,BRKR,,,,,left_only
44163469,"EXCELSIOR SW STA, CIRCUIT BREAKERS",24,T,BRKR,,,,,left_only
43191643,"SALADO SUB, CIRCUIT BREAKERS",24,T,BRKR,,,,,left_only
43233368,"SAN FRAN X (MISSION) SUB, CIRCUIT BRKR",24,T,BRKR,,,,,left_only
44166531,"CROW CREEK SW STA, CIRCUIT BREAKERS",24,T,BRKR,,,,,left_only
43230700,"MENDOTA SUB, CIRCUIT BREAKERS",24,T,BRKR,,,,,left_only
43230702,"MENDOTA SUB, CIRCUIT BREAKERS",24,T,BRKR,,,,,left_only
43598183,"WHEELER RIDGE SUB, CIRCUIT BREAKERS",24,T,BRKR,,,,,left_only
43233371,"SAN FRAN X (MISSION) SUB, CIRCUIT BRKR",24,T,BRKR,,,,,left_only
43590597,"LAMONT SUB, CIRCUIT BREAKERS",24,T,BRKR,,,,,left_only
43704537,"LEPRINO SW STA, CIRCUIT BREAKERS",24,T,BRKR,,,,,left_only
43680395,"LOCKHEED #1 SUB, CIRCUIT BREAKERS",24,T,BRKR,,,,,left_only
43683766,"ALPAUGH SUB, CIRCUIT BREAKERS",24,T,BRKR,,,,,left_only
44149242,"GLENN SUB, CIRCUIT BREAKERS",24,T,BRKR,,,,,left_only
43604822,"SAN MATEO SUB, CIRCUIT BREAKERS",24,T,BRKR,,,,,left_only
43691544,"WESTPARK SUB, CIRCUIT BREAKERS",24,T,BRKR,,,,,left_only
44149239,"GLENN SUB, CIRCUIT BREAKERS",24,T,BRKR,,,,,left_only
40991580,"ROUND MTN SUB, CIRCUIT BREAKERS",34,T,BRKR,,,,,left_only
43230713,"MENDOTA SUB, CIRCUIT BREAKERS",24,T,BRKR,,,,,left_only
43230707,"MENDOTA SUB, CIRCUIT BREAKERS",24,T,BRKR,,,,,left_only
43680397,"LOCKHEED #1 SUB, CIRCUIT BREAKERS",24,T,BRKR,,,,,left_only
43233367,"SAN FRAN X (MISSION) SUB, CIRCUIT BRKR",24,T,BRKR,,,,,left_only
44163476,"EXCELSIOR SW STA, CIRCUIT BREAKERS",24,T,BRKR,,,,,left_only
42625335,"LAKEVILLE SUB, CIRCUIT BREAKERS",23,T,BRKR,,,,,left_only
43683471,"LAKEVIEW SUB, CIRCUIT BREAKERS",24,T,BRKR,,,,,left_only
44246546,"DOLAN RD SUB, CIRCUIT BREAKERS",24,T,BRKR,,,,,left_only
43683484,"LAKEVIEW SUB, CIRCUIT BREAKERS",24,T,BRKR,,,,,left_only
43182090,"CORTINA SUB, CIRCUIT BREAKERS",24,T,BRKR,,,,,left_only
43704533,"LEPRINO SW STA, CIRCUIT BREAKERS",24,T,BRKR,,,,,left_only
44163475,"EXCELSIOR SW STA, CIRCUIT BREAKERS",24,T,BRKR,,,,,left_only
43593809,"ALTO SUB, CIRCUIT BREAKERS",24,T,BRKR,,,,,left_only
43233362,"SAN FRAN X (MISSION) SUB, CIRCUIT BRKR",24,T,BRKR,,,,,left_only
43604823,"SAN MATEO SUB, CIRCUIT BREAKERS",24,T,BRKR,,,,,left_only
43594509,"SUTTER HOME SW STA, CIRCUIT BREAKERS",24,T,BRKR,,,,,left_only
43692485,"MORAGA SUB, CIRCUIT BREAKERS",24,T,BRKR,,,,,left_only
44163474,"EXCELSIOR SW STA, CIRCUIT BREAKERS",24,T,BRKR,,,,,left_only
40991581,"ROUND MTN SUB, CIRCUIT BREAKERS",34,T,BRKR,,,,,left_only
40991583,"ROUND MTN SUB, CIRCUIT BREAKERS",34,T,BRKR,,,,,left_only
42714844,"MORRO BAY SW STA, CIRCUIT BREAKERS",24,T,BRKR,,,,,left_only
43604005,"MORAGA SUB, CIRCUIT BREAKERS",24,T,BRKR,,,,,left_only
43687465,"SOLEDAD SUB, CIRCUIT BREAKERS",23,T,BRKR,,,,,left_only
43233359,"SAN FRAN X (MISSION) SUB, CIRCUIT BRKR",24,T,BRKR,,,,,left_only
43233364,"SAN FRAN X (MISSION) SUB, CIRCUIT BRKR",24,T,BRKR,,,,,left_only
44271159,"KASSON SUB, CIRCUIT BREAKERS",24,T,BRKR,,,,,left_only
43695699,"OAKLAND K (CLAREMONT) SUB, CIRCUIT BRKR",24,T,BRKR,,,,,left_only
43693972,"GALLO SUB, CIRCUIT BREAKERS",24,T,BRKR,,,,,left_only
45123701,"MIDWAY SUB, CIRCUIT BREAKERS",24,T,BRKR,,,,,left_only
42748498,"PITTSBURG PP, CIRCUIT BREAKERS",24,T,BRKR,,,,,left_only
43233365,"SAN FRAN X (MISSION) SUB, CIRCUIT BRKR",24,T,BRKR,,,,,left_only
44163471,"EXCELSIOR SW STA, CIRCUIT BREAKERS",24,T,BRKR,,,,,left_only
40995548,"BELLOTA SUB, CIRCUIT BREAKERS",44,T,BRKR,,,,,left_only
43950972,"COTATI SUB, CIRCUIT BREAKERS",24,T,BRKR,,,,,left_only
43233358,"SAN FRAN X (MISSION) SUB, CIRCUIT BRKR",24,T,BRKR,,,,,left_only
43233356,"SAN FRAN X (MISSION) SUB, CIRCUIT BRKR",24,T,BRKR,,,,,left_only
43604813,"SAN MATEO SUB, CIRCUIT BREAKERS",24,T,BRKR,,,,,left_only
45366571,"CONTRA COSTA PP SW STA, CIRCUIT BREAKERS",14,T,BRKR,,,,,left_only
43233369,"SAN FRAN X (MISSION) SUB, CIRCUIT BRKR",24,T,BRKR,,,,,left_only
44149204,"GLENN SUB, CIRCUIT BREAKERS",24,T,BRKR,,,,,left_only
44148408,"OAKLAND C (OAKLAND PP) SUB, CIRCUIT BRKR",24,T,BRKR,,,,,left_only
43233366,"SAN FRAN X (MISSION) SUB, CIRCUIT BRKR",24,T,BRKR,,,,,left_only
43233363,"SAN FRAN X (MISSION) SUB, CIRCUIT BRKR",24,T,BRKR,,,,,left_only
43704530,"LEPRINO SW STA, CIRCUIT BREAKERS",24,T,BRKR,,,,,left_only
43233360,"SAN FRAN X (MISSION) SUB, CIRCUIT BRKR",24,T,BRKR,,,,,left_only
43233372,"SAN FRAN X (MISSION) SUB, CIRCUIT BRKR",24,T,BRKR,,,,,left_only
44149238,"STAGG SUB, CIRCUIT BREAKERS",24,T,BRKR,,,,,left_only
44204227,"EUREKA E SUB, CIRCUIT BREAKERS",24,T,BRKR,,,,,left_only
43680393,"LOCKHEED #1 SUB, CIRCUIT BREAKERS",24,T,BRKR,,,,,left_only
43233374,"SAN FRAN X (MISSION) SUB, CIRCUIT BRKR",24,T,BRKR,,,,,left_only
43233361,"SAN FRAN X (MISSION) SUB, CIRCUIT BRKR",24,T,BRKR,,,,,left_only
43591344,"SCHINDLER SUB, CIRCUIT BREAKERS",24,T,BRKR,,,,,left_only
43688686,"NORTECH SUB, CIRCUIT BREAKERS",24,T,BRKR,,,,,left_only
43681506,"CRESSEY SUB, CIRCUIT BREAKERS",24,T,BRKR,,,,,left_only
44227059,"VALLECITOS SUB, CIRCUIT BREAKERS",23,T,BRKR,,,,,left_only
43680394,"LOCKHEED #1 SUB, CIRCUIT BREAKERS",24,T,BRKR,,,,,left_only
44177863,"EAGLE ROCK SUB, CIRCUIT BREAKERS",24,T,BRKR,,,,,left_only
43690227,"MORAGA SUB, CIRCUIT BREAKERS",24,T,BRKR,,,,,left_only
44076858,"DIVIDE SUB, CIRCUIT BREAKERS",24,T,BRKR,,,,,left_only
43233373,"SAN FRAN X (MISSION) SUB, CIRCUIT BRKR",24,T,BRKR,,,,,left_only
43601806,"SAN FRAN A (POTRERO PP) SUB, CIR BRKRS",24,T,BRKR,,,,,left_only
43595679,"BLACKWELL SUB, CIRCUIT BREAKERS",23,T,BRKR,,,,,left_only
44420243,"ESSEX JCT, CIRCUIT BREAKERS",23,T,BRKR,,,,,left_only
45153364,"DOLAN RD SUB, CIRCUIT BREAKERS",24,T,BRKR,,,,,left_only
43598135,"DIVIDE SUB, CIRCUIT BREAKERS",24,T,BRKR,,,,,left_only
43704536,"LEPRINO SW STA, CIRCUIT BREAKERS",24,T,BRKR,,,,,left_only
40991584,"ROUND MTN SUB, CIRCUIT BREAKERS",34,T,BRKR,,,,,left_only
44253394,"EAGLE ROCK SUB, CIRCUIT BREAKERS",24,T,BRKR,,,,,left_only
44227047,"VALLECITOS SUB, CIRCUIT BREAKERS",23,T,BRKR,,,,,left_only
43601830,"OAKLAND C (OAKLAND PP) SUB, CIRCUIT BRKR",24,T,BRKR,,,,,left_only
43704532,"LEPRINO SW STA, CIRCUIT BREAKERS",24,T,BRKR,,,,,left_only
44204226,"EUREKA E SUB, CIRCUIT BREAKERS",24,T,BRKR,,,,,left_only
43595810,"ALTO SUB, CIRCUIT BREAKERS",24,T,BRKR,,,,,left_only
44280608,"MARIPOSA SUB, CIRCUIT BREAKERS",24,T,BRKR,,,,,left_only
44208310,"RIPON SUB, CIRCUIT BREAKERS",24,T,BRKR,,,,,left_only
44156743,"WEBER SUB, CIRCUIT BREAKERS",24,T,BRKR,,,,,left_only
44137730,"SHEPHERD SUB, CIRCUIT BREAKERS",24,T,BRKR,,,,,left_only
40991585,"ROUND MTN SUB, CIRCUIT BREAKERS",34,T,BRKR,,,,,left_only
43170100,"EAST NICOLAUS SUB, CIRCUIT BREAKERS",24,T,BRKR,,,,,left_only
44137732,"SHEPHERD SUB, CIRCUIT BREAKERS",24,T,BRKR,,,,,left_only
44208308,"RIPON SUB, CIRCUIT BREAKERS",24,T,BRKR,,,,,left_only
44178446,"FRENCH CAMP SUB, CIRCUIT BREAKERS",23,T,BRKR,,,,,left_only
44137731,"SHEPHERD SUB, CIRCUIT BREAKERS",24,T,BRKR,,,,,left_only
40996069,"GREGG SUB, CIRCUIT BREAKERS",44,T,BRKR,,,,,left_only
43704531,"LEPRINO SW STA, CIRCUIT BREAKERS",24,T,BRKR,,,,,left_only
43683496,"LAKEVIEW SUB, CIRCUIT BREAKERS",24,T,BRKR,,,,,left_only
41330042,"SEMITROPIC SUB, CIRCUIT BREAKERS",24,T,BRKR,,,,,left_only
44178426,"FRENCH CAMP SUB, CIRCUIT BREAKERS",23,T,BRKR,,,,,left_only
40991586,"ROUND MTN SUB, CIRCUIT BREAKERS",34,T,BRKR,,,,,left_only
41180196,"GATES SUB, CIRCUIT BREAKERS",34,T,BRKR,,,,,left_only
40993656,"SAN RAMON SUB, CIRCUIT BREAKERS",43,T,BRKR,,,,,left_only
43248532,"CALLENDER SW STA, CIRCUIT BREAKERS",24,T,BRKR,,,,,left_only
44163477,"EXCELSIOR SW STA, CIRCUIT BREAKERS",24,T,BRKR,,,,,left_only
44163472,"EXCELSIOR SW STA, CIRCUIT BREAKERS",24,T,BRKR,,,,,left_only
44254645,"FULTON SUB, CIRCUIT BREAKERS",24,T,BRKR,,,,,left_only
44148127,"DEL MONTE SUB, CIRCUIT BREAKERS",24,T,BRKR,,,,,left_only
44244414,"DOLAN RD SUB, CIRCUIT BREAKERS",24,T,BRKR,,,,,left_only
44156758,"WEBER SUB, CIRCUIT BREAKERS",24,T,BRKR,,,,,left_only
40990675,"TABLE MTN SUB, CIRCUIT BREAKERS",34,T,BRKR,,,,,left_only
43692480,"EL PATIO SUB, CIRCUIT BREAKERS",24,T,BRKR,,,,,left_only
41112251,"PITTSBURG PP, CIRCUIT BREAKERS",34,T,BRKR,,,,,left_only
44157956,"OAKLAND D SUB, CIRCUIT BREAKERS",24,T,BRKR,,,,,left_only
44137733,"SHEPHERD SUB, CIRCUIT BREAKERS",24,T,BRKR,,,,,left_only
44188116,"SOBRANTE SUB, CIRCUIT BREAKERS",24,T,BRKR,,,,,left_only
41197113,"COYOTE SW STA, CIRCUIT BREAKERS",33,T,BRKR,,,,,left_only
44448345,"WINDSOR SUB, CIRCUIT BREAKERS",24,T,BRKR,,,,,left_only
44156762,"WEBER SUB, CIRCUIT BREAKERS",24,T,BRKR,,,,,left_only
44325838,"ELK SUB, CIRCUIT BREAKERS",24,T,BRKR,,,,,left_only
43693975,"GALLO SUB, CIRCUIT BREAKERS",24,T,BRKR,,,,,left_only
44204228,"EUREKA E SUB, CIRCUIT BREAKERS",24,T,BRKR,,,,,left_only
44181018,"GIFFEN SUB, CIRCUIT BREAKERS",24,T,BRKR,,,,,left_only
44149845,"IGNACIO SUB, CIRCUIT BREAKERS",24,T,BRKR,,,,,left_only
44156749,"WEBER SUB, CIRCUIT BREAKERS",24,T,BRKR,,,,,left_only
41180197,"GATES SUB, CIRCUIT BREAKERS",34,T,BRKR,,,,,left_only
41180203,"GATES SUB, CIRCUIT BREAKERS",34,T,BRKR,,,,,left_only
41180205,"GATES SUB, CIRCUIT BREAKERS",34,T,BRKR,,,,,left_only
44192756,"BARTON SUB, CIRCUIT BREAKERS",24,T,BRKR,,,,,left_only
44178114,"EAST NICOLAUS SUB, CIRCUIT BREAKERS",24,T,BRKR,,,,,left_only
43595814,"ALTO SUB, CIRCUIT BREAKERS",24,T,BRKR,,,,,left_only
41204596,"FULTON SUB, CIRCUIT BREAKERS",34,T,BRKR,,,,,left_only
44181017,"GIFFEN SUB, CIRCUIT BREAKERS",24,T,BRKR,,,,,left_only
44239758,"REEDLEY SUB, CIRCUIT BREAKERS",23,T,BRKR,,,,,left_only
43594512,"SUTTER HOME SW STA, CIRCUIT BREAKERS",24,T,BRKR,,,,,left_only
44626289,"SAN LUIS OBISPO SUB, CIRCUIT BREAKERS",24,T,BRKR,,,,,left_only
44418713,"SOBRANTE SUB, CIRCUIT BREAKERS",24,T,BRKR,,,,,left_only
41363252,"VACA DIXON SUB, CIRCUIT BREAKERS",34,T,BRKR,,,,,left_only
44239759,"REEDLEY SUB, CIRCUIT BREAKERS",23,T,BRKR,,,,,left_only
44171569,"CHRISTIE SUB, CIRCUIT BREAKERS",24,T,BRKR,,,,,left_only
45618739,"CAPAY SUB, CIRCUIT BREAKERS",23,T,BRKR,,,,,left_only
44204229,"EUREKA E SUB, CIRCUIT BREAKERS",24,T,BRKR,,,,,left_only
44181016,"GIFFEN SUB, CIRCUIT BREAKERS",24,T,BRKR,,,,,left_only
41364078,"RAVENSWOOD SUB, CIRCUIT BREAKERS",23,T,BRKR,,,,,left_only
44319089,"LERDO SUB, CIRCUIT BREAKERS",24,T,BRKR,,,,,left_only
44184438,"BORDEN SUB, CIRCUIT BREAKERS",24,T,BRKR,,,,,left_only
44162007,"MENLO SUB, CIRCUIT BREAKERS",24,T,BRKR,,,,,left_only
44452202,"EAGLE ROCK SUB, CIRCUIT BREAKERS",24,T,BRKR,,,,,left_only
42610602,"BIRDS LANDING SW STA, CIRCUIT BREAKERS",23,T,BRKR,,,,,left_only
44301186,"FIVE POINTS SW STA, CIRCUIT BREAKERS",24,T,BRKR,,,,,left_only
44448338,"WINDSOR SUB, CIRCUIT BREAKERS",24,T,BRKR,,,,,left_only
44172423,"PANOCHE SUB, CIRCUIT BREAKERS",24,T,BRKR,,,,,left_only
44280600,"MARIPOSA SUB, CIRCUIT BREAKERS",24,T,BRKR,,,,,left_only
44203099,"SAN FRAN A (POTRERO PP) SUB, CIR BRKRS",24,T,BRKR,,,,,left_only
41180210,"GATES SUB, CIRCUIT BREAKERS",34,T,BRKR,,,,,left_only
42625336,"LAKEVILLE SUB, CIRCUIT BREAKERS",23,T,BRKR,,,,,left_only
44761937,"EL CERRITO G SUB, CIRCUIT BREAKERS",24,T,BRKR,,,,,left_only
42669461,"BORDEN SUB, CIRCUIT BREAKERS",23,T,BRKR,,,,,left_only
43157604,"COTTONWOOD SUB, CIRCUIT BREAKERS",23,T,BRKR,,,,,left_only
44181361,"RAVENSWOOD SUB, CIRCUIT BREAKERS",24,T,BRKR,,,,,left_only
44172411,"BELLOTA SUB, CIRCUIT BREAKERS",24,T,BRKR,,,,,left_only
44629300,"GREEN VALLEY SUB, CIRCUIT BREAKERS",24,T,BRKR,,,,,left_only
44335148,"GOLD HILL SUB, CIRCUIT BREAKERS",24,T,BRKR,,,,,left_only
44448614,"PALERMO SUB, CIRCUIT BREAKERS",23,T,BRKR,,,,,left_only
44368444,"SOBRANTE SUB, CIRCUIT BREAKERS",24,T,BRKR,,,,,left_only
44181014,"HERDLYN SUB, CIRCUIT BREAKERS",23,T,BRKR,,,,,left_only
44303946,"KASSON SUB, CIRCUIT BREAKERS",24,T,BRKR,,,,,left_only
44216774,"SPAULDING 1 & 2 PH, CIRCUIT BREAKERS",24,T,BRKR,,,,,left_only
44153628,"WEBER SUB, CIRCUIT BREAKERS",24,T,BRKR,,,,,left_only
44297492,"KASSON SUB, CIRCUIT BREAKERS",24,T,BRKR,,,,,left_only
42759062,"PANOCHE SUB, CIRCUIT BREAKERS",24,T,BRKR,,,,,left_only
44340440,"LAURELES SUB, CIRCUIT BREAKERS",23,T,BRKR,,,,,left_only
44652437,"MCCALL SUB, CIRCUIT BREAKERS",14,T,BRKR,,,,,left_only
44396514,"CORDELIA SUB, CIRCUIT BREAKERS",23,T,BRKR,,,,,left_only
44867857,"HERNDON SUB, CIRCUIT BREAKERS",13,T,BRKR,,,,,left_only
44192727,"SANTA MARIA SUB, CIRCUIT BREAKERS",24,T,BRKR,,,,,left_only
44301184,"FIVE POINTS SW STA, CIRCUIT BREAKERS",24,T,BRKR,,,,,left_only
44656581,"GATES SUB, CIRCUIT BREAKERS",14,T,BRKR,,,,,left_only
44300999,"CLOVIS SUB, CIRCUIT BREAKERS",24,T,BRKR,,,,,left_only
44239760,"REEDLEY SUB, CIRCUIT BREAKERS",23,T,BRKR,,,,,left_only
44241236,"FULTON SUB, CIRCUIT BREAKERS",24,T,BRKR,,,,,left_only
44656583,"GATES SUB, CIRCUIT BREAKERS",14,T,BRKR,,,,,left_only
44686861,"VOLTA #1 PH, CIRCUIT BREAKERS",23,T,BRKR,,,,,left_only
40995551,"BELLOTA SUB, CIRCUIT BREAKERS",44,T,BRKR,,,,,left_only
41222108,"RIO BRAVO SUB, CIRCUIT BREAKERS",24,T,BRKR,,,,,left_only
44301187,"FIVE POINTS SW STA, CIRCUIT BREAKERS",24,T,BRKR,,,,,left_only
42829349,"CONTRA COSTA PP SW STA, CIRCUIT BREAKERS",24,T,BRKR,,,,,left_only
44656574,"GATES SUB, CIRCUIT BREAKERS",14,T,BRKR,,,,,left_only
41165871,"SAN RAMON SUB, CIRCUIT BREAKERS",33,T,BRKR,,,,,left_only
40994817,"VACA DIXON SUB, CIRCUIT BREAKERS",44,T,BRKR,,,,,left_only
44234997,"SPAULDING 1 & 2 PH, CIRCUIT BREAKERS",24,T,BRKR,,,,,left_only
41112250,"PITTSBURG PP, CIRCUIT BREAKERS",34,T,BRKR,,,,,left_only
44305754,"KASSON SUB, CIRCUIT BREAKERS",24,T,BRKR,,,,,left_only
41197112,"COYOTE SW STA, CIRCUIT BREAKERS",33,T,BRKR,,,,,left_only
44436040,"LOCKEFORD SUB, CIRCUIT BREAKERS",24,T,BRKR,,,,,left_only
41233525,"BORDEN SUB, CIRCUIT BREAKERS",33,T,BRKR,,,,,left_only
44448342,"WINDSOR SUB, CIRCUIT BREAKERS",24,T,BRKR,,,,,left_only
44301185,"FIVE POINTS SW STA, CIRCUIT BREAKERS",24,T,BRKR,,,,,left_only
44181034,"TULARE LAKE SUB, CIRCUIT BREAKERS",23,T,BRKR,,,,,left_only
44301000,"CLOVIS SUB, CIRCUIT BREAKERS",24,T,BRKR,,,,,left_only
44319092,"LERDO SUB, CIRCUIT BREAKERS",24,T,BRKR,,,,,left_only
44349077,"ANTELOPE SUB, CIRCUIT BREAKERS",24,T,BRKR,,,,,left_only
44301188,"FIVE POINTS SW STA, CIRCUIT BREAKERS",24,T,BRKR,,,,,left_only
44414241,"CHRISTIE SUB, CIRCUIT BREAKERS",24,T,BRKR,,,,,left_only
44697168,"SOBRANTE SUB, CIRCUIT BREAKERS",24,T,BRKR,,,,,left_only
44761936,"EL CERRITO G SUB, CIRCUIT BREAKERS",24,T,BRKR,,,,,left_only
44319091,"LERDO SUB, CIRCUIT BREAKERS",24,T,BRKR,,,,,left_only
44429550,"KING CITY SUB, CIRCUIT BREAKERS",23,T,BRKR,,,,,left_only
41325117,"TABLE MTN SUB, CIRCUIT BREAKERS",34,T,BRKR,,,,,left_only
41364080,"RAVENSWOOD SUB, CIRCUIT BREAKERS",23,T,BRKR,,,,,left_only
44414244,"CHRISTIE SUB, CIRCUIT BREAKERS",24,T,BRKR,,,,,left_only
44446521,"CRESCENT SW STA, CIRCUIT BREAKERS",24,T,BRKR,,,,,left_only
44761935,"EL CERRITO G SUB, CIRCUIT BREAKERS",24,T,BRKR,,,,,left_only
44319090,"LERDO SUB, CIRCUIT BREAKERS",24,T,BRKR,,,,,left_only
44372221,"GOLD HILL SUB, CIRCUIT BREAKERS",24,T,BRKR,,,,,left_only
44419184,"NEWARK SUB, CIRCUIT BREAKERS",24,T,BRKR,,,,,left_only
44285005,"FULTON SUB, CIRCUIT BREAKERS",24,T,BRKR,,,,,left_only
44409764,"STELLING SUB, CIRCUIT BREAKERS",24,T,BRKR,,,,,left_only
44650471,"FAIRHAVEN SUB, CIRCUIT BREAKERS",24,T,BRKR,,,,,left_only
44425825,"GREEN VALLEY SUB, CIRCUIT BREAKERS",24,T,BRKR,,,,,left_only
44650474,"FAIRHAVEN SUB, CIRCUIT BREAKERS",24,T,BRKR,,,,,left_only
44429551,"KING CITY SUB, CIRCUIT BREAKERS",23,T,BRKR,,,,,left_only
44761933,"EL CERRITO G SUB, CIRCUIT BREAKERS",24,T,BRKR,,,,,left_only
44328538,"MENLO SUB, CIRCUIT BREAKERS",24,T,BRKR,,,,,left_only
42610604,"BIRDS LANDING SW STA, CIRCUIT BREAKERS",23,T,BRKR,,,,,left_only
44629304,"GREEN VALLEY SUB, CIRCUIT BREAKERS",24,T,BRKR,,,,,left_only
44443460,"MENLO SUB, CIRCUIT BREAKERS",24,T,BRKR,,,,,left_only
42625337,"LAKEVILLE SUB, CIRCUIT BREAKERS",23,T,BRKR,,,,,left_only
41180212,"GATES SUB, CIRCUIT BREAKERS",34,T,BRKR,,,,,left_only
44761934,"EL CERRITO G SUB, CIRCUIT BREAKERS",24,T,BRKR,,,,,left_only
44510771,"OAKLAND K (CLAREMONT) SUB, CIRCUIT BRKR",24,T,BRKR,,,,,left_only
44181011,"BOWLES SUB, CIRCUIT BREAKERS",23,T,BRKR,,,,,left_only
44615228,"MOSS LANDING PP, CIRCUIT BREAKERS",24,T,BRKR,,,,,left_only
42761955,"PANOCHE SUB, CIRCUIT BREAKERS",24,T,BRKR,,,,,left_only
44821816,"FITCH MTN SUB, CIRCUIT BREAKERS",23,T,BRKR,,,,,left_only
44414383,"CHRISTIE SUB, CIRCUIT BREAKERS",24,T,BRKR,,,,,left_only
44424780,"CARNERAS SUB, CIRCUIT BREAKERS",24,T,BRKR,,,,,left_only
44446524,"CRESCENT SW STA, CIRCUIT BREAKERS",24,T,BRKR,,,,,left_only
44446520,"CRESCENT SW STA, CIRCUIT BREAKERS",24,T,BRKR,,,,,left_only
44652438,"MCCALL SUB, CIRCUIT BREAKERS",14,T,BRKR,,,,,left_only
44417345,"CAYUCOS SUB, CIRCUIT BREAKERS",23,T,BRKR,,,,,left_only
44654526,"SOBRANTE SUB, CIRCUIT BREAKERS",24,T,BRKR,,,,,left_only
44446523,"CRESCENT SW STA, CIRCUIT BREAKERS",24,T,BRKR,,,,,left_only
44424718,"KERMAN SUB, CIRCUIT BREAKERS",23,T,BRKR,,,,,left_only
44509583,"EXCHEQUER PH, CIRCUIT BREAKERS",23,T,BRKR,,,,,left_only
44895938,"HERNDON SUB, CIRCUIT BREAKERS",13,T,BRKR,,,,,left_only
44418378,"BELLE HAVEN SUB, CIRCUIT BREAKERS",23,T,BRKR,,,,,left_only
44444652,"LOCKEFORD SUB, CIRCUIT BREAKERS",24,T,BRKR,,,,,left_only
44335821,"MANTECA SUB, CIRCUIT BREAKERS",24,T,BRKR,,,,,left_only
45651805,"RIO DELL SUB, CIRCUIT BREAKERS",24,T,BRKR,,,,,left_only
44629307,"GREEN VALLEY SUB, CIRCUIT BREAKERS",24,T,BRKR,,,,,left_only
44706015,"OAKLAND D SUB, CIRCUIT BREAKERS",24,T,BRKR,,,,,left_only
44310958,"COBURN SUB, CIRCUIT BREAKERS",23,T,BRKR,,,,,left_only
44950241,"STOCKTON A SUB, CIRCUIT BREAKERS",23,T,BRKR,,,,,left_only
44656579,"GATES SUB, CIRCUIT BREAKERS",14,T,BRKR,,,,,left_only
44761932,"EL CERRITO G SUB, CIRCUIT BREAKERS",24,T,BRKR,,,,,left_only
40995544,"BELLOTA SUB, CIRCUIT BREAKERS",43,T,BRKR,,,,,left_only
44629852,"SOBRANTE SUB, CIRCUIT BREAKERS",24,T,BRKR,,,,,left_only
41180594,"GATES SUB, CIRCUIT BREAKERS",34,T,BRKR,,,,,left_only
44650478,"FAIRHAVEN SUB, CIRCUIT BREAKERS",24,T,BRKR,,,,,left_only
41210472,"SAN RAMON SUB, CIRCUIT BREAKERS",33,T,BRKR,,,,,left_only
40996065,"GREGG SUB, CIRCUIT BREAKERS",44,T,BRKR,,,,,left_only
41138332,"VACA DIXON SUB, CIRCUIT BREAKERS",34,T,BRKR,,,,,left_only
41180595,"GATES SUB, CIRCUIT BREAKERS",34,T,BRKR,,,,,left_only
44414238,"CHRISTIE SUB, CIRCUIT BREAKERS",24,T,BRKR,,,,,left_only
41192862,"PITTSBURG PP, CIRCUIT BREAKERS",34,T,BRKR,,,,,left_only
44678601,"COALINGA #1 SUB, CIRCUIT BREAKERS",24,T,BRKR,,,,,left_only
44446525,"CRESCENT SW STA, CIRCUIT BREAKERS",24,T,BRKR,,,,,left_only
44430897,"WILSON SUB, CIRCUIT BREAKERS",24,T,BRKR,,,,,left_only
42625338,"LAKEVILLE SUB, CIRCUIT BREAKERS",23,T,BRKR,,,,,left_only
44414382,"CHRISTIE SUB, CIRCUIT BREAKERS",24,T,BRKR,,,,,left_only
44241747,"SAN FRAN A (POTRERO PP) SUB, CIR BRKRS",24,T,BRKR,,,,,left_only
44654534,"WHISMAN SUB, CIRCUIT BREAKERS",24,T,BRKR,,,,,left_only
42610605,"BIRDS LANDING SW STA, CIRCUIT BREAKERS",23,T,BRKR,,,,,left_only
44241746,"SAN FRAN A (POTRERO PP) SUB, CIR BRKRS",24,T,BRKR,,,,,left_only
44214139,"FULTON SUB, CIRCUIT BREAKERS",23,T,BRKR,,,,,left_only
44640328,"BORDEN SUB, CIRCUIT BREAKERS",13,T,BRKR,,,,,left_only
44656567,"GATES SUB, CIRCUIT BREAKERS",14,T,BRKR,,,,,left_only
44656570,"GATES SUB, CIRCUIT BREAKERS",14,T,BRKR,,,,,left_only
44414384,"CHRISTIE SUB, CIRCUIT BREAKERS",23,T,BRKR,,,,,left_only
41180596,"GATES SUB, CIRCUIT BREAKERS",34,T,BRKR,,,,,left_only
44824350,"GEYSERS 3 & 4 PP SW STA, CIRCUIT BREAKER",24,T,BRKR,,,,,left_only
44694226,"WEEDPATCH SUB, CIRCUIT BREAKERS",24,T,BRKR,,,,,left_only
44447124,"TABLE MTN SUB, CIRCUIT BREAKERS",24,T,BRKR,,,,,left_only
41180597,"GATES SUB, CIRCUIT BREAKERS",34,T,BRKR,,,,,left_only
44615216,"MOSS LANDING PP, CIRCUIT BREAKERS",24,T,BRKR,,,,,left_only
44454567,"CHRISTIE SUB, CIRCUIT BREAKERS",24,T,BRKR,,,,,left_only
44656561,"GATES SUB, CIRCUIT BREAKERS",14,T,BRKR,,,,,left_only
44629306,"GREEN VALLEY SUB, CIRCUIT BREAKERS",24,T,BRKR,,,,,left_only
44650481,"FAIRHAVEN SUB, CIRCUIT BREAKERS",24,T,BRKR,,,,,left_only
40996074,"GREGG SUB, CIRCUIT BREAKERS",44,T,BRKR,,,,,left_only
45003151,"PEASE SUB, CIRCUIT BREAKERS",24,T,BRKR,,,,,left_only
44437296,"TESLA SUB, CIRCUIT BREAKERS",24,T,BRKR,,,,,left_only
40989908,"VACA DIXON SUB, CIRCUIT BREAKERS",44,T,BRKR,,,,,left_only
44241744,"SAN FRAN A (POTRERO PP) SUB, CIR BRKRS",24,T,BRKR,,,,,left_only
40990367,"FULTON SUB, CIRCUIT BREAKERS",44,T,BRKR,,,,,left_only
41210003,"BORDEN SUB, CIRCUIT BREAKERS",33,T,BRKR,,,,,left_only
44446522,"CRESCENT SW STA, CIRCUIT BREAKERS",24,T,BRKR,,,,,left_only
41192853,"PITTSBURG PP, CIRCUIT BREAKERS",34,T,BRKR,,,,,left_only
44629301,"GREEN VALLEY SUB, CIRCUIT BREAKERS",24,T,BRKR,,,,,left_only
42667790,"LAKEVILLE SUB, CIRCUIT BREAKERS",24,T,BRKR,,,,,left_only
44241748,"SAN FRAN A (POTRERO PP) SUB, CIR BRKRS",24,T,BRKR,,,,,left_only
42610606,"BIRDS LANDING SW STA, CIRCUIT BREAKERS",23,T,BRKR,,,,,left_only
44615215,"MOSS LANDING PP, CIRCUIT BREAKERS",24,T,BRKR,,,,,left_only
44615217,"MOSS LANDING PP, CIRCUIT BREAKERS",24,T,BRKR,,,,,left_only
45036762,"LOS ESTEROS SUB, CIRCUIT BREAKERS",13,T,BRKR,,,,,left_only
44466299,"LAS GALLINAS A SUB, CIRCUIT BREAKERS",24,T,BRKR,,,,,left_only
44656563,"GATES SUB, CIRCUIT BREAKERS",14,T,BRKR,,,,,left_only
44552967,"LAS GALLINAS A SUB, CIRCUIT BREAKERS",24,T,BRKR,,,,,left_only
45562751,"ARCO SUB, CIRCUIT BREAKERS",24,T,BRKR,,,,,left_only
44626292,"SAN LUIS OBISPO SUB, CIRCUIT BREAKERS",24,T,BRKR,,,,,left_only
44656565,"GATES SUB, CIRCUIT BREAKERS",14,T,BRKR,,,,,left_only
40992358,"BELLOTA SUB, CIRCUIT BREAKERS",33,T,BRKR,,,,,left_only
44656534,"GATES SUB, CIRCUIT BREAKERS",24,T,BRKR,,,,,left_only
44706795,"ORO LOMA SUB, CIRCUIT BREAKERS",24,T,BRKR,,,,,left_only
44615213,"MOSS LANDING PP, CIRCUIT BREAKERS",24,T,BRKR,,,,,left_only
44670603,"VOLTA #1 PH, CIRCUIT BREAKERS",23,T,BRKR,,,,,left_only
44840946,"WEIMAR SUB, CIRCUIT BREAKERS",23,T,BRKR,,,,,left_only
41176659,"PITTSBURG PP, CIRCUIT BREAKERS",34,T,BRKR,,,,,left_only
44629299,"GREEN VALLEY SUB, CIRCUIT BREAKERS",24,T,BRKR,,,,,left_only
44629303,"GREEN VALLEY SUB, CIRCUIT BREAKERS",24,T,BRKR,,,,,left_only
44629302,"GREEN VALLEY SUB, CIRCUIT BREAKERS",24,T,BRKR,,,,,left_only
44685504,"CLAYTON SUB, CIRCUIT BREAKERS",24,T,BRKR,,,,,left_only
44615222,"MOSS LANDING PP, CIRCUIT BREAKERS",24,T,BRKR,,,,,left_only
44615232,"MOSS LANDING PP, CIRCUIT BREAKERS",24,T,BRKR,,,,,left_only
40991291,"CASCADE SUB, CIRCUIT BREAKERS",24,T,BRKR,,,,,left_only
44681891,"WHISMAN SUB, CIRCUIT BREAKERS",24,T,BRKR,,,,,left_only
44736808,"COOLEY LANDING SUB, CIRCUIT BREAKERS",24,T,BRKR,,,,,left_only
44615231,"MOSS LANDING PP, CIRCUIT BREAKERS",14,T,BRKR,,,,,left_only
44626291,"SAN LUIS OBISPO SUB, CIRCUIT BREAKERS",14,T,BRKR,,,,,left_only
44663996,"KERN OIL SUB, CIRCUIT BREAKERS",14,T,BRKR,,,,,left_only
45596281,"CARBONA SUB, CIRCUIT BREAKERS",13,T,BRKR,,,,,left_only
44615221,"MOSS LANDING PP, CIRCUIT BREAKERS",14,T,BRKR,,,,,left_only
44626290,"SAN LUIS OBISPO SUB, CIRCUIT BREAKERS",14,T,BRKR,,,,,left_only
44615212,"MOSS LANDING PP, CIRCUIT BREAKERS",14,T,BRKR,,,,,left_only
40990423,"VACA DIXON SUB, CIRCUIT BREAKERS",34,T,BRKR,,,,,left_only
45878993,"CHESTER SUB, CIRCUIT BREAKERS",13,T,BRKR,,,,,left_only
41180598,"GATES SUB, CIRCUIT BREAKERS",34,T,BRKR,,,,,left_only
44649966,"GRAND ISLAND SUB, CIRCUIT BREAKERS",14,T,BRKR,,,,,left_only
41158178,"LOS ESTEROS SUB, CIRCUIT BREAKERS",33,T,BRKR,,,,,left_only
44141857,"SAN BERNARD SUB, CIRCUIT BREAKERS",14,T,BRKR,,,,,left_only
41156543,"COTTONWOOD SUB, CIRCUIT BREAKERS",33,T,BRKR,,,,,left_only
44615219,"MOSS LANDING PP, CIRCUIT BREAKERS",14,T,BRKR,,,,,left_only
41212549,"FULTON SUB, CIRCUIT BREAKERS",34,T,BRKR,,,,,left_only
44690587,"MONTA VISTA SUB, CIRCUIT BREAKERS",14,T,BRKR,,,,,left_only
41325120,"TABLE MTN SUB, CIRCUIT BREAKERS",34,T,BRKR,,,,,left_only
44515036,"COALINGA #2 SUB, CIRCUIT BREAKERS",13,T,BRKR,,,,,left_only
44615225,"MOSS LANDING PP, CIRCUIT BREAKERS",14,T,BRKR,,,,,left_only
44567200,"MESA SUB, CIRCUIT BREAKERS",14,T,BRKR,,,,,left_only
44615224,"MOSS LANDING PP, CIRCUIT BREAKERS",14,T,BRKR,,,,,left_only
44690585,"MONTA VISTA SUB, CIRCUIT BREAKERS",14,T,BRKR,,,,,left_only
42641808,"GREGG SUB, CIRCUIT BREAKERS",34,T,BRKR,,,,,left_only
44656553,"GATES SUB, CIRCUIT BREAKERS",14,T,BRKR,,,,,left_only
44857241,"PIT #1 PH, CIRCUIT BREAKERS",13,T,BRKR,,,,,left_only
44700837,"SPENCE SUB, CIRCUIT BREAKERS",13,T,BRKR,,,,,left_only
44656557,"GATES SUB, CIRCUIT BREAKERS",14,T,BRKR,,,,,left_only
42627552,"GLENN SUB, CIRCUIT BREAKERS",14,T,BRKR,,,,,left_only
41205539,"BELLOTA SUB, CIRCUIT BREAKERS",33,T,BRKR,,,,,left_only
45046595,"GATES SUB, CIRCUIT BREAKERS",24,T,BRKR,,,,,left_only
42736590,"HELM SUB, CIRCUIT BREAKERS",23,T,BRKR,,,,,left_only
40992253,"COTTONWOOD SUB, CIRCUIT BREAKERS",44,T,BRKR,,,,,left_only
44615227,"MOSS LANDING PP, CIRCUIT BREAKERS",14,T,BRKR,,,,,left_only
40989907,"VACA DIXON SUB, CIRCUIT BREAKERS",44,T,BRKR,,,,,left_only
41180599,"GATES SUB, CIRCUIT BREAKERS",34,T,BRKR,,,,,left_only
44615230,"MOSS LANDING PP, CIRCUIT BREAKERS",14,T,BRKR,,,,,left_only
44629305,"GREEN VALLEY SUB, CIRCUIT BREAKERS",14,T,BRKR,,,,,left_only
45260087,"TABLE MTN SUB, CIRCUIT BREAKERS",14,T,BRKR,,,,,left_only
40990564,"MONTA VISTA SUB, CIRCUIT BREAKERS",43,T,BRKR,,,,,left_only
44694228,"WEEDPATCH SUB, CIRCUIT BREAKERS",14,T,BRKR,,,,,left_only
41158183,"LOS ESTEROS SUB, CIRCUIT BREAKERS",33,T,BRKR,,,,,left_only
44682481,"SAN JOSE B SUB, CIRCUIT BREAKERS",14,T,BRKR,,,,,left_only
41325122,"TABLE MTN SUB, CIRCUIT BREAKERS",34,T,BRKR,,,,,left_only
41367493,"CASCADE SUB, CIRCUIT BREAKERS",14,T,BRKR,,,,,left_only
44615226,"MOSS LANDING PP, CIRCUIT BREAKERS",14,T,BRKR,,,,,left_only
42634441,"PITTSBURG PP, CIRCUIT BREAKERS",24,T,BRKR,,,,,left_only
44615220,"MOSS LANDING PP, CIRCUIT BREAKERS",14,T,BRKR,,,,,left_only
43157613,"MORRO BAY SW STA, CIRCUIT BREAKERS",23,T,BRKR,,,,,left_only
42560875,"KERMAN SUB, CIRCUIT BREAKERS",13,T,BRKR,,,,,left_only
45683104,"RIO DELL SUB, CIRCUIT BREAKERS",13,T,BRKR,,,,,left_only
45724869,"BROWNS VALLEY SUB, CIRCUIT BREAKERS",14,T,BRKR,,,,,left_only
44947248,"SAN FRAN AIRPORT SUB, CIRCUIT BREAKER",14,T,BRKR,,,,,left_only
44715619,"COLUMBUS SUB, CIRCUIT BREAKERS",14,T,BRKR,,,,,left_only
44615214,"MOSS LANDING PP, CIRCUIT BREAKERS",14,T,BRKR,,,,,left_only
43188113,"SAN RAMON SUB, CIRCUIT BREAKERS",23,T,BRKR,,,,,left_only
44443491,"METCALF SUB, CIRCUIT BREAKERS",14,T,BRKR,,,,,left_only
45046597,"GATES SUB, CIRCUIT BREAKERS",14,T,BRKR,,,,,left_only
44615223,"MOSS LANDING PP, CIRCUIT BREAKERS",14,T,BRKR,,,,,left_only
41333268,"BELLOTA SUB, CIRCUIT BREAKERS",33,T,BRKR,,,,,left_only
45870546,"LOS BANOS SUB, CIRCUIT BREAKERS",14,T,BRKR,,,,,left_only
44615218,"MOSS LANDING PP, CIRCUIT BREAKERS",14,T,BRKR,,,,,left_only
44840902,"MISSOURI FLAT SW STA, CIRCUIT BREAKERS",14,T,BRKR,,,,,left_only
44515693,"OLEUM PP, CIRCUIT BREAKERS",14,T,BRKR,,,,,left_only
45218814,"FAMOSO SUB, CIRCUIT BREAKERS",14,T,BRKR,,,,,left_only
45828479,"SAN MIGUEL SUB, CIRCUIT BREAKERS",14,T,BRKR,,,,,left_only
44712851,"SOBRANTE SUB, CIRCUIT BREAKERS",14,T,BRKR,,,,,left_only
44615229,"MOSS LANDING PP, CIRCUIT BREAKERS",14,T,BRKR,,,,,left_only
42746492,"CONTRA COSTA PP SW STA, CIRCUIT BREAKERS",24,T,BRKR,,,,,left_only
40996607,"MORRO BAY SW STA, CIRCUIT BREAKERS",43,T,BRKR,,,,,left_only
45554538,"CORNING SUB, CIRCUIT BREAKERS",14,T,BRKR,,,,,left_only
40992252,"COTTONWOOD SUB, CIRCUIT BREAKERS",44,T,BRKR,,,,,left_only
40989910,"VACA DIXON SUB, CIRCUIT BREAKERS",34,T,BRKR,,,,,left_only
42701516,"GREGG SUB, CIRCUIT BREAKERS",24,T,BRKR,,,,,left_only
44627103,"OAKLAND C (OAKLAND PP) SUB, CIRCUIT BRKR",14,T,BRKR,,,,,left_only
44898289,"NARROWS SUB, CIRCUIT BREAKERS",13,T,BRKR,,,,,left_only
43188115,"SAN RAMON SUB, CIRCUIT BREAKERS",23,T,BRKR,,,,,left_only
44686889,"HENRIETTA SUB, CIRCUIT BREAKERS",14,T,BRKR,,,,,left_only
45003144,"PEASE SUB, CIRCUIT BREAKERS",14,T,BRKR,,,,,left_only
45260089,"TABLE MTN SUB, CIRCUIT BREAKERS",14,T,BRKR,,,,,left_only
44741909,"SAN LEANDRO U SUB, CIRCUIT BREAKERS",14,T,BRKR,,,,,left_only
42630980,"BELLOTA SUB, CIRCUIT BREAKERS",23,T,BRKR,,,,,left_only
44935651,"SAN LEANDRO U SUB, CIRCUIT BREAKERS",14,T,BRKR,,,,,left_only
44862831,"GRAND ISLAND SUB, CIRCUIT BREAKERS",14,T,BRKR,,,,,left_only
44765918,"COTTONWOOD SUB, CIRCUIT BREAKERS",14,T,BRKR,,,,,left_only
44828597,"INDIAN FLAT SUB, CIRCUIT BREAKERS",13,T,BRKR,,,,,left_only
44857281,"PIT #1 PH, CIRCUIT BREAKERS",13,T,BRKR,,,,,left_only
44886954,"EL DORADO PH, CIRCUIT BREAKERS",14,T,BRKR,,,,,left_only
40996606,"MORRO BAY SW STA, CIRCUIT BREAKERS",43,T,BRKR,,,,,left_only
44623102,"MI-WUK SUB, CIRCUIT BREAKERS",14,T,BRKR,,,,,left_only
40992255,"COTTONWOOD SUB, CIRCUIT BREAKERS",44,T,BRKR,,,,,left_only
44697409,"SAN LEANDRO U SUB, CIRCUIT BREAKERS",14,T,BRKR,,,,,left_only
40989912,"VACA DIXON SUB, CIRCUIT BREAKERS",34,T,BRKR,,,,,left_only
44857243,"PIT #1 PH, CIRCUIT BREAKERS",13,T,BRKR,,,,,left_only
42709957,"FULTON SUB, CIRCUIT BREAKERS",24,T,BRKR,,,,,left_only
45828483,"SAN MIGUEL SUB, CIRCUIT BREAKERS",14,T,BRKR,,,,,left_only
43188116,"SAN RAMON SUB, CIRCUIT BREAKERS",23,T,BRKR,,,,,left_only
44839919,"COBURN SUB, CIRCUIT BREAKERS",13,T,BRKR,,,,,left_only
45579099,"RED BLUFF SUB, CIRCUIT BREAKERS",13,T,BRKR,,,,,left_only
45142836,"EVERGREEN SUB, CIRCUIT BREAKERS",14,T,BRKR,,,,,left_only
45828485,"SAN MIGUEL SUB, CIRCUIT BREAKERS",14,T,BRKR,,,,,left_only
41166540,"MONTA VISTA SUB, CIRCUIT BREAKERS",34,T,BRKR,,,,,left_only
44726035,"COOLEY LANDING SUB, CIRCUIT BREAKERS",14,T,BRKR,,,,,left_only
41108359,"PITTSBURG PP, CIRCUIT BREAKERS",34,T,BRKR,,,,,left_only
45828481,"SAN MIGUEL SUB, CIRCUIT BREAKERS",14,T,BRKR,,,,,left_only
44803641,"GREEN VALLEY SUB, CIRCUIT BREAKERS",14,T,BRKR,,,,,left_only
42714349,"VACA DIXON SUB, CIRCUIT BREAKERS",24,T,BRKR,,,,,left_only
44465139,"CHRISTIE SUB, CIRCUIT BREAKERS",14,T,BRKR,,,,,left_only
44803639,"GREEN VALLEY SUB, CIRCUIT BREAKERS",14,T,BRKR,,,,,left_only
45728161,"LOS BANOS SUB, CIRCUIT BREAKERS",14,T,BRKR,,,,,left_only
45707922,"MENDOCINO SUB, CIRCUIT BREAKERS",14,T,BRKR,,,,,left_only
45260091,"TABLE MTN SUB, CIRCUIT BREAKERS",14,T,BRKR,,,,,left_only
44866422,"OAKLAND X SUB, CIRCUIT BREAKERS",14,T,BRKR,,,,,left_only
41190218,"SCHINDLER SUB, CIRCUIT BREAKERS",14,T,BRKR,,,,,left_only
44608742,"MI-WUK SUB, CIRCUIT BREAKERS",14,T,BRKR,,,,,left_only
45071789,"EL CERRITO G SUB, CIRCUIT BREAKERS",14,T,BRKR,,,,,left_only
41334205,"MONTA VISTA SUB, CIRCUIT BREAKERS",33,T,BRKR,,,,,left_only
44608623,"OLEUM PP, CIRCUIT BREAKERS",14,T,BRKR,,,,,left_only
44707287,"ORO LOMA SUB, CIRCUIT BREAKERS",14,T,BRKR,,,,,left_only
44700835,"SPENCE SUB, CIRCUIT BREAKERS",13,T,BRKR,,,,,left_only
40995599,"CONTRA COSTA PP SW STA, CIRCUIT BREAKERS",44,T,BRKR,,,,,left_only
40996605,"MORRO BAY SW STA, CIRCUIT BREAKERS",43,T,BRKR,,,,,left_only
42582562,"PITTSBURG PP, CIRCUIT BREAKERS",34,T,BRKR,,,,,left_only
42835291,"CONTRA COSTA PP SW STA, CIRCUIT BREAKERS",24,T,BRKR,,,,,left_only
45754358,"GREGG SUB, CIRCUIT BREAKERS",14,T,BRKR,,,,,left_only
40996604,"MORRO BAY SW STA, CIRCUIT BREAKERS",43,T,BRKR,,,,,left_only
41114452,"MIDWAY SUB, CIRCUIT BREAKERS",34,T,BRKR,,,,,left_only
44803640,"GREEN VALLEY SUB, CIRCUIT BREAKERS",14,T,BRKR,,,,,left_only
44762298,"KASSON SUB, CIRCUIT BREAKERS",14,T,BRKR,,,,,left_only
41146698,"PITTSBURG PP, CIRCUIT BREAKERS",34,T,BRKR,,,,,left_only
44942429,"EVERGREEN SUB, CIRCUIT BREAKERS",13,T,BRKR,,,,,left_only
44688337,"PITTSBURG PP, CIRCUIT BREAKERS",14,T,BRKR,,,,,left_only
41301653,"COTTONWOOD SUB, CIRCUIT BREAKERS",33,T,BRKR,,,,,left_only
44941884,"MENDOTA SUB, CIRCUIT BREAKERS",14,T,BRKR,,,,,left_only
44694225,"WEEDPATCH SUB, CIRCUIT BREAKERS",14,T,BRKR,,,,,left_only
44206634,"FULTON SUB, CIRCUIT BREAKERS",23,T,BRKR,,,,,left_only
45193649,"VACA DIXON SUB, CIRCUIT BREAKERS",14,T,BRKR,,,,,left_only
41237242,"MARYSVILLE SUB, CIRCUIT BREAKERS",13,T,BRKR,,,,,left_only
45003153,"PEASE SUB, CIRCUIT BREAKERS",14,T,BRKR,,,,,left_only
44774431,"EAST GRAND SUB, CIRCUIT BREAKERS",14,T,BRKR,,,,,left_only
44905844,"WEIMAR SUB, CIRCUIT BREAKERS",13,T,BRKR,,,,,left_only
44741341,"LLAGAS SUB, CIRCUIT BREAKERS",14,T,BRKR,,,,,left_only
44857247,"PIT #1 PH, CIRCUIT BREAKERS",13,T,BRKR,,,,,left_only
44688332,"PITTSBURG PP, CIRCUIT BREAKERS",14,T,BRKR,,,,,left_only
44694227,"WEEDPATCH SUB, CIRCUIT BREAKERS",14,T,BRKR,,,,,left_only
44727795,"SOBRANTE SUB, CIRCUIT BREAKERS",14,T,BRKR,,,,,left_only
44706773,"ORO LOMA SUB, CIRCUIT BREAKERS",14,T,BRKR,,,,,left_only
44711876,"ORO LOMA SUB, CIRCUIT BREAKERS",14,T,BRKR,,,,,left_only
45756155,"CONTRA COSTA PP SW STA, CIRCUIT BREAKERS",14,T,BRKR,,,,,left_only
45879370,"COTTONWOOD SUB, CIRCUIT BREAKERS",14,T,BRKR,,,,,left_only
44941885,"MENDOTA SUB, CIRCUIT BREAKERS",14,T,BRKR,,,,,left_only
41114438,"MIDWAY SUB, CIRCUIT BREAKERS",34,T,BRKR,,,,,left_only
41146696,"PITTSBURG PP, CIRCUIT BREAKERS",34,T,BRKR,,,,,left_only
45003150,"PEASE SUB, CIRCUIT BREAKERS",14,T,BRKR,,,,,left_only
41324425,"VACA DIXON SUB, CIRCUIT BREAKERS",34,T,BRKR,,,,,left_only
42575244,"MORRO BAY SW STA, CIRCUIT BREAKERS",23,T,BRKR,,,,,left_only
42761863,"CONTRA COSTA PP SW STA, CIRCUIT BREAKERS",24,T,BRKR,,,,,left_only
45042477,"WILSON SUB, CIRCUIT BREAKERS",14,T,BRKR,,,,,left_only
44775696,"COPPERMINE SUB, CIRCUIT BREAKERS",14,T,BRKR,,,,,left_only
44923801,"SANGER SUB, CIRCUIT BREAKERS",14,T,BRKR,,,,,left_only
40996071,"GREGG SUB, CIRCUIT BREAKERS",44,T,BRKR,,,,,left_only
44824390,"CLOVERDALE SUB, CIRCUIT BREAKERS",14,T,BRKR,,,,,left_only
40993328,"PITTSBURG PP, CIRCUIT BREAKERS",44,T,BRKR,,,,,left_only
41114440,"MIDWAY SUB, CIRCUIT BREAKERS",34,T,BRKR,,,,,left_only
45260093,"TABLE MTN SUB, CIRCUIT BREAKERS",14,T,BRKR,,,,,left_only
41204219,"COTTONWOOD SUB, CIRCUIT BREAKERS",33,T,BRKR,,,,,left_only
45728168,"LOS BANOS SUB, CIRCUIT BREAKERS",14,T,BRKR,,,,,left_only
42559638,"VACA DIXON SUB, CIRCUIT BREAKERS",34,T,BRKR,,,,,left_only
44711881,"ORO LOMA SUB, CIRCUIT BREAKERS",14,T,BRKR,,,,,left_only
44641151,"FMC SUB, CIRCUIT BREAKERS",14,T,BRKR,,,,,left_only
45592426,"GOOSE LAKE SUB, CIRCUIT BREAKERS",14,T,BRKR,,,,,left_only
44224700,"FULTON SUB, CIRCUIT BREAKERS",23,T,BRKR,,,,,left_only
45003155,"PEASE SUB, CIRCUIT BREAKERS",14,T,BRKR,,,,,left_only
45157298,"MORRO BAY SW STA, CIRCUIT BREAKERS",14,T,BRKR,,,,,left_only
44914184,"HUMBOLDT SUB, CIRCUIT BREAKERS",14,T,BRKR,,,,,left_only
44866421,"OAKLAND X SUB, CIRCUIT BREAKERS",14,T,BRKR,,,,,left_only
40996072,"GREGG SUB, CIRCUIT BREAKERS",44,T,BRKR,,,,,left_only
45077491,"CASCADE SUB, CIRCUIT BREAKERS",14,T,BRKR,,,,,left_only
44994576,"WOODWARD SUB, CIRCUIT BREAKERS",14,T,BRKR,,,,,left_only
44711885,"ORO LOMA SUB, CIRCUIT BREAKERS",14,T,BRKR,,,,,left_only
45260095,"TABLE MTN SUB, CIRCUIT BREAKERS",14,T,BRKR,,,,,left_only
45796519,"COTTONWOOD SUB, CIRCUIT BREAKERS",14,T,BRKR,,,,,left_only
40993038,"MORRO BAY SW STA, CIRCUIT BREAKERS",44,T,BRKR,,,,,left_only
45038577,"PLACER SUB, CIRCUIT BREAKERS",14,T,BRKR,,,,,left_only
44707290,"ORO LOMA SUB, CIRCUIT BREAKERS",14,T,BRKR,,,,,left_only
40993329,"PITTSBURG PP, CIRCUIT BREAKERS",44,T,BRKR,,,,,left_only
45081562,"SEMITROPIC SUB, CIRCUIT BREAKERS",14,T,BRKR,,,,,left_only
44960254,"DIVIDE SUB, CIRCUIT BREAKERS",14,T,BRKR,,,,,left_only
44733333,"AMES TRANS SUB, CIRCUIT BREAKERS",14,T,BRKR,,,,,left_only
44824104,"NEWARK SUB, CIRCUIT BREAKERS",14,T,BRKR,,,,,left_only
41114442,"MIDWAY SUB, CIRCUIT BREAKERS",34,T,BRKR,,,,,left_only
45260097,"TABLE MTN SUB, CIRCUIT BREAKERS",14,T,BRKR,,,,,left_only
45005149,"MILPITAS SUB, CIRCUIT BREAKERS",14,T,BRKR,,,,,left_only
41212555,"FULTON SUB, CIRCUIT BREAKERS",34,T,BRKR,,,,,left_only
41180623,"GATES SUB, CIRCUIT BREAKERS",34,T,BRKR,,,,,left_only
41155753,"MIDWAY SUB, CIRCUIT BREAKERS",34,T,BRKR,,,,,left_only
44941911,"NEWARK SUB, CIRCUIT BREAKERS",14,T,BRKR,,,,,left_only
45003154,"PEASE SUB, CIRCUIT BREAKERS",14,T,BRKR,,,,,left_only
44996889,"OAKLAND D SUB, CIRCUIT BREAKERS",14,T,BRKR,,,,,left_only
44923805,"SANGER SUB, CIRCUIT BREAKERS",14,T,BRKR,,,,,left_only
41212553,"FULTON SUB, CIRCUIT BREAKERS",34,T,BRKR,,,,,left_only
41180624,"GATES SUB, CIRCUIT BREAKERS",34,T,BRKR,,,,,left_only
45003152,"PEASE SUB, CIRCUIT BREAKERS",14,T,BRKR,,,,,left_only
45310393,"KERN PP, CIRCUIT BREAKERS",14,T,BRKR,,,,,left_only
45464315,"EVERGREEN SUB, CIRCUIT BREAKERS",14,T,BRKR,,,,,left_only
45071222,"EL CERRITO G SUB, CIRCUIT BREAKERS",14,T,BRKR,,,,,left_only
41180625,"GATES SUB, CIRCUIT BREAKERS",34,T,BRKR,,,,,left_only
45040057,"PANOCHE SUB, CIRCUIT BREAKERS",14,T,BRKR,,,,,left_only
44741534,"AMES TRANS SUB, CIRCUIT BREAKERS",14,T,BRKR,,,,,left_only
45003145,"PEASE SUB, CIRCUIT BREAKERS",14,T,BRKR,,,,,left_only
41180626,"GATES SUB, CIRCUIT BREAKERS",34,T,BRKR,,,,,left_only
45003156,"PEASE SUB, CIRCUIT BREAKERS",14,T,BRKR,,,,,left_only
41180627,"GATES SUB, CIRCUIT BREAKERS",34,T,BRKR,,,,,left_only
45310374,"KERN PP, CIRCUIT BREAKERS",14,T,BRKR,,,,,left_only
45090518,"SANTA TERESA SUB, CIRCUIT BREAKERS",14,T,BRKR,,,,,left_only
44817600,"NEWARK SUB, CIRCUIT BREAKERS",14,T,BRKR,,,,,left_only
42641809,"GREGG SUB, CIRCUIT BREAKERS",34,T,BRKR,,,,,left_only
44923789,"SANGER SUB, CIRCUIT BREAKERS",14,T,BRKR,,,,,left_only
44923773,"SANGER SUB, CIRCUIT BREAKERS",14,T,BRKR,,,,,left_only
45351631,"EVERGREEN SUB, CIRCUIT BREAKERS",14,T,BRKR,,,,,left_only
45462008,"VACA DIXON SUB, CIRCUIT BREAKERS",14,T,BRKR,,,,,left_only
45087016,"PEASE SUB, CIRCUIT BREAKERS",14,T,BRKR,,,,,left_only
44728736,"KNIGHTS LANDING SUB, CIRCUIT BREAKERS",14,T,BRKR,,,,,left_only
44900210,"CLAYTON SUB, CIRCUIT BREAKERS",14,T,BRKR,,,,,left_only
44923791,"SANGER SUB, CIRCUIT BREAKERS",14,T,BRKR,,,,,left_only
42750662,"MORAGA SUB, CIRCUIT BREAKERS",14,T,BRKR,,,,,left_only
44924410,"SANGER SUB, CIRCUIT BREAKERS",14,T,BRKR,,,,,left_only
41180628,"GATES SUB, CIRCUIT BREAKERS",34,T,BRKR,,,,,left_only
44923771,"SANGER SUB, CIRCUIT BREAKERS",14,T,BRKR,,,,,left_only
43592134,"MORRO BAY SW STA, CIRCUIT BREAKERS",23,T,BRKR,,,,,left_only
45087018,"PEASE SUB, CIRCUIT BREAKERS",14,T,BRKR,,,,,left_only
45090516,"SANTA TERESA SUB, CIRCUIT BREAKERS",14,T,BRKR,,,,,left_only
44923777,"SANGER SUB, CIRCUIT BREAKERS",14,T,BRKR,,,,,left_only
45077495,"CASCADE SUB, CIRCUIT BREAKERS",14,T,BRKR,,,,,left_only
45380332,"DUNNIGAN SUB, CIRCUIT BREAKERS",13,T,BRKR,,,,,left_only
44923761,"SANGER SUB, CIRCUIT BREAKERS",14,T,BRKR,,,,,left_only
44923759,"SANGER SUB, CIRCUIT BREAKERS",14,T,BRKR,,,,,left_only
44894551,"FAMOSO SUB, CIRCUIT BREAKERS",14,T,BRKR,,,,,left_only
44923757,"SANGER SUB, CIRCUIT BREAKERS",14,T,BRKR,,,,,left_only
45462010,"VACA DIXON SUB, CIRCUIT BREAKERS",14,T,BRKR,,,,,left_only
44824898,"NEWARK SUB, CIRCUIT BREAKERS",14,T,BRKR,,,,,left_only
44923792,"SANGER SUB, CIRCUIT BREAKERS",14,T,BRKR,,,,,left_only
44924405,"SANGER SUB, CIRCUIT BREAKERS",14,T,BRKR,,,,,left_only
45218817,"FAMOSO SUB, CIRCUIT BREAKERS",14,T,BRKR,,,,,left_only
45596279,"CARBONA SUB, CIRCUIT BREAKERS",13,T,BRKR,,,,,left_only
45040630,"FMC SUB, CIRCUIT BREAKERS",14,T,BRKR,,,,,left_only
45123170,"MIDWAY SUB, CIRCUIT BREAKERS",14,T,BRKR,,,,,left_only
44888189,"FITCH MTN SUB, CIRCUIT BREAKERS",13,T,BRKR,,,,,left_only
45707296,"SAN BERNARD SUB, CIRCUIT BREAKERS",14,T,BRKR,,,,,left_only
44921467,"GREEN VALLEY SUB, CIRCUIT BREAKERS",14,T,BRKR,,,,,left_only
44858065,"KENT SW STA, CIRCUIT BREAKERS",14,T,BRKR,,,,,left_only
44924406,"SANGER SUB, CIRCUIT BREAKERS",14,T,BRKR,,,,,left_only
44921466,"GREEN VALLEY SUB, CIRCUIT BREAKERS",14,T,BRKR,,,,,left_only
40991554,"GREGG SUB, CIRCUIT BREAKERS",34,T,BRKR,,,,,left_only
44923794,"SANGER SUB, CIRCUIT BREAKERS",14,T,BRKR,,,,,left_only
44894341,"COLUMBUS SUB, CIRCUIT BREAKERS",14,T,BRKR,,,,,left_only
44923806,"SANGER SUB, CIRCUIT BREAKERS",14,T,BRKR,,,,,left_only
45065773,"KERN PP, CIRCUIT BREAKERS",14,T,BRKR,,,,,left_only
45090514,"SANTA TERESA SUB, CIRCUIT BREAKERS",14,T,BRKR,,,,,left_only
44923799,"SANGER SUB, CIRCUIT BREAKERS",14,T,BRKR,,,,,left_only
45310379,"KERN PP, CIRCUIT BREAKERS",14,T,BRKR,,,,,left_only
44923803,"SANGER SUB, CIRCUIT BREAKERS",14,T,BRKR,,,,,left_only
44967591,"WILSON SUB, CIRCUIT BREAKERS",14,T,BRKR,,,,,left_only
45040628,"FMC SUB, CIRCUIT BREAKERS",14,T,BRKR,,,,,left_only
44923796,"SANGER SUB, CIRCUIT BREAKERS",14,T,BRKR,,,,,left_only
42742975,"KERN PP, CIRCUIT BREAKERS",14,T,BRKR,,,,,left_only
44921485,"INDUSTRIAL ACRES SUB, CIRCUIT BREAKERS",13,T,BRKR,,,,,left_only
44923763,"SANGER SUB, CIRCUIT BREAKERS",14,T,BRKR,,,,,left_only
44923775,"SANGER SUB, CIRCUIT BREAKERS",14,T,BRKR,,,,,left_only
44873681,"CAMP EVERS SUB, CIRCUIT BREAKERS",14,T,BRKR,,,,,left_only
44991987,"EL PATIO SUB, CIRCUIT BREAKERS",14,T,BRKR,,,,,left_only
45073509,"DUNLAP SUB, CIRCUIT BREAKERS",14,T,BRKR,,,,,left_only
44616360,"BRIGHTON SUB, CIRCUIT BREAKERS",14,T,BRKR,,,,,left_only
45087014,"PEASE SUB, CIRCUIT BREAKERS",14,T,BRKR,,,,,left_only
41155757,"MIDWAY SUB, CIRCUIT BREAKERS",34,T,BRKR,,,,,left_only
41325714,"FULTON SUB, CIRCUIT BREAKERS",34,T,BRKR,,,,,left_only
44923769,"SANGER SUB, CIRCUIT BREAKERS",14,T,BRKR,,,,,left_only
44875219,"CLOVERDALE SUB, CIRCUIT BREAKERS",14,T,BRKR,,,,,left_only
40990721,"FULTON SUB, CIRCUIT BREAKERS",34,T,BRKR,,,,,left_only
45203761,"EDES SUB, CIRCUIT BREAKERS",14,T,BRKR,,,,,left_only
44896626,"ORO LOMA SUB, CIRCUIT BREAKERS",14,T,BRKR,,,,,left_only
45023133,"EL PATIO SUB, CIRCUIT BREAKERS",14,T,BRKR,,,,,left_only
45040636,"FMC SUB, CIRCUIT BREAKERS",14,T,BRKR,,,,,left_only
41158743,"MIDWAY SUB, CIRCUIT BREAKERS",34,T,BRKR,,,,,left_only
45100040,"STOCKTON A SUB, CIRCUIT BREAKERS",14,T,BRKR,,,,,left_only
45090520,"SANTA TERESA SUB, CIRCUIT BREAKERS",14,T,BRKR,,,,,left_only
41169115,"METCALF SUB, CIRCUIT BREAKERS",34,T,BRKR,,,,,left_only
45077494,"CASCADE SUB, CIRCUIT BREAKERS",13,T,BRKR,,,,,left_only
45077493,"CASCADE SUB, CIRCUIT BREAKERS",13,T,BRKR,,,,,left_only
45059889,"EL PATIO SUB, CIRCUIT BREAKERS",14,T,BRKR,,,,,left_only
45250072,"VALLEY SPRINGS SUB, CIRCUIT BREAKERS",14,T,BRKR,,,,,left_only
40992962,"MIDWAY SUB, CIRCUIT BREAKERS",44,T,BRKR,,,,,left_only
44873323,"CORCORAN SUB, CIRCUIT BREAKERS",14,T,BRKR,,,,,left_only
45040548,"FMC SUB, CIRCUIT BREAKERS",14,T,BRKR,,,,,left_only
44889456,"HENRIETTA SUB, CIRCUIT BREAKERS",14,T,BRKR,,,,,left_only
41169117,"METCALF SUB, CIRCUIT BREAKERS",34,T,BRKR,,,,,left_only
45736495,"CONTRA COSTA PP SW STA, CIRCUIT BREAKERS",14,T,BRKR,,,,,left_only
40995611,"CONTRA COSTA PP SW STA, CIRCUIT BREAKERS",44,T,BRKR,,,,,left_only
44923765,"SANGER SUB, CIRCUIT BREAKERS",14,T,BRKR,,,,,left_only
44896627,"ORO LOMA SUB, CIRCUIT BREAKERS",14,T,BRKR,,,,,left_only
45064984,"EAST GRAND SUB, CIRCUIT BREAKERS",14,T,BRKR,,,,,left_only
44918617,"PIT #1 PH, CIRCUIT BREAKERS",14,T,BRKR,,,,,left_only
45026658,"EL PATIO SUB, CIRCUIT BREAKERS",14,T,BRKR,,,,,left_only
45040634,"FMC SUB, CIRCUIT BREAKERS",14,T,BRKR,,,,,left_only
45376035,"PALERMO SUB, CIRCUIT BREAKERS",14,T,BRKR,,,,,left_only
45439492,"BUCKS CREEK PH, CIRCUIT BREAKERS",14,T,BRKR,,,,,left_only
45399836,"PLACER SUB, CIRCUIT BREAKERS",14,T,BRKR,,,,,left_only
45064987,"EAST GRAND SUB, CIRCUIT BREAKERS",14,T,BRKR,,,,,left_only
45301989,"SAN RAFAEL SUB, CIRCUIT BREAKERS",14,T,BRKR,,,,,left_only
45335171,"OAKLAND K (CLAREMONT) SUB, CIRCUIT BRKR",14,T,BRKR,,,,,left_only
44896628,"ORO LOMA SUB, CIRCUIT BREAKERS",14,T,BRKR,,,,,left_only
45065074,"EAST GRAND SUB, CIRCUIT BREAKERS",14,T,BRKR,,,,,left_only
45310385,"KERN PP, CIRCUIT BREAKERS",14,T,BRKR,,,,,left_only
45728629,"STROUD SUB, CIRCUIT BREAKERS",13,T,BRKR,,,,,left_only
45065070,"EAST GRAND SUB, CIRCUIT BREAKERS",14,T,BRKR,,,,,left_only
45040632,"FMC SUB, CIRCUIT BREAKERS",14,T,BRKR,,,,,left_only
45071790,"EL CERRITO G SUB, CIRCUIT BREAKERS",14,T,BRKR,,,,,left_only
44896625,"ORO LOMA SUB, CIRCUIT BREAKERS",14,T,BRKR,,,,,left_only
40996611,"MORRO BAY SW STA, CIRCUIT BREAKERS",43,T,BRKR,,,,,left_only
45065618,"EAST GRAND SUB, CIRCUIT BREAKERS",14,T,BRKR,,,,,left_only
41219593,"SMARTVILLE SUB, CIRCUIT BREAKERS",13,T,BRKR,,,,,left_only
40995986,"FULTON SUB, CIRCUIT BREAKERS",44,T,BRKR,,,,,left_only
41110559,"MIDWAY SUB, CIRCUIT BREAKERS",34,T,BRKR,,,,,left_only
41325620,"VACA DIXON SUB, CIRCUIT BREAKERS",34,T,BRKR,,,,,left_only
45410526,"OLIVE SW STA, CIRCUIT BREAKERS",14,T,BRKR,,,,,left_only
45827980,"EVERGREEN SUB, CIRCUIT BREAKERS",14,T,BRKR,,,,,left_only
45065615,"EAST GRAND SUB, CIRCUIT BREAKERS",14,T,BRKR,,,,,left_only
45089706,"EAST GRAND SUB, CIRCUIT BREAKERS",14,T,BRKR,,,,,left_only
44141411,"PITTSBURG PP, CIRCUIT BREAKERS",24,T,BRKR,,,,,left_only
40995610,"CONTRA COSTA PP SW STA, CIRCUIT BREAKERS",44,T,BRKR,,,,,left_only
45065023,"EAST GRAND SUB, CIRCUIT BREAKERS",14,T,BRKR,,,,,left_only
45466438,"SAN LUIS OBISPO SUB, CIRCUIT BREAKERS",14,T,BRKR,,,,,left_only
45674984,"CASCADE SUB, CIRCUIT BREAKERS",14,T,BRKR,,,,,left_only
45089707,"EAST GRAND SUB, CIRCUIT BREAKERS",14,T,BRKR,,,,,left_only
41168964,"VACA DIXON SUB, CIRCUIT BREAKERS",34,T,BRKR,,,,,left_only
45071794,"EL CERRITO G SUB, CIRCUIT BREAKERS",14,T,BRKR,,,,,left_only
45084275,"TYLER SUB, CIRCUIT BREAKERS",14,T,BRKR,,,,,left_only
45310381,"KERN PP, CIRCUIT BREAKERS",14,T,BRKR,,,,,left_only
42738891,"PITTSBURG PP, CIRCUIT BREAKERS",24,T,BRKR,,,,,left_only
45065612,"EAST GRAND SUB, CIRCUIT BREAKERS",14,T,BRKR,,,,,left_only
44896629,"ORO LOMA SUB, CIRCUIT BREAKERS",14,T,BRKR,,,,,left_only
45055070,"MARYSVILLE SUB, CIRCUIT BREAKERS",14,T,BRKR,,,,,left_only
45310389,"KERN PP, CIRCUIT BREAKERS",14,T,BRKR,,,,,left_only
45250070,"VALLEY SPRINGS SUB, CIRCUIT BREAKERS",14,T,BRKR,,,,,left_only
44925994,"MORRO BAY SW STA, CIRCUIT BREAKERS",14,T,BRKR,,,,,left_only
44660642,"TABLE MTN SUB, CIRCUIT BREAKERS",14,T,BRKR,,,,,left_only
40995987,"FULTON SUB, CIRCUIT BREAKERS",44,T,BRKR,,,,,left_only
45426797,"PALERMO SUB, CIRCUIT BREAKERS",14,T,BRKR,,,,,left_only
41365453,"MIDWAY SUB, CIRCUIT BREAKERS",34,T,BRKR,,,,,left_only
45087012,"PEASE SUB, CIRCUIT BREAKERS",14,T,BRKR,,,,,left_only
45073630,"PITTSBURG PP, CIRCUIT BREAKERS",14,T,BRKR,,,,,left_only
45064978,"EAST GRAND SUB, CIRCUIT BREAKERS",14,T,BRKR,,,,,left_only
45365338,"FAMOSO SUB, CIRCUIT BREAKERS",13,T,BRKR,,,,,left_only
44896624,"ORO LOMA SUB, CIRCUIT BREAKERS",14,T,BRKR,,,,,left_only
41212554,"FULTON SUB, CIRCUIT BREAKERS",34,T,BRKR,,,,,left_only
44661725,"TABLE MTN SUB, CIRCUIT BREAKERS",14,T,BRKR,,,,,left_only
44437751,"MILLBRAE SUB, CIRCUIT BREAKERS",14,T,BRKR,,,,,left_only
41365455,"MIDWAY SUB, CIRCUIT BREAKERS",24,T,BRKR,,,,,left_only
45081916,"HUMBOLDT SUB, CIRCUIT BREAKERS",14,T,BRKR,,,,,left_only
45208081,"LODI SUB, CIRCUIT BREAKERS",14,T,BRKR,,,,,left_only
40992139,"CONTRA COSTA PP SW STA, CIRCUIT BREAKERS",44,T,BRKR,,,,,left_only
41159248,"MIDWAY SUB, CIRCUIT BREAKERS",34,T,BRKR,,,,,left_only
45324504,"MORAGA SUB, CIRCUIT BREAKERS",14,T,BRKR,,,,,left_only
41212552,"FULTON SUB, CIRCUIT BREAKERS",34,T,BRKR,,,,,left_only
41118242,"NEWARK SUB, CIRCUIT BREAKERS",34,T,BRKR,,,,,left_only
45740653,"AMES DIST SUB, CIRCUIT BREAKERS",14,T,BRKR,,,,,left_only
45147950,"STAGG SUB, CIRCUIT BREAKERS",14,T,BRKR,,,,,left_only
45080888,"OAKLAND L SUB, CIRCUIT BREAKERS",14,T,BRKR,,,,,left_only
45268342,"HUMBOLDT SUB, CIRCUIT BREAKERS",14,T,BRKR,,,,,left_only
45411364,"BELLOTA SUB, CIRCUIT BREAKERS",14,T,BRKR,,,,,left_only
45319149,"EVERGREEN SUB, CIRCUIT BREAKERS",14,T,BRKR,,,,,left_only
45249965,"VACA DIXON SUB, CIRCUIT BREAKERS",14,T,BRKR,,,,,left_only
45071866,"EL CERRITO G SUB, CIRCUIT BREAKERS",14,T,BRKR,,,,,left_only
45027833,"OAKLAND D SUB, CIRCUIT BREAKERS",14,T,BRKR,,,,,left_only
42742996,"CONTRA COSTA PP SW STA, CIRCUIT BREAKERS",14,T,BRKR,,,,,left_only
45052566,"OAKLAND D SUB, CIRCUIT BREAKERS",14,T,BRKR,,,,,left_only
45071791,"EL CERRITO G SUB, CIRCUIT BREAKERS",14,T,BRKR,,,,,left_only
45026047,"PEASE SUB, CIRCUIT BREAKERS",14,T,BRKR,,,,,left_only
41159249,"MIDWAY SUB, CIRCUIT BREAKERS",34,T,BRKR,,,,,left_only
45335169,"OAKLAND K (CLAREMONT) SUB, CIRCUIT BRKR",14,T,BRKR,,,,,left_only
45003149,"PEASE SUB, CIRCUIT BREAKERS",14,T,BRKR,,,,,left_only
40990628,"METCALF SUB, CIRCUIT BREAKERS",44,T,BRKR,,,,,left_only
45151292,"TULARE LAKE SUB, CIRCUIT BREAKERS",14,T,BRKR,,,,,left_only
41364082,"RAVENSWOOD SUB, CIRCUIT BREAKERS",33,T,BRKR,,,,,left_only
45351629,"EVERGREEN SUB, CIRCUIT BREAKERS",14,T,BRKR,,,,,left_only
41154495,"MIDWAY SUB, CIRCUIT BREAKERS",34,T,BRKR,,,,,left_only
45003148,"PEASE SUB, CIRCUIT BREAKERS",14,T,BRKR,,,,,left_only
45003146,"PEASE SUB, CIRCUIT BREAKERS",14,T,BRKR,,,,,left_only
41325712,"FULTON SUB, CIRCUIT BREAKERS",34,T,BRKR,,,,,left_only
40990627,"METCALF SUB, CIRCUIT BREAKERS",44,T,BRKR,,,,,left_only
45112793,"OAKLAND K (CLAREMONT) SUB, CIRCUIT BRKR",14,T,BRKR,,,,,left_only
45080890,"OAKLAND L SUB, CIRCUIT BREAKERS",14,T,BRKR,,,,,left_only
44805157,"PEASE SUB, CIRCUIT BREAKERS",14,T,BRKR,,,,,left_only
41364085,"RAVENSWOOD SUB, CIRCUIT BREAKERS",33,T,BRKR,,,,,left_only
45090108,"SALMON CREEK SUB, CIRCUIT BREAKERS",13,T,BRKR,,,,,left_only
40992140,"CONTRA COSTA PP SW STA, CIRCUIT BREAKERS",44,T,BRKR,,,,,left_only
40990698,"NEWARK SUB, CIRCUIT BREAKERS",34,T,BRKR,,,,,left_only
45247085,"MONTAGUE SUB, CIRCUIT BREAKERS",14,T,BRKR,,,,,left_only
41141617,"MIDWAY SUB, CIRCUIT BREAKERS",34,T,BRKR,,,,,left_only
40990626,"METCALF SUB, CIRCUIT BREAKERS",44,T,BRKR,,,,,left_only
45367534,"EVERGREEN SUB, CIRCUIT BREAKERS",14,T,BRKR,,,,,left_only
44661728,"TABLE MTN SUB, CIRCUIT BREAKERS",24,T,BRKR,,,,,left_only
45084273,"TYLER SUB, CIRCUIT BREAKERS",14,T,BRKR,,,,,left_only
41364086,"RAVENSWOOD SUB, CIRCUIT BREAKERS",33,T,BRKR,,,,,left_only
45208073,"LODI SUB, CIRCUIT BREAKERS",14,T,BRKR,,,,,left_only
41141618,"MIDWAY SUB, CIRCUIT BREAKERS",34,T,BRKR,,,,,left_only
45246459,"PIT #1 PH, CIRCUIT BREAKERS",14,T,BRKR,,,,,left_only
41364087,"RAVENSWOOD SUB, CIRCUIT BREAKERS",33,T,BRKR,,,,,left_only
44661731,"TABLE MTN SUB, CIRCUIT BREAKERS",24,T,BRKR,,,,,left_only
45358478,"PALERMO SUB, CIRCUIT BREAKERS",14,T,BRKR,,,,,left_only
45250074,"OAKLAND X SUB, CIRCUIT BREAKERS",14,T,BRKR,,,,,left_only
45216296,"EVERGREEN SUB, CIRCUIT BREAKERS",14,T,BRKR,,,,,left_only
45266753,"WEBER SUB, CIRCUIT BREAKERS",14,T,BRKR,,,,,left_only
45219693,"FMC SUB, CIRCUIT BREAKERS",14,T,BRKR,,,,,left_only
45085946,"METCALF SUB, CIRCUIT BREAKERS",14,T,BRKR,,,,,left_only
45003147,"PEASE SUB, CIRCUIT BREAKERS",14,T,BRKR,,,,,left_only
45085948,"METCALF SUB, CIRCUIT BREAKERS",14,T,BRKR,,,,,left_only
45410651,"MORAGA SUB, CIRCUIT BREAKERS",14,T,BRKR,,,,,left_only
44661734,"TABLE MTN SUB, CIRCUIT BREAKERS",24,T,BRKR,,,,,left_only
45085950,"METCALF SUB, CIRCUIT BREAKERS",14,T,BRKR,,,,,left_only
43140487,"SAN MATEO SUB, CIRCUIT BREAKERS",24,T,BRKR,,,,,left_only
45395301,"ANDERSON SUB, CIRCUIT BREAKERS",14,T,BRKR,,,,,left_only
45208079,"LODI SUB, CIRCUIT BREAKERS",14,T,BRKR,,,,,left_only
45297118,"COBURN SUB, CIRCUIT BREAKERS",14,T,BRKR,,,,,left_only
45216298,"FMC SUB, CIRCUIT BREAKERS",14,T,BRKR,,,,,left_only
44693192,"GOLD HILL SUB, CIRCUIT BREAKERS",14,T,BRKR,,,,,left_only
45246457,"PIT #1 PH, CIRCUIT BREAKERS",14,T,BRKR,,,,,left_only
45208077,"LODI SUB, CIRCUIT BREAKERS",14,T,BRKR,,,,,left_only
45401064,"NEWARK SUB, CIRCUIT BREAKERS",14,T,BRKR,,,,,left_only
45208075,"LODI SUB, CIRCUIT BREAKERS",14,T,BRKR,,,,,left_only
45351713,"MONTAGUE SUB, CIRCUIT BREAKERS",14,T,BRKR,,,,,left_only
45208071,"LODI SUB, CIRCUIT BREAKERS",14,T,BRKR,,,,,left_only
45247382,"WEBER SUB, CIRCUIT BREAKERS",14,T,BRKR,,,,,left_only
45310377,"KERN PP, CIRCUIT BREAKERS",14,T,BRKR,,,,,left_only
45306703,"HUMBOLDT SUB, CIRCUIT BREAKERS",14,T,BRKR,,,,,left_only
44661737,"TABLE MTN SUB, CIRCUIT BREAKERS",24,T,BRKR,,,,,left_only
41180652,"GATES SUB, CIRCUIT BREAKERS",34,T,BRKR,,,,,left_only
41180653,"GATES SUB, CIRCUIT BREAKERS",34,T,BRKR,,,,,left_only
41180654,"GATES SUB, CIRCUIT BREAKERS",34,T,BRKR,,,,,left_only
40990366,"GOLD HILL SUB, CIRCUIT BREAKERS",34,T,BRKR,,,,,left_only
45085190,"WESTSIDE SUB, CIRCUIT BREAKERS",13,T,BRKR,,,,,left_only
45482752,"MISSOURI FLAT SW STA, CIRCUIT BREAKERS",13,T,BRKR,,,,,left_only
45290800,"FMC SUB, CIRCUIT BREAKERS",14,T,BRKR,,,,,left_only
45374435,"NEWARK SUB, CIRCUIT BREAKERS",14,T,BRKR,,,,,left_only
45310387,"KERN PP, CIRCUIT BREAKERS",14,T,BRKR,,,,,left_only
42757048,"SAN MATEO SUB, CIRCUIT BREAKERS",24,T,BRKR,,,,,left_only
45310391,"KERN PP, CIRCUIT BREAKERS",14,T,BRKR,,,,,left_only
41212551,"FULTON SUB, CIRCUIT BREAKERS",34,T,BRKR,,,,,left_only
41119846,"NEWARK SUB, CIRCUIT BREAKERS",34,T,BRKR,,,,,left_only
45385209,"CROW CREEK SW STA, CIRCUIT BREAKERS",14,T,BRKR,,,,,left_only
40995607,"CONTRA COSTA PP SW STA, CIRCUIT BREAKERS",44,T,BRKR,,,,,left_only
41100936,"NEWARK SUB, CIRCUIT BREAKERS",34,T,BRKR,,,,,left_only
45509579,"MORAGA SUB, CIRCUIT BREAKERS",14,T,BRKR,,,,,left_only
40993331,"PITTSBURG PP, CIRCUIT BREAKERS",44,T,BRKR,,,,,left_only
45570928,"RIO OSO SUB, CIRCUIT BREAKERS",14,T,BRKR,,,,,left_only
45509581,"MORAGA SUB, CIRCUIT BREAKERS",14,T,BRKR,,,,,left_only
45675397,"PACIFICA SUB, CIRCUIT BREAKERS",13,T,BRKR,,,,,left_only
41138827,"TESLA SUB, CIRCUIT BREAKERS",34,T,BRKR,,,,,left_only
42835287,"BELLOTA SUB, CIRCUIT BREAKERS",23,T,BRKR,,,,,left_only
45077497,"CASCADE SUB, CIRCUIT BREAKERS",14,T,BRKR,,,,,left_only
45036773,"LOS ESTEROS SUB, CIRCUIT BREAKERS",33,T,BRKR,,,,,left_only
45365114,"DIVIDE SUB, CIRCUIT BREAKERS",14,T,BRKR,,,,,left_only
40995608,"CONTRA COSTA PP SW STA, CIRCUIT BREAKERS",44,T,BRKR,,,,,left_only
41164502,"NEWARK SUB, CIRCUIT BREAKERS",34,T,BRKR,,,,,left_only
45641197,"EL CERRITO G SUB, CIRCUIT BREAKERS",14,T,BRKR,,,,,left_only
41138854,"TESLA SUB, CIRCUIT BREAKERS",34,T,BRKR,,,,,left_only
42833215,"BELLOTA SUB, CIRCUIT BREAKERS",23,T,BRKR,,,,,left_only
45398047,"PALERMO SUB, CIRCUIT BREAKERS",14,T,BRKR,,,,,left_only
45509035,"PITTSBURG PP, CIRCUIT BREAKERS",14,T,BRKR,,,,,left_only
45310395,"KERN PP, CIRCUIT BREAKERS",14,T,BRKR,,,,,left_only
45304788,"CALFLAX SUB, CIRCUIT BREAKERS",14,T,BRKR,,,,,left_only
45310372,"KERN PP, CIRCUIT BREAKERS",14,T,BRKR,,,,,left_only
42573946,"OAKLAND D SUB, CIRCUIT BREAKERS",14,T,BRKR,,,,,left_only
41180655,"GATES SUB, CIRCUIT BREAKERS",34,T,BRKR,,,,,left_only
45304782,"CALFLAX SUB, CIRCUIT BREAKERS",14,T,BRKR,,,,,left_only
45304784,"CALFLAX SUB, CIRCUIT BREAKERS",14,T,BRKR,,,,,left_only
45310383,"KERN PP, CIRCUIT BREAKERS",14,T,BRKR,,,,,left_only
45304786,"CALFLAX SUB, CIRCUIT BREAKERS",14,T,BRKR,,,,,left_only
45415191,"PALERMO SUB, CIRCUIT BREAKERS",13,T,BRKR,,,,,left_only
45367988,"FULTON SUB, CIRCUIT BREAKERS",14,T,BRKR,,,,,left_only
45036810,"LOS ESTEROS SUB, CIRCUIT BREAKERS",33,T,BRKR,,,,,left_only
41180656,"GATES SUB, CIRCUIT BREAKERS",34,T,BRKR,,,,,left_only
40990063,"NEWARK SUB, CIRCUIT BREAKERS",44,T,BRKR,,,,,left_only
45036812,"LOS ESTEROS SUB, CIRCUIT BREAKERS",33,T,BRKR,,,,,left_only
40990064,"NEWARK SUB, CIRCUIT BREAKERS",44,T,BRKR,,,,,left_only
42614789,"TESLA SUB, CIRCUIT BREAKERS",33,T,BRKR,,,,,left_only
41100938,"NEWARK SUB, CIRCUIT BREAKERS",34,T,BRKR,,,,,left_only
41212550,"FULTON SUB, CIRCUIT BREAKERS",34,T,BRKR,,,,,left_only
41101668,"NEWARK SUB, CIRCUIT BREAKERS",34,T,BRKR,,,,,left_only
45759034,"ZAMORA SUB, CIRCUIT BREAKERS",14,T,BRKR,,,,,left_only
42683016,"NEWARK DIST SUB, CIRCUIT BREAKERS",23,T,BRKR,,,,,left_only
45640103,"GOLD HILL SUB, CIRCUIT BREAKERS",14,T,BRKR,,,,,left_only
45077499,"CASCADE SUB, CIRCUIT BREAKERS",14,T,BRKR,,,,,left_only
41180657,"GATES SUB, CIRCUIT BREAKERS",34,T,BRKR,,,,,left_only
42617438,"NEWARK DIST SUB, CIRCUIT BREAKERS",23,T,BRKR,,,,,left_only
41161688,"ROUND MTN SUB, CIRCUIT BREAKERS",34,T,BRKR,,,,,left_only
45532463,"LOS BANOS SUB, CIRCUIT BREAKERS",14,T,BRKR,,,,,left_only
45447372,"PLACER SUB, CIRCUIT BREAKERS",14,T,BRKR,,,,,left_only
45747617,"COOLEY LANDING SUB, CIRCUIT BREAKERS",14,T,BRKR,,,,,left_only
45749967,"CLEAR LAKE SUB, CIRCUIT BREAKERS",14,T,BRKR,,,,,left_only
45403185,"SISQUOC SUB, CIRCUIT BREAKERS",14,T,BRKR,,,,,left_only
40993772,"TESLA SUB, CIRCUIT BREAKERS",44,T,BRKR,,,,,left_only
45077489,"FULTON SUB, CIRCUIT BREAKERS",14,T,BRKR,,,,,left_only
45077498,"CASCADE SUB, CIRCUIT BREAKERS",14,T,BRKR,,,,,left_only
41118560,"NEWARK SUB, CIRCUIT BREAKERS",34,T,BRKR,,,,,left_only
45827982,"EVERGREEN SUB, CIRCUIT BREAKERS",14,T,BRKR,,,,,left_only
40993773,"TESLA SUB, CIRCUIT BREAKERS",44,T,BRKR,,,,,left_only
45422288,"HURON SUB, CIRCUIT BREAKERS",14,T,BRKR,,,,,left_only
41120695,"PITTSBURG PP, CIRCUIT BREAKERS",34,T,BRKR,,,,,left_only
45509659,"METCALF SUB, CIRCUIT BREAKERS",14,T,BRKR,,,,,left_only
45899524,"WESTPARK SUB, CIRCUIT BREAKERS",14,T,BRKR,,,,,left_only
42707673,"VINEYARD SUB, CIRCUIT BREAKERS",33,T,BRKR,,,,,left_only
45375602,"EXCHEQUER PH, CIRCUIT BREAKERS",13,T,BRKR,,,,,left_only
45713670,"MORAGA SUB, CIRCUIT BREAKERS",14,T,BRKR,,,,,left_only
45733188,"MORAGA SUB, CIRCUIT BREAKERS",14,T,BRKR,,,,,left_only
41120694,"PITTSBURG PP, CIRCUIT BREAKERS",34,T,BRKR,,,,,left_only
42707674,"VINEYARD SUB, CIRCUIT BREAKERS",33,T,BRKR,,,,,left_only
45641199,"EL CERRITO G SUB, CIRCUIT BREAKERS",14,T,BRKR,,,,,left_only
45641198,"EL CERRITO G SUB, CIRCUIT BREAKERS",14,T,BRKR,,,,,left_only
45646847,"FMC SUB, CIRCUIT BREAKERS",14,T,BRKR,,,,,left_only
42757392,"NORTH DUBLIN SUB, CIRCUIT BREAKERS",23,T,BRKR,,,,,left_only
41142993,"NEWARK DIST SUB, CIRCUIT BREAKERS",33,T,BRKR,,,,,left_only
41142997,"NEWARK DIST SUB, CIRCUIT BREAKERS",33,T,BRKR,,,,,left_only
40991412,"SAN MATEO SUB, CIRCUIT BREAKERS",34,T,BRKR,,,,,left_only
40991540,"SAN MATEO SUB, CIRCUIT BREAKERS",34,T,BRKR,,,,,left_only
40991541,"SAN MATEO SUB, CIRCUIT BREAKERS",34,T,BRKR,,,,,left_only
45112362,"NEWARK SUB, CIRCUIT BREAKERS",24,T,BRKR,,,,,left_only
40991413,"SAN MATEO SUB, CIRCUIT BREAKERS",44,T,BRKR,,,,,left_only
45694286,"RIO OSO SUB, CIRCUIT BREAKERS",14,T,BRKR,,,,,left_only
40991542,"SAN MATEO SUB, CIRCUIT BREAKERS",44,T,BRKR,,,,,left_only
40991543,"SAN MATEO SUB, CIRCUIT BREAKERS",44,T,BRKR,,,,,left_only
45720655,"RIO OSO SUB, CIRCUIT BREAKERS",14,T,BRKR,,,,,left_only
45694288,"RIO OSO SUB, CIRCUIT BREAKERS",14,T,BRKR,,,,,left_only
40990875,"NEWARK SUB, CIRCUIT BREAKERS",34,T,BRKR,,,,,left_only
40991414,"SAN MATEO SUB, CIRCUIT BREAKERS",44,T,BRKR,,,,,left_only
40991544,"SAN MATEO SUB, CIRCUIT BREAKERS",44,T,BRKR,,,,,left_only
45794408,"TRIMBLE SUB, CIRCUIT BREAKERS",14,T,BRKR,,,,,left_only
40991545,"SAN MATEO SUB, CIRCUIT BREAKERS",44,T,BRKR,,,,,left_only
45672264,"RIPON SUB, CIRCUIT BREAKERS",14,T,BRKR,,,,,left_only
45713674,"RIPON SUB, CIRCUIT BREAKERS",14,T,BRKR,,,,,left_only
45720657,"RIO OSO SUB, CIRCUIT BREAKERS",14,T,BRKR,,,,,left_only
45714161,"RIO OSO SUB, CIRCUIT BREAKERS",14,T,BRKR,,,,,left_only
45112304,"NEWARK SUB, CIRCUIT BREAKERS",24,T,BRKR,,,,,left_only
45570918,"RIO OSO SUB, CIRCUIT BREAKERS",14,T,BRKR,,,,,left_only
45694290,"RIO OSO SUB, CIRCUIT BREAKERS",14,T,BRKR,,,,,left_only
45695345,"RIO OSO SUB, CIRCUIT BREAKERS",14,T,BRKR,,,,,left_only
41161690,"ROUND MTN SUB, CIRCUIT BREAKERS",34,T,BRKR,,,,,left_only
41161692,"ROUND MTN SUB, CIRCUIT BREAKERS",34,T,BRKR,,,,,left_only
41161694,"ROUND MTN SUB, CIRCUIT BREAKERS",34,T,BRKR,,,,,left_only
45720653,"RIO OSO SUB, CIRCUIT BREAKERS",14,T,BRKR,,,,,left_only
46053888,,14,T,BRKR,,,,,left_only
45719410,"RIO OSO SUB, CIRCUIT BREAKERS",14,T,BRKR,,,,,left_only
45695349,"RIO OSO SUB, CIRCUIT BREAKERS",14,T,BRKR,,,,,left_only
41161696,"ROUND MTN SUB, CIRCUIT BREAKERS",34,T,BRKR,,,,,left_only
41161698,"ROUND MTN SUB, CIRCUIT BREAKERS",34,T,BRKR,,,,,left_only
45695347,"RIO OSO SUB, CIRCUIT BREAKERS",14,T,BRKR,,,,,left_only
45719412,"RIO OSO SUB, CIRCUIT BREAKERS",14,T,BRKR,,,,,left_only
45720677,"RIO OSO SUB, CIRCUIT BREAKERS",14,T,BRKR,,,,,left_only
45720675,"RIO OSO SUB, CIRCUIT BREAKERS",14,T,BRKR,,,,,left_only
45714157,"RIO OSO SUB, CIRCUIT BREAKERS",14,T,BRKR,,,,,left_only
45714159,"RIO OSO SUB, CIRCUIT BREAKERS",14,T,BRKR,,,,,left_only
45719414,"RIO OSO SUB, CIRCUIT BREAKERS",14,T,BRKR,,,,,left_only
45720679,"RIO OSO SUB, CIRCUIT BREAKERS",14,T,BRKR,,,,,left_only
45956820,"EAST QUINCY SUB, CIRCUIT BREAKERS",13,T,BRKR,,,,,left_only
45751555,"VIERRA SUB, CIRCUIT BREAKERS",14,T,BRKR,,,,,left_only
45812895,"VIERRA SUB, CIRCUIT BREAKERS",14,T,BRKR,,,,,left_only
45751553,"VIERRA SUB, CIRCUIT BREAKERS",14,T,BRKR,,,,,left_only
45779040,"VIERRA SUB, CIRCUIT BREAKERS",14,T,BRKR,,,,,left_only
45779042,"VIERRA SUB, CIRCUIT BREAKERS",14,T,BRKR,,,,,left_only
45812897,"VIERRA SUB, CIRCUIT BREAKERS",14,T,BRKR,,,,,left_only
