Equipment,Substation Name,"Reliability Risk Matrix (PoF,CoF)",line,type,Equipment Type,Date,Age,Failure Type,_merge
41013832,RECLAMATION DIST#2047,42,D,TXFR,,,,,left_only
41015294,RECLAMATION DIST#2047,42,D,TXFR,,,,,left_only
41160708,RECLAMATION DIST#999,42,D,TXFR,,,,,left_only
41160706,RECLAMATION DIST#999,42,D,TXFR,,,,,left_only
41160707,RECLAMATION DIST#999,42,D,TXFR,,,,,left_only
41013883,RUSS RANCH,43,D,TXFR,,,,,left_only
41013802,PLYMOUTH,43,D,TXFR,,,,,left_only
41014459,ESQUON,42,D,TXFR,,,,,left_only
41015314,DEVILS DEN,42,D,TXFR,,,,,left_only
41014279,WATERSHED,42,D,TXFR,,,,,left_only
41014280,WATERSHED,42,D,TXFR,,,,,left_only
41014789,WATERSHED,42,D,TXFR,,,,,left_only
41014471,GRAYS FLAT,41,D,TXFR,,,,,left_only
41138818,COLUMBIA HILL,42,D,TXFR,,,,,left_only
41138819,COLUMBIA HILL,42,D,TXFR,,,,,left_only
41014196,ARANA,42,D,TXFR,,,,,left_only
41014221,ARANA,42,D,TXFR,,,,,left_only
41014235,ARANA,42,D,TXFR,,,,,left_only
41014953,TOCALOMA,42,D,TXFR,,,,,left_only
41013430,MERCY SPRINGS,42,D,TXFR,,,,,left_only
41013431,MERCY SPRINGS,42,D,TXFR,,,,,left_only
41013429,MERCY SPRINGS,42,D,TXFR,,,,,left_only
41013095,HAMILTON A,42,D,TXFR,,,,,left_only
41012235,HAMILTON A,42,D,TXFR,,,,,left_only
41013096,HAMILTON A,42,D,TXFR,,,,,left_only
41012234,HAMILTON A,42,D,TXFR,,,,,left_only
41015087,BERKELEY T,43,D,TXFR,,,,,left_only
41011899,RECLAMATION DIST#108,42,D,TXFR,,,,,left_only
41013827,RECLAMATION DIST#108,42,D,TXFR,,,,,left_only
41012313,IUKA,42,D,TXFR,,,,,left_only
41013185,IUKA,42,D,TXFR,,,,,left_only
41013184,IUKA,42,D,TXFR,,,,,left_only
41013183,IUKA,42,D,TXFR,,,,,left_only
41011900,RECLAMATION DIST#108,42,D,TXFR,,,,,left_only
41014067,SHREDDER,42,D,TXFR,,,,,left_only
41012450,MAINE PRAIRIE,42,D,TXFR,,,,,left_only
41014617,SHREDDER,42,D,TXFR,,,,,left_only
41012449,MAINE PRAIRIE,42,D,TXFR,,,,,left_only
41012451,MAINE PRAIRIE,42,D,TXFR,,,,,left_only
41012583,BIG RIVER,42,D,TXFR,,,,,left_only
41012585,BIG RIVER,42,D,TXFR,,,,,left_only
41012582,BIG RIVER,42,D,TXFR,,,,,left_only
41014145,RIDGE,42,D,TXFR,,,,,left_only
41014149,RIDGE,42,D,TXFR,,,,,left_only
41014150,RIDGE,42,D,TXFR,,,,,left_only
41014146,RIDGE,42,D,TXFR,,,,,left_only
41014396,RIDGE,42,D,TXFR,,,,,left_only
41014151,RIDGE,42,D,TXFR,,,,,left_only
41015088,BERKELEY T,52,D,TXFR,,,,,left_only
41013689,OROVILLE,42,D,TXFR,,,,,left_only
41015048,BECK,43,D,TXFR,,,,,left_only
41012081,FLORENCE,53,D,TXFR,,,,,left_only
41011985,EIGHTH AVE,43,D,TXFR,,,,,left_only
41012034,FAIRMOUNT,43,D,TXFR,,,,,left_only
41014218,TUDOR,42,D,TXFR,,,,,left_only
41013826,RECLAMATION DIST#108,42,D,TXFR,,,,,left_only
41013662,PETALUMA A,42,D,TXFR,,,,,left_only
41013658,PETALUMA A,42,D,TXFR,,,,,left_only
41013665,PETALUMA A,42,D,TXFR,,,,,left_only
41013784,POINT ARENA,42,D,TXFR,,,,,left_only
41014668,CATLETT,42,D,TXFR,,,,,left_only
41013761,PITTSBURG,41,D,TXFR,,,,,left_only
41014595,WESTLAKE,43,D,TXFR,,,,,left_only
41014201,TOCALOMA,42,D,TXFR,,,,,left_only
41014665,CAMPHORA,42,D,TXFR,,,,,left_only
41014955,TOCALOMA,42,D,TXFR,,,,,left_only
41012664,CAMPHORA,42,D,TXFR,,,,,left_only
41012663,CAMPHORA,42,D,TXFR,,,,,left_only
41014954,TOCALOMA,42,D,TXFR,,,,,left_only
41012662,CAMPHORA,42,D,TXFR,,,,,left_only
41012869,DAIRYVILLE,42,D,TXFR,,,,,left_only
41014183,TERMINOUS,42,D,TXFR,,,,,left_only
41014781,TERMINOUS,42,D,TXFR,,,,,left_only
41012061,GRAYS FLAT,41,D,TXFR,,,,,left_only
41012060,GRAYS FLAT,41,D,TXFR,,,,,left_only
41013828,RECLAMATION DIST#1500,42,D,TXFR,,,,,left_only
41013829,RECLAMATION DIST#1500,42,D,TXFR,,,,,left_only
41013831,RECLAMATION DIST#1500,42,D,TXFR,,,,,left_only
41013747,PETALUMA A,42,D,TXFR,,,,,left_only
41013804,POINT ARENA,42,D,TXFR,,,,,left_only
41013473,OLETA,42,D,TXFR,,,,,left_only
41013472,OLETA,42,D,TXFR,,,,,left_only
41013474,OLETA,42,D,TXFR,,,,,left_only
41012473,ACTON,43,D,TXFR,,,,,left_only
41013274,LAYTONVILLE,42,D,TXFR,,,,,left_only
41013272,LAYTONVILLE,42,D,TXFR,,,,,left_only
41013275,LAYTONVILLE,42,D,TXFR,,,,,left_only
41012730,CHALLENGE,42,D,TXFR,,,,,left_only
41014427,CHALLENGE,42,D,TXFR,,,,,left_only
41012727,CHALLENGE,42,D,TXFR,,,,,left_only
41013688,OROVILLE,42,D,TXFR,,,,,left_only
41013567,OROVILLE,42,D,TXFR,,,,,left_only
41013687,OROVILLE,42,D,TXFR,,,,,left_only
41011984,18th STREET,43,D,TXFR,,,,,left_only
41014932,BANCROFT,43,D,TXFR,,,,,left_only
41014567,SIXTH AVE,43,D,TXFR,,,,,left_only
41012710,CASTRO,43,D,TXFR,,,,,left_only
41012711,CASTRO,43,D,TXFR,,,,,left_only
41013302,OAKLAND K (CLAREMONT),43,D,TXFR,,,,,left_only
41013307,OAKLAND K (CLAREMONT),43,D,TXFR,,,,,left_only
41013306,OAKLAND K (CLAREMONT),43,D,TXFR,,,,,left_only
41014241,VALLEJO C,42,D,TXFR,,,,,left_only
41013811,POTTER VALLEY PH,42,D,TXFR,,,,,left_only
41013377,MARYSVILLE,43,D,TXFR,,,,,left_only
41013378,MARYSVILLE,43,D,TXFR,,,,,left_only
41014549,RECLAMATION DIST#2047,42,D,TXFR,,,,,left_only
41013099,HAMILTON A,42,D,TXFR,,,,,left_only
41013097,HAMILTON A,42,D,TXFR,,,,,left_only
41013098,HAMILTON A,42,D,TXFR,,,,,left_only
41012612,BUCKS CREEK,42,D,TXFR,,,,,left_only
41012018,BUCKS CREEK,42,D,TXFR,,,,,left_only
41012019,BUCKS CREEK,42,D,TXFR,,,,,left_only
41013310,OAK,43,D,TXFR,,,,,left_only
41015117,BROOKSIDE,43,D,TXFR,,,,,left_only
41014073,SIXTH AVE,43,D,TXFR,,,,,left_only
41014388,MIRA VISTA,43,D,TXFR,,,,,left_only
41014262,RUSSELL,43,D,TXFR,,,,,left_only
41014375,YOSEMITE,43,D,TXFR,,,,,left_only
41014843,CHICO C,43,D,TXFR,,,,,left_only
41014224,TWENTY-FIRST AVE,43,D,TXFR,,,,,left_only
41012320,JUDAH,43,D,TXFR,,,,,left_only
41014524,NOVATO,43,D,TXFR,,,,,left_only
41014904,TARAVAL,43,D,TXFR,,,,,left_only
41014903,TARAVAL,42,D,TXFR,,,,,left_only
41014928,SULLIVAN,42,D,TXFR,,,,,left_only
41013376,OCEAN AVE,42,D,TXFR,,,,,left_only
41015247,COPPERMINE,42,D,TXFR,,,,,left_only
41012645,CADET,42,D,TXFR,,,,,left_only
41015248,COPPERMINE,42,D,TXFR,,,,,left_only
41012644,CADET,42,D,TXFR,,,,,left_only
41015246,COPPERMINE,42,D,TXFR,,,,,left_only
41014416,CADET,42,D,TXFR,,,,,left_only
41015097,BIOLA,42,D,TXFR,,,,,left_only
41015098,BIOLA,42,D,TXFR,,,,,left_only
41015099,BIOLA,42,D,TXFR,,,,,left_only
41012589,BLUE LAKE,42,D,TXFR,,,,,left_only
45489572,AG WISHON PH,42,D,TXFR,,,,,left_only
45489574,AG WISHON PH,42,D,TXFR,,,,,left_only
45489575,AG WISHON PH,42,D,TXFR,,,,,left_only
41138820,COLUMBIA HILL,42,D,TXFR,,,,,left_only
41013791,POINT ARENA,42,D,TXFR,,,,,left_only
41012941,ELK CREEK,42,D,TXFR,,,,,left_only
41012943,ELK CREEK,42,D,TXFR,,,,,left_only
41011987,ELK CREEK,42,D,TXFR,,,,,left_only
41013503,ORICK,41,D,TXFR,,,,,left_only
41013669,ORICK,41,D,TXFR,,,,,left_only
41013670,ORICK,41,D,TXFR,,,,,left_only
41013504,ORICK,41,D,TXFR,,,,,left_only
41012860,CROWS LANDING,41,D,TXFR,,,,,left_only
41012862,CROWS LANDING,41,D,TXFR,,,,,left_only
41012859,CROWS LANDING,41,D,TXFR,,,,,left_only
41015254,COPUS,41,D,TXFR,,,,,left_only
41014406,WOOD,33,D,TXFR,,,,,left_only
41012269,HOLLYWOOD,33,D,TXFR,,,,,left_only
41013820,RANDOLPH,43,D,TXFR,,,,,left_only
41013061,GONZALES,33,D,TXFR,,,,,left_only
41012321,JUDAH,33,D,TXFR,,,,,left_only
41012299,HARTLEY,33,D,TXFR,,,,,left_only
41015085,BERESFORD,32,D,TXFR,,,,,left_only
41014144,STOCKTON ACRES,32,D,TXFR,,,,,left_only
41012536,AVENA,32,D,TXFR,,,,,left_only
41013432,MERCY SPRINGS,32,D,TXFR,,,,,left_only
41012384,LIVINGSTON,32,D,TXFR,,,,,left_only
41014384,LIVINGSTON,32,D,TXFR,,,,,left_only
41012383,LIVINGSTON,32,D,TXFR,,,,,left_only
41012573,BIG BASIN,32,D,TXFR,,,,,left_only
41013262,LAURELES,32,D,TXFR,,,,,left_only
41013264,LAURELES,32,D,TXFR,,,,,left_only
41013263,LAURELES,32,D,TXFR,,,,,left_only
41013265,LAURELES,32,D,TXFR,,,,,left_only
41012854,Salt Springs PH,32,D,TXFR,,,,,left_only
41013676,ORLAND B,42,D,TXFR,,,,,left_only
41014821,ORLAND B,42,D,TXFR,,,,,left_only
41012851,SALT SPRINGS PH,32,D,TXFR,,,,,left_only
41012853,SALT SPRINGS PH,32,D,TXFR,,,,,left_only
41013677,ORLAND B,32,D,TXFR,,,,,left_only
41013182,INDUSTRIAL ACRES,32,D,TXFR,,,,,left_only
41014484,INDUSTRIAL ACRES,32,D,TXFR,,,,,left_only
41013180,INDUSTRIAL ACRES,32,D,TXFR,,,,,left_only
41013181,INDUSTRIAL ACRES,32,D,TXFR,,,,,left_only
41012581,BIG RIVER,32,D,TXFR,,,,,left_only
41012579,BIG RIVER,32,D,TXFR,,,,,left_only
41012584,BIG RIVER,32,D,TXFR,,,,,left_only
41013991,RADUM,32,D,TXFR,,,,,left_only
41014395,RADUM,32,D,TXFR,,,,,left_only
41013011,MERCED FALLS PH,32,D,TXFR,,,,,left_only
41013008,MERCED FALLS PH,32,D,TXFR,,,,,left_only
41013007,MERCED FALLS PH,32,D,TXFR,,,,,left_only
41011894,DOBBINS,32,D,TXFR,,,,,left_only
41012151,GEYSERVILLE,32,D,TXFR,,,,,left_only
41013016,GERBER,32,D,TXFR,,,,,left_only
41013015,GERBER,42,D,TXFR,,,,,left_only
41014689,GERBER,42,D,TXFR,,,,,left_only
41013856,RIO BRAVO,32,D,TXFR,,,,,left_only
41013855,RIO BRAVO,32,D,TXFR,,,,,left_only
41011892,DOBBINS,32,D,TXFR,,,,,left_only
41011895,DOBBINS,32,D,TXFR,,,,,left_only
41015269,CATLETT,32,D,TXFR,,,,,left_only
41015270,CATLETT,32,D,TXFR,,,,,left_only
41012870,DAIRYVILLE,32,D,TXFR,,,,,left_only
41012017,ESQUON,32,D,TXFR,,,,,left_only
41012953,ESQUON,32,D,TXFR,,,,,left_only
41012016,ESQUON,32,D,TXFR,,,,,left_only
41012333,KETTLEMAN HILLS,31,D,TXFR,,,,,left_only
41014078,SMYRNA,41,D,TXFR,,,,,left_only
41014294,WELLFIELD,31,D,TXFR,,,,,left_only
41012332,KETTLEMAN HILLS,31,D,TXFR,,,,,left_only
41012334,KETTLEMAN HILLS,31,D,TXFR,,,,,left_only
41014222,TWENTY-FIRST AVE,43,D,TXFR,,,,,left_only
41014302,WESTLAKE,33,D,TXFR,,,,,left_only
41014750,RANDOLPH,33,D,TXFR,,,,,left_only
41013806,PORTOLA,33,D,TXFR,,,,,left_only
41013375,OCEAN AVE,32,D,TXFR,,,,,left_only
41014422,CAROLANDS,32,D,TXFR,,,,,left_only
41015212,CELERON HILL,32,D,TXFR,,,,,left_only
41015211,CELERON HILL,32,D,TXFR,,,,,left_only
41015213,CELERON HILL,32,D,TXFR,,,,,left_only
41014254,VASCO,32,D,TXFR,,,,,left_only
41012594,MENDOCINO,32,D,TXFR,,,,,left_only
41012587,MENDOCINO,32,D,TXFR,,,,,left_only
41012596,MENDOCINO,32,D,TXFR,,,,,left_only
41014663,BURNEY,32,D,TXFR,,,,,left_only
41012633,BURNEY,32,D,TXFR,,,,,left_only
41014410,AVENA,32,D,TXFR,,,,,left_only
41012535,AVENA,32,D,TXFR,,,,,left_only
41012534,AVENA,32,D,TXFR,,,,,left_only
41013909,SAN BRUNO,32,D,TXFR,,,,,left_only
41013908,SAN BRUNO,32,D,TXFR,,,,,left_only
41014555,SAN BRUNO,32,D,TXFR,,,,,left_only
41013874,ROCKLIN,32,D,TXFR,,,,,left_only
41012634,BURNEY,32,D,TXFR,,,,,left_only
41013568,NAPA,32,D,TXFR,,,,,left_only
41015079,BELLE HAVEN,32,D,TXFR,,,,,left_only
41015071,BELLE HAVEN,42,D,TXFR,,,,,left_only
41015054,BELLE HAVEN,32,D,TXFR,,,,,left_only
41012557,BELLE HAVEN,32,D,TXFR,,,,,left_only
41013374,MARSH,32,D,TXFR,,,,,left_only
41014506,MERCY SPRINGS,32,D,TXFR,,,,,left_only
41012647,CALAVERAS CEMENT,32,D,TXFR,,,,,left_only
41012646,CALAVERAS CEMENT,32,D,TXFR,,,,,left_only
41014417,CALAVERAS CEMENT,32,D,TXFR,,,,,left_only
41014726,SAN BRUNO,32,D,TXFR,,,,,left_only
41014729,SAN BRUNO,32,D,TXFR,,,,,left_only
41014721,SAN BRUNO,32,D,TXFR,,,,,left_only
41014768,AUBURN,32,D,TXFR,,,,,left_only
41012532,AUBURN,32,D,TXFR,,,,,left_only
41014753,AUBURN,32,D,TXFR,,,,,left_only
41013268,LAYTONVILLE,32,D,TXFR,,,,,left_only
41013269,LAYTONVILLE,32,D,TXFR,,,,,left_only
41012312,INDIAN FLAT,32,D,TXFR,,,,,left_only
41014383,INDIAN FLAT,32,D,TXFR,,,,,left_only
41012311,INDIAN FLAT,32,D,TXFR,,,,,left_only
41012176,GIFFEN,31,D,TXFR,,,,,left_only
41012175,GIFFEN,31,D,TXFR,,,,,left_only
41012172,GIFFEN,31,D,TXFR,,,,,left_only
41012990,FRENCH GULCH,31,D,TXFR,,,,,left_only
41012992,FRENCH GULCH,31,D,TXFR,,,,,left_only
41015154,CALFLAX,41,D,TXFR,,,,,left_only
41012991,FRENCH GULCH,31,D,TXFR,,,,,left_only
41013244,LAKEVIEW,31,D,TXFR,,,,,left_only
41013245,LAKEVIEW,41,D,TXFR,,,,,left_only
41013246,LAKEVIEW,31,D,TXFR,,,,,left_only
41012453,MAPLE CREEK,31,D,TXFR,,,,,left_only
41014502,MAPLE CREEK,31,D,TXFR,,,,,left_only
41013368,MAPLE CREEK,31,D,TXFR,,,,,left_only
41012452,MAPLE CREEK,31,D,TXFR,,,,,left_only
41012932,EL CAPITAN,33,D,TXFR,,,,,left_only
41013291,OAKLAND X,33,D,TXFR,,,,,left_only
41012013,ARLINGTON,33,D,TXFR,,,,,left_only
41015010,WALL,33,D,TXFR,,,,,left_only
41014841,SARANAP,33,D,TXFR,,,,,left_only
41012197,GILL,33,D,TXFR,,,,,left_only
41014376,YOSEMITE,33,D,TXFR,,,,,left_only
41015012,WALDO,53,D,TXFR,,,,,left_only
41014814,BANCROFT,33,D,TXFR,,,,,left_only
41013722,PARSONS,33,D,TXFR,,,,,left_only
41011919,EAST GRAND,33,D,TXFR,,,,,left_only
41014929,BABEL,33,D,TXFR,,,,,left_only
41012031,EAST GRAND,33,D,TXFR,,,,,left_only
41013111,HARDING,33,D,TXFR,,,,,left_only
41012030,MIRA VISTA,33,D,TXFR,,,,,left_only
41012484,ALTO,33,D,TXFR,,,,,left_only
41012483,ALTO,43,D,TXFR,,,,,left_only
41012487,ALTO,43,D,TXFR,,,,,left_only
41012570,BEN LOMOND,32,D,TXFR,,,,,left_only
41013000,COTATI,33,D,TXFR,,,,,left_only
41013381,MARYSVILLE,33,D,TXFR,,,,,left_only
41013379,MARYSVILLE,33,D,TXFR,,,,,left_only
41331810,BALCH PH #2,32,D,TXFR,,,,,left_only
41013341,MABURY,32,D,TXFR,,,,,left_only
41012438,MABURY,32,D,TXFR,,,,,left_only
41013340,MABURY,32,D,TXFR,,,,,left_only
41013174,NAPA,32,D,TXFR,,,,,left_only
41013570,NAVY LAB,32,D,TXFR,,,,,left_only
41013573,NAVY SCHOOL,32,D,TXFR,,,,,left_only
41013072,GRASS VALLEY,42,D,TXFR,,,,,left_only
41012820,CORDELIA,32,D,TXFR,,,,,left_only
41013572,NAVY SCHOOL,32,D,TXFR,,,,,left_only
41012206,GRASS VALLEY,52,D,TXFR,,,,,left_only
41013569,NAVY LAB,32,D,TXFR,,,,,left_only
41013830,RECLAMATION DIST#1500,32,D,TXFR,,,,,left_only
41013571,NAVY LAB,32,D,TXFR,,,,,left_only
41013428,MERCY SPRINGS,32,D,TXFR,,,,,left_only
41014520,NAVY SCHOOL,32,D,TXFR,,,,,left_only
41013073,GRASS VALLEY,32,D,TXFR,,,,,left_only
41014402,SAN BRUNO,32,D,TXFR,,,,,left_only
41012407,LIVERMORE,32,D,TXFR,,,,,left_only
41012406,LIVERMORE,42,D,TXFR,,,,,left_only
41014615,SHADY GLEN,32,D,TXFR,,,,,left_only
41014614,SHADY GLEN,32,D,TXFR,,,,,left_only
41330185,BALCH PH #1,32,D,TXFR,,,,,left_only
41330188,BALCH PH #2,32,D,TXFR,,,,,left_only
41330154,BALCH PH #1,32,D,TXFR,,,,,left_only
41013271,LAYTONVILLE,32,D,TXFR,,,,,left_only
41012400,LOYOLA,32,D,TXFR,,,,,left_only
41012401,LOYOLA,32,D,TXFR,,,,,left_only
41012402,LOYOLA,32,D,TXFR,,,,,left_only
41012632,BURNEY,32,D,TXFR,,,,,left_only
41012152,GEYSERVILLE,32,D,TXFR,,,,,left_only
41012221,HOPLAND,32,D,TXFR,,,,,left_only
41012858,COVELO,32,D,TXFR,,,,,left_only
41015279,COVELO,32,D,TXFR,,,,,left_only
41015280,COVELO,32,D,TXFR,,,,,left_only
41014957,TAR FLAT,32,D,TXFR,,,,,left_only
41013854,RIO BRAVO,32,D,TXFR,,,,,left_only
41015259,CARLOTTA,42,D,TXFR,,,,,left_only
41015258,CARLOTTA,32,D,TXFR,,,,,left_only
41015257,CARLOTTA,52,D,TXFR,,,,,left_only
41012786,COLONY,32,D,TXFR,,,,,left_only
41012238,ORO LOMA,32,D,TXFR,,,,,left_only
41012788,COLONY,32,D,TXFR,,,,,left_only
41012789,COLONY,32,D,TXFR,,,,,left_only
41013668,OREGON TRAIL,32,D,TXFR,TXFR,2026-05-06,,JIT,both
41014174,TEJON,42,D,TXFR,,,,,left_only
41013667,OREGON TRAIL,32,D,TXFR,TXFR,2026-05-06,,JIT,both
41012240,ORO LOMA,32,D,TXFR,,,,,left_only
41012239,ORO LOMA,32,D,TXFR,,,,,left_only
41015151,FORT ROSS,32,D,TXFR,,,,,left_only
41012985,FORT ROSS,42,D,TXFR,,,,,left_only
41012986,FORT ROSS,32,D,TXFR,,,,,left_only
41012082,FORT ROSS,32,D,TXFR,,,,,left_only
41014182,TERMINOUS,32,D,TXFR,,,,,left_only
41014077,SMYRNA,31,D,TXFR,,,,,left_only
41014079,SMYRNA,31,D,TXFR,,,,,left_only
41015155,CALFLAX,41,D,TXFR,,,,,left_only
41014651,ANNAPOLIS,31,D,TXFR,,,,,left_only
41012497,ANNAPOLIS,31,D,TXFR,,,,,left_only
41013383,MAXWELL,31,D,TXFR,,,,,left_only
41012496,ANNAPOLIS,31,D,TXFR,,,,,left_only
41014498,LOS COCHES,31,D,TXFR,,,,,left_only
41013326,LOS COCHES,31,D,TXFR,,,,,left_only
41013633,OAKLAND I,43,D,TXFR,,,,,left_only
41014074,SIXTH AVE,33,D,TXFR,,,,,left_only
41013819,RANDOLPH,33,D,TXFR,,,,,left_only
41014924,STUART,33,D,TXFR,,,,,left_only
41014840,SOQUEL,33,D,TXFR,,,,,left_only
41012510,ARANA,33,D,TXFR,,,,,left_only
41013695,PACIFIC GROVE,33,D,TXFR,,,,,left_only
41015265,CASSERLY,32,D,TXFR,,,,,left_only
41012123,WALNUT CREEK,32,D,TXFR,,,,,left_only
41015015,WALNUT CREEK,32,D,TXFR,,,,,left_only
41015041,WILLITS A,33,D,TXFR,,,,,left_only
41014328,WILLITS A,33,D,TXFR,,,,,left_only
41015039,WILLITS A,33,D,TXFR,,,,,left_only
41015040,WILLITS A,33,D,TXFR,,,,,left_only
41012773,CLOVERDALE,33,D,TXFR,,,,,left_only
41012771,CLOVERDALE,33,D,TXFR,,,,,left_only
41012772,CLOVERDALE,33,D,TXFR,,,,,left_only
41012770,CLOVERDALE,33,D,TXFR,,,,,left_only
41014131,REDWOOD CITY,32,D,TXFR,,,,,left_only
41014142,REDWOOD CITY,32,D,TXFR,,,,,left_only
41014121,REDWOOD CITY,32,D,TXFR,,,,,left_only
41012268,HILLSDALE,32,D,TXFR,,,,,left_only
41012267,HILLSDALE,32,D,TXFR,,,,,left_only
41013147,HILLSDALE,32,D,TXFR,,,,,left_only
41012338,OLD KEARNEY,32,D,TXFR,,,,,left_only
41012342,OLD KEARNEY,32,D,TXFR,,,,,left_only
41012343,OLD KEARNEY,32,D,TXFR,,,,,left_only
41014411,BIG MEADOWS,32,D,TXFR,,,,,left_only
41012577,BIG MEADOWS,32,D,TXFR,,,,,left_only
41012578,BIG MEADOWS,32,D,TXFR,,,,,left_only
41014274,WASCO,32,D,TXFR,,,,,left_only
41014273,WASCO,32,D,TXFR,,,,,left_only
41014272,WASCO,32,D,TXFR,,,,,left_only
41013417,ORLAND B,32,D,TXFR,,,,,left_only
41013418,ORLAND B,32,D,TXFR,,,,,left_only
41014057,SHADY GLEN,32,D,TXFR,,,,,left_only
41014006,RALSTON,32,D,TXFR,,,,,left_only
41014012,RALSTON,32,D,TXFR,,,,,left_only
41014010,RALSTON,32,D,TXFR,,,,,left_only
41013672,PHILO,32,D,TXFR,,,,,left_only
41013678,PHILO,32,D,TXFR,,,,,left_only
41014252,VASCO,32,D,TXFR,,,,,left_only
41014786,VASCO,42,D,TXFR,,,,,left_only
41014251,VASCO,32,D,TXFR,,,,,left_only
41012636,BURNEY,32,D,TXFR,,,,,left_only
41012635,BURNEY,32,D,TXFR,,,,,left_only
41013758,PINE GROVE,32,D,TXFR,TXFR,2026-01-30,,JIT,both
41014742,PINE GROVE,32,D,TXFR,TXFR,2026-01-30,,JIT,both
41013759,PINE GROVE,32,D,TXFR,TXFR,2026-01-30,,JIT,both
41014979,UPPER LAKE,32,D,TXFR,,,,,left_only
41014980,UPPER LAKE,32,D,TXFR,,,,,left_only
41014981,UPPER LAKE,32,D,TXFR,,,,,left_only
41015124,BARRY,32,D,TXFR,,,,,left_only
41015126,BARRY,32,D,TXFR,,,,,left_only
41015127,BARRY,32,D,TXFR,,,,,left_only
41014943,TEJON,32,D,TXFR,,,,,left_only
41014944,TEJON,32,D,TXFR,,,,,left_only
41014959,TAR FLAT,32,D,TXFR,,,,,left_only
41014958,TAR FLAT,32,D,TXFR,,,,,left_only
41012495,ANITA,32,D,TXFR,,,,,left_only
41013691,ANITA,42,D,TXFR,,,,,left_only
41012493,ANITA,32,D,TXFR,,,,,left_only
41012863,CUYAMA,31,D,TXFR,,,,,left_only
41012864,CUYAMA,31,D,TXFR,,,,,left_only
41013325,LOS COCHES,31,D,TXFR,,,,,left_only
41012838,MENLO,33,D,TXFR,,,,,left_only
41014848,MAPLE,33,D,TXFR,,,,,left_only
41014940,TARAVAL,33,D,TXFR,,,,,left_only
41014695,HARDING,33,D,TXFR,,,,,left_only
41013805,PORTOLA,33,D,TXFR,,,,,left_only
41012014,ERTA,33,D,TXFR,,,,,left_only
41012553,BEACH STREET,32,D,TXFR,,,,,left_only
41012084,SAN CARLOS,33,D,TXFR,,,,,left_only
41014732,SAN CARLOS,33,D,TXFR,,,,,left_only
41014735,SAN CARLOS,33,D,TXFR,,,,,left_only
41014657,BELLE HAVEN,33,D,TXFR,,,,,left_only
41012556,BELLE HAVEN,33,D,TXFR,,,,,left_only
41012555,BELLE HAVEN,33,D,TXFR,,,,,left_only
41013373,MARSH,32,D,TXFR,,,,,left_only
41012821,CORDELIA,32,D,TXFR,,,,,left_only
41014717,MARSH,32,D,TXFR,,,,,left_only
41015244,CORDELIA,32,D,TXFR,,,,,left_only
41015243,CORDELIA,32,D,TXFR,,,,,left_only
41015242,CORDELIA,32,D,TXFR,,,,,left_only
41013425,ORLAND B,32,D,TXFR,,,,,left_only
41013988,RADUM,32,D,TXFR,,,,,left_only
41013981,RADUM,32,D,TXFR,,,,,left_only
41013982,RADUM,32,D,TXFR,,,,,left_only
41015023,WEIMAR,32,D,TXFR,,,,,left_only
41015022,WEIMAR,32,D,TXFR,,,,,left_only
41015021,WEIMAR,32,D,TXFR,,,,,left_only
41014290,WEIMAR,32,D,TXFR,,,,,left_only
41013638,PEACHTON,32,D,TXFR,,,,,left_only
41013640,PEACHTON,32,D,TXFR,,,,,left_only
41013639,PEACHTON,32,D,TXFR,,,,,left_only
41014961,TAR FLAT,32,D,TXFR,,,,,left_only
41015186,CALFLAX,41,D,TXFR,,,,,left_only
41013327,LOS COCHES,31,D,TXFR,,,,,left_only
41015086,BERESFORD,33,D,TXFR,,,,,left_only
41015316,HILLSDALE,32,D,TXFR,,,,,left_only
41012657,WEST POINT PH,32,D,TXFR,,,,,left_only
41013914,WEST POINT PH,32,D,TXFR,,,,,left_only
41012656,WEST POINT PH,32,D,TXFR,,,,,left_only
41013915,WEST POINT PH,32,D,TXFR,,,,,left_only
41013349,MADISON,33,D,TXFR,,,,,left_only
41013270,LAYTONVILLE,52,D,TXFR,,,,,left_only
41013576,NEW HOPE,42,D,TXFR,,,,,left_only
41012116,FITCH MTN,33,D,TXFR,,,,,left_only
41012315,JANES CREEK,33,D,TXFR,,,,,left_only
41014871,OROVILLE,33,D,TXFR,,,,,left_only
41014984,URICH,32,D,TXFR,,,,,left_only
41014982,URICH,32,D,TXFR,,,,,left_only
41014983,URICH,32,D,TXFR,TXFR,2026-03-17,,JIT,both
41014986,URICH,32,D,TXFR,,,,,left_only
41013823,RAWSON,32,D,TXFR,,,,,left_only
41013824,RAWSON,32,D,TXFR,,,,,left_only
41013825,RAWSON,32,D,TXFR,,,,,left_only
41015009,BASALT,32,D,TXFR,,,,,left_only
41015291,BASALT,32,D,TXFR,,,,,left_only
41015013,BASALT,32,D,TXFR,,,,,left_only
41011982,EEL RIVER,32,D,TXFR,,,,,left_only
41012928,EEL RIVER,32,D,TXFR,,,,,left_only
41011983,EEL RIVER,32,D,TXFR,,,,,left_only
41012103,FRUITVALE,32,D,TXFR,,,,,left_only
41012100,FRUITVALE,32,D,TXFR,,,,,left_only
41012101,FRUITVALE,32,D,TXFR,,,,,left_only
41013575,NEW HOPE,32,D,TXFR,,,,,left_only
41013574,NEW HOPE,32,D,TXFR,,,,,left_only
41014639,SAN FRAN P(HUNTERS POINT),34,D,TXFR,,,,,left_only
41014697,SAN JOSE A,23,D,TXFR,,,,,left_only
41014703,SAN JOSE A,23,D,TXFR,,,,,left_only
41014113,STAUFFER,23,D,TXFR,,,,,left_only
41014783,VALLECITOS,33,D,TXFR,,,,,left_only
41015264,CRUSHER,23,D,TXFR,,,,,left_only
41013411,MENDOCINO,22,D,TXFR,,,,,left_only
41013637,PEACHTON,32,D,TXFR,,,,,left_only
41013636,PEACHTON,32,D,TXFR,,,,,left_only
41013739,PEACHTON,32,D,TXFR,,,,,left_only
41013370,MARICOPA,32,D,TXFR,,,,,left_only
41013369,MARICOPA,22,D,TXFR,,,,,left_only
41013371,MARICOPA,32,D,TXFR,,,,,left_only
41012703,CARRIZO PLAINS,22,D,TXFR,,,,,left_only
41012026,SAN ANDREAS,23,D,TXFR,,,,,left_only
41012713,MIRABEL,33,D,TXFR,,,,,left_only
41012848,MONTICELLO,23,D,TXFR,,,,,left_only
41013199,JOLON,33,D,TXFR,,,,,left_only
41013798,PLAINFIELD,23,D,TXFR,,,,,left_only
41012843,MONTICELLO,22,D,TXFR,,,,,left_only
41013085,MARTELL,22,D,TXFR,,,,,left_only
41013081,MARTELL,42,D,TXFR,,,,,left_only
41013178,NAPA,22,D,TXFR,,,,,left_only
41014385,LIVERMORE,22,D,TXFR,,,,,left_only
41015107,BLUE LAKE,22,D,TXFR,,,,,left_only
41015106,BLUE LAKE,22,D,TXFR,,,,,left_only
41015105,BLUE LAKE,22,D,TXFR,,,,,left_only
41012631,BURNEY,32,D,TXFR,,,,,left_only
41012511,ARBUCKLE,42,D,TXFR,,,,,left_only
41012868,DAIRYVILLE,32,D,TXFR,,,,,left_only
41012465,MAXWELL,21,D,TXFR,,,,,left_only
41012469,MAXWELL,21,D,TXFR,,,,,left_only
41012467,MAXWELL,21,D,TXFR,,,,,left_only
41014293,WELLFIELD,31,D,TXFR,,,,,left_only
41014292,WELLFIELD,21,D,TXFR,,,,,left_only
41014155,SYCAMORE CREEK,43,D,TXFR,,,,,left_only
41013092,GUSTINE,23,D,TXFR,,,,,left_only
41013093,GUSTINE,23,D,TXFR,,,,,left_only
41014737,OTTER,23,D,TXFR,,,,,left_only
41012855,COUNTRY CLUB,23,D,TXFR,,,,,left_only
41014734,OILFIELDS,22,D,TXFR,,,,,left_only
41013653,OILFIELDS,22,D,TXFR,,,,,left_only
41013654,OILFIELDS,22,D,TXFR,,,,,left_only
41014450,DUNBAR,22,D,TXFR,,,,,left_only
41012276,DUNBAR,22,D,TXFR,,,,,left_only
41012907,DUNBAR,22,D,TXFR,,,,,left_only
41012917,EAST QUINCY,22,D,TXFR,,,,,left_only
41012993,FROGTOWN,22,D,TXFR,,,,,left_only
41014687,FROGTOWN,22,D,TXFR,,,,,left_only
41012995,FROGTOWN,22,D,TXFR,,,,,left_only
41012058,EAST QUINCY,22,D,TXFR,,,,,left_only
41012057,EAST QUINCY,22,D,TXFR,,,,,left_only
41014692,GEYSERVILLE,22,D,TXFR,,,,,left_only
41014575,STELLING,23,D,TXFR,,,,,left_only
41012226,HALF MOON BAY,23,D,TXFR,,,,,left_only
41012856,COUNTRY CLUB,23,D,TXFR,,,,,left_only
41014677,COUNTRY CLUB,23,D,TXFR,,,,,left_only
41014511,MONARCH,23,D,TXFR,,,,,left_only
41013911,SAN CARLOS,23,D,TXFR,,,,,left_only
41013356,MANTECA,23,D,TXFR,,,,,left_only
41013364,MANTECA,23,D,TXFR,,,,,left_only
41013360,MANTECA,23,D,TXFR,,,,,left_only
41014501,MANTECA,23,D,TXFR,,,,,left_only
41014540,PETALUMA C,22,D,TXFR,,,,,left_only
41013748,PETALUMA C,22,D,TXFR,,,,,left_only
41013941,PETALUMA C,22,D,TXFR,,,,,left_only
41014139,STOCKTON A,22,D,TXFR,,,,,left_only
41012005,STOCKTON A,22,D,TXFR,,,,,left_only
41012004,STOCKTON A,22,D,TXFR,,,,,left_only
41014138,STOCKTON A,22,D,TXFR,,,,,left_only
41014133,STOCKTON A,22,D,TXFR,,,,,left_only
41014779,STOCKTON A,22,D,TXFR,,,,,left_only
41013904,SAN ARDO,22,D,TXFR,,,,,left_only
41013902,SAN ARDO,22,D,TXFR,,,,,left_only
41013903,SAN ARDO,22,D,TXFR,,,,,left_only
41014542,PITTSBURG,31,D,TXFR,,,,,left_only
41014236,ROSSMOOR,24,D,TXFR,,,,,left_only
41013248,LAKEVILLE,23,D,TXFR,,,,,left_only
41013198,JESSUP,43,D,TXFR,,,,,left_only
41012371,LOCKHEED #2,23,D,TXFR,,,,,left_only
41014373,WYANDOTTE,23,D,TXFR,,,,,left_only
41012877,NEWBURG,23,D,TXFR,,,,,left_only
41014440,COUNTRY CLUB,23,D,TXFR,,,,,left_only
41014304,WESTLANDS,23,D,TXFR,,,,,left_only
41014013,RALSTON,23,D,TXFR,,,,,left_only
41013454,METTLER,33,D,TXFR,,,,,left_only
41014276,WATERLOO,33,D,TXFR,,,,,left_only
41013348,MADISON,23,D,TXFR,,,,,left_only
41014850,ALPAUGH,23,D,TXFR,,,,,left_only
41014650,ALTO,23,D,TXFR,,,,,left_only
41013200,KANAKA,22,D,TXFR,,,,,left_only
41015268,COTATI,22,D,TXFR,,,,,left_only
41015267,COTATI,22,D,TXFR,,,,,left_only
41015266,COTATI,22,D,TXFR,,,,,left_only
41015111,BOGARD,22,D,TXFR,,,,,left_only
41012572,BIG BASIN,22,D,TXFR,,,,,left_only
41015090,BIG BASIN,22,D,TXFR,,,,,left_only
41015091,BIG BASIN,22,D,TXFR,,,,,left_only
41014341,WILLOWS A,22,D,TXFR,,,,,left_only
41014896,WILLOWS A,22,D,TXFR,,,,,left_only
41014602,WILLOWS A,22,D,TXFR,,,,,left_only
41014797,WILLOWS A,22,D,TXFR,,,,,left_only
41015145,RIO DELL,22,D,TXFR,,,,,left_only
41015143,RIO DELL,22,D,TXFR,,,,,left_only
41015144,RIO DELL,22,D,TXFR,,,,,left_only
41014591,VASCO,22,D,TXFR,,,,,left_only
41014253,VASCO,22,D,TXFR,,,,,left_only
41013989,RADUM,22,D,TXFR,,,,,left_only
41013905,SAN ARDO,22,D,TXFR,,,,,left_only
41013713,PANORAMA,33,D,TXFR,,,,,left_only
41014816,CANTUA,23,D,TXFR,,,,,left_only
41014490,KONOCTI,23,D,TXFR,,,,,left_only
41014866,LIVE OAK,23,D,TXFR,,,,,left_only
41013838,RED BLUFF,23,D,TXFR,,,,,left_only
41013840,REDBUD,23,D,TXFR,,,,,left_only
41013839,REDBUD,23,D,TXFR,,,,,left_only
41014102,STAGG,22,D,TXFR,,,,,left_only
41014124,ARBUCKLE,22,D,TXFR,,,,,left_only
41014066,ARBUCKLE,22,D,TXFR,,,,,left_only
41014093,ARBUCKLE,22,D,TXFR,,,,,left_only
41013738,PEACHTON,42,D,TXFR,,,,,left_only
41013169,HUMBOLDT BAY,23,D,TXFR,,,,,left_only
41014875,DERRICK,33,D,TXFR,,,,,left_only
41013067,GRAND ISLAND,23,D,TXFR,,,,,left_only
41013066,GRAND ISLAND,53,D,TXFR,,,,,left_only
41013151,ALHAMBRA,23,D,TXFR,,,,,left_only
41014873,COALINGA #1,23,D,TXFR,,,,,left_only
41013696,PACIFIC GROVE,23,D,TXFR,,,,,left_only
41012751,WATSONVILLE,22,D,TXFR,,,,,left_only
41015200,CLEAR LAKE,22,D,TXFR,,,,,left_only
41015198,CLEAR LAKE,22,D,TXFR,,,,,left_only
41015199,CLEAR LAKE,22,D,TXFR,,,,,left_only
41013666,OREGON TRAIL,32,D,TXFR,TXFR,2026-05-06,,JIT,both
41013760,PITTSBURG,31,D,TXFR,,,,,left_only
41013762,PITTSBURG,31,D,TXFR,,,,,left_only
41014034,REDBUD,23,D,TXFR,,,,,left_only
41014538,PEASE,23,D,TXFR,,,,,left_only
41012834,CORTINA,52,D,TXFR,,,,,left_only
41014327,SAN FRAN E,23,D,TXFR,,,,,left_only
41014312,SAN FRAN E,23,D,TXFR,,,,,left_only
41013913,SAN FRAN E,23,D,TXFR,,,,,left_only
41014310,SAN FRAN E,23,D,TXFR,,,,,left_only
41014317,SAN FRAN E,23,D,TXFR,,,,,left_only
41014309,SAN FRAN E,23,D,TXFR,,,,,left_only
41014323,SAN FRAN E,23,D,TXFR,,,,,left_only
41013878,BIG RIVER,22,D,TXFR,,,,,left_only
41013872,ROCKLIN,22,D,TXFR,,,,,left_only
41015032,WHEATLAND,22,D,TXFR,,,,,left_only
41015031,WHEATLAND,42,D,TXFR,,,,,left_only
41014597,WHEATLAND,22,D,TXFR,,,,,left_only
41015033,WHEATLAND,22,D,TXFR,,,,,left_only
41014368,VACA DIXON,23,D,TXFR,,,,,left_only
41012165,WOODLAND,23,D,TXFR,,,,,left_only
41012007,BAYSHORE,23,D,TXFR,,,,,left_only
41015142,BAYSHORE,23,D,TXFR,,,,,left_only
41014070,SILVERADO,23,D,TXFR,,,,,left_only
41014464,GALLO,23,D,TXFR,,,,,left_only
41014165,TAFT,23,D,TXFR,,,,,left_only
41011912,BERRENDA A,23,D,TXFR,,,,,left_only
41012396,LOS ALTOS,23,D,TXFR,,,,,left_only
41014056,RESERVE OIL,23,D,TXFR,,,,,left_only
41012395,LOS ALTOS,23,D,TXFR,,,,,left_only
41012480,ALPINE,22,D,TXFR,,,,,left_only
41012479,ALPINE,22,D,TXFR,,,,,left_only
41012481,ALPINE,22,D,TXFR,,,,,left_only
41014649,ALPINE,22,D,TXFR,,,,,left_only
41012537,BAHIA,24,D,TXFR,,,,,left_only
41014942,BAHIA,24,D,TXFR,,,,,left_only
41011945,BELLEVUE,33,D,TXFR,,,,,left_only
41012968,FOOTHILL,23,D,TXFR,,,,,left_only
41012912,EAST MARYSVILLE,43,D,TXFR,,,,,left_only
41013864,RIVER ROCK,23,D,TXFR,,,,,left_only
41012720,CAWELO C,23,D,TXFR,,,,,left_only
41012569,BELLRIDGE 1B,23,D,TXFR,,,,,left_only
41014978,UKIAH,23,D,TXFR,,,,,left_only
41013222,KING CITY,23,D,TXFR,,,,,left_only
41014110,STAGG,22,D,TXFR,,,,,left_only
41014107,STAGG,22,D,TXFR,,,,,left_only
41014775,STAGG,22,D,TXFR,,,,,left_only
41013942,PETALUMA C,22,D,TXFR,,,,,left_only
41014016,ROCKLIN,22,D,TXFR,,,,,left_only
41012818,MILPITAS,43,D,TXFR,,,,,left_only
41014558,SAN LEANDRO U,23,D,TXFR,,,,,left_only
41014298,WEST SACRAMENTO,33,D,TXFR,,,,,left_only
41011914,VALLEY VIEW,23,D,TXFR,,,,,left_only
41014097,STAFFORD,23,D,TXFR,,,,,left_only
41012702,CARQUINEZ,23,D,TXFR,,,,,left_only
41015292,BELLE HAVEN,23,D,TXFR,,,,,left_only
41013299,OAKLAND K (CLAREMONT),23,D,TXFR,,,,,left_only
41013869,RIVERBANK,23,D,TXFR,,,,,left_only
41013867,RIVERBANK,23,D,TXFR,,,,,left_only
41013870,RIVERBANK,23,D,TXFR,,,,,left_only
41012447,MADERA,23,D,TXFR,,,,,left_only
41012446,MADERA,22,D,TXFR,,,,,left_only
41012445,MADERA,22,D,TXFR,,,,,left_only
41013423,STANISLAUS PH,22,D,TXFR,,,,,left_only
41013422,STANISLAUS PH,22,D,TXFR,,,,,left_only
41013421,STANISLAUS PH,22,D,TXFR,,,,,left_only
41013424,STANISLAUS PH,22,D,TXFR,,,,,left_only
41013990,SAN LEANDRO U,23,D,TXFR,,,,,left_only
41014776,STELLING,23,D,TXFR,,,,,left_only
41014216,ROB ROY,23,D,TXFR,,,,,left_only
41135834,KIRKER,23,D,TXFR,,,,,left_only
41014795,WESTPARK,33,D,TXFR,,,,,left_only
41011997,EL CERRITO G,23,D,TXFR,,,,,left_only
41011998,EL CERRITO G,23,D,TXFR,,,,,left_only
41013476,MILLBRAE,23,D,TXFR,,,,,left_only
41012277,EL CAPITAN,23,D,TXFR,,,,,left_only
41013579,PACIFICA,23,D,TXFR,,,,,left_only
41012006,EL PECO,22,D,TXFR,,,,,left_only
41012519,ASHLAN AVE,24,D,TXFR,,,,,left_only
41012906,DUMBARTON,24,D,TXFR,,,,,left_only
41013493,VACA DIXON,23,D,TXFR,,,,,left_only
41014696,SAN JOSE A,23,D,TXFR,,,,,left_only
41014493,LAS POSITAS,53,D,TXFR,,,,,left_only
41012393,LOGAN CREEK,23,D,TXFR,,,,,left_only
41013912,AMES,23,D,TXFR,,,,,left_only
41014157,SYCAMORE CREEK,23,D,TXFR,,,,,left_only
41015051,WESTPARK,53,D,TXFR,,,,,left_only
41015005,VACAVILLE,23,D,TXFR,,,,,left_only
41011928,EMBARCADERO,23,D,TXFR,,,,,left_only
41011926,SAN FRAN Z (EMBARCADERO),23,D,TXFR,,,,,left_only
41011954,EAST PORTAL,23,D,TXFR,,,,,left_only
41013258,OAKLAND D,23,D,TXFR,,,,,left_only
41015034,WHISMAN,23,D,TXFR,,,,,left_only
41131166,ROUND MTN,23,D,TXFR,,,,,left_only
41131168,ROUND MTN,23,D,TXFR,,,,,left_only
41131165,ROUND MTN,23,D,TXFR,,,,,left_only
41012576,MEADOW LANE,54,D,TXFR,,,,,left_only
41012531,MCKEE,24,D,TXFR,,,,,left_only
41013353,OAKLAND D,24,D,TXFR,,,,,left_only
41014733,OAKLAND D,23,D,TXFR,,,,,left_only
41014387,MALAGA,43,D,TXFR,,,,,left_only
41014925,SUISUN,23,D,TXFR,,,,,left_only
41014565,SERRAMONTE,23,D,TXFR,,,,,left_only
41014318,WHISMAN,23,D,TXFR,,,,,left_only
41117001,FRUITVALE,23,D,TXFR,,,,,left_only
41013273,OAKLAND L,23,D,TXFR,,,,,left_only
41014931,SWIFT,23,D,TXFR,,,,,left_only
41015158,CARQUINEZ,23,D,TXFR,,,,,left_only
41014941,TECUYA,23,D,TXFR,,,,,left_only
41015189,CHARCA,23,D,TXFR,,,,,left_only
41013612,OAKHURST,23,D,TXFR,,,,,left_only
41012796,MI WUK,23,D,TXFR,,,,,left_only
41012807,MI WUK,23,D,TXFR,,,,,left_only
41012802,MI WUK,23,D,TXFR,,,,,left_only
41013332,COTATI,23,D,TXFR,,,,,left_only
41013001,COTATI,23,D,TXFR,,,,,left_only
41012999,COTATI,23,D,TXFR,,,,,left_only
41012866,CUYAMA,31,D,TXFR,,,,,left_only
41012865,CUYAMA,21,D,TXFR,,,,,left_only
41015253,COPUS,31,D,TXFR,,,,,left_only
41015255,COPUS,31,D,TXFR,,,,,left_only
41012360,LAKEWOOD,24,D,TXFR,,,,,left_only
41014518,MT. EDEN,24,D,TXFR,,,,,left_only
41012931,EL CAPITAN,24,D,TXFR,,,,,left_only
41014358,WOLFE,23,D,TXFR,,,,,left_only
41014988,VALLEY VIEW,23,D,TXFR,,,,,left_only
41011908,DUMBARTON,23,D,TXFR,,,,,left_only
41014658,BELLRIDGE 1A,53,D,TXFR,,,,,left_only
41012914,EAST MARYSVILLE,23,D,TXFR,,,,,left_only
41013745,PENNGROVE,23,D,TXFR,,,,,left_only
41013336,LUCERNE,33,D,TXFR,,,,,left_only
41015187,CHOLAME,23,D,TXFR,,,,,left_only
41015188,CHOLAME,23,D,TXFR,,,,,left_only
41013586,NEWHALL,23,D,TXFR,,,,,left_only
41014868,FAIRVIEW,33,D,TXFR,,,,,left_only
41014867,FAIRVIEW,23,D,TXFR,,,,,left_only
41014870,FAIRVIEW,23,D,TXFR,,,,,left_only
41014869,FAIRVIEW,23,D,TXFR,,,,,left_only
41013074,GRAYS FLAT,21,D,TXFR,,,,,left_only
41013137,HICKS,24,D,TXFR,,,,,left_only
41012420,LAWRENCE,23,D,TXFR,,,,,left_only
41012628,BULLARD,43,D,TXFR,,,,,left_only
41012607,BRITTON,33,D,TXFR,,,,,left_only
41012756,CLAY,23,D,TXFR,,,,,left_only
41014202,TRACY,23,D,TXFR,,,,,left_only
41012876,MOLINO,23,D,TXFR,,,,,left_only
41011902,RESERVE OIL,23,D,TXFR,,,,,left_only
41012153,PEASE,33,D,TXFR,,,,,left_only
41013746,PENRYN,23,D,TXFR,,,,,left_only
41013907,PERRY,23,D,TXFR,,,,,left_only
41014220,TUPMAN,43,D,TXFR,,,,,left_only
41012542,BALFOUR,22,D,TXFR,,,,,left_only
41013362,MANTECA,23,D,TXFR,,,,,left_only
41013357,MANTECA,23,D,TXFR,,,,,left_only
41013358,MANTECA,23,D,TXFR,,,,,left_only
41013078,GREEN VALLEY,23,D,TXFR,,,,,left_only
41012549,BAY MEADOWS,23,D,TXFR,,,,,left_only
41015192,CLAYTON,23,D,TXFR,,,,,left_only
41012785,WEST FRESNO,23,D,TXFR,,,,,left_only
41012627,BULLARD,23,D,TXFR,,,,,left_only
41014126,STOCKDALE,23,D,TXFR,,,,,left_only
41014926,SANGER,23,D,TXFR,,,,,left_only
41013744,PLACERVILLE,23,D,TXFR,,,,,left_only
41013995,RAINBOW,23,D,TXFR,,,,,left_only
41012341,OLD KEARNEY,43,D,TXFR,,,,,left_only
41014688,GABILAN,23,D,TXFR,,,,,left_only
41012629,BULLARD,23,D,TXFR,,,,,left_only
41014587,UKIAH,23,D,TXFR,,,,,left_only
41013752,PETALUMA C,23,D,TXFR,,,,,left_only
41014499,MALAGA,43,D,TXFR,,,,,left_only
41013996,SAN LUIS #3,23,D,TXFR,,,,,left_only
41012746,CHICO B,23,D,TXFR,,,,,left_only
41012867,CYMRIC,23,D,TXFR,,,,,left_only
41012745,CHICO B,23,D,TXFR,,,,,left_only
41012935,YOSEMITE PARK,23,D,TXFR,,,,,left_only
41013150,HONCUT,23,D,TXFR,,,,,left_only
41012610,HIGGINS,23,D,TXFR,,,,,left_only
41015157,CALPELLA,23,D,TXFR,,,,,left_only
41012880,DEL MAR,23,D,TXFR,,,,,left_only
41014764,SAN LUIS 6,23,D,TXFR,,,,,left_only
41012571,BERRENDA C,23,D,TXFR,,,,,left_only
41178982,SAN JOAQUIN,23,D,TXFR,,,,,left_only
41013064,GOOSE LAKE,23,D,TXFR,,,,,left_only
41014065,SHREDDER,32,D,TXFR,,,,,left_only
41014618,SHREDDER,32,D,TXFR,,,,,left_only
41014960,BAKERSFIELD,23,D,TXFR,,,,,left_only
41088864,HOWLAND,23,D,TXFR,,,,,left_only
41014344,WILSON,23,D,TXFR,,,,,left_only
41012793,COLUMBUS,23,D,TXFR,,,,,left_only
41015028,BAY MEADOWS,23,D,TXFR,,,,,left_only
41013967,PUEBLO,23,D,TXFR,,,,,left_only
41011952,LAS GALLINAS A,23,D,TXFR,,,,,left_only
41013589,NORD,43,D,TXFR,,,,,left_only
41013877,ROSEDALE,23,D,TXFR,,,,,left_only
41013972,PUTAH CREEK,23,D,TXFR,,,,,left_only
41014098,STAFFORD,23,D,TXFR,,,,,left_only
41012749,CHOWCHILLA,53,D,TXFR,,,,,left_only
41013333,OAKHURST,43,D,TXFR,,,,,left_only
41013009,GANSO,23,D,TXFR,,,,,left_only
41013588,NORCO,23,D,TXFR,,,,,left_only
41015103,BLACKWELL,33,D,TXFR,,,,,left_only
41012719,CATLETT,22,D,TXFR,,,,,left_only
41013652,OILFIELDS,21,D,TXFR,,,,,left_only
41014529,OILFIELDS,21,D,TXFR,,,,,left_only
41013650,OILFIELDS,21,D,TXFR,,,,,left_only
41013651,OILFIELDS,21,D,TXFR,,,,,left_only
41014772,SONOMA A,23,D,TXFR,,,,,left_only
41015251,CLOVIS,33,D,TXFR,,,,,left_only
41013818,RACETRACK,23,D,TXFR,,,,,left_only
41014063,SHINGLE SPRINGS,23,D,TXFR,,,,,left_only
41015084,BELLEVUE,33,D,TXFR,,,,,left_only
41014371,WRIGHT,23,D,TXFR,,,,,left_only
41013642,PEORIA,22,D,TXFR,,,,,left_only
41013655,OILFIELDS,22,D,TXFR,,,,,left_only
41013330,LOS OSITOS,23,D,TXFR,,,,,left_only
41012508,APPLE HILL,23,D,TXFR,,,,,left_only
41013641,PEORIA,22,D,TXFR,,,,,left_only
41014203,TRACY,23,D,TXFR,,,,,left_only
41012709,HAMMONDS,23,D,TXFR,,,,,left_only
41013644,PEORIA,32,D,TXFR,,,,,left_only
41132278,HAMILTON BRANCH,22,D,TXFR,,,,,left_only
41132280,HAMILTON BRANCH,22,D,TXFR,,,,,left_only
41132281,HAMILTON BRANCH,22,D,TXFR,,,,,left_only
41132279,HAMILTON BRANCH,22,D,TXFR,,,,,left_only
41011917,POINT PINOLE,23,D,TXFR,,,,,left_only
41012541,BAKERSFIELD,23,D,TXFR,,,,,left_only
41014956,BAKERSFIELD,23,D,TXFR,,,,,left_only
41014213,TRIMBLE,33,D,TXFR,,,,,left_only
41013976,RINCON,23,D,TXFR,,,,,left_only
41012934,EL DORADO PH,23,D,TXFR,,,,,left_only
41014064,SHINGLE SPRINGS,23,D,TXFR,,,,,left_only
41014214,ROSEDALE,23,D,TXFR,,,,,left_only
41014456,EL DORADO PH,23,D,TXFR,,,,,left_only
41012270,FROGTOWN,53,D,TXFR,,,,,left_only
41013963,TRACY,23,D,TXFR,,,,,left_only
41013140,HIGGINS,23,D,TXFR,,,,,left_only
41014616,SHINGLE SPRINGS,23,D,TXFR,,,,,left_only
41013952,APPLE HILL,23,D,TXFR,,,,,left_only
41013796,POSO MOUNTAIN,23,D,TXFR,,,,,left_only
41014917,JACOBS CORNER,23,D,TXFR,,,,,left_only
44898700,NARROWS,42,D,TXFR,,,,,left_only
44898704,NARROWS,22,D,TXFR,,,,,left_only
44898703,NARROWS,42,D,TXFR,,,,,left_only
44898702,NARROWS,22,D,TXFR,,,,,left_only
41013528,MOSHER,24,D,TXFR,,,,,left_only
41012173,SAN JOSE B,23,D,TXFR,,,,,left_only
41013906,STOCKTON A,23,D,TXFR,,,,,left_only
41013859,RIPON,23,D,TXFR,,,,,left_only
41012509,APPLE HILL,23,D,TXFR,,,,,left_only
41015295,DIAMOND SPRINGS,33,D,TXFR,,,,,left_only
41015297,PRUNEDALE,23,D,TXFR,,,,,left_only
41013741,PLACERVILLE,23,D,TXFR,,,,,left_only
41012605,BRITTON,13,D,TXFR,,,,,left_only
41015165,CAWELO B,13,D,TXFR,,,,,left_only
41012919,EAST STOCKTON,23,D,TXFR,,,,,left_only
41014963,TRIMBLE,23,D,TXFR,,,,,left_only
41012145,PEASE,23,D,TXFR,,,,,left_only
41013013,GARDNER,33,D,TXFR,,,,,left_only
41015104,BLACKWELL,23,D,TXFR,,,,,left_only
41011904,TWISSELMAN,23,D,TXFR,,,,,left_only
41015278,CUYAMA,13,D,TXFR,,,,,left_only
41015077,NEWARK DIST,44,D,TXFR,,,,,left_only
41014560,SAN MATEO,14,D,TXFR,,,,,left_only
41015078,NEWARK,14,D,TXFR,,,,,left_only
41012574,MEADOW LANE,23,D,TXFR,,,,,left_only
41012554,BELL,13,D,TXFR,,,,,left_only
41011923,FOOTHILL,23,D,TXFR,,,,,left_only
41013477,MILPITAS,23,D,TXFR,,,,,left_only
41013172,IGNACIO,53,D,TXFR,,,,,left_only
41012819,MILPITAS,23,D,TXFR,,,,,left_only
41012538,BAIR,23,D,TXFR,,,,,left_only
41014473,GREENBRAE,13,D,TXFR,,,,,left_only
41013079,GREENBRAE,13,D,TXFR,,,,,left_only
41013372,MARIPOSA,23,D,TXFR,,,,,left_only
41012052,FELLOWS,23,D,TXFR,,,,,left_only
41012055,FELLOWS,43,D,TXFR,,,,,left_only
41014503,MARIPOSA,23,D,TXFR,,,,,left_only
41014790,WATSONVILLE,23,D,TXFR,,,,,left_only
41013484,MONROE,43,D,TXFR,,,,,left_only
41014945,TEMBLOR,13,D,TXFR,,,,,left_only
41014072,SISQUOC,13,D,TXFR,,,,,left_only
41014714,SAN JOSE B,13,D,TXFR,,,,,left_only
41012561,BELLEVUE,23,D,TXFR,,,,,left_only
41014135,STOCKTON A,13,D,TXFR,,,,,left_only
41011929,SAN FRAN Z (EMBARCADERO),23,D,TXFR,,,,,left_only
41011975,EDENVALE,23,D,TXFR,,,,,left_only
41013922,CLAYTON,13,D,TXFR,,,,,left_only
41013562,COPPERMINE,13,D,TXFR,,,,,left_only
41014249,OROSI,23,D,TXFR,,,,,left_only
42717808,SAN JOAQUIN #3,23,D,TXFR,,,,,left_only
41015140,BUELLTON,23,D,TXFR,,,,,left_only
41013094,GUSTINE,43,D,TXFR,,,,,left_only
41014023,SAN RAMON,24,D,TXFR,,,,,left_only
42753655,MILPITAS,13,D,TXFR,,,,,left_only
41014856,AVENAL,33,D,TXFR,,,,,left_only
41013971,PURISIMA,13,D,TXFR,,,,,left_only
41014705,IONE,23,D,TXFR,,,,,left_only
41013351,MAGUNDEN,14,D,TXFR,,,,,left_only
41012344,KERN PP DIST,23,D,TXFR,,,,,left_only
41014414,BRUNSWICK,23,D,TXFR,,,,,left_only
41014724,MONTAGUE,23,D,TXFR,,,,,left_only
41013060,GOLDTREE,23,D,TXFR,,,,,left_only
41014770,SISQUOC,23,D,TXFR,,,,,left_only
41015139,BUELLTON,13,D,TXFR,,,,,left_only
41012202,GOOSE LAKE,13,D,TXFR,,,,,left_only
41014933,SANTA YNEZ,23,D,TXFR,,,,,left_only
41014267,VINEYARD,24,D,TXFR,,,,,left_only
41015049,WOODWARD,43,D,TXFR,,,,,left_only
41015052,WATSONVILLE,43,D,TXFR,,,,,left_only
41015082,ZACA,23,D,TXFR,,,,,left_only
41014582,TASSAJARA,14,D,TXFR,,,,,left_only
41014514,MORGAN HILL,23,D,TXFR,,,,,left_only
41014367,WOODLAND,13,D,TXFR,,,,,left_only
41012242,HARTER,13,D,TXFR,,,,,left_only
41013980,MIDWAY,23,D,TXFR,,,,,left_only
41012903,DOLAN ROAD,13,D,TXFR,,,,,left_only
41014062,SHARON,23,D,TXFR,,,,,left_only
41015053,BELLE HAVEN,13,D,TXFR,,,,,left_only
41014743,PINECREST,22,D,TXFR,,,,,left_only
41014678,DEL MAR,14,D,TXFR,,,,,left_only
41015006,VACAVILLE,23,D,TXFR,,,,,left_only
41014194,TEVIS,23,D,TXFR,,,,,left_only
41015081,BELLE HAVEN,13,D,TXFR,,,,,left_only
41014566,SILVERADO,13,D,TXFR,,,,,left_only
41013250,NORD,33,D,TXFR,,,,,left_only
41014233,EAST NICOLAUS,13,D,TXFR,,,,,left_only
41138817,COLUMBIA HILL,12,D,TXFR,,,,,left_only
41012839,COTTLE,24,D,TXFR,,,,,left_only
41014655,BARTON,43,D,TXFR,,,,,left_only
41013203,KELSO,13,D,TXFR,,,,,left_only
41012372,SAN CARLOS,13,D,TXFR,,,,,left_only
41012392,LOCKHEED #2,23,D,TXFR,,,,,left_only
41012987,FRENCH CAMP,13,D,TXFR,,,,,left_only
41012988,FRENCH CAMP,23,D,TXFR,,,,,left_only
41014197,TIDEWATER,14,D,TXFR,,,,,left_only
41012929,EIGHT MILE,13,D,TXFR,,,,,left_only
41012319,JAMESON,23,D,TXFR,,,,,left_only
41013509,MORGAN HILL,13,D,TXFR,,,,,left_only
41159717,PLUMAS,13,D,TXFR,,,,,left_only
41014916,JACALITOS,43,D,TXFR,,,,,left_only
41012158,OLD RIVER,23,D,TXFR,,,,,left_only
41013100,MOUNTAIN VIEW,24,D,TXFR,,,,,left_only
41014370,WOODWARD,13,D,TXFR,,,,,left_only
41013363,MANTECA,23,D,TXFR,,,,,left_only
41012128,CLARKSVILLE,13,D,TXFR,,,,,left_only
41014801,DIXON LANDING,23,D,TXFR,,,,,left_only
41011986,CASTRO VALLEY,33,D,TXFR,,,,,left_only
41011948,TRIMBLE,23,D,TXFR,,,,,left_only
41011909,CAMPHORA,12,D,TXFR,,,,,left_only
41012795,MI WUK,13,D,TXFR,,,,,left_only
41012025,HICKS,14,D,TXFR,,,,,left_only
41012288,FIGARDEN,24,D,TXFR,,,,,left_only
41012208,STOCKDALE,24,D,TXFR,,,,,left_only
41012198,VACAVILLE,23,D,TXFR,,,,,left_only
41012199,CLARKSVILLE,13,D,TXFR,,,,,left_only
41012155,BRUNSWICK,13,D,TXFR,,,,,left_only
41012241,SOBRANTE,13,D,TXFR,,,,,left_only
41012214,BORDEN,53,D,TXFR,,,,,left_only
41012117,TRIMBLE,13,D,TXFR,,,,,left_only
41012192,LAS PALMAS,13,D,TXFR,,,,,left_only
41012009,SAN JOSE A,13,D,TXFR,,,,,left_only
41012962,CABRILLO,23,D,TXFR,,,,,left_only
41012228,AUBERRY,13,D,TXFR,,,,,left_only
41013582,PIT #1 PH,13,D,TXFR,,,,,left_only
41012253,AUBERRY,13,D,TXFR,,,,,left_only
41012166,VINEYARD,24,D,TXFR,,,,,left_only
41013338,BAKERSFIELD,14,D,TXFR,,,,,left_only
41012287,FIGARDEN,24,D,TXFR,,,,,left_only
41012592,SALINAS,24,D,TXFR,,,,,left_only
41012691,VIEJO,54,D,TXFR,,,,,left_only
41012164,CONTRA COSTA,34,D,TXFR,,,,,left_only
41012167,TASSAJARA,14,D,TXFR,,,,,left_only
41012212,PAUL SWEET,24,D,TXFR,,,,,left_only
41012841,EL PATIO,14,D,TXFR,,,,,left_only
41012236,EVERGREEN,14,D,TXFR,,,,,left_only
41012967,DAVIS,14,D,TXFR,,,,,left_only
41012434,SAN FRAN K,14,D,TXFR,,,,,left_only
41013287,VASONA,23,D,TXFR,,,,,left_only
41012969,DAVIS,13,D,TXFR,,,,,left_only
41012191,FREMONT,13,D,TXFR,,,,,left_only
41012251,BELMONT,23,D,TXFR,,,,,left_only
41012381,MT. EDEN,13,D,TXFR,,,,,left_only
41012562,RENFRO,23,D,TXFR,,,,,left_only
41012529,MORGAN HILL,13,D,TXFR,,,,,left_only
41123445,EVERGREEN,23,D,TXFR,,,,,left_only
41012427,SAN LUIS OBISPO,43,D,TXFR,,,,,left_only
41012559,VIERRA,23,D,TXFR,,,,,left_only
41012352,FULTON,23,D,TXFR,,,,,left_only
41012693,CLOVIS,23,D,TXFR,,,,,left_only
41012256,FULTON,13,D,TXFR,,,,,left_only
41165884,CAYETANO,13,D,TXFR,,,,,left_only
41135837,CAMP EVERS,13,D,TXFR,,,,,left_only
41013491,REDWOOD CITY,13,D,TXFR,,,,,left_only
41012168,MILPITAS,23,D,TXFR,,,,,left_only
41012254,FREMONT,23,D,TXFR,,,,,left_only
41012289,WEBER,13,D,TXFR,,,,,left_only
41012468,MERCED,13,D,TXFR,,,,,left_only
41012433,SAN FRAN K,23,D,TXFR,,,,,left_only
41012494,HORSESHOE,13,D,TXFR,,,,,left_only
41012292,MONROE,13,D,TXFR,,,,,left_only
41088869,MANTECA,23,D,TXFR,,,,,left_only
41012404,RIVER OAKS,13,D,TXFR,,,,,left_only
41012203,BUTTE,13,D,TXFR,,,,,left_only
41012169,DIXON LANDING,13,D,TXFR,,,,,left_only
41220081,BRUNSWICK,23,D,TXFR,,,,,left_only
41012921,HIGHLANDS,13,D,TXFR,,,,,left_only
41013469,FMC,23,D,TXFR,,,,,left_only
41012436,HARTER,23,D,TXFR,,,,,left_only
41012156,WEST SACRAMENTO,23,D,TXFR,,,,,left_only
41012426,LINCOLN,13,D,TXFR,,,,,left_only
41012207,FAMOSO,23,D,TXFR,,,,,left_only
41014291,WELLFIELD,23,D,TXFR,,,,,left_only
41013391,ROCKLIN,13,D,TXFR,,,,,left_only
41013935,OREGON TRAIL,13,D,TXFR,,,,,left_only
41012380,SAN CARLOS,23,D,TXFR,,,,,left_only
41012255,MONROE,13,D,TXFR,,,,,left_only
41012461,COARSEGOLD,23,D,TXFR,,,,,left_only
41013342,ORLAND B,13,D,TXFR,,,,,left_only
41012215,MIDDLETOWN,23,D,TXFR,,,,,left_only
41138804,BANGOR,23,D,TXFR,,,,,left_only
41012649,PLUMAS,13,D,TXFR,,,,,left_only
41012926,NEWHALL,13,D,TXFR,,,,,left_only
41012147,WILLIAMS,12,D,TXFR,,,,,left_only
41012690,LOYOLA,13,D,TXFR,,,,,left_only
41013625,TRINIDAD,12,D,TXFR,,,,,left_only
41013623,TRINIDAD,12,D,TXFR,,,,,left_only
41013624,TRINIDAD,12,D,TXFR,,,,,left_only
41013626,TRINIDAD,12,D,TXFR,,,,,left_only
41012218,HOPLAND,22,D,TXFR,,,,,left_only
41012219,HOPLAND,22,D,TXFR,,,,,left_only
41012220,HOPLAND,12,D,TXFR,,,,,left_only
41012385,JARVIS,24,D,TXFR,,,,,left_only
41012457,SANTA ROSA A,14,D,TXFR,,,,,left_only
41012975,SAN LUIS OBISPO,14,D,TXFR,,,,,left_only
41106467,IGNACIO,13,D,TXFR,,,,,left_only
41012857,MILPITAS,13,D,TXFR,,,,,left_only
41012766,BELL,13,D,TXFR,,,,,left_only
41012432,RESEARCH,13,D,TXFR,,,,,left_only
41013485,MOLINO,13,D,TXFR,,,,,left_only
41012683,CLOVIS,23,D,TXFR,,,,,left_only
41012558,RENFRO,13,D,TXFR,,,,,left_only
41012471,LAS POSITAS,13,D,TXFR,,,,,left_only
41012514,EDENVALE,13,D,TXFR,,,,,left_only
41013124,DUMBARTON,23,D,TXFR,,,,,left_only
41012454,WOODWARD,13,D,TXFR,,,,,left_only
41012422,PARKWAY,13,D,TXFR,,,,,left_only
41012643,BAY MEADOWS,23,D,TXFR,,,,,left_only
41013188,STAGG,23,D,TXFR,,,,,left_only
41012405,EAST GRAND,13,D,TXFR,,,,,left_only
41012787,REEDLEY,13,D,TXFR,,,,,left_only
41013382,CORONA,13,D,TXFR,,,,,left_only
41012095,OAKLAND C,13,D,TXFR,,,,,left_only
41012418,PLACERVILLE,23,D,TXFR,,,,,left_only
41012748,WAHTOKE,23,D,TXFR,,,,,left_only
41012408,RIVER OAKS,23,D,TXFR,,,,,left_only
41014041,BASALT,13,D,TXFR,,,,,left_only
41013516,PASO ROBLES,13,D,TXFR,,,,,left_only
41013038,LOS GATOS,13,D,TXFR,,,,,left_only
41013146,OROVILLE,53,D,TXFR,,,,,left_only
41012423,NOVATO,13,D,TXFR,,,,,left_only
41013239,LAWNDALE,23,D,TXFR,,,,,left_only
41159718,VASCO,13,D,TXFR,,,,,left_only
41013238,LAWNDALE,43,D,TXFR,,,,,left_only
41012979,LOS GATOS,13,D,TXFR,,,,,left_only
41013276,YOSEMITE PARK,23,D,TXFR,,,,,left_only
41013475,MONTE RIO,13,D,TXFR,,,,,left_only
41013171,BEAR VALLEY,13,D,TXFR,,,,,left_only
41013328,DOS PALOS,23,D,TXFR,,,,,left_only
41012411,CORRAL,13,D,TXFR,,,,,left_only
41013035,GANSNER,13,D,TXFR,,,,,left_only
41013970,COLUSA JUNCT,13,D,TXFR,,,,,left_only
41013039,ELK HILLS,13,D,TXFR,,,,,left_only
41013069,SUNOL,13,D,TXFR,,,,,left_only
41012978,LOYOLA,23,D,TXFR,,,,,left_only
41012974,LOYOLA,12,D,TXFR,,,,,left_only
41012977,LOYOLA,12,D,TXFR,,,,,left_only
41012684,ENCINAL,22,D,TXFR,,,,,left_only
41012685,ENCINAL,22,D,TXFR,,,,,left_only
41012688,ENCINAL,12,D,TXFR,,,,,left_only
41012686,ENCINAL,12,D,TXFR,,,,,left_only
41013347,CALISTOGA,12,D,TXFR,,,,,left_only
41013346,CALISTOGA,22,D,TXFR,,,,,left_only
41013344,CALISTOGA,12,D,TXFR,,,,,left_only
41013345,CALISTOGA,22,D,TXFR,,,,,left_only
41012698,LODI,22,D,TXFR,,,,,left_only
41012700,LODI,32,D,TXFR,,,,,left_only
41012699,LODI,12,D,TXFR,,,,,left_only
41012697,LODI,22,D,TXFR,,,,,left_only
41012759,SALMON CREEK,12,D,TXFR,,,,,left_only
41012757,SALMON CREEK,12,D,TXFR,,,,,left_only
41012760,SALMON CREEK,12,D,TXFR,,,,,left_only
41012758,SALMON CREEK,12,D,TXFR,,,,,left_only
41013580,NEWMAN,12,D,TXFR,,,,,left_only
41013583,NEWMAN,12,D,TXFR,,,,,left_only
41013581,NEWMAN,12,D,TXFR,,,,,left_only
41013584,NEWMAN,12,D,TXFR,,,,,left_only
41012428,CLARK ROAD,12,D,TXFR,,,,,left_only
41012431,CLARK ROAD,12,D,TXFR,,,,,left_only
41012429,CLARK ROAD,12,D,TXFR,,,,,left_only
41012430,CLARK ROAD,12,D,TXFR,,,,,left_only
41013936,MCKEE,14,D,TXFR,,,,,left_only
41013843,EL PATIO,13,D,TXFR,,,,,left_only
41015317,STOREY,13,D,TXFR,,,,,left_only
41113994,HOLLISTER,13,D,TXFR,,,,,left_only
41014455,EL CAPITAN,13,D,TXFR,,,,,left_only
41013599,FRANKLIN,13,D,TXFR,,,,,left_only
41013932,SAN JOSE B,53,D,TXFR,,,,,left_only
41014122,EDES,23,D,TXFR,,,,,left_only
41013753,KERN OIL,13,D,TXFR,,,,,left_only
41088022,NORTECH,23,D,TXFR,,,,,left_only
41013921,ALHAMBRA,13,D,TXFR,,,,,left_only
41083659,HARRIS,13,D,TXFR,,,,,left_only
41013735,CARNERAS,23,D,TXFR,,,,,left_only
41088873,CHESTER,23,D,TXFR,,,,,left_only
41013517,PASO ROBLES,23,D,TXFR,,,,,left_only
41013355,PINE GROVE,13,D,TXFR,,,,,left_only
41130147,EUREKA A,23,D,TXFR,,,,,left_only
41169020,RANCHERS COTTON,23,D,TXFR,,,,,left_only
41199082,22nd AVENUE,13,D,TXFR,,,,,left_only
41012920,EAST STOCKTON,13,D,TXFR,,,,,left_only
41014028,DESCHUTES,23,D,TXFR,,,,,left_only
41013490,SAN JOAQUIN,23,D,TXFR,,,,,left_only
41013962,WESTLEY,23,D,TXFR,,,,,left_only
41013213,EMERALD LAKE,23,D,TXFR,,,,,left_only
41013631,DAYTON ROAD,22,D,TXFR,,,,,left_only
41013499,DUNBAR,23,D,TXFR,,,,,left_only
41013500,DUNBAR,23,D,TXFR,,,,,left_only
41013502,DUNBAR,13,D,TXFR,,,,,left_only
41013501,DUNBAR,23,D,TXFR,,,,,left_only
41013685,DRUM PH #1,12,D,TXFR,,,,,left_only
41013684,DRUM PH #1,12,D,TXFR,,,,,left_only
41013686,DRUM PH #1,12,D,TXFR,,,,,left_only
41203051,SARATOGA,14,D,TXFR,,,,,left_only
42677407,TEMPLETON,24,D,TXFR,,,,,left_only
41013965,LAKEWOOD,24,D,TXFR,,,,,left_only
41111141,EL PATIO,14,D,TXFR,,,,,left_only
41089371,SWIFT,13,D,TXFR,,,,,left_only
41013977,CLAYTON,33,D,TXFR,,,,,left_only
41210449,CURTIS,23,D,TXFR,,,,,left_only
41087897,STOREY,23,D,TXFR,,,,,left_only
41109079,WOLFE,13,D,TXFR,,,,,left_only
41013979,OAKLAND C ,43,D,TXFR,,,,,left_only
41152390,WEST SACRAMENTO,13,D,TXFR,,,,,left_only
41109094,PINEDALE,13,D,TXFR,,,,,left_only
41088020,PINEDALE,23,D,TXFR,,,,,left_only
41013964,MOSHER,13,D,TXFR,,,,,left_only
41013959,PARADISE,23,D,TXFR,,,,,left_only
41014045,EAST GRAND,23,D,TXFR,,,,,left_only
41013961,CANAL,23,D,TXFR,,,,,left_only
41113644,CORNING,13,D,TXFR,,,,,left_only
41189052,TRIMBLE,43,D,TXFR,,,,,left_only
41013934,CMC,23,D,TXFR,,,,,left_only
41013968,MT. QUARRIES,13,D,TXFR,,,,,left_only
41013894,SAN FRAN J,13,D,TXFR,,,,,left_only
41013957,COALINGA #1,13,D,TXFR,,,,,left_only
41100953,GLENWOOD,13,D,TXFR,,,,,left_only
41013944,BONITA,23,D,TXFR,,,,,left_only
41013893,SAN FRAN J,13,D,TXFR,,,,,left_only
41122169,GEYSERVILLE,23,D,TXFR,,,,,left_only
41013992,OAKLAND D,13,D,TXFR,,,,,left_only
42626838,LONETREE,14,D,TXFR,,,,,left_only
42689627,MCMULLIN,14,D,TXFR,,,,,left_only
41103077,VINEYARD,24,D,TXFR,,,,,left_only
41109980,STAGG,14,D,TXFR,,,,,left_only
41155816,SAN RAMON,24,D,TXFR,,,,,left_only
41101685,EMBARCADERO,24,D,TXFR,,,,,left_only
41195076,HICKS,14,D,TXFR,,,,,left_only
41103878,SANTA ROSA A,14,D,TXFR,,,,,left_only
41120700,DALY CITY,24,D,TXFR,,,,,left_only
41116175,SAN JOSE B,14,D,TXFR,,,,,left_only
41130189,HICKS,14,D,TXFR,,,,,left_only
41101686,EMBARCADERO,23,D,TXFR,,,,,left_only
41176801,BULLARD,23,D,TXFR,,,,,left_only
41368207,VASONA,13,D,TXFR,,,,,left_only
41114895,EDES,23,D,TXFR,,,,,left_only
41089360,PLEASANT GROVE,13,D,TXFR,,,,,left_only
41365038,MAGUNDEN,13,D,TXFR,,,,,left_only
41130506,MILPITAS,43,D,TXFR,,,,,left_only
41128136,OAKLAND L,13,D,TXFR,,,,,left_only
41184728,KINGSBURG,13,D,TXFR,,,,,left_only
41173745,COTTONWOOD,13,D,TXFR,,,,,left_only
42615546,MCDONALD-MCDONALDISLAND,23,D,TXFR,,,,,left_only
45274076,COLUMBUS,13,D,TXFR,,,,,left_only
41169025,HARDWICK,13,D,TXFR,,,,,left_only
41138802,CHANNEL,13,D,TXFR,,,,,left_only
41128691,TIVY VALLEY,13,D,TXFR,,,,,left_only
41169107,EL NIDO,13,D,TXFR,,,,,left_only
41161297,GONZALES,13,D,TXFR,,,,,left_only
41126466,MORAGA,14,D,TXFR,,,,,left_only
41152367,DAVIS,14,D,TXFR,,,,,left_only
41153210,KINGSBURG,23,D,TXFR,,,,,left_only
41127133,SANGER,23,D,TXFR,,,,,left_only
41189498,STELLING,13,D,TXFR,,,,,left_only
41209254,ATASCADERO,53,D,TXFR,,,,,left_only
41131755,WEST LANE,23,D,TXFR,,,,,left_only
41167598,CAL WATER,23,D,TXFR,,,,,left_only
41119858,PARADISE,13,D,TXFR,,,,,left_only
41169027,CORCORAN,13,D,TXFR,,,,,left_only
41156972,BERKELEY F,13,D,TXFR,,,,,left_only
41157390,BERKELEY F,13,D,TXFR,,,,,left_only
41123629,TEJON,13,D,TXFR,,,,,left_only
41144937,GIRVAN,43,D,TXFR,,,,,left_only
41164982,ELECTRA,13,D,TXFR,,,,,left_only
41180099,ROUGH & READY,23,D,TXFR,,,,,left_only
41169088,OLETA,13,D,TXFR,,,,,left_only
44739512,HATTON,13,D,TXFR,,,,,left_only
41135766,HATTON,13,D,TXFR,,,,,left_only
41135767,HATTON,13,D,TXFR,,,,,left_only
41135765,HATTON,13,D,TXFR,,,,,left_only
41146728,MILLBRAE,12,D,TXFR,,,,,left_only
41146726,MILLBRAE,12,D,TXFR,,,,,left_only
41146727,MILLBRAE,12,D,TXFR,,,,,left_only
41146725,MILLBRAE,12,D,TXFR,,,,,left_only
41142534,MCARTHUR,12,D,TXFR,,,,,left_only
41142533,MCARTHUR,12,D,TXFR,,,,,left_only
41142530,MCARTHUR,12,D,TXFR,,,,,left_only
41142532,MCARTHUR,12,D,TXFR,,,,,left_only
41172059,SAN RAMON,24,D,TXFR,,,,,left_only
41207392,EDENVALE,24,D,TXFR,,,,,left_only
41327468,MOUNTAIN VIEW,23,D,TXFR,,,,,left_only
41215842,DEL MONTE,13,D,TXFR,,,,,left_only
41176251,CLOVIS,13,D,TXFR,,,,,left_only
41176253,BOGUE,23,D,TXFR,,,,,left_only
41167573,GRANT,13,D,TXFR,,,,,left_only
41176918,LAMMERS,13,D,TXFR,,,,,left_only
41210105,FAIRWAY,13,D,TXFR,,,,,left_only
41167578,MONTAGUE,23,D,TXFR,,,,,left_only
41195173,MENLO,23,D,TXFR,,,,,left_only
41330084,MORMON,23,D,TXFR,,,,,left_only
41186681,BURLINGAME,13,D,TXFR,,,,,left_only
41186679,BURLINGAME,13,D,TXFR,,,,,left_only
41323005,TAFT,13,D,TXFR,,,,,left_only
41359899,CARNATION,13,D,TXFR,,,,,left_only
41186680,BURLINGAME,13,D,TXFR,,,,,left_only
41013916,PALO SECO,13,D,TXFR,,,,,left_only
41216309,DEL MONTE,13,D,TXFR,,,,,left_only
41200156,MADISON,13,D,TXFR,,,,,left_only
41197460,FAIRHAVEN,13,D,TXFR,,,,,left_only
41176895,SAUSALITO,13,D,TXFR,,,,,left_only
41176894,SAUSALITO,13,D,TXFR,,,,,left_only
45652584,CHICO A,13,D,TXFR,,,,,left_only
42707090,MARTELL,22,D,TXFR,,,,,left_only
41186614,TEMBLOR,12,D,TXFR,,,,,left_only
41194272,LAGUNITAS,12,D,TXFR,,,,,left_only
41194274,LAGUNITAS,12,D,TXFR,,,,,left_only
41194273,LAGUNITAS,12,D,TXFR,,,,,left_only
41186608,TEMBLOR,12,D,TXFR,,,,,left_only
41186611,TEMBLOR,12,D,TXFR,,,,,left_only
41186612,TEMBLOR,12,D,TXFR,,,,,left_only
46040104,ROCKLIN,12,D,TXFR,,,,,left_only
41180092,PHILO,12,D,TXFR,,,,,left_only
41173740,CEDAR CREEK,12,D,TXFR,,,,,left_only
41173739,CEDAR CREEK,12,D,TXFR,,,,,left_only
41173738,CEDAR CREEK,12,D,TXFR,,,,,left_only
41173737,CEDAR CREEK,12,D,TXFR,,,,,left_only
41217335,MIDDLE RIVER,11,D,TXFR,,,,,left_only
41360041,MAGUNDEN,23,D,TXFR,,,,,left_only
41218545,WYANDOTTE,13,D,TXFR,,,,,left_only
41203501,CAMP EVERS,13,D,TXFR,,,,,left_only
41204608,CALIFORNIA AVE,13,D,TXFR,,,,,left_only
41234312,CALIFORNIA AVE,13,D,TXFR,,,,,left_only
41234271,HIGHWAY,13,D,TXFR,,,,,left_only
41364676,DEEPWATER,13,D,TXFR,,,,,left_only
41201740,LINCOLN,13,D,TXFR,,,,,left_only
41211277,CANAL,23,D,TXFR,,,,,left_only
41217328,HAMMER,13,D,TXFR,,,,,left_only
41176882,OLIVEHURST,13,D,TXFR,,,,,left_only
41373021,MENDOTA,23,D,TXFR,,,,,left_only
41219031,MARYSVILLE,13,D,TXFR,,,,,left_only
41343865,SCHINDLER,13,D,TXFR,,,,,left_only
41187330,FITCH MOUNTAIN,13,D,TXFR,,,,,left_only
41336763,CAYUCOS,13,D,TXFR,,,,,left_only
41235172,NORIEGA,23,D,TXFR,,,,,left_only
41219100,FAIRMOUNT,23,D,TXFR,,,,,left_only
41219012,CONCORD,13,D,TXFR,,,,,left_only
41304027,BARRETT,13,D,TXFR,,,,,left_only
41219011,CONCORD,13,D,TXFR,,,,,left_only
41015886,ACTON,13,D,TXFR,,,,,left_only
41191659,GLENWOOD,13,D,TXFR,,,,,left_only
41180110,CLAYTON,23,D,TXFR,,,,,left_only
41336504,CAYUCOS,13,D,TXFR,,,,,left_only
41215839,TWISSELMAN,23,D,TXFR,,,,,left_only
41176896,SAUSALITO,13,D,TXFR,,,,,left_only
41176893,SAUSALITO,13,D,TXFR,,,,,left_only
41220659,CHICO A,33,D,TXFR,,,,,left_only
41220658,CHICO A,13,D,TXFR,,,,,left_only
41220657,CHICO A,13,D,TXFR,,,,,left_only
41202575,MIDDLETOWN,12,D,TXFR,,,,,left_only
41202576,MIDDLETOWN,12,D,TXFR,,,,,left_only
41202577,MIDDLETOWN,12,D,TXFR,,,,,left_only
41202574,MIDDLETOWN,12,D,TXFR,,,,,left_only
41220120,LOS MOLINOS,12,D,TXFR,,,,,left_only
41223557,LOS MOLINOS,22,D,TXFR,,,,,left_only
41219127,LOS MOLINOS,12,D,TXFR,,,,,left_only
41219106,LOS MOLINOS,12,D,TXFR,,,,,left_only
41197151,AUBURN,12,D,TXFR,,,,,left_only
41194268,SAND CREEK,12,D,TXFR,,,,,left_only
41194271,SAND CREEK,12,D,TXFR,,,,,left_only
41194270,SAND CREEK,12,D,TXFR,,,,,left_only
41194269,SAND CREEK,12,D,TXFR,,,,,left_only
41201442,SUMMIT,12,D,TXFR,,,,,left_only
41201440,SUMMIT,12,D,TXFR,,,,,left_only
41201441,SUMMIT,12,D,TXFR,,,,,left_only
41201017,SUMMIT,12,D,TXFR,,,,,left_only
41220656,ARVIN,12,D,TXFR,,,,,left_only
41220654,ARVIN,12,D,TXFR,,,,,left_only
41220653,ARVIN,12,D,TXFR,,,,,left_only
41220655,ARVIN,12,D,TXFR,,,,,left_only
41217334,MIDDLE RIVER,11,D,TXFR,,,,,left_only
41217332,MIDDLE RIVER,21,D,TXFR,,,,,left_only
41217333,MIDDLE RIVER,21,D,TXFR,,,,,left_only
41223545,MCCALL,14,D,TXFR,,,,,left_only
41235910,SANTA ROSA A,14,D,TXFR,,,,,left_only
41224359,KERN PP DIST,13,D,TXFR,,,,,left_only
41332593,KIRKER,13,D,TXFR,,,,,left_only
41218148,NOTRE DAME,23,D,TXFR,,,,,left_only
41361681,COARSEGOLD,13,D,TXFR,,,,,left_only
41335712,LEMOORE,13,D,TXFR,,,,,left_only
41365036,PEORIA,13,D,TXFR,,,,,left_only
41324948,REDWOOD CITY,13,D,TXFR,,,,,left_only
41360116,WEEDPATCH,13,D,TXFR,,,,,left_only
41359871,RED BLUFF,13,D,TXFR,,,,,left_only
41366375,MENLO,13,D,TXFR,,,,,left_only
41223552,DAIRYLAND,13,D,TXFR,,,,,left_only
41218480,HARTLEY,13,D,TXFR,,,,,left_only
41236357,LIVE OAK,13,D,TXFR,,,,,left_only
41236355,TRES VIAS,13,D,TXFR,,,,,left_only
41332471,SANTA NELLA,13,D,TXFR,,,,,left_only
41236343,JACINTO,13,D,TXFR,,,,,left_only
41223547,EL PECO,53,D,TXFR,,,,,left_only
42623760,ARBUCKLE,13,D,TXFR,,,,,left_only
41328319,TWISSELMAN,13,D,TXFR,,,,,left_only
41339150,ELK,22,D,TXFR,,,,,left_only
41339155,ELK,12,D,TXFR,,,,,left_only
41339149,ELK,22,D,TXFR,,,,,left_only
41339151,ELK,22,D,TXFR,,,,,left_only
42703368,STROUD,21,D,TXFR,,,,,left_only
42703367,STROUD,11,D,TXFR,,,,,left_only
42703365,STROUD,11,D,TXFR,,,,,left_only
41374121,PIKE CITY,11,D,TXFR,,,,,left_only
41374118,PIKE CITY,21,D,TXFR,,,,,left_only
41374119,PIKE CITY,21,D,TXFR,,,,,left_only
41374120,PIKE CITY,21,D,TXFR,,,,,left_only
42710823,SAN FRAN H (MARTIN),14,D,TXFR,,,,,left_only
41335661,BARTON,14,D,TXFR,,,,,left_only
42549662,NARROWS,24,D,TXFR,,,,,left_only
41238635,MONROE,14,D,TXFR,,,,,left_only
41238380,NORTH DUBLIN,14,D,TXFR,,,,,left_only
41339026,LOS OSITOS,23,D,TXFR,,,,,left_only
41370339,ATWATER,23,D,TXFR,,,,,left_only
41372989,PETALUMA C,13,D,TXFR,,,,,left_only
41326380,PLEASANT GROVE,53,D,TXFR,,,,,left_only
42688520,RENFRO,13,D,TXFR,,,,,left_only
41370409,SHINGLE SPRINGS,13,D,TXFR,,,,,left_only
41327381,DIAMOND SPRINGS,23,D,TXFR,,,,,left_only
41331566,CLARKSVILLE,23,D,TXFR,,,,,left_only
41366058,WOODLAND,13,D,TXFR,,,,,left_only
42596489,HIGGINS,23,D,TXFR,,,,,left_only
42737489,WEBER,13,D,TXFR,,,,,left_only
42625948,WESTPARK,23,D,TXFR,,,,,left_only
41368005,WAHTOKE,13,D,TXFR,,,,,left_only
41347482,SAN FRAN L,13,D,TXFR,,,,,left_only
41326841,SAN FRAN G,13,D,TXFR,,,,,left_only
41326843,SAN FRAN G,13,D,TXFR,,,,,left_only
41364776,SAN MIGUEL,23,D,TXFR,,,,,left_only
42622738,DIXON,13,D,TXFR,,,,,left_only
42618093,LAMONT,23,D,TXFR,,,,,left_only
41365571,CORRAL,23,D,TXFR,,,,,left_only
41341946,FIREBAUGH,13,D,TXFR,,,,,left_only
41362825,KERMAN,13,D,TXFR,,,,,left_only
42596359,WHEATLAND,13,D,TXFR,,,,,left_only
41360628,PRUNEDALE,23,D,TXFR,,,,,left_only
41340842,NORIEGA,13,D,TXFR,,,,,left_only
41347481,SAN FRAN L,13,D,TXFR,,,,,left_only
41373389,LAS PULGAS,13,D,TXFR,,,,,left_only
41372421,LAS PULGAS,13,D,TXFR,,,,,left_only
41365578,JACOBS CORNER,23,D,TXFR,,,,,left_only
41346332,ANTLER,12,D,TXFR,,,,,left_only
41346329,ANTLER,12,D,TXFR,,,,,left_only
41346331,ANTLER,12,D,TXFR,,,,,left_only
41346330,ANTLER,12,D,TXFR,,,,,left_only
41327965,RISING RIVER,12,D,TXFR,,,,,left_only
41327968,RISING RIVER,12,D,TXFR,,,,,left_only
41327964,RISING RIVER,12,D,TXFR,,,,,left_only
41327966,RISING RIVER,12,D,TXFR,,,,,left_only
42570160,LARKIN,14,D,TXFR,,,,,left_only
42624453,PANAMA,14,D,TXFR,,,,,left_only
42567816,DEL MAR,14,D,TXFR,,,,,left_only
41364872,PENRYN,14,D,TXFR,,,,,left_only
42677463,STAGG,24,D,TXFR,,,,,left_only
42553632,SAN FRAN H (MARTIN),24,D,TXFR,,,,,left_only
42683919,BRENTWOOD,14,D,TXFR,,,,,left_only
42666805,OAKLAND J,44,D,TXFR,,,,,left_only
42690938,BRENTWOOD,14,D,TXFR,,,,,left_only
42568092,BAY MEADOWS,24,D,TXFR,,,,,left_only
42563278,MT. EDEN,14,D,TXFR,,,,,left_only
42549364,GRANT,14,D,TXFR,,,,,left_only
42615185,SAN RAMON,14,D,TXFR,,,,,left_only
42704626,LAKEWOOD,14,D,TXFR,,,,,left_only
42568508,STONE,24,D,TXFR,,,,,left_only
42596870,NORTH TOWER,43,D,TXFR,,,,,left_only
41368058,AIRWAYS,13,D,TXFR,,,,,left_only
42561948,MERCED,13,D,TXFR,,,,,left_only
42553767,MANCHESTER,13,D,TXFR,,,,,left_only
42553773,MANCHESTER,13,D,TXFR,,,,,left_only
42568878,PINEDALE,13,D,TXFR,,,,,left_only
42632793,TEVIS,13,D,TXFR,,,,,left_only
42553765,MANCHESTER,13,D,TXFR,,,,,left_only
41015146,WILLOW PASS,23,D,TXFR,,,,,left_only
41367440,LAMMERS,13,D,TXFR,,,,,left_only
42604373,MALAGA,13,D,TXFR,,,,,left_only
42615561,MCDONALD-MCDONALDISLAND,13,D,TXFR,,,,,left_only
42612077,LOS ALTOS,13,D,TXFR,,,,,left_only
42747145,SAN BENITO,13,D,TXFR,,,,,left_only
42641898,DINUBA,23,D,TXFR,,,,,left_only
42560401,HARRIS,23,D,TXFR,,,,,left_only
42560907,MONTE RIO,13,D,TXFR,,,,,left_only
41351277,BUENA VISTA,13,D,TXFR,,,,,left_only
42579730,LUCERNE,13,D,TXFR,,,,,left_only
42838668,SMYRNA,13,D,TXFR,,,,,left_only
42566495,WILLIAMS,13,D,TXFR,,,,,left_only
42594840,CHICO A,13,D,TXFR,,,,,left_only
42569331,GARBERVILLE,12,D,TXFR,,,,,left_only
42569332,GARBERVILLE,12,D,TXFR,,,,,left_only
42569328,GARBERVILLE,12,D,TXFR,,,,,left_only
42569330,GARBERVILLE,12,D,TXFR,,,,,left_only
42684651,KESWICK,12,D,TXFR,,,,,left_only
42684647,KESWICK,12,D,TXFR,,,,,left_only
42684648,KESWICK,12,D,TXFR,,,,,left_only
42684649,KESWICK,12,D,TXFR,,,,,left_only
42645233,MISSION,14,D,TXFR,,,,,left_only
42614669,PLUMAS,14,D,TXFR,,,,,left_only
42618108,STOCKDALE,24,D,TXFR,,,,,left_only
42675958,VIEJO,44,D,TXFR,,,,,left_only
42716327,SAN LEANDRO U,24,D,TXFR,,,,,left_only
42696106,BELMONT,24,D,TXFR,,,,,left_only
42610600,LARKIN,14,D,TXFR,,,,,left_only
42625950,MISSION,24,D,TXFR,,,,,left_only
42604409,HICKS,14,D,TXFR,,,,,left_only
43686523,ROSSMOOR,23,D,TXFR,,,,,left_only
42746592,OAKLAND C,13,D,TXFR,,,,,left_only
42566712,SUISUN,13,D,TXFR,,,,,left_only
42633401,SAN FRAN H (MARTIN),13,D,TXFR,,,,,left_only
42624367,RIVERBANK,13,D,TXFR,,,,,left_only
42635138,SANTA MARIA,13,D,TXFR,,,,,left_only
42645664,PUEBLO,23,D,TXFR,,,,,left_only
42613708,NAPA,13,D,TXFR,,,,,left_only
42619249,VIERRA,13,D,TXFR,,,,,left_only
42747618,MORRO BAY,13,D,TXFR,,,,,left_only
42748561,BELMONT,13,D,TXFR,,,,,left_only
42685139,MONROE,13,D,TXFR,,,,,left_only
42683933,IMHOFF,13,D,TXFR,,,,,left_only
42630299,STOCKTON A,23,D,TXFR,,,,,left_only
42667727,CHOWCHILLA,23,D,TXFR,,,,,left_only
42630945,WEST FRESNO,13,D,TXFR,,,,,left_only
42683501,FRANKLIN,13,D,TXFR,,,,,left_only
44248335,OAKLAND C,23,D,TXFR,,,,,left_only
42607124,SAN FRAN H (MARTIN),13,D,TXFR,,,,,left_only
42607285,CLAY,13,D,TXFR,,,,,left_only
42637242,GRAND ISLAND,13,D,TXFR,,,,,left_only
42625281,ALMADEN,13,D,TXFR,,,,,left_only
42676400,PASO ROBLES,13,D,TXFR,,,,,left_only
42617458,CALIFORNIA AVE,13,D,TXFR,,,,,left_only
42595708,PLACER,13,D,TXFR,,,,,left_only
42605851,PLAINFIELD,13,D,TXFR,,,,,left_only
42709532,LERDO,13,D,TXFR,,,,,left_only
42622514,PASO ROBLES,13,D,TXFR,,,,,left_only
42703300,WOODSIDE,13,D,TXFR,,,,,left_only
43688193,TRACY,13,D,TXFR,,,,,left_only
42623784,NEWMAN,13,D,TXFR,,,,,left_only
42567958,CAMDEN,13,D,TXFR,,,,,left_only
42707332,VICTOR,13,D,TXFR,,,,,left_only
43591409,REDWOOD CITY,13,D,TXFR,,,,,left_only
42677541,TULUCAY,13,D,TXFR,,,,,left_only
42603252,DESCHUTES,13,D,TXFR,,,,,left_only
42595909,PASO ROBLES,23,D,TXFR,,,,,left_only
42716314,SRI,13,D,TXFR,,,,,left_only
42618435,CHEROKEE,13,D,TXFR,,,,,left_only
42570393,CUYAMA,23,D,TXFR,,,,,left_only
42673455,COPUS,13,D,TXFR,,,,,left_only
42599536,VOLTA #1 PH,12,D,TXFR,,,,,left_only
42599533,VOLTA #1 PH,12,D,TXFR,,,,,left_only
42599534,VOLTA #1 PH,42,D,TXFR,,,,,left_only
42599535,VOLTA #1 PH,32,D,TXFR,,,,,left_only
42598773,PIT #5 PH,11,D,TXFR,,,,,left_only
42598771,PIT #5 PH,11,D,TXFR,,,,,left_only
42598774,PIT #5 PH,11,D,TXFR,,,,,left_only
42598772,PIT #5 PH,11,D,TXFR,,,,,left_only
42712528,MCKEE,24,D,TXFR,,,,,left_only
42672830,SAN FRAN A (POTRERO PP),14,D,TXFR,,,,,left_only
42703622,CASSIDY,14,D,TXFR,,,,,left_only
42686979,CASTRO VALLEY,24,D,TXFR,,,,,left_only
42669196,OAKLAND J,14,D,TXFR,,,,,left_only
42696058,STOCKDALE,24,D,TXFR,,,,,left_only
42676884,BARTON,24,D,TXFR,,,,,left_only
42770667,DALY CITY,14,D,TXFR,,,,,left_only
42737592,PEABODY,14,D,TXFR,,,,,left_only
42684671,FIGARDEN,14,D,TXFR,,,,,left_only
42715002,DALY CITY,24,D,TXFR,,,,,left_only
42688079,SAN LEANDRO U,24,D,TXFR,,,,,left_only
42696015,EDENVALE,24,D,TXFR,,,,,left_only
42747632,OCEANO,24,D,TXFR,,,,,left_only
43177341,SWIFT,14,D,TXFR,,,,,left_only
42731662,CLAYTON,23,D,TXFR,,,,,left_only
42625034,SAN FRAN P(HUNTERS POINT),13,D,TXFR,,,,,left_only
42741564,EDENVALE,13,D,TXFR,,,,,left_only
42627025,AIRWAYS,23,D,TXFR,,,,,left_only
42628192,GATES,23,D,TXFR,,,,,left_only
42626752,EIGHT MILE,13,D,TXFR,,,,,left_only
42690514,SONOMA A,13,D,TXFR,,,,,left_only
42623631,PLEASANT GROVE,13,D,TXFR,,,,,left_only
44445135,TRACY,13,D,TXFR,,,,,left_only
42695860,CURTIS,33,D,TXFR,,,,,left_only
42705786,LINCOLN,13,D,TXFR,,,,,left_only
42687386,7TH STANDARD,13,D,TXFR,,,,,left_only
42672334,ATWATER,53,D,TXFR,,,,,left_only
42671266,ALMADEN,13,D,TXFR,,,,,left_only
42683687,SOLEDAD,13,D,TXFR,,,,,left_only
43198909,POSO MOUNTAIN,23,D,TXFR,,,,,left_only
42677353,LAWRENCE,23,D,TXFR,,,,,left_only
42731152,EAST GRAND,23,D,TXFR,,,,,left_only
42626963,CORCORAN,13,D,TXFR,,,,,left_only
42626026,OAKHURST,13,D,TXFR,,,,,left_only
42630916,TUPMAN,13,D,TXFR,,,,,left_only
43600957,SCHINDLER,23,D,TXFR,,,,,left_only
42635749,CHARCA,13,D,TXFR,,,,,left_only
41353660,OAKLAND J,23,D,TXFR,,,,,left_only
42676890,CARUTHERS,13,D,TXFR,,,,,left_only
42706752,TULARE LAKE,13,D,TXFR,,,,,left_only
42634475,LIVERMORE,13,D,TXFR,,,,,left_only
42685631,OAKLAND J,13,D,TXFR,,,,,left_only
42624617,WESTLEY,13,D,TXFR,,,,,left_only
42686889,BOLINAS,13,D,TXFR,,,,,left_only
43687366,TAMARACK,13,D,TXFR,,,,,left_only
42631508,FORESTHILL,12,D,TXFR,,,,,left_only
42631510,FORESTHILL,12,D,TXFR,,,,,left_only
42631507,FORESTHILL,12,D,TXFR,,,,,left_only
42631509,FORESTHILL,12,D,TXFR,,,,,left_only
42731156,MISSION,14,D,TXFR,,,,,left_only
42703042,MESA,14,D,TXFR,,,,,left_only
42712315,MISSION,14,D,TXFR,,,,,left_only
42677938,LARKIN,14,D,TXFR,,,,,left_only
42681801,OAKLAND X,23,D,TXFR,,,,,left_only
42675629,BRITTON,13,D,TXFR,,,,,left_only
42673632,SUISUN,13,D,TXFR,,,,,left_only
42683683,STONE,13,D,TXFR,,,,,left_only
42683077,LONETREE,23,D,TXFR,,,,,left_only
42665516,DELEVAN,13,D,TXFR,,,,,left_only
42665484,DELEVAN,23,D,TXFR,,,,,left_only
42739648,LAS GALLINAS A,13,D,TXFR,,,,,left_only
42681886,WOLFE,33,D,TXFR,,,,,left_only
42696026,ARCATA,23,D,TXFR,,,,,left_only
42688728,ARCATA,13,D,TXFR,,,,,left_only
42683565,BURNS,13,D,TXFR,,,,,left_only
42690927,HIGHLANDS,13,D,TXFR,,,,,left_only
42692028,BAIR,13,D,TXFR,,,,,left_only
42711369,CAROLANDS,23,D,TXFR,,,,,left_only
42734515,BELMONT,23,D,TXFR,,,,,left_only
42677863,BUENA VISTA,13,D,TXFR,,,,,left_only
42705328,HENRIETTA,13,D,TXFR,,,,,left_only
42729853,KONOCTI,13,D,TXFR,,,,,left_only
42671373,HERDLYN,13,D,TXFR,,,,,left_only
42682155,STONE CORRAL,13,D,TXFR,,,,,left_only
42693736,ZAMORA,13,D,TXFR,,,,,left_only
42690503,BAYWOOD,13,D,TXFR,,,,,left_only
42708932,MCKITTRICK,21,D,TXFR,,,,,left_only
42708929,MCKITTRICK,11,D,TXFR,,,,,left_only
42708931,MCKITTRICK,11,D,TXFR,,,,,left_only
42708930,MCKITTRICK,11,D,TXFR,,,,,left_only
42745063,FORT ORD,24,D,TXFR,,,,,left_only
42729076,NEWARK,14,D,TXFR,,,,,left_only
42731766,CASTRO VALLEY,14,D,TXFR,,,,,left_only
42757659,CONTRA COSTA,24,D,TXFR,,,,,left_only
42731774,TASSAJARA,14,D,TXFR,,,,,left_only
43176981,CONTRA COSTA,14,D,TXFR,,,,,left_only
42748048,OAKLAND X,14,D,TXFR,,,,,left_only
42733575,MERCED,14,D,TXFR,,,,,left_only
42703423,VACA DIXON,13,D,TXFR,,,,,left_only
42761242,MOSHER,13,D,TXFR,,,,,left_only
42735237,HIGHWAY,13,D,TXFR,,,,,left_only
42730460,COTTONWOOD,13,D,TXFR,,,,,left_only
42753613,EAST GRAND,13,D,TXFR,,,,,left_only
42731617,SAN PABLO,13,D,TXFR,,,,,left_only
42731572,WYANDOTTE,13,D,TXFR,,,,,left_only
43593565,WEST FRESNO,23,D,TXFR,,,,,left_only
42742282,LIVINGSTON,13,D,TXFR,,,,,left_only
42728604,LAMONT,13,D,TXFR,,,,,left_only
42704616,LOCKEFORD,13,D,TXFR,,,,,left_only
42737061,KERN OIL,23,D,TXFR,,,,,left_only
42732327,PIT #3 PH,13,D,TXFR,,,,,left_only
42728548,HORSESHOE,13,D,TXFR,,,,,left_only
42740993,HALF MOON BAY,13,D,TXFR,,,,,left_only
42708547,HAMMER,23,D,TXFR,,,,,left_only
42709431,MADERA,13,D,TXFR,,,,,left_only
42707935,GLENN,13,D,TXFR,,,,,left_only
42705784,LINCOLN,13,D,TXFR,,,,,left_only
43686975,BOWLES,13,D,TXFR,,,,,left_only
43146752,FORT BRAGG A,33,D,TXFR,,,,,left_only
42743427,BELMONT,13,D,TXFR,,,,,left_only
42708685,CARUTHERS,13,D,TXFR,,,,,left_only
44437798,CRESSEY,13,D,TXFR,,,,,left_only
43189126,ORTIGA,13,D,TXFR,,,,,left_only
42732322,PIT #3 PH,13,D,TXFR,,,,,left_only
42726353,PUTAH CREEK,13,D,TXFR,,,,,left_only
42710034,WILLOW CREEK,12,D,TXFR,,,,,left_only
42710035,WILLOW CREEK,12,D,TXFR,,,,,left_only
42710032,WILLOW CREEK,12,D,TXFR,,,,,left_only
42710033,WILLOW CREEK,22,D,TXFR,,,,,left_only
43686972,WILKINS SLOUGH,12,D,TXFR,,,,,left_only
43686970,WILKINS SLOUGH,12,D,TXFR,,,,,left_only
43686971,WILKINS SLOUGH,22,D,TXFR,,,,,left_only
43686969,WILKINS SLOUGH,12,D,TXFR,,,,,left_only
43686966,COALINGA #2,12,D,TXFR,,,,,left_only
43686967,COALINGA #2,12,D,TXFR,,,,,left_only
42728587,BRIDGEVILLE,11,D,TXFR,,,,,left_only
43686750,COALINGA #2,11,D,TXFR,,,,,left_only
42728586,BRIDGEVILLE,11,D,TXFR,,,,,left_only
42728584,BRIDGEVILLE,11,D,TXFR,,,,,left_only
42728585,BRIDGEVILLE,11,D,TXFR,,,,,left_only
42759142,MISSION,14,D,TXFR,,,,,left_only
43147666,SALINAS,24,D,TXFR,,,,,left_only
42741611,LEMOORE,14,D,TXFR,,,,,left_only
42740935,DIXON,14,D,TXFR,,,,,left_only
42744837,EMBARCADERO,24,D,TXFR,,,,,left_only
43135138,PAUL SWEET,24,D,TXFR,,,,,left_only
42744388,PEABODY,14,D,TXFR,,,,,left_only
42835903,OAKLAND D,24,D,TXFR,,,,,left_only
42757624,OAKLAND X,24,D,TXFR,,,,,left_only
43686752,TEMPLETON,14,D,TXFR,,,,,left_only
42768831,MISSION,44,D,TXFR,,,,,left_only
43228956,SAN RAFAEL,14,D,TXFR,,,,,left_only
43687361,SWIFT,14,D,TXFR,,,,,left_only
42820486,BAKERSFIELD,13,D,TXFR,,,,,left_only
43145766,EL PATIO,43,D,TXFR,,,,,left_only
43131376,RICHMOND R,23,D,TXFR,,,,,left_only
42828489,LAKEVILLE,13,D,TXFR,,,,,left_only
43195954,BOGUE,23,D,TXFR,,,,,left_only
43599060,KERN OIL,23,D,TXFR,,,,,left_only
42769178,JARVIS,13,D,TXFR,,,,,left_only
42820506,NORTH TOWER,13,D,TXFR,,,,,left_only
42831509,MCFARLAND,23,D,TXFR,,,,,left_only
42758277,MCFARLAND,13,D,TXFR,,,,,left_only
42741738,PARLIER,13,D,TXFR,,,,,left_only
42743400,DEEPWATER,23,D,TXFR,,,,,left_only
43176274,STOCKDALE,23,D,TXFR,,,,,left_only
42762933,REEDLEY,23,D,TXFR,,,,,left_only
43239339,RIO BRAVO,13,D,TXFR,,,,,left_only
42735161,JAMESON,13,D,TXFR,,,,,left_only
43600980,DINUBA,13,D,TXFR,,,,,left_only
42757444,OROSI,23,D,TXFR,,,,,left_only
42743474,JANES CREEK,13,D,TXFR,,,,,left_only
43686528,HAMMER,13,D,TXFR,,,,,left_only
42742957,KERMAN,13,D,TXFR,,,,,left_only
42769090,GUERNSEY,23,D,TXFR,,,,,left_only
42833144,MISSION,13,D,TXFR,,,,,left_only
43686544,WINTERS,13,D,TXFR,,,,,left_only
42684148,UPPER LAKE,12,D,TXFR,,,,,left_only
42744278,MERIDIAN,12,D,TXFR,,,,,left_only
42744275,MERIDIAN,12,D,TXFR,,,,,left_only
42744276,MERIDIAN,12,D,TXFR,,,,,left_only
42744277,MERIDIAN,12,D,TXFR,,,,,left_only
43160467,MEADOW LANE,14,D,TXFR,,,,,left_only
42768829,MCCALL,24,D,TXFR,,,,,left_only
42840005,NEWARK,14,D,TXFR,,,,,left_only
42833857,LARKIN,14,D,TXFR,,,,,left_only
43228352,ALTO,23,D,TXFR,,,,,left_only
43149885,RICHMOND R,13,D,TXFR,,,,,left_only
43183861,ORO LOMA,13,D,TXFR,,,,,left_only
43186625,WHISMAN,13,D,TXFR,,,,,left_only
44206462,LERDO,23,D,TXFR,,,,,left_only
43182820,SANTA YNEZ,13,D,TXFR,,,,,left_only
43208015,KING CITY,23,D,TXFR,,,,,left_only
43239398,WOODSIDE,13,D,TXFR,,,,,left_only
43175318,ANITA,13,D,TXFR,,,,,left_only
43135201,EUREKA E,13,D,TXFR,,,,,left_only
43135198,EUREKA E,53,D,TXFR,,,,,left_only
43135199,EUREKA E,13,D,TXFR,,,,,left_only
43135200,EUREKA E,43,D,TXFR,,,,,left_only
43686963,LINDEN,12,D,TXFR,,,,,left_only
42832547,WHITMORE,22,D,TXFR,,,,,left_only
42832549,WHITMORE,12,D,TXFR,,,,,left_only
42832546,WHITMORE,12,D,TXFR,,,,,left_only
42832548,WHITMORE,12,D,TXFR,,,,,left_only
43601823,SAN FRAN A (POTRERO PP),14,D,TXFR,,,,,left_only
43595611,PANOCHE,14,D,TXFR,,,,,left_only
43201240,EMBARCADERO,14,D,TXFR,,,,,left_only
44319983,BRENTWOOD,44,D,TXFR,,,,,left_only
43592874,LARKIN,14,D,TXFR,,,,,left_only
43683088,MABURY,14,D,TXFR,,,,,left_only
43598149,DIVIDE,13,D,TXFR,,,,,left_only
43686507,DIXON LANDING,23,D,TXFR,,,,,left_only
43688599,NORTECH,13,D,TXFR,,,,,left_only
43686517,LOCKHEED #1,13,D,TXFR,,,,,left_only
43685820,LOCKHEED #1,13,D,TXFR,,,,,left_only
43242345,FORT BRAGG A,13,D,TXFR,,,,,left_only
43173269,OLIVEHURST,13,D,TXFR,,,,,left_only
43183089,DAIRYLAND,23,D,TXFR,,,,,left_only
43687372,FLINT,13,D,TXFR,,,,,left_only
44184181,SAN FRAN N,13,D,TXFR,,,,,left_only
43240043,SAN FRAN N,13,D,TXFR,,,,,left_only
44192228,EEL RIVER,13,D,TXFR,,,,,left_only
44356571,ANTELOPE,13,D,TXFR,,,,,left_only
43173379,DALY CITY,43,D,TXFR,,,,,left_only
43686962,LINDEN,12,D,TXFR,,,,,left_only
43686965,LINDEN,22,D,TXFR,,,,,left_only
43686964,LINDEN,12,D,TXFR,,,,,left_only
43703934,FORT SEWARD,21,D,TXFR,,,,,left_only
43703933,FORT SEWARD,11,D,TXFR,,,,,left_only
43703935,FORT SEWARD,11,D,TXFR,,,,,left_only
43703932,FORT SEWARD,51,D,TXFR,,,,,left_only
44843167,EMBARCADERO,14,D,TXFR,,,,,left_only
44206521,FREMONT,14,D,TXFR,,,,,left_only
44198539,SAN RAFAEL,14,D,TXFR,,,,,left_only
44229399,EL CERRITO G,14,D,TXFR,,,,,left_only
44815492,OCEANO,24,D,TXFR,,,,,left_only
44921632,OAKLAND L,14,D,TXFR,,,,,left_only
44163186,OAKLAND J,14,D,TXFR,,,,,left_only
45320888,PLACER,23,D,TXFR,,,,,left_only
44137183,SHEPHERD,13,D,TXFR,,,,,left_only
44215716,RIPON,23,D,TXFR,,,,,left_only
44187481,MIDWAY,13,D,TXFR,,,,,left_only
44197830,CORDELIA,13,D,TXFR,,,,,left_only
44171259,BERRENDA A,23,D,TXFR,,,,,left_only
44151373,LAS GALLINAS A,13,D,TXFR,,,,,left_only
43683895,OLD RIVER,13,D,TXFR,,,,,left_only
44155540,JOLON,13,D,TXFR,,,,,left_only
43687328,VALLEY HOME,13,D,TXFR,,,,,left_only
43683830,ALPAUGH,13,D,TXFR,,,,,left_only
44201146,GUERNSEY,13,D,TXFR,,,,,left_only
43694109,CATLETT,13,D,TXFR,,,,,left_only
43685830,LAKEVIEW,23,D,TXFR,,,,,left_only
44286982,LAKEWOOD,24,D,TXFR,,,,,left_only
44218506,LARKIN,14,D,TXFR,,,,,left_only
44658306,EL CERRITO G,14,D,TXFR,,,,,left_only
44193220,SANTA MARIA,14,D,TXFR,,,,,left_only
44321786,LLAGAS,23,D,TXFR,,,,,left_only
44337915,MENLO,13,D,TXFR,,,,,left_only
44220165,NAPA,13,D,TXFR,,,,,left_only
44448416,WINDSOR,23,D,TXFR,,,,,left_only
44440867,LE GRAND,13,D,TXFR,,,,,left_only
44205480,SHAFTER,13,D,TXFR,,,,,left_only
44310930,HENRIETTA,23,D,TXFR,,,,,left_only
44231160,MAXWELL,23,D,TXFR,,,,,left_only
44358078,NORTH TOWER,13,D,TXFR,,,,,left_only
44358073,NORTH TOWER,13,D,TXFR,,,,,left_only
44377772,ALLEGHANY,13,D,TXFR,,,,,left_only
44358558,LOW GAP,12,D,TXFR,,,,,left_only
44287642,WILDWOOD,22,D,TXFR,,,,,left_only
44442709,SAN MATEO,13,D,TXFR,,,,,left_only
44442706,SAN MATEO,23,D,TXFR,,,,,left_only
44442707,SAN MATEO,13,D,TXFR,,,,,left_only
44442708,SAN MATEO,13,D,TXFR,,,,,left_only
44374795,COTTLE,14,D,TXFR,,,,,left_only
44693336,EMBARCADERO,23,D,TXFR,,,,,left_only
44627639,OAKLAND C,23,D,TXFR,,,,,left_only
44692363,SAN FRAN H (MARTIN),13,D,TXFR,,,,,left_only
44625914,VALLEJO B,13,D,TXFR,,,,,left_only
44448845,WHEELER RIDGE,13,D,TXFR,,,,,left_only
44828351,REDWOOD CITY,13,D,TXFR,,,,,left_only
44693357,SAN FRAN H (MARTIN),23,D,TXFR,,,,,left_only
45244993,CAMDEN,23,D,TXFR,,,,,left_only
44625917,VALLEJO B,13,D,TXFR,,,,,left_only
44627503,SAN FRAN M,13,D,TXFR,,,,,left_only
44625889,VALLEJO B,13,D,TXFR,,,,,left_only
44891337,GUALALA,13,D,TXFR,,,,,left_only
44625919,VALLEJO B,13,D,TXFR,,,,,left_only
44416494,SPAULDING PH #2,12,D,TXFR,,,,,left_only
44723706,OLEMA,22,D,TXFR,,,,,left_only
44723681,OLEMA,12,D,TXFR,,,,,left_only
44723679,OLEMA,12,D,TXFR,,,,,left_only
44723682,OLEMA,22,D,TXFR,,,,,left_only
45005137,DUNLAP,22,D,TXFR,,,,,left_only
45005139,DUNLAP,12,D,TXFR,,,,,left_only
44368647,FRENCH GULCH,11,D,TXFR,,,,,left_only
44634812,COTTLE,14,D,TXFR,,,,,left_only
44991677,LAS POSITAS,24,D,TXFR,,,,,left_only
44664685,SAN RAFAEL,13,D,TXFR,,,,,left_only
44724589,PUEBLO,13,D,TXFR,,,,,left_only
45039575,PIERCY,13,D,TXFR,,,,,left_only
44702064,SHAFTER,23,D,TXFR,,,,,left_only
44992148,SAN FRAN M,13,D,TXFR,,,,,left_only
44701511,SPENCE,13,D,TXFR,,,,,left_only
44775476,STUART,13,D,TXFR,,,,,left_only
45005236,CONTRA COSTA,14,D,TXFR,,,,,left_only
44897830,SARATOGA,14,D,TXFR,,,,,left_only
45101814,EL CERRITO G,14,D,TXFR,,,,,left_only
44974539,LAKEWOOD,13,D,TXFR,,,,,left_only
44799003,LAKEWOOD,13,D,TXFR,,,,,left_only
44773606,MARINA,23,D,TXFR,,,,,left_only
44889184,MARINA,43,D,TXFR,,,,,left_only
45035831,FMC,13,D,TXFR,,,,,left_only
44990119,RESERVATION ROAD,13,D,TXFR,,,,,left_only
44930971,EL NIDO,13,D,TXFR,,,,,left_only
45245950,SANTA RITA,13,D,TXFR,,,,,left_only
44762447,WEST POINT PH,23,D,TXFR,,,,,left_only
44868174,RICE,13,D,TXFR,,,,,left_only
44868171,RICE,13,D,TXFR,,,,,left_only
44802610,POINT MORETTI,13,D,TXFR,,,,,left_only
45042181,WILSON,14,D,TXFR,,,,,left_only
45042183,WILSON,14,D,TXFR,,,,,left_only
45137427,DOLAN RD,23,D,TXFR,,,,,left_only
45036962,BELLEVUE,13,D,TXFR,,,,,left_only
45335258,BAY MEADOWS,13,D,TXFR,,,,,left_only
44922450,GATES,13,D,TXFR,,,,,left_only
45259394,RINCON,23,D,TXFR,,,,,left_only
45005199,LLAGAS,13,D,TXFR,,,,,left_only
45023978,FAIRWAY,13,D,TXFR,,,,,left_only
45571049,SYCAMORE CREEK,13,D,TXFR,,,,,left_only
45066962,SOLEDAD,13,D,TXFR,,,,,left_only
44898280,BUTTE,13,D,TXFR,,,,,left_only
44978933,HALF MOON BAY,23,D,TXFR,,,,,left_only
45090161,SANTA TERESA,13,D,TXFR,,,,,left_only
45145459,COLUSA,13,D,TXFR,,,,,left_only
45371826,KNIGHTS LANDING,13,D,TXFR,,,,,left_only
45017779,TULARE LAKE,53,D,TXFR,,,,,left_only
45320495,STILLWATER,13,D,TXFR,,,,,left_only
45005136,DUNLAP,22,D,TXFR,,,,,left_only
45005133,DUNLAP,12,D,TXFR,,,,,left_only
45005610,FRUITLAND,12,D,TXFR,,,,,left_only
45004286,FRUITLAND,12,D,TXFR,,,,,left_only
45004288,FRUITLAND,12,D,TXFR,,,,,left_only
45004287,FRUITLAND,22,D,TXFR,,,,,left_only
45131447,TIDEWATER,14,D,TXFR,,,,,left_only
45490410,MARYSVILLE STORAGE,14,D,TXFR,,,,,left_only
45263172,ASHLAN AVE,14,D,TXFR,,,,,left_only
45143412,SAN FRAN A (POTRERO PP),24,D,TXFR,,,,,left_only
45104745,JARVIS,14,D,TXFR,,,,,left_only
45143378,JARVIS,13,D,TXFR,,,,,left_only
45238223,PUEBLO,13,D,TXFR,,,,,left_only
45263175,ASHLAN AVE,13,D,TXFR,,,,,left_only
45238845,CALFLAX,13,D,TXFR,,,,,left_only
45248440,COLUSA,13,D,TXFR,,,,,left_only
45251812,WOODACRE,13,D,TXFR,,,,,left_only
45238236,SANTA NELLA,13,D,TXFR,,,,,left_only
45053985,TYLER,13,D,TXFR,,,,,left_only
45275090,PERRY,13,D,TXFR,,,,,left_only
45071979,VINA,13,D,TXFR,,,,,left_only
45104660,SMARTVILLE,13,D,TXFR,,,,,left_only
45187973,SALT SPRINGS PH,12,D,TXFR,,,,,left_only
45403114,ASHLAN AVE,14,D,TXFR,,,,,left_only
45330769,EMBARCADERO,14,D,TXFR,,,,,left_only
45335261,OAKLAND K (CLAREMONT),13,D,TXFR,,,,,left_only
45299762,SNEATH LANE,13,D,TXFR,,,,,left_only
45359046,HAAS PH,23,D,TXFR,,,,,left_only
45397538,MADERA,13,D,TXFR,,,,,left_only
45250793,VALLEY SPRINGS,13,D,TXFR,,,,,left_only
45381987,ANDERSON,13,D,TXFR,,,,,left_only
45359048,HAAS PH,13,D,TXFR,,,,,left_only
45323250,DIVIDE,13,D,TXFR,,,,,left_only
45310348,HURON,13,D,TXFR,,,,,left_only
45306609,ORO FINO,13,D,TXFR,,,,,left_only
45352822,DUNNIGAN,13,D,TXFR,,,,,left_only
45344130,HOOPA,12,D,TXFR,,,,,left_only
45344132,HOOPA,12,D,TXFR,,,,,left_only
45344131,HOOPA,12,D,TXFR,,,,,left_only
45344129,HOOPA,12,D,TXFR,,,,,left_only
45488223,BONNIE NOOK,42,D,TXFR,,,,,left_only
45488208,BONNIE NOOK,12,D,TXFR,,,,,left_only
45488214,BONNIE NOOK,12,D,TXFR,,,,,left_only
45488220,BONNIE NOOK,12,D,TXFR,,,,,left_only
45541849,KIRKER,14,D,TXFR,,,,,left_only
45545336,PAUL SWEET,14,D,TXFR,,,,,left_only
45402250,SNEATH LANE,24,D,TXFR,,,,,left_only
45522805,MOUNTAIN VIEW,54,D,TXFR,,,,,left_only
45529561,DUMBARTON,14,D,TXFR,,,,,left_only
45482944,LAKEWOOD,13,D,TXFR,,,,,left_only
41014055,STOCKDALE,13,D,TXFR,,,,,left_only
45423726,NEWBURG,23,D,TXFR,,,,,left_only
45469783,GOOSE LAKE,13,D,TXFR,,,,,left_only
45542985,GLENWOOD,13,D,TXFR,,,,,left_only
45528494,PALMER,13,D,TXFR,,,,,left_only
45455167,BROWNS VALLEY,22,D,TXFR,,,,,left_only
45605603,LLAGAS,14,D,TXFR,,,,,left_only
45640134,MONTAGUE,24,D,TXFR,,,,,left_only
45571570,HOLLISTER,13,D,TXFR,,,,,left_only
45605615,LAWRENCE,13,D,TXFR,,,,,left_only
45579543,San Joaquin #3 PH,13,D,TXFR,,,,,left_only
45609316,Rio Dell,13,D,TXFR,,,,,left_only
45566648,CORNING,53,D,TXFR,,,,,left_only
45661592,Castroville,13,D,TXFR,,,,,left_only
45579101,RED BLUFF,53,D,TXFR,,,,,left_only
45570134,VALLEY HOME,13,D,TXFR,,,,,left_only
45673851,Big Lagoon,13,D,TXFR,,,,,left_only
45568601,CAPAY,23,D,TXFR,,,,,left_only
45717657,PANOCHE,14,D,TXFR,,,,,left_only
45740591,SARATOGA,54,D,TXFR,,,,,left_only
45717659,PANOCHE,14,D,TXFR,,,,,left_only
45735860,WEBER,14,D,TXFR,,,,,left_only
45783178,FORT ORD,14,D,TXFR,,,,,left_only
45685404,GREEN VALLEY,54,D,TXFR,,,,,left_only
45719291,DEL MONTE,14,D,TXFR,,,,,left_only
45568600,BAKERSFIELD,13,D,TXFR,,,,,left_only
45651883,WHEELER RIDGE,13,D,TXFR,,,,,left_only
45658503,COLUMBUS,13,D,TXFR,,,,,left_only
45764348,SANTA TERESA,13,D,TXFR,,,,,left_only
45692345,SPENCE,13,D,TXFR,,,,,left_only
45685053,MONTEREY,13,D,TXFR,,,,,left_only
41012337,CARBONA,53,D,TXFR,,,,,left_only
45627919,PACIFICA,13,D,TXFR,,,,,left_only
45638649,MIDWAY,13,D,TXFR,,,,,left_only
45751667,ZAMORA,13,D,TXFR,,,,,left_only
45633036,SAN BERNARD,13,D,TXFR,,,,,left_only
45822699,Gualala,33,D,TXFR,,,,,left_only
45616247,CARBONA,13,D,TXFR,,,,,left_only
45781882,WILDWOOD,33,D,TXFR,,,,,left_only
45658645,KERCKHOFF #1 PH,13,D,TXFR,,,,,left_only
42735572,ARCO SUB,14,T,TXFR,,,,,left_only
43144204,ARCO SUB,14,T,TXFR,,,,,left_only
42553779,BRIDGEVILLE SUB,24,T,TXFR,,,,,left_only
42734697,BUTTE SUB,24,T,TXFR,,,,,left_only
41184033,CHRISTIE SUB,14,T,TXFR,,,,,left_only
40989612,COBURN SUB,14,T,TXFR,,,,,left_only
42686386,CONTRA COSTA SUB,24,T,TXFR,,,,,left_only
42686875,CORTINA SUB,14,T,TXFR,,,,,left_only
40989631,EAGLE ROCK SUB,24,T,TXFR,,,,,left_only
42692025,GATES SUB,14,T,TXFR,,,,,left_only
40989656,GOLD HILL SUB,24,T,TXFR,,,,,left_only
42626324,HENRIETTA SUB,14,T,TXFR,,,,,left_only
44611881,KASSON SUB,14,T,TXFR,,,,,left_only
40989714,MENDOCINO SUB,34,T,TXFR,,,,,left_only
42695718,MENDOTA SUB,24,T,TXFR,,,,,left_only
40989681,NEW KEARNEY SUB,24,T,TXFR,,,,,left_only
42710844,PLACER SUB,14,T,TXFR,,,,,left_only
40989524,SOBRANTE SUB,14,T,TXFR,,,,,left_only
40989800,VALLEY SPRINGS SUB,24,T,TXFR,,,,,left_only
42735593,ARCO SUB,14,T,TXFR,,,,,left_only
42735586,ARCO SUB,14,T,TXFR,,,,,left_only
43144171,ARCO SUB,14,T,TXFR,,,,,left_only
42735592,ARCO SUB,24,T,TXFR,,,,,left_only
43144172,ARCO SUB,14,T,TXFR,,,,,left_only
42735589,ARCO SUB,24,T,TXFR,,,,,left_only
43144170,ARCO SUB,14,T,TXFR,,,,,left_only
41014631,ATLANTIC SUB,23,T,TXFR,,,,,left_only
41014619,ATLANTIC SUB,53,T,TXFR,,,,,left_only
41012527,ATLANTIC SUB,23,T,TXFR,,,,,left_only
42704633,ATLANTIC SUB,14,T,TXFR,,,,,left_only
42704631,ATLANTIC SUB,24,T,TXFR,,,,,left_only
41015282,BAIR SUB,33,T,TXFR,,,,,left_only
41014946,BAIR SUB,33,T,TXFR,,,,,left_only
41014947,BAIR SUB,33,T,TXFR,,,,,left_only
42707082,BELLOTA SUB,14,T,TXFR,,,,,left_only
42630400,BELLOTA SUB,14,T,TXFR,,,,,left_only
41234815,BORDEN SUB,44,T,TXFR,,,,,left_only
41210005,BORDEN SUB,14,T,TXFR,,,,,left_only
42753803,BRIDGEVILLE SUB,13,T,TXFR,,,,,left_only
42753756,BRIDGEVILLE SUB,13,T,TXFR,,,,,left_only
42753802,BRIDGEVILLE SUB,13,T,TXFR,,,,,left_only
42753804,BRIDGEVILLE SUB,43,T,TXFR,,,,,left_only
42641306,BRIGHTON SUB,14,T,TXFR,,,,,left_only
41209640,BRIGHTON SUB,44,T,TXFR,,,,,left_only
45488239,BUCKS CREEK PH,13,T,TXFR,,,,,left_only
44145401,BUTTE SUB,13,T,TXFR,,,,,left_only
41305331,BUTTE SUB,13,T,TXFR,,,,,left_only
41305330,BUTTE SUB,13,T,TXFR,,,,,left_only
41304932,BUTTE SUB,23,T,TXFR,,,,,left_only
41012681,CARIBOU PH #2,23,T,TXFR,,,,,left_only
41012053,CARIBOU PH #2,43,T,TXFR,,,,,left_only
41012054,CARIBOU PH #2,23,T,TXFR,,,,,left_only
45278026,CASCADE SUB,14,T,TXFR,,,,,left_only
42693062,CHRISTIE SUB,13,T,TXFR,,,,,left_only
42693051,CHRISTIE SUB,13,T,TXFR,,,,,left_only
42693059,CHRISTIE SUB,13,T,TXFR,,,,,left_only
42693054,CHRISTIE SUB,13,T,TXFR,,,,,left_only
44414360,CHRISTIE SUB,14,T,TXFR,,,,,left_only
41012778,COBURN SUB,13,T,TXFR,,,,,left_only
41012780,COBURN SUB,13,T,TXFR,,,,,left_only
41014672,COBURN SUB,13,T,TXFR,,,,,left_only
41012775,COBURN SUB,23,T,TXFR,,,,,left_only
41012777,COBURN SUB,23,T,TXFR,,,,,left_only
41012776,COBURN SUB,23,T,TXFR,,,,,left_only
41358360,COLGATE PH,13,T,TXFR,,,,,left_only
41358358,COLGATE PH,13,T,TXFR,,,,,left_only
41358359,COLGATE PH,13,T,TXFR,,,,,left_only
41335023,COLGATE PH,13,T,TXFR,,,,,left_only
42717692,CONTRA COSTA SUB,13,T,TXFR,,,,,left_only
42717682,CONTRA COSTA SUB,13,T,TXFR,,,,,left_only
42717638,CONTRA COSTA SUB,13,T,TXFR,,,,,left_only
42717686,CONTRA COSTA SUB,13,T,TXFR,,,,,left_only
41015172,CONTRA COSTA SUB,33,T,TXFR,,,,,left_only
41015169,CONTRA COSTA SUB,33,T,TXFR,,,,,left_only
41015171,CONTRA COSTA SUB,33,T,TXFR,,,,,left_only
41368659,CONTRA COSTA SUB,13,T,TXFR,,,,,left_only
41368660,CONTRA COSTA SUB,13,T,TXFR,,,,,left_only
41368661,CONTRA COSTA SUB,13,T,TXFR,,,,,left_only
41368658,CONTRA COSTA SUB,13,T,TXFR,,,,,left_only
42748559,COOLEY LANDING SUB,14,T,TXFR,,,,,left_only
44726981,COOLEY LANDING SUB,14,T,TXFR,,,,,left_only
42833270,CORCORAN SUB,13,T,TXFR,,,,,left_only
42833268,CORCORAN SUB,13,T,TXFR,,,,,left_only
42833267,CORCORAN SUB,13,T,TXFR,,,,,left_only
42833269,CORCORAN SUB,13,T,TXFR,,,,,left_only
43195560,CORTINA SUB,24,T,TXFR,,,,,left_only
41012836,CORTINA SUB,23,T,TXFR,,,,,left_only
41015250,CORTINA SUB,23,T,TXFR,,,,,left_only
41015249,CORTINA SUB,23,T,TXFR,,,,,left_only
41339637,CORTINA SUB,44,T,TXFR,,,,,left_only
41202294,COTTONWOOD SUB,14,T,TXFR,,,,,left_only
42674100,COTTONWOOD SUB,14,T,TXFR,,,,,left_only
41191641,COTTONWOOD SUB,44,T,TXFR,,,,,left_only
41191643,COTTONWOOD SUB,14,T,TXFR,,,,,left_only
41191642,COTTONWOOD SUB,14,T,TXFR,,,,,left_only
41191644,COTTONWOOD SUB,14,T,TXFR,,,,,left_only
45565002,COTTONWOOD SUB,14,T,TXFR,,,,,left_only
41335703,DEL MONTE SUB,14,T,TXFR,,,,,left_only
42566567,DEL MONTE SUB,24,T,TXFR,,,,,left_only
41015303,DIVIDE SUB,23,T,TXFR,,,,,left_only
41015309,DIVIDE SUB,23,T,TXFR,,,,,left_only
41015307,DIVIDE SUB,23,T,TXFR,,,,,left_only
41012901,DIVIDE SUB,23,T,TXFR,,,,,left_only
41015308,DIVIDE SUB,23,T,TXFR,,,,,left_only
41015301,DIVIDE SUB,23,T,TXFR,,,,,left_only
41013698,DRUM 1 & 2 PH,33,T,TXFR,,,,,left_only
41013699,DRUM 1 & 2 PH,23,T,TXFR,,,,,left_only
41012113,EAGLE ROCK SUB,43,T,TXFR,,,,,left_only
41012114,EAGLE ROCK SUB,43,T,TXFR,,,,,left_only
41012115,EAGLE ROCK SUB,43,T,TXFR,,,,,left_only
41014462,EAGLE ROCK SUB,43,T,TXFR,,,,,left_only
43601770,EAST NICOLAUS SUB,14,T,TXFR,,,,,left_only
43180520,EAST NICOLAUS SUB,14,T,TXFR,,,,,left_only
42703629,EASTSHORE SUB,14,T,TXFR,,,,,left_only
42563831,EASTSHORE SUB,24,T,TXFR,,,,,left_only
41012958,EVERGREEN SUB,33,T,TXFR,,,,,left_only
41012956,EVERGREEN SUB,33,T,TXFR,,,,,left_only
41012959,EVERGREEN SUB,33,T,TXFR,,,,,left_only
41012957,EVERGREEN SUB,33,T,TXFR,,,,,left_only
44424731,EXCHEQUER PH,14,T,TXFR,,,,,left_only
41013253,FULTON SUB,14,T,TXFR,,,,,left_only
41013254,FULTON SUB,14,T,TXFR,,,,,left_only
41013004,FULTON SUB,24,T,TXFR,,,,,left_only
41014463,FULTON SUB,24,T,TXFR,,,,,left_only
41013003,FULTON SUB,24,T,TXFR,,,,,left_only
41013005,FULTON SUB,24,T,TXFR,,,,,left_only
41012443,FULTON SUB,14,T,TXFR,,,,,left_only
42691204,GATES SUB,14,T,TXFR,,,,,left_only
42691208,GATES SUB,14,T,TXFR,,,,,left_only
42691207,GATES SUB,14,T,TXFR,,,,,left_only
42691209,GATES SUB,14,T,TXFR,,,,,left_only
45310346,GATES SUB,24,T,TXFR,,,,,left_only
44896942,GATES SUB,14,T,TXFR,,,,,left_only
44896943,GATES SUB,14,T,TXFR,,,,,left_only
44896944,GATES SUB,14,T,TXFR,,,,,left_only
45310347,GATES SUB,24,T,TXFR,,,,,left_only
45310350,GATES SUB,24,T,TXFR,,,,,left_only
41158732,GATES SUB,14,T,TXFR,,,,,left_only
45021875,GLENN SUB,14,T,TXFR,,,,,left_only
41013488,GLENN SUB,14,T,TXFR,,,,,left_only
42707423,GOLD HILL SUB,14,T,TXFR,,,,,left_only
41013053,GOLD HILL SUB,34,T,TXFR,,,,,left_only
41012162,GOLD HILL SUB,34,T,TXFR,,,,,left_only
41164927,GOLD HILL SUB,24,T,TXFR,,,,,left_only
41012624,GOLD HILL SUB,24,T,TXFR,,,,,left_only
41013075,GREEN VALLEY SUB,33,T,TXFR,,,,,left_only
41013076,GREEN VALLEY SUB,33,T,TXFR,,,,,left_only
41014472,GREEN VALLEY SUB,33,T,TXFR,,,,,left_only
41158252,HAAS PH,44,T,TXFR,,,,,left_only
41158251,HAAS PH,44,T,TXFR,,,,,left_only
41158253,HAAS PH,44,T,TXFR,,,,,left_only
41158254,HAAS PH,44,T,TXFR,,,,,left_only
45591712,HELM SUB,14,T,TXFR,,,,,left_only
43688195,HENRIETTA SUB,14,T,TXFR,,,,,left_only
42615239,HENRIETTA SUB,14,T,TXFR,,,,,left_only
42626322,HENRIETTA SUB,23,T,TXFR,,,,,left_only
42626323,HENRIETTA SUB,13,T,TXFR,,,,,left_only
42626321,HENRIETTA SUB,13,T,TXFR,,,,,left_only
42626320,HENRIETTA SUB,23,T,TXFR,,,,,left_only
41218569,HERDLYN SUB,13,T,TXFR,,,,,left_only
41367945,HERDLYN SUB,13,T,TXFR,,,,,left_only
41014907,HERDLYN SUB,23,T,TXFR,,,,,left_only
41014908,HERDLYN SUB,23,T,TXFR,,,,,left_only
43146314,HERNDON SUB,14,T,TXFR,,,,,left_only
41012784,HERNDON SUB,14,T,TXFR,,,,,left_only
41363439,HERNDON SUB,24,T,TXFR,,,,,left_only
41013152,HOPLAND SUB,43,T,TXFR,,,,,left_only
42836055,HUMBOLDT SUB,14,T,TXFR,,,,,left_only
42748982,HUMBOLDT SUB,14,T,TXFR,,,,,left_only
41367946,IGNACIO SUB,14,T,TXFR,,,,,left_only
43198412,IGNACIO SUB,14,T,TXFR,,,,,left_only
41012304,IGNACIO SUB,24,T,TXFR,,,,,left_only
41014482,IGNACIO SUB,24,T,TXFR,,,,,left_only
41012309,IGNACIO SUB,24,T,TXFR,,,,,left_only
41012303,IGNACIO SUB,24,T,TXFR,,,,,left_only
41160285,IGNACIO SUB,24,T,TXFR,,,,,left_only
41345207,JEFFERSON SUB,14,T,TXFR,,,,,left_only
42630904,JEFFERSON SUB,14,T,TXFR,,,,,left_only
44761997,KASSON SUB,13,T,TXFR,,,,,left_only
44761995,KASSON SUB,13,T,TXFR,,,,,left_only
44761979,KASSON SUB,13,T,TXFR,,,,,left_only
44761989,KASSON SUB,13,T,TXFR,,,,,left_only
42645052,KERN PP,14,T,TXFR,,,,,left_only
42627132,KERN PP,14,T,TXFR,,,,,left_only
42742998,KERN PP,44,T,TXFR,,,,,left_only
41359886,KERN PP,24,T,TXFR,,,,,left_only
41210098,KERN PP,24,T,TXFR,,,,,left_only
41158196,KINGSBURG SUB,13,T,TXFR,,,,,left_only
41158197,KINGSBURG SUB,13,T,TXFR,,,,,left_only
41158194,KINGSBURG SUB,13,T,TXFR,,,,,left_only
41158195,KINGSBURG SUB,13,T,TXFR,,,,,left_only
43139167,LAKEVILLE SUB,14,T,TXFR,,,,,left_only
41209234,LAKEVILLE SUB,24,T,TXFR,,,,,left_only
41013083,LAKEVILLE SUB,14,T,TXFR,,,,,left_only
41177215,LAKEVILLE SUB,14,T,TXFR,,,,,left_only
41013261,LAS POSITAS SUB,13,T,TXFR,,,,,left_only
41014819,LAS POSITAS SUB,13,T,TXFR,,,,,left_only
41014820,LAS POSITAS SUB,13,T,TXFR,,,,,left_only
41013304,LOCKEFORD SUB,33,T,TXFR,,,,,left_only
41013305,LOCKEFORD SUB,33,T,TXFR,,,,,left_only
41013297,LOCKEFORD SUB,33,T,TXFR,,,,,left_only
41014713,LOCKEFORD SUB,33,T,TXFR,,,,,left_only
42677602,LOCKEFORD SUB,14,T,TXFR,,,,,left_only
41186539,LOCKEFORD SUB,24,T,TXFR,,,,,left_only
42691424,LOS BANOS SUB,14,T,TXFR,,,,,left_only
41239449,LOS BANOS SUB,24,T,TXFR,,,,,left_only
41239450,LOS BANOS SUB,14,T,TXFR,,,,,left_only
41183543,LOS BANOS SUB,14,T,TXFR,,,,,left_only
42624468,LOS BANOS SUB,14,T,TXFR,,,,,left_only
42624466,LOS BANOS SUB,14,T,TXFR,,,,,left_only
42624467,LOS BANOS SUB,14,T,TXFR,,,,,left_only
42624470,LOS BANOS SUB,24,T,TXFR,,,,,left_only
41165881,LOS ESTEROS SUB,14,T,TXFR,,,,,left_only
41165882,LOS ESTEROS SUB,14,T,TXFR,,,,,left_only
44336461,MANTECA SUB,14,T,TXFR,,,,,left_only
44336499,MANTECA SUB,14,T,TXFR,,,,,left_only
41013386,MCCALL SUB,24,T,TXFR,,,,,left_only
41013387,MCCALL SUB,24,T,TXFR,,,,,left_only
41014718,MCCALL SUB,24,T,TXFR,,,,,left_only
42613060,MCCALL SUB,14,T,TXFR,,,,,left_only
41013437,MCCALL SUB,14,T,TXFR,,,,,left_only
41013416,MENDOCINO SUB,33,T,TXFR,,,,,left_only
41013415,MENDOCINO SUB,33,T,TXFR,,,,,left_only
41013413,MENDOCINO SUB,33,T,TXFR,,,,,left_only
41013412,MENDOCINO SUB,33,T,TXFR,,,,,left_only
41221119,MENDOCINO SUB,14,T,TXFR,,,,,left_only
44604228,MENDOTA SUB,43,T,TXFR,,,,,left_only
42695721,MENDOTA SUB,23,T,TXFR,,,,,left_only
42695722,MENDOTA SUB,23,T,TXFR,,,,,left_only
42695720,MENDOTA SUB,23,T,TXFR,,,,,left_only
41011991,MERCED SUB,43,T,TXFR,,,,,left_only
41011988,MERCED SUB,13,T,TXFR,,,,,left_only
41011990,MERCED SUB,13,T,TXFR,,,,,left_only
41011989,MERCED SUB,13,T,TXFR,,,,,left_only
41352963,MESA SUB,14,T,TXFR,,,,,left_only
41369336,MESA SUB,24,T,TXFR,,,,,left_only
41179422,METCALF SUB,14,T,TXFR,,,,,left_only
41179423,METCALF SUB,14,T,TXFR,,,,,left_only
41179424,METCALF SUB,24,T,TXFR,,,,,left_only
42743966,METCALF SUB,24,T,TXFR,,,,,left_only
42698791,METCALF SUB,14,T,TXFR,,,,,left_only
42743965,METCALF SUB,14,T,TXFR,,,,,left_only
42743964,METCALF SUB,14,T,TXFR,,,,,left_only
42743963,METCALF SUB,14,T,TXFR,,,,,left_only
41013444,METCALF SUB,24,T,TXFR,,,,,left_only
41013443,METCALF SUB,24,T,TXFR,,,,,left_only
43699065,METCALF SUB,14,T,TXFR,,,,,left_only
43689813,METCALF SUB,14,T,TXFR,,,,,left_only
43689812,METCALF SUB,14,T,TXFR,,,,,left_only
43222873,METCALF SUB,14,T,TXFR,,,,,left_only
41177631,METCALF SUB,14,T,TXFR,,,,,left_only
43689810,METCALF SUB,14,T,TXFR,,,,,left_only
43689809,METCALF SUB,24,T,TXFR,,,,,left_only
41177629,METCALF SUB,14,T,TXFR,,,,,left_only
41177628,METCALF SUB,14,T,TXFR,,,,,left_only
41177630,METCALF SUB,14,T,TXFR,,,,,left_only
41013442,METCALF SUB,44,T,TXFR,,,,,left_only
42724274,MIDWAY SUB,14,T,TXFR,,,,,left_only
42630915,MIDWAY SUB,14,T,TXFR,,,,,left_only
41335133,MIDWAY SUB,14,T,TXFR,,,,,left_only
41158721,MIDWAY SUB,14,T,TXFR,,,,,left_only
43600226,MIDWAY SUB,14,T,TXFR,,,,,left_only
41170888,MIDWAY SUB,14,T,TXFR,,,,,left_only
44219531,MIDWAY SUB,14,T,TXFR,,,,,left_only
41158723,MIDWAY SUB,14,T,TXFR,,,,,left_only
41212520,MIDWAY SUB,14,T,TXFR,,,,,left_only
41166988,MIDWAY SUB,14,T,TXFR,,,,,left_only
41166989,MIDWAY SUB,14,T,TXFR,,,,,left_only
41012729,MIDWAY SUB,44,T,TXFR,,,,,left_only
41012732,MIDWAY SUB,44,T,TXFR,,,,,left_only
41012716,MIDWAY SUB,44,T,TXFR,,,,,left_only
41188556,MILLBRAE SUB,13,T,TXFR,,,,,left_only
41188557,MILLBRAE SUB,13,T,TXFR,,,,,left_only
41188555,MILLBRAE SUB,13,T,TXFR,,,,,left_only
41188558,MILLBRAE SUB,13,T,TXFR,,,,,left_only
44690580,MONTA VISTA SUB,14,T,TXFR,,,,,left_only
42625019,MONTA VISTA SUB,14,T,TXFR,,,,,left_only
41334061,MONTA VISTA SUB,24,T,TXFR,,,,,left_only
41012416,MONTA VISTA SUB,54,T,TXFR,,,,,left_only
42625354,MONTA VISTA SUB,14,T,TXFR,,,,,left_only
41014123,MORAGA SUB,14,T,TXFR,,,,,left_only
41223566,MORAGA SUB,24,T,TXFR,,,,,left_only
41223564,MORAGA SUB,24,T,TXFR,,,,,left_only
41223565,MORAGA SUB,14,T,TXFR,,,,,left_only
44170393,MORAGA SUB,24,T,TXFR,,,,,left_only
42756450,MORAGA SUB,24,T,TXFR,,,,,left_only
41012998,MORRO BAY SW STA,24,T,TXFR,,,,,left_only
41012265,MORRO BAY SW STA,14,T,TXFR,,,,,left_only
41013524,MORRO BAY SW STA,24,T,TXFR,,,,,left_only
41012266,MORRO BAY SW STA,34,T,TXFR,,,,,left_only
43207714,MOSS LANDING PP,14,T,TXFR,,,,,left_only
43197688,MOSS LANDING PP,14,T,TXFR,,,,,left_only
41013632,MOSS LANDING PP,14,T,TXFR,,,,,left_only
41013162,MOSS LANDING PP,14,T,TXFR,,,,,left_only
41014137,MOSS LANDING PP,24,T,TXFR,,,,,left_only
41013557,MOSS LANDING PP,44,T,TXFR,,,,,left_only
41013558,MOSS LANDING PP,44,T,TXFR,,,,,left_only
41013560,MOSS LANDING PP,44,T,TXFR,,,,,left_only
41012340,NEW KEARNEY SUB,34,T,TXFR,,,,,left_only
41013202,NEW KEARNEY SUB,24,T,TXFR,,,,,left_only
41364059,NEW KEARNEY SUB,14,T,TXFR,,,,,left_only
43221326,NEW KEARNEY SUB,14,T,TXFR,,,,,left_only
41015056,NEWARK SUB,33,T,TXFR,,,,,left_only
41015057,NEWARK SUB,33,T,TXFR,,,,,left_only
41015068,NEWARK SUB,33,T,TXFR,,,,,left_only
41015061,NEWARK SUB,24,T,TXFR,,,,,left_only
41015075,NEWARK SUB,24,T,TXFR,,,,,left_only
41015074,NEWARK SUB,24,T,TXFR,,,,,left_only
41015073,NEWARK SUB,24,T,TXFR,,,,,left_only
41015076,NEWARK SUB,14,T,TXFR,,,,,left_only
41015064,NEWARK SUB,54,T,TXFR,,,,,left_only
41015062,NEWARK SUB,24,T,TXFR,,,,,left_only
41305398,NEWARK SUB,14,T,TXFR,,,,,left_only
44847864,ORO LOMA SUB,14,T,TXFR,,,,,left_only
44712576,ORO LOMA SUB,14,T,TXFR,,,,,left_only
44635544,PALERMO SUB,24,T,TXFR,,,,,left_only
45415210,PALERMO SUB,14,T,TXFR,,,,,left_only
42576318,PALERMO SUB,24,T,TXFR,,,,,left_only
42741529,PANOCHE SUB,14,T,TXFR,,,,,left_only
41237180,PANOCHE SUB,14,T,TXFR,,,,,left_only
45002028,PEASE SUB,24,T,TXFR,,,,,left_only
45143236,PEASE SUB,24,T,TXFR,,,,,left_only
44857983,PIT #1 PH,24,T,TXFR,,,,,left_only
44918680,PIT #1 PH SUB,13,T,TXFR,,,,,left_only
45274594,PIT #1 PH SUB,13,T,TXFR,,,,,left_only
45247388,PIT #1 PH SUB,23,T,TXFR,,,,,left_only
41159780,PITTSBURG PP,24,T,TXFR,,,,,left_only
41181044,PITTSBURG PP,24,T,TXFR,,,,,left_only
41013721,PLACER SUB,43,T,TXFR,,,,,left_only
41013731,PLACER SUB,23,T,TXFR,,,,,left_only
41013727,PLACER SUB,23,T,TXFR,,,,,left_only
41014004,RAVENSWOOD SUB,24,T,TXFR,,,,,left_only
41014001,RAVENSWOOD SUB,24,T,TXFR,,,,,left_only
41014002,RAVENSWOOD SUB,24,T,TXFR,,,,,left_only
41013821,RAVENSWOOD SUB,24,T,TXFR,,,,,left_only
41186564,RAVENSWOOD SUB,24,T,TXFR,,,,,left_only
45238240,REEDLEY SUB,14,T,TXFR,,,,,left_only
41212105,REEDLEY SUB,14,T,TXFR,,,,,left_only
45412049,RIO OSO SUB,14,T,TXFR,,,,,left_only
45400398,RIO OSO SUB,14,T,TXFR,,,,,left_only
41203091,ROUND MTN SUB,24,T,TXFR,,,,,left_only
41181467,ROUND MTN SUB,24,T,TXFR,,,,,left_only
41167163,ROUND MTN SUB,14,T,TXFR,,,,,left_only
41161700,ROUND MTN SUB,44,T,TXFR,,,,,left_only
43201887,SALADO SUB,14,T,TXFR,,,,,left_only
43696429,SALADO SUB,14,T,TXFR,,,,,left_only
42626340,SALINAS SUB,14,T,TXFR,,,,,left_only
41201005,SALINAS SUB,14,T,TXFR,,,,,left_only
44235789,SAN FRAN A (POTRERO PP) SUB,14,T,TXFR,,,,,left_only
42700559,SAN FRAN H (MARTIN) SUB,14,T,TXFR,,,,,left_only
41339677,SAN FRAN H (MARTIN) SUB,14,T,TXFR,,,,,left_only
45027839,SAN FRAN H (MARTIN) SUB,14,T,TXFR,,,,,left_only
42833070,SAN LUIS OBISPO SUB,13,T,TXFR,,,,,left_only
44444283,SAN MATEO SUB,14,T,TXFR,,,,,left_only
41322593,SAN MATEO SUB,14,T,TXFR,,,,,left_only
42747950,SAN MATEO SUB,24,T,TXFR,,,,,left_only
41012588,SAN MATEO SUB,14,T,TXFR,,,,,left_only
41012551,SAN MATEO SUB,14,T,TXFR,,,,,left_only
42690456,SAN RAMON SUB,13,T,TXFR,,,,,left_only
42690482,SAN RAMON SUB,13,T,TXFR,,,,,left_only
42690481,SAN RAMON SUB,13,T,TXFR,,,,,left_only
42690455,SAN RAMON SUB,13,T,TXFR,,,,,left_only
41359347,SCHINDLER SUB,13,T,TXFR,,,,,left_only
41359344,SCHINDLER SUB,13,T,TXFR,,,,,left_only
41359345,SCHINDLER SUB,13,T,TXFR,,,,,left_only
41359346,SCHINDLER SUB,13,T,TXFR,,,,,left_only
41166469,SEMITROPIC SUB,13,T,TXFR,,,,,left_only
41166466,SEMITROPIC SUB,13,T,TXFR,,,,,left_only
41166467,SEMITROPIC SUB,43,T,TXFR,,,,,left_only
41166464,SEMITROPIC SUB,13,T,TXFR,,,,,left_only
41014806,SOBRANTE SUB,24,T,TXFR,,,,,left_only
41014807,SOBRANTE SUB,24,T,TXFR,,,,,left_only
41014809,SOBRANTE SUB,24,T,TXFR,,,,,left_only
41014808,SOBRANTE SUB,24,T,TXFR,,,,,left_only
44368447,SOBRANTE SUB,14,T,TXFR,,,,,left_only
41014084,SOLEDAD SUB,23,T,TXFR,,,,,left_only
41014771,SOLEDAD SUB,23,T,TXFR,,,,,left_only
41014569,SOLEDAD SUB,33,T,TXFR,,,,,left_only
41014083,SOLEDAD SUB,33,T,TXFR,,,,,left_only
41014082,SOLEDAD SUB,33,T,TXFR,,,,,left_only
41014085,SOLEDAD SUB,33,T,TXFR,,,,,left_only
42604974,STAGG SUB,14,T,TXFR,,,,,left_only
42617511,STAGG SUB,14,T,TXFR,,,,,left_only
41014951,TABLE MTN SUB,23,T,TXFR,,,,,left_only
41014949,TABLE MTN SUB,23,T,TXFR,,,,,left_only
41014160,TABLE MTN SUB,43,T,TXFR,,,,,left_only
41014950,TABLE MTN SUB,23,T,TXFR,,,,,left_only
41324451,TABLE MTN SUB,24,T,TXFR,,,,,left_only
41012680,TABLE MTN SUB,24,T,TXFR,,,,,left_only
45159272,TABLE MTN SUB,14,T,TXFR,,,,,left_only
45159270,TABLE MTN SUB,14,T,TXFR,,,,,left_only
45159269,TABLE MTN SUB,14,T,TXFR,,,,,left_only
45159271,TABLE MTN SUB,14,T,TXFR,,,,,left_only
41014935,TAFT SUB,33,T,TXFR,,,,,left_only
41014166,TAFT SUB,33,T,TXFR,,,,,left_only
41014936,TAFT SUB,33,T,TXFR,,,,,left_only
41209686,TAFT SUB,14,T,TXFR,,,,,left_only
41013683,TEMPLETON SUB,14,T,TXFR,,,,,left_only
41176923,TESLA SUB,14,T,TXFR,,,,,left_only
41195079,TESLA SUB,14,T,TXFR,,,,,left_only
41176924,TESLA SUB,14,T,TXFR,,,,,left_only
41181416,TESLA SUB,24,T,TXFR,,,,,left_only
41181417,TESLA SUB,14,T,TXFR,,,,,left_only
41176925,TESLA SUB,14,T,TXFR,,,,,left_only
41181418,TESLA SUB,14,T,TXFR,,,,,left_only
41234839,TESLA SUB,24,T,TXFR,,,,,left_only
41185273,TESLA SUB,14,T,TXFR,,,,,left_only
41234838,TESLA SUB,24,T,TXFR,,,,,left_only
41234841,TESLA SUB,24,T,TXFR,,,,,left_only
41110542,TESLA SUB,24,T,TXFR,,,,,left_only
41110543,TESLA SUB,24,T,TXFR,,,,,left_only
41011994,TESLA SUB,44,T,TXFR,,,,,left_only
41013354,TESLA SUB,44,T,TXFR,,,,,left_only
41011993,TESLA SUB,44,T,TXFR,,,,,left_only
41011992,TESLA SUB,44,T,TXFR,,,,,left_only
41157366,TESLA SUB,44,T,TXFR,,,,,left_only
41178839,TIGER CREEK PH,11,T,TXFR,,,,,left_only
41178838,TIGER CREEK PH,11,T,TXFR,,,,,left_only
41178836,TIGER CREEK PH,12,T,TXFR,,,,,left_only
41178837,TIGER CREEK PH,12,T,TXFR,,,,,left_only
42550092,TRINITY SUB,13,T,TXFR,,,,,left_only
42550094,TRINITY SUB,13,T,TXFR,,,,,left_only
42550095,TRINITY SUB,13,T,TXFR,,,,,left_only
42550093,TRINITY SUB,13,T,TXFR,,,,,left_only
42609839,TULUCAY SUB,14,T,TXFR,,,,,left_only
42609837,TULUCAY SUB,14,T,TXFR,,,,,left_only
41360630,VACA DIXON SUB,14,T,TXFR,,,,,left_only
45203550,VACA DIXON SUB,14,T,TXFR,,,,,left_only
43688205,VACA DIXON SUB,24,T,TXFR,,,,,left_only
41324933,VACA DIXON SUB,14,T,TXFR,,,,,left_only
41012435,VACA DIXON SUB,14,T,TXFR,,,,,left_only
42564067,VACA DIXON SUB,14,T,TXFR,,,,,left_only
42564070,VACA DIXON SUB,14,T,TXFR,,,,,left_only
42564069,VACA DIXON SUB,14,T,TXFR,,,,,left_only
41324928,VACA DIXON SUB,14,T,TXFR,,,,,left_only
41324930,VACA DIXON SUB,14,T,TXFR,,,,,left_only
41324927,VACA DIXON SUB,14,T,TXFR,,,,,left_only
41324929,VACA DIXON SUB,14,T,TXFR,,,,,left_only
41014248,VALLEY SPRINGS SUB,23,T,TXFR,,,,,left_only
41014785,VALLEY SPRINGS SUB,23,T,TXFR,,,,,left_only
41014246,VALLEY SPRINGS SUB,23,T,TXFR,,,,,left_only
41014590,VALLEY SPRINGS SUB,23,T,TXFR,,,,,left_only
42838431,VALLEY SPRINGS SUB,14,T,TXFR,,,,,left_only
44171624,WEBER SUB,14,T,TXFR,,,,,left_only
41013635,WEBER SUB,14,T,TXFR,,,,,left_only
41015026,WHEELER RIDGE SUB,33,T,TXFR,,,,,left_only
41015027,WHEELER RIDGE SUB,33,T,TXFR,,,,,left_only
41015025,WHEELER RIDGE SUB,33,T,TXFR,,,,,left_only
41014313,WHEELER RIDGE SUB,33,T,TXFR,,,,,left_only
42758069,WHEELER RIDGE SUB,14,T,TXFR,,,,,left_only
43598233,WHEELER RIDGE SUB,14,T,TXFR,,,,,left_only
41014343,WILSON SUB,23,T,TXFR,,,,,left_only
41012122,WILSON SUB,23,T,TXFR,,,,,left_only
41012121,WILSON SUB,23,T,TXFR,,,,,left_only
41013950,WILSON SUB,23,T,TXFR,,,,,left_only
41183050,WILSON SUB,14,T,TXFR,,,,,left_only
